tick,timestamp,x_pred,y_pred,x_raw,y_raw,x_real,y_real,error_x,error_y,error_euclidean,error_x_raw,error_y_raw,error_euclidean_raw,yaw_cos,yaw_sin,inference_time_ms,smoothed
0,0.424,-3.970572,-0.024506,-3.970572,-0.024506,-3.899834,0.000004,-0.070738,-0.024510,0.074864,-0.070738,-0.024510,0.074864,1.000000,-0.000000,10.52,1
1,0.426,-3.970572,-0.024506,-3.970572,-0.024506,-3.898474,0.001311,,,,-0.072098,-0.025816,0.076581,1.000000,-0.000002,0.00,0
2,0.427,-3.970572,-0.024506,-3.970572,-0.024506,-3.897033,0.002746,,,,-0.073539,-0.027252,0.078426,1.000000,-0.000003,0.00,0
3,0.429,-3.970572,-0.024506,-3.970572,-0.024506,-3.895580,0.004206,,,,-0.074992,-0.028712,0.080300,1.000000,-0.000003,0.00,0
4,0.430,-3.970572,-0.024506,-3.970572,-0.024506,-3.894128,0.005668,,,,-0.076444,-0.030174,0.082183,1.000000,-0.000002,0.00,0
5,0.431,-3.970572,-0.024506,-3.970572,-0.024506,-3.892678,0.007126,,,,-0.077894,-0.031632,0.084071,1.000000,-0.000002,0.00,0
6,0.432,-3.970572,-0.024506,-3.970572,-0.024506,-3.891230,0.008581,,,,-0.079342,-0.033087,0.085964,1.000000,-0.000002,0.00,0
7,0.434,-3.970572,-0.024506,-3.970572,-0.024506,-3.889784,0.010033,,,,-0.080788,-0.034539,0.087861,1.000000,-0.000002,0.00,0
8,0.434,-3.970572,-0.024506,-3.970572,-0.024506,-3.888339,0.011482,,,,-0.082233,-0.035988,0.089763,1.000000,-0.000002,0.00,0
9,0.436,-3.970572,-0.024506,-3.970572,-0.024506,-3.886895,0.012930,,,,-0.083677,-0.037435,0.091669,1.000000,-0.000002,0.00,0
10,0.437,-3.970572,-0.024506,-3.970572,-0.024506,-3.885452,0.014376,,,,-0.085120,-0.038881,0.093580,1.000000,-0.000002,0.00,0
11,0.438,-3.970572,-0.024506,-3.970572,-0.024506,-3.884009,0.015820,,,,-0.086563,-0.040326,0.095495,1.000000,-0.000001,0.00,0
12,0.440,-3.970572,-0.024506,-3.970572,-0.024506,-3.882567,0.017264,,,,-0.088005,-0.041769,0.097414,1.000000,-0.000001,0.00,0
13,0.442,-3.970572,-0.024506,-3.970572,-0.024506,-3.881126,0.018707,,,,-0.089446,-0.043212,0.099337,1.000000,-0.000001,0.00,0
14,0.444,-3.970572,-0.024506,-3.970572,-0.024506,-3.879685,0.020149,,,,-0.090887,-0.044654,0.101265,1.000000,-0.000001,0.00,0
15,0.456,-3.957465,-0.014531,-3.944358,-0.004556,-3.878244,0.021591,-0.079221,-0.036121,0.087068,-0.066115,-0.026147,0.071097,1.000000,-0.000001,10.01,1
16,0.458,-3.957465,-0.014531,-3.957465,-0.014531,-3.876803,0.023032,,,,-0.080662,-0.037563,0.088980,1.000000,-0.000001,0.00,0
17,0.459,-3.957465,-0.014531,-3.957465,-0.014531,-3.875362,0.024473,,,,-0.082103,-0.039004,0.090897,1.000000,-0.000001,0.00,0
18,0.460,-3.957465,-0.014531,-3.957465,-0.014531,-3.873922,0.025914,,,,-0.083543,-0.040445,0.092818,1.000000,-0.000001,0.00,0
19,0.462,-3.957465,-0.014531,-3.957465,-0.014531,-3.872481,0.027355,,,,-0.084984,-0.041886,0.094745,1.000000,-0.000001,0.00,0
20,0.464,-3.957465,-0.014531,-3.957465,-0.014531,-3.871041,0.028795,,,,-0.086424,-0.043326,0.096676,1.000000,-0.000001,0.00,0
21,0.466,-3.957465,-0.014531,-3.957465,-0.014531,-3.869601,0.030236,,,,-0.087864,-0.044767,0.098611,1.000000,-0.000001,0.00,0
22,0.467,-3.957465,-0.014531,-3.957465,-0.014531,-3.868161,0.031676,,,,-0.089304,-0.046207,0.100550,1.000000,-0.000001,0.00,0
23,0.468,-3.957465,-0.014531,-3.957465,-0.014531,-3.866721,0.033116,,,,-0.090745,-0.047647,0.102493,1.000000,-0.000001,0.00,0
24,0.469,-3.957465,-0.014531,-3.957465,-0.014531,-3.865280,0.034557,,,,-0.092185,-0.049087,0.104439,1.000000,-0.000001,0.00,0
25,0.470,-3.957465,-0.014531,-3.957465,-0.014531,-3.863840,0.035997,,,,-0.093625,-0.050528,0.106389,1.000000,-0.000001,0.00,0
26,0.472,-3.957465,-0.014531,-3.957465,-0.014531,-3.862400,0.037437,,,,-0.095065,-0.051968,0.108342,1.000000,-0.000001,0.00,0
27,0.472,-3.957465,-0.014531,-3.957465,-0.014531,-3.860960,0.038877,,,,-0.096505,-0.053408,0.110298,1.000000,-0.000001,0.00,0
28,0.475,-3.957465,-0.014531,-3.957465,-0.014531,-3.859520,0.040317,,,,-0.097945,-0.054848,0.112256,1.000000,-0.000001,0.00,0
29,0.476,-3.957465,-0.014531,-3.957465,-0.014531,-3.858080,0.041757,,,,-0.099385,-0.056288,0.114218,1.000000,-0.000001,0.00,0
30,0.488,-3.925031,0.008634,-3.860162,0.054963,-3.856640,0.043197,-0.068391,-0.034564,0.076628,-0.003522,0.011765,0.012281,1.000000,-0.000001,11.01,1
31,0.490,-3.925031,0.008634,-3.925031,0.008634,-3.855200,0.044637,,,,-0.069831,-0.036004,0.078566,1.000000,-0.000001,0.00,0
32,0.491,-3.925031,0.008634,-3.925031,0.008634,-3.853760,0.046077,,,,-0.071271,-0.037444,0.080508,1.000000,-0.000001,0.00,0
33,0.492,-3.925031,0.008634,-3.925031,0.008634,-3.852320,0.047517,,,,-0.072711,-0.038884,0.082455,1.000000,-0.000001,0.00,0
34,0.494,-3.925031,0.008634,-3.925031,0.008634,-3.850880,0.048957,,,,-0.074151,-0.040324,0.084406,1.000000,-0.000001,0.00,0
35,0.496,-3.925031,0.008634,-3.925031,0.008634,-3.849440,0.050397,,,,-0.075591,-0.041764,0.086361,1.000000,-0.000001,0.00,0
36,0.497,-3.925031,0.008634,-3.925031,0.008634,-3.848000,0.051837,,,,-0.077031,-0.043204,0.088319,1.000000,-0.000001,0.00,0
37,0.498,-3.925031,0.008634,-3.925031,0.008634,-3.846560,0.053277,,,,-0.078471,-0.044644,0.090281,1.000000,-0.000001,0.00,0
38,0.499,-3.925031,0.008634,-3.925031,0.008634,-3.845120,0.054717,,,,-0.079911,-0.046084,0.092247,1.000000,-0.000001,0.00,0
39,0.500,-3.925031,0.008634,-3.925031,0.008634,-3.843680,0.056157,,,,-0.081351,-0.047524,0.094215,1.000000,-0.000001,0.00,0
40,0.501,-3.925031,0.008634,-3.925031,0.008634,-3.842240,0.057597,,,,-0.082791,-0.048964,0.096186,1.000000,-0.000001,0.00,0
41,0.502,-3.925031,0.008634,-3.925031,0.008634,-3.840800,0.059037,,,,-0.084231,-0.050404,0.098160,1.000000,-0.000001,0.00,0
42,0.504,-3.925031,0.008634,-3.925031,0.008634,-3.839360,0.060477,,,,-0.085671,-0.051844,0.100136,1.000000,-0.000001,0.00,0
43,0.505,-3.925031,0.008634,-3.925031,0.008634,-3.837920,0.061917,,,,-0.087111,-0.053284,0.102115,1.000000,-0.000001,0.00,0
44,0.507,-3.925031,0.008634,-3.925031,0.008634,-3.836480,0.063357,,,,-0.088551,-0.054724,0.104096,1.000000,-0.000001,0.00,0
45,0.519,-3.902320,0.032712,-3.902439,0.047730,-3.835040,0.064797,-0.067280,-0.032085,0.074539,-0.067399,-0.017068,0.069526,1.000000,-0.000001,10.52,1
46,0.521,-3.902320,0.032712,-3.902320,0.032712,-3.833600,0.066237,,,,-0.068720,-0.033525,0.076462,1.000000,-0.000001,0.00,0
47,0.523,-3.902320,0.032712,-3.902320,0.032712,-3.832160,0.067677,,,,-0.070160,-0.034965,0.078390,1.000000,-0.000001,0.00,0
48,0.524,-3.902320,0.032712,-3.902320,0.032712,-3.830720,0.069117,,,,-0.071600,-0.036405,0.080324,1.000000,-0.000001,0.00,0
49,0.525,-3.902320,0.032712,-3.902320,0.032712,-3.829280,0.070557,,,,-0.073040,-0.037845,0.082262,1.000000,-0.000001,0.00,0
50,0.527,-3.902320,0.032712,-3.902320,0.032712,-3.827840,0.071997,,,,-0.074480,-0.039285,0.084206,1.000000,-0.000001,0.00,0
51,0.529,-3.902320,0.032712,-3.902320,0.032712,-3.826400,0.073437,,,,-0.075920,-0.040725,0.086153,1.000000,-0.000001,0.00,0
52,0.529,-3.902320,0.032712,-3.902320,0.032712,-3.824960,0.074877,,,,-0.077360,-0.042165,0.088105,1.000000,-0.000001,0.00,0
53,0.531,-3.902320,0.032712,-3.902320,0.032712,-3.823520,0.076317,,,,-0.078800,-0.043605,0.090060,1.000000,-0.000001,0.00,0
54,0.532,-3.902320,0.032712,-3.902320,0.032712,-3.822080,0.077757,,,,-0.080240,-0.045045,0.092019,1.000000,-0.000001,0.00,0
55,0.532,-3.902320,0.032712,-3.902320,0.032712,-3.820640,0.079197,,,,-0.081680,-0.046485,0.093981,1.000000,-0.000001,0.00,0
56,0.534,-3.902320,0.032712,-3.902320,0.032712,-3.819200,0.080637,,,,-0.083120,-0.047925,0.095947,1.000000,-0.000001,0.00,0
57,0.535,-3.902320,0.032712,-3.902320,0.032712,-3.817760,0.082077,,,,-0.084560,-0.049365,0.097915,1.000000,-0.000001,0.00,0
58,0.537,-3.902320,0.032712,-3.902320,0.032712,-3.816320,0.083517,,,,-0.086000,-0.050805,0.099886,1.000000,-0.000001,0.00,0
59,0.538,-3.902320,0.032712,-3.902320,0.032712,-3.814880,0.084957,,,,-0.087440,-0.052245,0.101859,1.000000,-0.000001,0.00,0
60,0.550,-3.873803,0.046486,-3.858810,0.036764,-3.813440,0.086397,-0.060364,-0.039912,0.072365,-0.045370,-0.049633,0.067245,1.000000,-0.000001,11.04,1
61,0.552,-3.873803,0.046486,-3.873803,0.046486,-3.812000,0.087837,,,,-0.061804,-0.041352,0.074362,1.000000,-0.000001,0.00,0
62,0.554,-3.873803,0.046486,-3.873803,0.046486,-3.810560,0.089277,,,,-0.063244,-0.042792,0.076360,1.000000,-0.000001,0.00,0
63,0.555,-3.873803,0.046486,-3.873803,0.046486,-3.809120,0.090717,,,,-0.064684,-0.044232,0.078361,1.000000,-0.000002,0.00,0
64,0.556,-3.873803,0.046486,-3.873803,0.046486,-3.807680,0.092157,,,,-0.066124,-0.045672,0.080363,1.000000,-0.000002,0.00,0
65,0.558,-3.873803,0.046486,-3.873803,0.046486,-3.806240,0.093597,,,,-0.067564,-0.047112,0.082367,1.000000,-0.000002,0.00,0
66,0.559,-3.873803,0.046486,-3.873803,0.046486,-3.804800,0.095037,,,,-0.069004,-0.048552,0.084373,1.000000,-0.000002,0.00,0
67,0.560,-3.873803,0.046486,-3.873803,0.046486,-3.803360,0.096477,,,,-0.070444,-0.049992,0.086380,1.000000,-0.000002,0.00,0
68,0.561,-3.873803,0.046486,-3.873803,0.046486,-3.801920,0.097917,,,,-0.071884,-0.051432,0.088388,1.000000,-0.000002,0.00,0
69,0.562,-3.873803,0.046486,-3.873803,0.046486,-3.800480,0.099357,,,,-0.073324,-0.052872,0.090398,1.000000,-0.000002,0.00,0
70,0.564,-3.873803,0.046486,-3.873803,0.046486,-3.799040,0.100797,,,,-0.074764,-0.054312,0.092409,1.000000,-0.000002,0.00,0
71,0.565,-3.873803,0.046486,-3.873803,0.046486,-3.797600,0.102237,,,,-0.076204,-0.055752,0.094421,1.000000,-0.000002,0.00,0
72,0.566,-3.873803,0.046486,-3.873803,0.046486,-3.796160,0.103677,,,,-0.077644,-0.057192,0.096434,1.000000,-0.000002,0.00,0
73,0.567,-3.873803,0.046486,-3.873803,0.046486,-3.794720,0.105117,,,,-0.079084,-0.058632,0.098447,1.000000,-0.000002,0.00,0
74,0.569,-3.873803,0.046486,-3.873803,0.046486,-3.793280,0.106557,,,,-0.080524,-0.060072,0.100462,1.000000,-0.000002,0.00,0
75,0.581,-3.869499,0.051986,-3.847248,0.071463,-3.791840,0.107997,-0.077659,-0.056012,0.095751,-0.055409,-0.036535,0.066369,1.000000,-0.000002,11.02,1
76,0.583,-3.869499,0.051986,-3.869499,0.051986,-3.790400,0.109437,,,,-0.079099,-0.057452,0.097762,1.000000,-0.000002,0.00,0
77,0.584,-3.869499,0.051986,-3.869499,0.051986,-3.788960,0.110877,,,,-0.080539,-0.058892,0.099774,1.000000,-0.000002,0.00,0
78,0.586,-3.869499,0.051986,-3.869499,0.051986,-3.787520,0.112317,,,,-0.081979,-0.060332,0.101787,1.000000,-0.000002,0.00,0
79,0.587,-3.869499,0.051986,-3.869499,0.051986,-3.786080,0.113757,,,,-0.083419,-0.061772,0.103800,1.000000,-0.000002,0.00,0
80,0.589,-3.869499,0.051986,-3.869499,0.051986,-3.784640,0.115197,,,,-0.084859,-0.063212,0.105815,1.000000,-0.000002,0.00,0
81,0.590,-3.869499,0.051986,-3.869499,0.051986,-3.783200,0.116637,,,,-0.086299,-0.064652,0.107830,1.000000,-0.000002,0.00,0
82,0.592,-3.869499,0.051986,-3.869499,0.051986,-3.781760,0.118077,,,,-0.087739,-0.066092,0.109847,1.000000,-0.000002,0.00,0
83,0.592,-3.869499,0.051986,-3.869499,0.051986,-3.780320,0.119517,,,,-0.089179,-0.067532,0.111864,1.000000,-0.000002,0.00,0
84,0.595,-3.869499,0.051986,-3.869499,0.051986,-3.778880,0.120957,,,,-0.090619,-0.068972,0.113881,1.000000,-0.000002,0.00,0
85,0.596,-3.869499,0.051986,-3.869499,0.051986,-3.777440,0.122397,,,,-0.092059,-0.070412,0.115899,1.000000,-0.000002,0.00,0
86,0.597,-3.869499,0.051986,-3.869499,0.051986,-3.776000,0.123837,,,,-0.093499,-0.071852,0.117918,1.000000,-0.000002,0.00,0
87,0.598,-3.869499,0.051986,-3.869499,0.051986,-3.774560,0.125277,,,,-0.094939,-0.073292,0.119938,1.000000,-0.000002,0.00,0
88,0.599,-3.869499,0.051986,-3.869499,0.051986,-3.773120,0.126717,,,,-0.096379,-0.074732,0.121958,1.000000,-0.000002,0.00,0
89,0.600,-3.869499,0.051986,-3.869499,0.051986,-3.771680,0.128157,,,,-0.097819,-0.076172,0.123979,1.000000,-0.000002,0.00,0
90,0.616,-3.858392,0.080600,-3.869119,0.133573,-3.770240,0.129597,-0.088153,-0.048997,0.100854,-0.098879,0.003975,0.098959,1.000000,-0.000002,10.51,1
91,0.619,-3.858392,0.080600,-3.858392,0.080600,-3.768800,0.131037,,,,-0.089593,-0.050437,0.102814,1.000000,-0.000002,0.00,0
92,0.620,-3.858392,0.080600,-3.858392,0.080600,-3.767360,0.132477,,,,-0.091033,-0.051877,0.104777,1.000000,-0.000002,0.00,0
93,0.622,-3.858392,0.080600,-3.858392,0.080600,-3.765920,0.133917,,,,-0.092473,-0.053317,0.106742,1.000000,-0.000002,0.00,0
94,0.623,-3.858392,0.080600,-3.858392,0.080600,-3.764480,0.135357,,,,-0.093913,-0.054757,0.108710,1.000000,-0.000002,0.00,0
95,0.624,-3.858392,0.080600,-3.858392,0.080600,-3.763040,0.136797,,,,-0.095353,-0.056197,0.110681,1.000000,-0.000002,0.00,0
96,0.625,-3.858392,0.080600,-3.858392,0.080600,-3.761600,0.138237,,,,-0.096793,-0.057637,0.112654,1.000000,-0.000002,0.00,0
97,0.626,-3.858392,0.080600,-3.858392,0.080600,-3.760160,0.139677,,,,-0.098233,-0.059077,0.114629,1.000000,-0.000002,0.00,0
98,0.627,-3.858392,0.080600,-3.858392,0.080600,-3.758720,0.141117,,,,-0.099673,-0.060517,0.116606,1.000000,-0.000002,0.00,0
99,0.628,-3.858392,0.080600,-3.858392,0.080600,-3.757280,0.142557,,,,-0.101113,-0.061957,0.118585,1.000000,-0.000002,0.00,0
100,0.630,-3.858392,0.080600,-3.858392,0.080600,-3.755840,0.143997,,,,-0.102553,-0.063397,0.120566,1.000000,-0.000002,0.00,0
101,0.631,-3.858392,0.080600,-3.858392,0.080600,-3.754400,0.145437,,,,-0.103993,-0.064837,0.122549,1.000000,-0.000002,0.00,0
102,0.632,-3.858392,0.080600,-3.858392,0.080600,-3.752960,0.146877,,,,-0.105433,-0.066277,0.124534,1.000000,-0.000002,0.00,0
103,0.633,-3.858392,0.080600,-3.858392,0.080600,-3.751520,0.148317,,,,-0.106873,-0.067717,0.126520,1.000000,-0.000002,0.00,0
104,0.635,-3.858392,0.080600,-3.858392,0.080600,-3.750080,0.149757,,,,-0.108313,-0.069157,0.128508,1.000000,-0.000002,0.00,0
105,0.647,-3.814954,0.124519,-3.728493,0.168521,-3.748640,0.151197,-0.066314,-0.026678,0.071479,0.020147,0.017324,0.026571,1.000000,-0.000002,10.51,1
106,0.649,-3.814954,0.124519,-3.814954,0.124519,-3.747200,0.152637,,,,-0.067754,-0.028118,0.073357,1.000000,-0.000002,0.00,0
107,0.650,-3.814954,0.124519,-3.814954,0.124519,-3.745760,0.154077,,,,-0.069194,-0.029558,0.075243,1.000000,-0.000002,0.00,0
108,0.652,-3.814954,0.124519,-3.814954,0.124519,-3.744320,0.155517,,,,-0.070634,-0.030998,0.077136,1.000000,-0.000002,0.00,0
109,0.653,-3.814954,0.124519,-3.814954,0.124519,-3.742880,0.156957,,,,-0.072074,-0.032438,0.079037,1.000000,-0.000002,0.00,0
110,0.655,-3.814954,0.124519,-3.814954,0.124519,-3.741440,0.158397,,,,-0.073514,-0.033878,0.080944,1.000000,-0.000002,0.00,0
111,0.656,-3.814954,0.124519,-3.814954,0.124519,-3.740000,0.159837,,,,-0.074954,-0.035318,0.082858,1.000000,-0.000002,0.00,0
112,0.657,-3.814954,0.124519,-3.814954,0.124519,-3.738560,0.161277,,,,-0.076394,-0.036758,0.084777,1.000000,-0.000002,0.00,0
113,0.658,-3.814954,0.124519,-3.814954,0.124519,-3.737120,0.162717,,,,-0.077834,-0.038198,0.086702,1.000000,-0.000002,0.00,0
114,0.659,-3.814954,0.124519,-3.814954,0.124519,-3.735680,0.164157,,,,-0.079274,-0.039638,0.088631,1.000000,-0.000002,0.00,0
115,0.661,-3.814954,0.124519,-3.814954,0.124519,-3.734240,0.165597,,,,-0.080714,-0.041078,0.090566,1.000000,-0.000002,0.00,0
116,0.662,-3.814954,0.124519,-3.814954,0.124519,-3.732800,0.167037,,,,-0.082154,-0.042518,0.092504,1.000000,-0.000002,0.00,0
117,0.663,-3.814954,0.124519,-3.814954,0.124519,-3.731360,0.168477,,,,-0.083594,-0.043958,0.094447,1.000000,-0.000002,0.00,0
118,0.664,-3.814954,0.124519,-3.814954,0.124519,-3.729920,0.169917,,,,-0.085034,-0.045398,0.096394,1.000000,-0.000002,0.00,0
119,0.665,-3.814954,0.124519,-3.814954,0.124519,-3.728480,0.171357,,,,-0.086474,-0.046838,0.098344,1.000000,-0.000002,0.00,0
120,0.677,-3.752332,0.149452,-3.659384,0.146263,-3.727040,0.172797,-0.025292,-0.023345,0.034419,0.067656,-0.026534,0.072673,1.000000,-0.000002,11.01,1
121,0.679,-3.752332,0.149452,-3.752332,0.149452,-3.725600,0.174237,,,,-0.026732,-0.024785,0.036454,1.000000,-0.000002,0.00,0
122,0.681,-3.752332,0.149452,-3.752332,0.149452,-3.724160,0.175677,,,,-0.028172,-0.026225,0.038489,1.000000,-0.000002,0.00,0
123,0.682,-3.752332,0.149452,-3.752332,0.149452,-3.722720,0.177117,,,,-0.029612,-0.027665,0.040524,1.000000,-0.000002,0.00,0
124,0.683,-3.752332,0.149452,-3.752332,0.149452,-3.721280,0.178557,,,,-0.031052,-0.029105,0.042560,1.000000,-0.000002,0.00,0
125,0.684,-3.752332,0.149452,-3.752332,0.149452,-3.719840,0.179997,,,,-0.032492,-0.030545,0.044595,1.000000,-0.000002,0.00,0
126,0.685,-3.752332,0.149452,-3.752332,0.149452,-3.718400,0.181437,,,,-0.033932,-0.031985,0.046631,1.000000,-0.000002,0.00,0
127,0.686,-3.752332,0.149452,-3.752332,0.149452,-3.716960,0.182877,,,,-0.035372,-0.033425,0.048666,1.000000,-0.000002,0.00,0
128,0.688,-3.752332,0.149452,-3.752332,0.149452,-3.715520,0.184317,,,,-0.036812,-0.034865,0.050702,1.000000,-0.000002,0.00,0
129,0.689,-3.752332,0.149452,-3.752332,0.149452,-3.714080,0.185757,,,,-0.038252,-0.036305,0.052738,1.000000,-0.000002,0.00,0
130,0.690,-3.752332,0.149452,-3.752332,0.149452,-3.712640,0.187197,,,,-0.039692,-0.037745,0.054774,1.000000,-0.000002,0.00,0
131,0.692,-3.752332,0.149452,-3.752332,0.149452,-3.711200,0.188637,,,,-0.041132,-0.039185,0.056809,1.000000,-0.000002,0.00,0
132,0.692,-3.752332,0.149452,-3.752332,0.149452,-3.709760,0.190077,,,,-0.042572,-0.040625,0.058845,1.000000,-0.000002,0.00,0
133,0.694,-3.752332,0.149452,-3.752332,0.149452,-3.708320,0.191517,,,,-0.044012,-0.042065,0.060881,1.000000,-0.000002,0.00,0
134,0.695,-3.752332,0.149452,-3.752332,0.149452,-3.706880,0.192957,,,,-0.045452,-0.043505,0.062917,1.000000,-0.000002,0.00,0
135,0.708,-3.692752,0.163828,-3.690378,0.176700,-3.705440,0.194397,0.012688,-0.030569,0.033098,0.015062,-0.017697,0.023239,1.000000,-0.000002,11.01,1
136,0.708,-3.692752,0.163828,-3.692752,0.163828,-3.704000,0.195837,,,,0.011248,-0.032009,0.033928,1.000000,-0.000002,0.00,0
137,0.711,-3.692752,0.163828,-3.692752,0.163828,-3.702560,0.197277,,,,0.009808,-0.033449,0.034857,1.000000,-0.000002,0.00,0
138,0.712,-3.692752,0.163828,-3.692752,0.163828,-3.701120,0.198717,,,,0.008368,-0.034889,0.035879,1.000000,-0.000002,0.00,0
139,0.713,-3.692752,0.163828,-3.692752,0.163828,-3.699680,0.200157,,,,0.006928,-0.036329,0.036984,1.000000,-0.000002,0.00,0
140,0.714,-3.692752,0.163828,-3.692752,0.163828,-3.698240,0.201597,,,,0.005488,-0.037769,0.038166,1.000000,-0.000002,0.00,0
141,0.717,-3.692752,0.163828,-3.692752,0.163828,-3.696800,0.203037,,,,0.004048,-0.039209,0.039418,1.000000,-0.000002,0.00,0
142,0.718,-3.692752,0.163828,-3.692752,0.163828,-3.695360,0.204477,,,,0.002608,-0.040649,0.040733,1.000000,-0.000002,0.00,0
143,0.719,-3.692752,0.163828,-3.692752,0.163828,-3.693920,0.205917,,,,0.001168,-0.042089,0.042105,1.000000,-0.000002,0.00,0
144,0.720,-3.692752,0.163828,-3.692752,0.163828,-3.692480,0.207357,,,,-0.000272,-0.043529,0.043530,1.000000,-0.000002,0.00,0
145,0.721,-3.692752,0.163828,-3.692752,0.163828,-3.691040,0.208797,,,,-0.001712,-0.044969,0.045002,1.000000,-0.000002,0.00,0
146,0.722,-3.692752,0.163828,-3.692752,0.163828,-3.689600,0.210237,,,,-0.003152,-0.046409,0.046516,1.000000,-0.000002,0.00,0
147,0.723,-3.692752,0.163828,-3.692752,0.163828,-3.688160,0.211677,,,,-0.004592,-0.047849,0.048069,1.000000,-0.000002,0.00,0
148,0.724,-3.692752,0.163828,-3.692752,0.163828,-3.686720,0.213117,,,,-0.006032,-0.049289,0.049657,1.000000,-0.000002,0.00,0
149,0.725,-3.692752,0.163828,-3.692752,0.163828,-3.685280,0.214557,,,,-0.007472,-0.050729,0.051277,1.000000,-0.000002,0.00,0
150,0.737,-3.685353,0.175338,-3.706296,0.203051,-3.683840,0.215997,-0.001513,-0.040659,0.040687,-0.022456,-0.012946,0.025920,1.000000,-0.000002,10.52,1
151,0.740,-3.685353,0.175338,-3.685353,0.175338,-3.682400,0.217437,,,,-0.002953,-0.042099,0.042202,1.000000,-0.000002,0.00,0
152,0.740,-3.685353,0.175338,-3.685353,0.175338,-3.680960,0.218877,,,,-0.004393,-0.043539,0.043760,1.000000,-0.000002,0.00,0
153,0.742,-3.685353,0.175338,-3.685353,0.175338,-3.679520,0.220317,,,,-0.005833,-0.044979,0.045356,1.000000,-0.000002,0.00,0
154,0.743,-3.685353,0.175338,-3.685353,0.175338,-3.678080,0.221757,,,,-0.007273,-0.046419,0.046985,1.000000,-0.000002,0.00,0
155,0.744,-3.685353,0.175338,-3.685353,0.175338,-3.676640,0.223197,,,,-0.008713,-0.047859,0.048646,1.000000,-0.000002,0.00,0
156,0.745,-3.685353,0.175338,-3.685353,0.175338,-3.675200,0.224637,,,,-0.010153,-0.049299,0.050334,1.000000,-0.000002,0.00,0
157,0.746,-3.685353,0.175338,-3.685353,0.175338,-3.673760,0.226077,,,,-0.011593,-0.050739,0.052047,1.000000,-0.000002,0.00,0
158,0.747,-3.685353,0.175338,-3.685353,0.175338,-3.672320,0.227517,,,,-0.013033,-0.052179,0.053782,1.000000,-0.000002,0.00,0
159,0.749,-3.685353,0.175338,-3.685353,0.175338,-3.670880,0.228957,,,,-0.014473,-0.053619,0.055538,1.000000,-0.000002,0.00,0
160,0.750,-3.685353,0.175338,-3.685353,0.175338,-3.669440,0.230397,,,,-0.015913,-0.055059,0.057312,1.000000,-0.000002,0.00,0
161,0.751,-3.685353,0.175338,-3.685353,0.175338,-3.668000,0.231837,,,,-0.017353,-0.056499,0.059104,1.000000,-0.000002,0.00,0
162,0.752,-3.685353,0.175338,-3.685353,0.175338,-3.666560,0.233277,,,,-0.018793,-0.057939,0.060911,1.000000,-0.000002,0.00,0
163,0.754,-3.685353,0.175338,-3.685353,0.175338,-3.665120,0.234717,,,,-0.020233,-0.059379,0.062731,1.000000,-0.000002,0.00,0
164,0.755,-3.685353,0.175338,-3.685353,0.175338,-3.663680,0.236157,,,,-0.021673,-0.060819,0.064565,1.000000,-0.000002,0.00,0
165,0.767,-3.687503,0.193743,-3.665835,0.201479,-3.662240,0.237597,-0.025264,-0.043854,0.050610,-0.003596,-0.036118,0.036297,1.000000,-0.000002,11.01,1
166,0.770,-3.687503,0.193743,-3.687503,0.193743,-3.660800,0.239037,,,,-0.026704,-0.045294,0.052579,1.000000,-0.000002,0.00,0
167,0.771,-3.687503,0.193743,-3.687503,0.193743,-3.659360,0.240477,,,,-0.028144,-0.046734,0.054554,1.000000,-0.000002,0.00,0
168,0.772,-3.687503,0.193743,-3.687503,0.193743,-3.657920,0.241917,,,,-0.029584,-0.048174,0.056532,1.000000,-0.000002,0.00,0
169,0.773,-3.687503,0.193743,-3.687503,0.193743,-3.656480,0.243357,,,,-0.031024,-0.049614,0.058515,1.000000,-0.000002,0.00,0
170,0.774,-3.687503,0.193743,-3.687503,0.193743,-3.655040,0.244797,,,,-0.032464,-0.051054,0.060501,1.000000,-0.000002,0.00,0
171,0.775,-3.687503,0.193743,-3.687503,0.193743,-3.653600,0.246237,,,,-0.033904,-0.052494,0.062490,1.000000,-0.000002,0.00,0
172,0.777,-3.687503,0.193743,-3.687503,0.193743,-3.652160,0.247677,,,,-0.035344,-0.053934,0.064483,1.000000,-0.000002,0.00,0
173,0.778,-3.687503,0.193743,-3.687503,0.193743,-3.650720,0.249117,,,,-0.036784,-0.055374,0.066478,1.000000,-0.000002,0.00,0
174,0.778,-3.687503,0.193743,-3.687503,0.193743,-3.649280,0.250557,,,,-0.038224,-0.056814,0.068475,1.000000,-0.000002,0.00,0
175,0.781,-3.687503,0.193743,-3.687503,0.193743,-3.647840,0.251997,,,,-0.039664,-0.058254,0.070475,1.000000,-0.000002,0.00,0
176,0.782,-3.687503,0.193743,-3.687503,0.193743,-3.646400,0.253437,,,,-0.041104,-0.059694,0.072476,1.000000,-0.000002,0.00,0
177,0.783,-3.687503,0.193743,-3.687503,0.193743,-3.644960,0.254877,,,,-0.042544,-0.061134,0.074480,1.000000,-0.000002,0.00,0
178,0.784,-3.687503,0.193743,-3.687503,0.193743,-3.643520,0.256317,,,,-0.043984,-0.062574,0.076485,1.000000,-0.000002,0.00,0
179,0.785,-3.687503,0.193743,-3.687503,0.193743,-3.642080,0.257757,,,,-0.045424,-0.064014,0.078492,1.000000,-0.000002,0.00,0
180,0.798,-3.674093,0.219923,-3.650146,0.255239,-3.640640,0.259197,-0.033453,-0.039274,0.051590,-0.009507,-0.003958,0.010298,1.000000,-0.000002,11.01,1
181,0.800,-3.674093,0.219923,-3.674093,0.219923,-3.639200,0.260637,,,,-0.034893,-0.040714,0.053620,1.000000,-0.000002,0.00,0
182,0.801,-3.674093,0.219923,-3.674093,0.219923,-3.637760,0.262077,,,,-0.036333,-0.042154,0.055651,1.000000,-0.000002,0.00,0
183,0.802,-3.674093,0.219923,-3.674093,0.219923,-3.636320,0.263517,,,,-0.037773,-0.043594,0.057682,1.000000,-0.000002,0.00,0
184,0.803,-3.674093,0.219923,-3.674093,0.219923,-3.634880,0.264957,,,,-0.039213,-0.045034,0.059714,1.000000,-0.000002,0.00,0
185,0.804,-3.674093,0.219923,-3.674093,0.219923,-3.633440,0.266397,,,,-0.040653,-0.046474,0.061745,1.000000,-0.000002,0.00,0
186,0.806,-3.674093,0.219923,-3.674093,0.219923,-3.632000,0.267837,,,,-0.042093,-0.047914,0.063777,1.000000,-0.000002,0.00,0
187,0.807,-3.674093,0.219923,-3.674093,0.219923,-3.630560,0.269277,,,,-0.043533,-0.049354,0.065810,1.000000,-0.000002,0.00,0
188,0.808,-3.674093,0.219923,-3.674093,0.219923,-3.629120,0.270717,,,,-0.044973,-0.050794,0.067842,1.000000,-0.000002,0.00,0
189,0.810,-3.674093,0.219923,-3.674093,0.219923,-3.627680,0.272157,,,,-0.046413,-0.052234,0.069875,1.000000,-0.000002,0.00,0
190,0.812,-3.674093,0.219923,-3.674093,0.219923,-3.626240,0.273597,,,,-0.047853,-0.053674,0.071908,1.000000,-0.000002,0.00,0
191,0.812,-3.674093,0.219923,-3.674093,0.219923,-3.624800,0.275037,,,,-0.049293,-0.055114,0.073941,1.000000,-0.000002,0.00,0
192,0.814,-3.674093,0.219923,-3.674093,0.219923,-3.623360,0.276477,,,,-0.050733,-0.056554,0.075975,1.000000,-0.000002,0.00,0
193,0.815,-3.674093,0.219923,-3.674093,0.219923,-3.621920,0.277917,,,,-0.052173,-0.057994,0.078008,1.000000,-0.000002,0.00,0
194,0.817,-3.674093,0.219923,-3.674093,0.219923,-3.620480,0.279357,,,,-0.053613,-0.059434,0.080042,1.000000,-0.000002,0.00,0
195,0.828,-3.649029,0.230922,-3.631104,0.236046,-3.619040,0.280797,-0.029989,-0.049876,0.058197,-0.012064,-0.044751,0.046348,1.000000,-0.000002,10.51,1
196,0.831,-3.649029,0.230922,-3.649029,0.230922,-3.617600,0.282237,,,,-0.031429,-0.051316,0.060175,1.000000,-0.000002,0.00,0
197,0.832,-3.649029,0.230922,-3.649029,0.230922,-3.616160,0.283677,,,,-0.032869,-0.052756,0.062157,1.000000,-0.000002,0.00,0
198,0.833,-3.649029,0.230922,-3.649029,0.230922,-3.614720,0.285117,,,,-0.034309,-0.054196,0.064143,1.000000,-0.000002,0.00,0
199,0.834,-3.649029,0.230922,-3.649029,0.230922,-3.613280,0.286557,,,,-0.035749,-0.055636,0.066131,1.000000,-0.000002,0.00,0
200,0.836,-3.649029,0.230922,-3.649029,0.230922,-3.611840,0.287997,,,,-0.037189,-0.057076,0.068122,1.000000,-0.000002,0.00,0
201,0.837,-3.649029,0.230922,-3.649029,0.230922,-3.610400,0.289437,,,,-0.038629,-0.058516,0.070116,1.000000,-0.000002,0.00,0
202,0.838,-3.649029,0.230922,-3.649029,0.230922,-3.608960,0.290877,,,,-0.040069,-0.059956,0.072112,1.000000,-0.000002,0.00,0
203,0.840,-3.649029,0.230922,-3.649029,0.230922,-3.607520,0.292317,,,,-0.041509,-0.061395,0.074111,1.000000,-0.000002,0.00,0
204,0.841,-3.649029,0.230922,-3.649029,0.230922,-3.606080,0.293757,,,,-0.042949,-0.062835,0.076111,1.000000,-0.000002,0.00,0
205,0.842,-3.649029,0.230922,-3.649029,0.230922,-3.604640,0.295197,,,,-0.044389,-0.064275,0.078114,1.000000,-0.000002,0.00,0
206,0.844,-3.649029,0.230922,-3.649029,0.230922,-3.603200,0.296637,,,,-0.045829,-0.065715,0.080118,1.000000,-0.000002,0.00,0
207,0.845,-3.649029,0.230922,-3.649029,0.230922,-3.601760,0.298077,,,,-0.047269,-0.067155,0.082123,1.000000,-0.000002,0.00,0
208,0.846,-3.649029,0.230922,-3.649029,0.230922,-3.600320,0.299517,,,,-0.048709,-0.068595,0.084130,1.000000,-0.000002,0.00,0
209,0.847,-3.649029,0.230922,-3.649029,0.230922,-3.598880,0.300957,,,,-0.050149,-0.070035,0.086139,1.000000,-0.000002,0.00,0
210,0.861,-3.625132,0.255987,-3.594144,0.276676,-3.597440,0.302397,-0.027692,-0.046410,0.054044,0.003296,-0.025721,0.025932,1.000000,-0.000002,10.51,1
211,0.862,-3.625132,0.255987,-3.625132,0.255987,-3.596000,0.303837,,,,-0.029132,-0.047850,0.056020,1.000000,-0.000002,0.00,0
212,0.863,-3.625132,0.255987,-3.625132,0.255987,-3.594560,0.305277,,,,-0.030572,-0.049290,0.058001,1.000000,-0.000002,0.00,0
213,0.864,-3.625132,0.255987,-3.625132,0.255987,-3.593120,0.306717,,,,-0.032012,-0.050730,0.059986,1.000000,-0.000002,0.00,0
214,0.865,-3.625132,0.255987,-3.625132,0.255987,-3.591680,0.308157,,,,-0.033452,-0.052170,0.061974,1.000000,-0.000002,0.00,0
215,0.866,-3.625132,0.255987,-3.625132,0.255987,-3.590240,0.309597,,,,-0.034892,-0.053610,0.063965,1.000000,-0.000002,0.00,0
216,0.868,-3.625132,0.255987,-3.625132,0.255987,-3.588800,0.311037,,,,-0.036332,-0.055050,0.065958,1.000000,-0.000002,0.00,0
217,0.869,-3.625132,0.255987,-3.625132,0.255987,-3.587360,0.312477,,,,-0.037772,-0.056490,0.067955,1.000000,-0.000002,0.00,0
218,0.871,-3.625132,0.255987,-3.625132,0.255987,-3.585920,0.313917,,,,-0.039212,-0.057930,0.069953,1.000000,-0.000002,0.00,0
219,0.872,-3.625132,0.255987,-3.625132,0.255987,-3.584480,0.315357,,,,-0.040652,-0.059370,0.071954,1.000000,-0.000002,0.00,0
220,0.873,-3.625132,0.255987,-3.625132,0.255987,-3.583040,0.316797,,,,-0.042092,-0.060810,0.073957,1.000000,-0.000002,0.00,0
221,0.874,-3.625132,0.255987,-3.625132,0.255987,-3.581600,0.318237,,,,-0.043532,-0.062250,0.075961,1.000000,-0.000002,0.00,0
222,0.875,-3.625132,0.255987,-3.625132,0.255987,-3.580160,0.319677,,,,-0.044972,-0.063690,0.077967,1.000000,-0.000002,0.00,0
223,0.876,-3.625132,0.255987,-3.625132,0.255987,-3.578720,0.321117,,,,-0.046412,-0.065130,0.079975,1.000000,-0.000002,0.00,0
224,0.877,-3.625132,0.255987,-3.625132,0.255987,-3.577280,0.322557,,,,-0.047852,-0.066570,0.081984,1.000000,-0.000002,0.00,0
225,0.889,-3.626245,0.259410,-3.653487,0.265509,-3.575840,0.323997,-0.050405,-0.064586,0.081927,-0.077647,-0.058488,0.097210,1.000000,-0.000002,10.01,1
226,0.892,-3.626245,0.259410,-3.626245,0.259410,-3.574400,0.325437,,,,-0.051845,-0.066026,0.083949,1.000000,-0.000002,0.00,0
227,0.893,-3.626245,0.259410,-3.626245,0.259410,-3.572960,0.326877,,,,-0.053285,-0.067466,0.085971,1.000000,-0.000002,0.00,0
228,0.895,-3.626245,0.259410,-3.626245,0.259410,-3.571520,0.328317,,,,-0.054725,-0.068906,0.087994,1.000000,-0.000002,0.00,0
229,0.896,-3.626245,0.259410,-3.626245,0.259410,-3.570080,0.329757,,,,-0.056165,-0.070346,0.090018,1.000000,-0.000002,0.00,0
230,0.897,-3.626245,0.259410,-3.626245,0.259410,-3.568640,0.331197,,,,-0.057605,-0.071786,0.092042,1.000000,-0.000002,0.00,0
231,0.898,-3.626245,0.259410,-3.626245,0.259410,-3.567200,0.332637,,,,-0.059045,-0.073226,0.094066,1.000000,-0.000002,0.00,0
232,0.899,-3.626245,0.259410,-3.626245,0.259410,-3.565760,0.334077,,,,-0.060485,-0.074666,0.096091,1.000000,-0.000002,0.00,0
233,0.901,-3.626245,0.259410,-3.626245,0.259410,-3.564320,0.335517,,,,-0.061925,-0.076106,0.098117,1.000000,-0.000002,0.00,0
234,0.906,-3.626245,0.259410,-3.626245,0.259410,-3.562880,0.336957,,,,-0.063365,-0.077546,0.100143,1.000000,-0.000002,0.00,0
235,0.907,-3.626245,0.259410,-3.626245,0.259410,-3.561440,0.338397,,,,-0.064805,-0.078986,0.102169,1.000000,-0.000002,0.00,0
236,0.909,-3.626245,0.259410,-3.626245,0.259410,-3.560000,0.339837,,,,-0.066245,-0.080426,0.104196,1.000000,-0.000002,0.00,0
237,0.910,-3.626245,0.259410,-3.626245,0.259410,-3.558560,0.341277,,,,-0.067685,-0.081866,0.106223,1.000000,-0.000002,0.00,0
238,0.912,-3.626245,0.259410,-3.626245,0.259410,-3.557120,0.342717,,,,-0.069125,-0.083306,0.108251,1.000000,-0.000002,0.00,0
239,0.913,-3.626245,0.259410,-3.626245,0.259410,-3.555680,0.344157,,,,-0.070565,-0.084746,0.110279,1.000000,-0.000002,0.00,0
240,0.925,-3.624607,0.306637,-3.626192,0.377725,-3.554240,0.345597,-0.070368,-0.038960,0.080433,-0.071952,0.032128,0.078800,1.000000,-0.000002,11.01,1
241,0.926,-3.624607,0.306637,-3.624607,0.306637,-3.552800,0.347037,,,,-0.071808,-0.040400,0.082393,1.000000,-0.000002,0.00,0
242,0.929,-3.624607,0.306637,-3.624607,0.306637,-3.551360,0.348477,,,,-0.073248,-0.041840,0.084355,1.000000,-0.000002,0.00,0
243,0.931,-3.624607,0.306637,-3.624607,0.306637,-3.549920,0.349917,,,,-0.074688,-0.043280,0.086322,1.000000,-0.000002,0.00,0
244,0.932,-3.624607,0.306637,-3.624607,0.306637,-3.548480,0.351357,,,,-0.076128,-0.044720,0.088291,1.000000,-0.000002,0.00,0
245,0.933,-3.624607,0.306637,-3.624607,0.306637,-3.547040,0.352797,,,,-0.077568,-0.046160,0.090264,1.000000,-0.000002,0.00,0
246,0.934,-3.624607,0.306637,-3.624607,0.306637,-3.545600,0.354237,,,,-0.079008,-0.047600,0.092239,1.000000,-0.000002,0.00,0
247,0.936,-3.624607,0.306637,-3.624607,0.306637,-3.544159,0.355677,,,,-0.080448,-0.049040,0.094217,1.000000,-0.000002,0.00,0
248,0.937,-3.624607,0.306637,-3.624607,0.306637,-3.542719,0.357117,,,,-0.081888,-0.050480,0.096197,1.000000,-0.000002,0.00,0
249,0.938,-3.624607,0.306637,-3.624607,0.306637,-3.541279,0.358557,,,,-0.083328,-0.051920,0.098180,1.000000,-0.000002,0.00,0
250,0.939,-3.624607,0.306637,-3.624607,0.306637,-3.539839,0.359997,,,,-0.084768,-0.053360,0.100164,1.000000,-0.000002,0.00,0
251,0.940,-3.624607,0.306637,-3.624607,0.306637,-3.538399,0.361437,,,,-0.086208,-0.054800,0.102151,1.000000,-0.000002,0.00,0
252,0.941,-3.624607,0.306637,-3.624607,0.306637,-3.536959,0.362877,,,,-0.087648,-0.056240,0.104140,1.000000,-0.000002,0.00,0
253,0.943,-3.624607,0.306637,-3.624607,0.306637,-3.535519,0.364317,,,,-0.089088,-0.057680,0.106130,1.000000,-0.000002,0.00,0
254,0.944,-3.624607,0.306637,-3.624607,0.306637,-3.534079,0.365757,,,,-0.090528,-0.059120,0.108123,1.000000,-0.000002,0.00,0
255,0.955,-3.605483,0.322914,-3.536769,0.325509,-3.532639,0.367197,-0.072843,-0.044283,0.085247,-0.004130,-0.041688,0.041893,1.000000,-0.000002,10.02,1
256,0.958,-3.605483,0.322914,-3.605483,0.322914,-3.531199,0.368637,,,,-0.074283,-0.045723,0.087227,1.000000,-0.000002,0.00,0
257,0.959,-3.605483,0.322914,-3.605483,0.322914,-3.529759,0.370077,,,,-0.075723,-0.047163,0.089210,1.000000,-0.000002,0.00,0
258,0.961,-3.605483,0.322914,-3.605483,0.322914,-3.528319,0.371517,,,,-0.077163,-0.048603,0.091194,1.000000,-0.000002,0.00,0
259,0.962,-3.605483,0.322914,-3.605483,0.322914,-3.526879,0.372957,,,,-0.078603,-0.050043,0.093181,1.000000,-0.000002,0.00,0
260,0.963,-3.605483,0.322914,-3.605483,0.322914,-3.525439,0.374397,,,,-0.080043,-0.051483,0.095170,1.000000,-0.000002,0.00,0
261,0.964,-3.605483,0.322914,-3.605483,0.322914,-3.523999,0.375837,,,,-0.081483,-0.052923,0.097161,1.000000,-0.000002,0.00,0
262,0.965,-3.605483,0.322914,-3.605483,0.322914,-3.522559,0.377277,,,,-0.082923,-0.054363,0.099154,1.000000,-0.000002,0.00,0
263,0.966,-3.605483,0.322914,-3.605483,0.322914,-3.521119,0.378717,,,,-0.084363,-0.055803,0.101149,1.000000,-0.000002,0.00,0
264,0.968,-3.605483,0.322914,-3.605483,0.322914,-3.519679,0.380157,,,,-0.085803,-0.057243,0.103145,1.000000,-0.000002,0.00,0
265,0.969,-3.605483,0.322914,-3.605483,0.322914,-3.518239,0.381597,,,,-0.087243,-0.058683,0.105143,1.000000,-0.000002,0.00,0
266,0.970,-3.605483,0.322914,-3.605483,0.322914,-3.516799,0.383037,,,,-0.088683,-0.060123,0.107142,1.000000,-0.000002,0.00,0
267,0.971,-3.605483,0.322914,-3.605483,0.322914,-3.515359,0.384477,,,,-0.090123,-0.061563,0.109143,1.000000,-0.000002,0.00,0
268,0.972,-3.605483,0.322914,-3.605483,0.322914,-3.513919,0.385917,,,,-0.091563,-0.063003,0.111145,1.000000,-0.000002,0.00,0
269,0.974,-3.605483,0.322914,-3.605483,0.322914,-3.512479,0.387357,,,,-0.093003,-0.064443,0.113148,1.000000,-0.000002,0.00,0
270,0.987,-3.546851,0.332409,-3.477592,0.293993,-3.511039,0.388797,-0.035812,-0.056388,0.066799,0.033447,-0.094804,0.100531,1.000000,-0.000002,10.01,1
271,0.988,-3.546851,0.332409,-3.546851,0.332409,-3.509599,0.390237,,,,-0.037252,-0.057828,0.068788,1.000000,-0.000002,0.00,0
272,0.990,-3.546851,0.332409,-3.546851,0.332409,-3.508159,0.391677,,,,-0.038692,-0.059268,0.070779,1.000000,-0.000002,0.00,0
273,0.991,-3.546851,0.332409,-3.546851,0.332409,-3.506719,0.393117,,,,-0.040132,-0.060708,0.072774,1.000000,-0.000002,0.00,0
274,0.992,-3.546851,0.332409,-3.546851,0.332409,-3.505279,0.394557,,,,-0.041572,-0.062148,0.074770,1.000000,-0.000002,0.00,0
275,0.995,-3.546851,0.332409,-3.546851,0.332409,-3.503839,0.395997,,,,-0.043012,-0.063588,0.076769,1.000000,-0.000002,0.00,0
276,0.996,-3.546851,0.332409,-3.546851,0.332409,-3.502399,0.397437,,,,-0.044452,-0.065028,0.078769,1.000000,-0.000002,0.00,0
277,0.998,-3.546851,0.332409,-3.546851,0.332409,-3.500959,0.398877,,,,-0.045892,-0.066468,0.080771,1.000000,-0.000002,0.00,0
278,0.999,-3.546851,0.332409,-3.546851,0.332409,-3.499519,0.400317,,,,-0.047332,-0.067908,0.082775,1.000000,-0.000002,0.00,0
279,1.001,-3.546851,0.332409,-3.546851,0.332409,-3.498079,0.401757,,,,-0.048772,-0.069348,0.084781,1.000000,-0.000002,0.00,0
280,1.002,-3.546851,0.332409,-3.546851,0.332409,-3.496639,0.403197,,,,-0.050212,-0.070788,0.086788,1.000000,-0.000002,0.00,0
281,1.003,-3.546851,0.332409,-3.546851,0.332409,-3.495199,0.404637,,,,-0.051652,-0.072228,0.088796,1.000000,-0.000002,0.00,0
282,1.004,-3.546851,0.332409,-3.546851,0.332409,-3.493759,0.406077,,,,-0.053092,-0.073668,0.090806,1.000000,-0.000002,0.00,0
283,1.005,-3.546851,0.332409,-3.546851,0.332409,-3.492319,0.407517,,,,-0.054532,-0.075108,0.092816,1.000000,-0.000002,0.00,0
284,1.007,-3.546851,0.332409,-3.546851,0.332409,-3.490879,0.408957,,,,-0.055972,-0.076548,0.094828,1.000000,-0.000002,0.00,0
285,1.019,-3.472865,0.323351,-3.404235,0.350553,-3.489439,0.410397,0.016574,-0.087046,0.088609,0.085204,-0.059844,0.104120,1.000000,-0.000002,9.51,1
286,1.022,-3.472865,0.323351,-3.472865,0.323351,-3.488588,0.411837,,,,0.015723,-0.088485,0.089872,1.000000,-0.000002,0.00,0
287,1.023,-3.472865,0.323351,-3.472865,0.323351,-3.487773,0.413277,,,,0.014907,-0.089926,0.091153,1.000000,-0.000002,0.00,0
288,1.024,-3.472865,0.323351,-3.472865,0.323351,-3.486962,0.414717,,,,0.014097,-0.091366,0.092447,1.000000,-0.000002,0.00,0
289,1.025,-3.472865,0.323351,-3.472865,0.323351,-3.486151,0.416157,,,,0.013286,-0.092806,0.093752,1.000000,-0.000002,0.00,0
290,1.026,-3.472865,0.323351,-3.472865,0.323351,-3.485339,0.417597,,,,0.012474,-0.094245,0.095067,1.000000,-0.000002,0.00,0
291,1.028,-3.472865,0.323351,-3.472865,0.323351,-3.484527,0.419037,,,,0.011661,-0.095685,0.096393,1.000000,-0.000002,0.00,0
292,1.029,-3.472865,0.323351,-3.472865,0.323351,-3.483713,0.420477,,,,0.010848,-0.097125,0.097729,1.000000,-0.000002,0.00,0
293,1.031,-3.472865,0.323351,-3.472865,0.323351,-3.482899,0.421917,,,,0.010034,-0.098565,0.099075,1.000000,-0.000002,0.00,0
294,1.032,-3.472865,0.323351,-3.472865,0.323351,-3.482085,0.423357,,,,0.009220,-0.100005,0.100430,1.000000,-0.000002,0.00,0
295,1.033,-3.472865,0.323351,-3.472865,0.323351,-3.481270,0.424797,,,,0.008405,-0.101445,0.101793,1.000000,-0.000002,0.00,0
296,1.034,-3.472865,0.323351,-3.472865,0.323351,-3.480455,0.426237,,,,0.007590,-0.102885,0.103165,1.000000,-0.000002,0.00,0
297,1.036,-3.472865,0.323351,-3.472865,0.323351,-3.479640,0.427677,,,,0.006775,-0.104325,0.104545,1.000000,-0.000002,0.00,0
298,1.037,-3.472865,0.323351,-3.472865,0.323351,-3.478825,0.429117,,,,0.005959,-0.105765,0.105933,1.000000,-0.000002,0.00,0
299,1.038,-3.472865,0.323351,-3.472865,0.323351,-3.478009,0.430557,,,,0.005144,-0.107205,0.107329,1.000000,-0.000002,0.00,0
300,1.050,-3.471554,0.350624,-3.532833,0.407326,-3.477193,0.431997,0.005640,-0.081373,0.081568,-0.055639,-0.024671,0.060864,1.000000,-0.000002,10.01,1
301,1.052,-3.471554,0.350624,-3.471554,0.350624,-3.476392,0.433437,,,,0.004838,-0.082813,0.082954,1.000000,-0.000002,0.00,0
302,1.053,-3.471554,0.350624,-3.471554,0.350624,-3.475590,0.434877,,,,0.004037,-0.084253,0.084350,1.000000,-0.000002,0.00,0
303,1.054,-3.471554,0.350624,-3.471554,0.350624,-3.474789,0.436317,,,,0.003236,-0.085693,0.085754,1.000000,-0.000002,0.00,0
304,1.055,-3.471554,0.350624,-3.471554,0.350624,-3.473988,0.437757,,,,0.002435,-0.087133,0.087167,1.000000,-0.000002,0.00,0
305,1.056,-3.471554,0.350624,-3.471554,0.350624,-3.473187,0.439197,,,,0.001633,-0.088573,0.088588,1.000000,-0.000002,0.00,0
306,1.058,-3.471554,0.350624,-3.471554,0.350624,-3.472386,0.440637,,,,0.000832,-0.090013,0.090017,1.000000,-0.000003,0.00,0
307,1.060,-3.471554,0.350624,-3.471554,0.350624,-3.471585,0.442077,,,,0.000031,-0.091453,0.091453,1.000000,-0.000003,0.00,0
308,1.062,-3.471554,0.350624,-3.471554,0.350624,-3.470783,0.443517,,,,-0.000770,-0.092893,0.092896,1.000000,-0.000003,0.00,0
309,1.062,-3.471554,0.350624,-3.471554,0.350624,-3.469982,0.444957,,,,-0.001572,-0.094333,0.094346,1.000000,-0.000003,0.00,0
310,1.063,-3.471554,0.350624,-3.471554,0.350624,-3.469181,0.446397,,,,-0.002373,-0.095773,0.095802,1.000000,-0.000003,0.00,0
311,1.065,-3.471554,0.350624,-3.471554,0.350624,-3.468379,0.447837,,,,-0.003174,-0.097213,0.097265,1.000000,-0.000003,0.00,0
312,1.066,-3.471554,0.350624,-3.471554,0.350624,-3.467578,0.449277,,,,-0.003976,-0.098653,0.098733,1.000000,-0.000003,0.00,0
313,1.067,-3.471554,0.350624,-3.471554,0.350624,-3.466777,0.450717,,,,-0.004777,-0.100093,0.100207,1.000000,-0.000003,0.00,0
314,1.068,-3.471554,0.350624,-3.471554,0.350624,-3.465975,0.452157,,,,-0.005578,-0.101533,0.101686,1.000000,-0.000003,0.00,0
315,1.080,-3.460252,0.396487,-3.443687,0.431583,-3.465174,0.453597,0.004922,-0.057110,0.057322,0.021487,-0.022014,0.030762,1.000000,-0.000003,10.01,1
316,1.082,-3.460252,0.396487,-3.460252,0.396487,-3.465129,0.455037,,,,0.004877,-0.058550,0.058753,1.000000,-0.000003,0.00,0
317,1.084,-3.460252,0.396487,-3.460252,0.396487,-3.465130,0.456477,,,,0.004878,-0.059990,0.060188,1.000000,-0.000003,0.00,0
318,1.085,-3.460252,0.396487,-3.460252,0.396487,-3.465137,0.457917,,,,0.004885,-0.061430,0.061624,1.000000,-0.000003,0.00,0
319,1.086,-3.460252,0.396487,-3.460252,0.396487,-3.465143,0.459357,,,,0.004892,-0.062870,0.063060,1.000000,-0.000003,0.00,0
320,1.087,-3.460252,0.396487,-3.460252,0.396487,-3.465149,0.460797,,,,0.004897,-0.064310,0.064496,1.000000,-0.000003,0.00,0
321,1.088,-3.460252,0.396487,-3.460252,0.396487,-3.465153,0.462237,,,,0.004901,-0.065750,0.065932,1.000000,-0.000003,0.00,0
322,1.090,-3.460252,0.396487,-3.460252,0.396487,-3.465157,0.463677,,,,0.004905,-0.067190,0.067369,1.000000,-0.000003,0.00,0
323,1.092,-3.460252,0.396487,-3.460252,0.396487,-3.465160,0.465117,,,,0.004908,-0.068630,0.068805,1.000000,-0.000003,0.00,0
324,1.092,-3.460252,0.396487,-3.460252,0.396487,-3.465162,0.466557,,,,0.004910,-0.070070,0.070242,1.000000,-0.000003,0.00,0
325,1.094,-3.460252,0.396487,-3.460252,0.396487,-3.465164,0.467997,,,,0.004912,-0.071510,0.071678,1.000000,-0.000003,0.00,0
326,1.095,-3.460252,0.396487,-3.460252,0.396487,-3.465165,0.469437,,,,0.004913,-0.072950,0.073115,1.000000,-0.000003,0.00,0
327,1.096,-3.460252,0.396487,-3.460252,0.396487,-3.465166,0.470877,,,,0.004914,-0.074390,0.074552,1.000000,-0.000003,0.00,0
328,1.097,-3.460252,0.396487,-3.460252,0.396487,-3.465167,0.472317,,,,0.004915,-0.075830,0.075989,1.000000,-0.000003,0.00,0
329,1.098,-3.460252,0.396487,-3.460252,0.396487,-3.465168,0.473757,,,,0.004916,-0.077270,0.077426,1.000000,-0.000003,0.00,0
330,1.112,-3.445199,0.422607,-3.359077,0.428914,-3.465168,0.475197,0.019969,-0.052589,0.056253,0.106091,-0.046283,0.115747,1.000000,-0.000003,11.01,1
331,1.113,-3.445199,0.422607,-3.445199,0.422607,-3.465169,0.476637,,,,0.019970,-0.054029,0.057602,1.000000,-0.000003,0.00,0
332,1.115,-3.445199,0.422607,-3.445199,0.422607,-3.465169,0.478077,,,,0.019970,-0.055469,0.058955,1.000000,-0.000003,0.00,0
333,1.116,-3.445199,0.422607,-3.445199,0.422607,-3.465169,0.479517,,,,0.019970,-0.056909,0.060312,1.000000,-0.000003,0.00,0
334,1.117,-3.445199,0.422607,-3.445199,0.422607,-3.465169,0.480957,,,,0.019970,-0.058349,0.061672,1.000000,-0.000003,0.00,0
335,1.120,-3.445199,0.422607,-3.445199,0.422607,-3.465170,0.482397,,,,0.019971,-0.059789,0.063036,1.000000,-0.000003,0.00,0
336,1.121,-3.445199,0.422607,-3.445199,0.422607,-3.465170,0.483837,,,,0.019971,-0.061229,0.064404,1.000000,-0.000003,0.00,0
337,1.123,-3.445199,0.422607,-3.445199,0.422607,-3.465170,0.485277,,,,0.019971,-0.062669,0.065774,1.000000,-0.000003,0.00,0
338,1.124,-3.445199,0.422607,-3.445199,0.422607,-3.465170,0.486717,,,,0.019971,-0.064109,0.067148,1.000000,-0.000003,0.00,0
339,1.125,-3.445199,0.422607,-3.445199,0.422607,-3.465170,0.488157,,,,0.019971,-0.065549,0.068524,1.000000,-0.000003,0.00,0
340,1.126,-3.445199,0.422607,-3.445199,0.422607,-3.465170,0.489597,,,,0.019971,-0.066989,0.069903,1.000000,-0.000003,0.00,0
341,1.127,-3.445199,0.422607,-3.445199,0.422607,-3.465170,0.491037,,,,0.019971,-0.068429,0.071284,1.000000,-0.000003,0.00,0
342,1.128,-3.445199,0.422607,-3.445199,0.422607,-3.465170,0.492477,,,,0.019971,-0.069869,0.072667,1.000000,-0.000003,0.00,0
343,1.129,-3.445199,0.422607,-3.445199,0.422607,-3.465170,0.493917,,,,0.019971,-0.071309,0.074053,1.000000,-0.000003,0.00,0
344,1.130,-3.445199,0.422607,-3.445199,0.422607,-3.465170,0.495357,,,,0.019971,-0.072749,0.075441,1.000000,-0.000003,0.00,0
345,1.142,-3.403884,0.421744,-3.408887,0.404735,-3.465170,0.496797,0.061286,-0.075053,0.096897,0.056283,-0.092062,0.107903,1.000000,-0.000003,10.51,1
346,1.145,-3.403884,0.421744,-3.403884,0.421744,-3.465170,0.498237,,,,0.061286,-0.076493,0.098016,1.000000,-0.000003,0.00,0
347,1.147,-3.403884,0.421744,-3.403884,0.421744,-3.465170,0.499677,,,,0.061286,-0.077933,0.099144,1.000000,-0.000003,0.00,0
348,1.148,-3.403884,0.421744,-3.403884,0.421744,-3.465170,0.501117,,,,0.061286,-0.079373,0.100280,1.000000,-0.000003,0.00,0
349,1.149,-3.403884,0.421744,-3.403884,0.421744,-3.465170,0.502557,,,,0.061286,-0.080813,0.101424,1.000000,-0.000003,0.00,0
350,1.150,-3.403884,0.421744,-3.403884,0.421744,-3.465170,0.503997,,,,0.061286,-0.082253,0.102575,1.000000,-0.000003,0.00,0
351,1.151,-3.403884,0.421744,-3.403884,0.421744,-3.465170,0.505437,,,,0.061286,-0.083693,0.103733,1.000000,-0.000003,0.00,0
352,1.152,-3.403884,0.421744,-3.403884,0.421744,-3.465170,0.506877,,,,0.061287,-0.085133,0.104898,1.000000,-0.000003,0.00,0
353,1.154,-3.403884,0.421744,-3.403884,0.421744,-3.465170,0.508317,,,,0.061287,-0.086573,0.106070,1.000000,-0.000003,0.00,0
354,1.155,-3.403884,0.421744,-3.403884,0.421744,-3.465170,0.509757,,,,0.061287,-0.088013,0.107249,1.000000,-0.000003,0.00,0
355,1.156,-3.403884,0.421744,-3.403884,0.421744,-3.465170,0.511197,,,,0.061287,-0.089453,0.108434,1.000000,-0.000003,0.00,0
356,1.158,-3.403884,0.421744,-3.403884,0.421744,-3.465170,0.512637,,,,0.061287,-0.090893,0.109625,1.000000,-0.000003,0.00,0
357,1.159,-3.403884,0.421744,-3.403884,0.421744,-3.465170,0.514077,,,,0.061287,-0.092333,0.110822,1.000000,-0.000003,0.00,0
358,1.160,-3.403884,0.421744,-3.403884,0.421744,-3.465170,0.515517,,,,0.061287,-0.093773,0.112024,1.000000,-0.000003,0.00,0
359,1.161,-3.403884,0.421744,-3.403884,0.421744,-3.465170,0.516957,,,,0.061287,-0.095213,0.113232,1.000000,-0.000003,0.00,0
360,1.175,-3.398056,0.417030,-3.426205,0.417442,-3.465170,0.518397,0.067114,-0.101366,0.121571,0.038965,-0.100955,0.108213,1.000000,-0.000003,11.01,1
361,1.176,-3.398056,0.417030,-3.398056,0.417030,-3.465170,0.519837,,,,0.067114,-0.102806,0.122774,1.000000,-0.000003,0.00,0
362,1.177,-3.398056,0.417030,-3.398056,0.417030,-3.465170,0.521277,,,,0.067114,-0.104246,0.123982,1.000000,-0.000003,0.00,0
363,1.179,-3.398056,0.417030,-3.398056,0.417030,-3.465170,0.522717,,,,0.067114,-0.105686,0.125195,1.000000,-0.000003,0.00,0
364,1.179,-3.398056,0.417030,-3.398056,0.417030,-3.465170,0.524157,,,,0.067114,-0.107126,0.126413,1.000000,-0.000003,0.00,0
365,1.181,-3.398056,0.417030,-3.398056,0.417030,-3.465170,0.525597,,,,0.067114,-0.108566,0.127636,1.000000,-0.000003,0.00,0
366,1.183,-3.398056,0.417030,-3.398056,0.417030,-3.465170,0.527037,,,,0.067114,-0.110006,0.128863,1.000000,-0.000003,0.00,0
367,1.184,-3.398056,0.417030,-3.398056,0.417030,-3.465170,0.528477,,,,0.067114,-0.111446,0.130095,1.000000,-0.000003,0.00,0
368,1.185,-3.398056,0.417030,-3.398056,0.417030,-3.465170,0.529917,,,,0.067114,-0.112886,0.131330,1.000000,-0.000003,0.00,0
369,1.187,-3.398056,0.417030,-3.398056,0.417030,-3.465170,0.531357,,,,0.067114,-0.114326,0.132570,1.000000,-0.000003,0.00,0
370,1.188,-3.398056,0.417030,-3.398056,0.417030,-3.465170,0.532797,,,,0.067114,-0.115766,0.133814,1.000000,-0.000003,0.00,0
371,1.189,-3.398056,0.417030,-3.398056,0.417030,-3.465170,0.534237,,,,0.067114,-0.117206,0.135062,1.000000,-0.000003,0.00,0
372,1.190,-3.398056,0.417030,-3.398056,0.417030,-3.465170,0.535677,,,,0.067114,-0.118646,0.136313,1.000000,-0.000003,0.00,0
373,1.191,-3.398056,0.417030,-3.398056,0.417030,-3.465170,0.537117,,,,0.067114,-0.120086,0.137568,1.000000,-0.000003,0.00,0
374,1.192,-3.398056,0.417030,-3.398056,0.417030,-3.465170,0.538557,,,,0.067114,-0.121526,0.138827,1.000000,-0.000003,0.00,0
375,1.203,-3.433002,0.443291,-3.463914,0.507695,-3.465170,0.539997,0.032168,-0.096706,0.101916,0.001257,-0.032301,0.032326,1.000000,-0.000003,11.01,1
376,1.206,-3.433002,0.443291,-3.433002,0.443291,-3.465170,0.541437,,,,0.032168,-0.098146,0.103283,1.000000,-0.000003,0.00,0
377,1.210,-3.433002,0.443291,-3.433002,0.443291,-3.465170,0.542877,,,,0.032168,-0.099586,0.104653,1.000000,-0.000003,0.00,0
378,1.212,-3.433002,0.443291,-3.433002,0.443291,-3.465170,0.544317,,,,0.032168,-0.101026,0.106024,1.000000,-0.000003,0.00,0
379,1.213,-3.433002,0.443291,-3.433002,0.443291,-3.465170,0.545757,,,,0.032168,-0.102466,0.107397,1.000000,-0.000003,0.00,0
380,1.214,-3.433002,0.443291,-3.433002,0.443291,-3.465170,0.547197,,,,0.032168,-0.103906,0.108772,1.000000,-0.000003,0.00,0
381,1.215,-3.433002,0.443291,-3.433002,0.443291,-3.465170,0.548637,,,,0.032168,-0.105346,0.110148,1.000000,-0.000003,0.00,0
382,1.217,-3.433002,0.443291,-3.433002,0.443291,-3.465170,0.550077,,,,0.032168,-0.106786,0.111526,1.000000,-0.000003,0.00,0
383,1.218,-3.433002,0.443291,-3.433002,0.443291,-3.465170,0.551517,,,,0.032168,-0.108226,0.112906,1.000000,-0.000003,0.00,0
384,1.219,-3.433002,0.443291,-3.433002,0.443291,-3.465170,0.552957,,,,0.032168,-0.109666,0.114287,1.000000,-0.000003,0.00,0
385,1.220,-3.433002,0.443291,-3.433002,0.443291,-3.465170,0.554397,,,,0.032168,-0.111106,0.115669,1.000000,-0.000003,0.00,0
386,1.221,-3.433002,0.443291,-3.433002,0.443291,-3.465170,0.555837,,,,0.032168,-0.112546,0.117053,1.000000,-0.000003,0.00,0
387,1.222,-3.433002,0.443291,-3.433002,0.443291,-3.465170,0.557277,,,,0.032168,-0.113986,0.118438,1.000000,-0.000003,0.00,0
388,1.225,-3.433002,0.443291,-3.433002,0.443291,-3.465170,0.558717,,,,0.032168,-0.115426,0.119825,1.000000,-0.000003,0.00,0
389,1.226,-3.433002,0.443291,-3.433002,0.443291,-3.465170,0.560157,,,,0.032168,-0.116866,0.121213,1.000000,-0.000003,0.00,0
390,1.238,-3.463150,0.488019,-3.499331,0.538920,-3.465170,0.561597,0.002020,-0.073578,0.073606,-0.034161,-0.022677,0.041003,1.000000,-0.000003,10.52,1
391,1.239,-3.463150,0.488019,-3.463150,0.488019,-3.465170,0.563037,,,,0.002020,-0.075018,0.075045,1.000000,-0.000003,0.00,0
392,1.241,-3.463150,0.488019,-3.463150,0.488019,-3.465170,0.564477,,,,0.002020,-0.076458,0.076485,1.000000,-0.000003,0.00,0
393,1.242,-3.463150,0.488019,-3.463150,0.488019,-3.465170,0.565917,,,,0.002020,-0.077898,0.077924,1.000000,-0.000003,0.00,0
394,1.244,-3.463150,0.488019,-3.463150,0.488019,-3.465170,0.567357,,,,0.002020,-0.079338,0.079364,1.000000,-0.000003,0.00,0
395,1.245,-3.463150,0.488019,-3.463150,0.488019,-3.465170,0.568797,,,,0.002020,-0.080778,0.080803,1.000000,-0.000003,0.00,0
396,1.247,-3.463150,0.488019,-3.463150,0.488019,-3.465170,0.570237,,,,0.002020,-0.082218,0.082243,1.000000,-0.000003,0.00,0
397,1.248,-3.463150,0.488019,-3.463150,0.488019,-3.465170,0.571677,,,,0.002020,-0.083658,0.083682,1.000000,-0.000003,0.00,0
398,1.249,-3.463150,0.488019,-3.463150,0.488019,-3.465170,0.573117,,,,0.002020,-0.085098,0.085122,1.000000,-0.000003,0.00,0
399,1.250,-3.463150,0.488019,-3.463150,0.488019,-3.465170,0.574557,,,,0.002020,-0.086538,0.086561,1.000000,-0.000003,0.00,0
400,1.251,-3.463150,0.488019,-3.463150,0.488019,-3.465170,0.575997,,,,0.002020,-0.087978,0.088001,1.000000,-0.000003,0.00,0
401,1.252,-3.463150,0.488019,-3.463150,0.488019,-3.465170,0.577437,,,,0.002020,-0.089418,0.089441,1.000000,-0.000003,0.00,0
402,1.254,-3.463150,0.488019,-3.463150,0.488019,-3.465170,0.578877,,,,0.002020,-0.090858,0.090880,1.000000,-0.000003,0.00,0
403,1.255,-3.463150,0.488019,-3.463150,0.488019,-3.465170,0.580317,,,,0.002020,-0.092298,0.092320,1.000000,-0.000003,0.00,0
404,1.256,-3.463150,0.488019,-3.463150,0.488019,-3.465170,0.581757,,,,0.002020,-0.093738,0.093760,1.000000,-0.000003,0.00,0
405,1.268,-3.450905,0.520441,-3.389469,0.514707,-3.465170,0.583197,0.014266,-0.062756,0.064357,0.075701,-0.068489,0.102086,1.000000,-0.000003,10.51,1
406,1.270,-3.450905,0.520441,-3.450905,0.520441,-3.465170,0.584637,,,,0.014266,-0.064196,0.065762,1.000000,-0.000003,0.00,0
407,1.271,-3.450905,0.520441,-3.450905,0.520441,-3.465170,0.586077,,,,0.014266,-0.065636,0.067168,1.000000,-0.000003,0.00,0
408,1.272,-3.450905,0.520441,-3.450905,0.520441,-3.465170,0.587517,,,,0.014266,-0.067076,0.068576,1.000000,-0.000003,0.00,0
409,1.273,-3.450905,0.520441,-3.450905,0.520441,-3.465170,0.588957,,,,0.014266,-0.068516,0.069985,1.000000,-0.000003,0.00,0
410,1.274,-3.450905,0.520441,-3.450905,0.520441,-3.465170,0.590397,,,,0.014266,-0.069956,0.071396,1.000000,-0.000003,0.00,0
411,1.275,-3.450905,0.520441,-3.450905,0.520441,-3.465170,0.591837,,,,0.014266,-0.071396,0.072807,1.000000,-0.000003,0.00,0
412,1.276,-3.450905,0.520441,-3.450905,0.520441,-3.465170,0.593277,,,,0.014266,-0.072836,0.074220,1.000000,-0.000003,0.00,0
413,1.277,-3.450905,0.520441,-3.450905,0.520441,-3.465170,0.594717,,,,0.014266,-0.074276,0.075634,1.000000,-0.000003,0.00,0
414,1.278,-3.450905,0.520441,-3.450905,0.520441,-3.465170,0.596157,,,,0.014266,-0.075716,0.077048,1.000000,-0.000003,0.00,0
415,1.279,-3.450905,0.520441,-3.450905,0.520441,-3.465170,0.597597,,,,0.014266,-0.077156,0.078464,1.000000,-0.000003,0.00,0
416,1.281,-3.450905,0.520441,-3.450905,0.520441,-3.465170,0.599037,,,,0.014266,-0.078596,0.079880,1.000000,-0.000003,0.00,0
417,1.282,-3.450905,0.520441,-3.450905,0.520441,-3.465170,0.600477,,,,0.014266,-0.080036,0.081298,1.000000,-0.000003,0.00,0
418,1.283,-3.450905,0.520441,-3.450905,0.520441,-3.465170,0.601917,,,,0.014266,-0.081476,0.082716,1.000000,-0.000003,0.00,0
419,1.284,-3.450905,0.520441,-3.450905,0.520441,-3.465170,0.603357,,,,0.014266,-0.082916,0.084134,1.000000,-0.000003,0.00,0
420,1.296,-3.446280,0.528754,-3.450040,0.532634,-3.465170,0.604797,0.018890,-0.076043,0.078354,0.015130,-0.072163,0.073732,1.000000,-0.000003,10.01,1
421,1.299,-3.446280,0.528754,-3.446280,0.528754,-3.465170,0.606237,,,,0.018890,-0.077483,0.079753,1.000000,-0.000003,0.00,0
422,1.300,-3.446280,0.528754,-3.446280,0.528754,-3.465170,0.607677,,,,0.018890,-0.078923,0.081152,1.000000,-0.000003,0.00,0
423,1.302,-3.446280,0.528754,-3.446280,0.528754,-3.465170,0.609117,,,,0.018890,-0.080363,0.082554,1.000000,-0.000003,0.00,0
424,1.302,-3.446280,0.528754,-3.446280,0.528754,-3.465170,0.610557,,,,0.018890,-0.081803,0.083956,1.000000,-0.000003,0.00,0
425,1.304,-3.446280,0.528754,-3.446280,0.528754,-3.465170,0.611997,,,,0.018890,-0.083243,0.085360,1.000000,-0.000003,0.00,0
426,1.305,-3.446280,0.528754,-3.446280,0.528754,-3.465170,0.613437,,,,0.018890,-0.084683,0.086765,1.000000,-0.000003,0.00,0
427,1.306,-3.446280,0.528754,-3.446280,0.528754,-3.465170,0.614877,,,,0.018890,-0.086123,0.088171,1.000000,-0.000003,0.00,0
428,1.308,-3.446280,0.528754,-3.446280,0.528754,-3.465170,0.616317,,,,0.018890,-0.087563,0.089578,1.000000,-0.000003,0.00,0
429,1.309,-3.446280,0.528754,-3.446280,0.528754,-3.465170,0.617757,,,,0.018890,-0.089003,0.090986,1.000000,-0.000003,0.00,0
430,1.311,-3.446280,0.528754,-3.446280,0.528754,-3.465170,0.619197,,,,0.018890,-0.090443,0.092395,1.000000,-0.000003,0.00,0
431,1.312,-3.446280,0.528754,-3.446280,0.528754,-3.465170,0.620637,,,,0.018890,-0.091883,0.093805,1.000000,-0.000003,0.00,0
432,1.313,-3.446280,0.528754,-3.446280,0.528754,-3.465170,0.622077,,,,0.018890,-0.093323,0.095216,1.000000,-0.000003,0.00,0
433,1.314,-3.446280,0.528754,-3.446280,0.528754,-3.465170,0.623517,,,,0.018890,-0.094763,0.096628,1.000000,-0.000003,0.00,0
434,1.316,-3.446280,0.528754,-3.446280,0.528754,-3.465170,0.624957,,,,0.018890,-0.096203,0.098040,1.000000,-0.000003,0.00,0
435,1.328,-3.435424,0.518279,-3.466762,0.507495,-3.465170,0.626397,0.029746,-0.108118,0.112136,-0.001592,-0.118902,0.118913,1.000000,-0.000003,10.51,1
436,1.329,-3.435424,0.518279,-3.435424,0.518279,-3.465170,0.627837,,,,0.029746,-0.109558,0.113525,1.000000,-0.000003,0.00,0
437,1.331,-3.435424,0.518279,-3.435424,0.518279,-3.465170,0.629277,,,,0.029746,-0.110998,0.114915,1.000000,-0.000003,0.00,0
438,1.332,-3.435424,0.518279,-3.435424,0.518279,-3.465170,0.630717,,,,0.029746,-0.112438,0.116307,1.000000,-0.000003,0.00,0
439,1.333,-3.435424,0.518279,-3.435424,0.518279,-3.465170,0.632157,,,,0.029746,-0.113878,0.117699,1.000000,-0.000003,0.00,0
440,1.335,-3.435424,0.518279,-3.435424,0.518279,-3.465170,0.633597,,,,0.029746,-0.115318,0.119093,1.000000,-0.000003,0.00,0
441,1.336,-3.435424,0.518279,-3.435424,0.518279,-3.465170,0.635037,,,,0.029746,-0.116758,0.120488,1.000000,-0.000003,0.00,0
442,1.337,-3.435424,0.518279,-3.435424,0.518279,-3.465170,0.636477,,,,0.029746,-0.118198,0.121884,1.000000,-0.000003,0.00,0
443,1.338,-3.435424,0.518279,-3.435424,0.518279,-3.465170,0.637917,,,,0.029746,-0.119638,0.123281,1.000000,-0.000003,0.00,0
444,1.339,-3.435424,0.518279,-3.435424,0.518279,-3.465170,0.639357,,,,0.029746,-0.121078,0.124679,1.000000,-0.000003,0.00,0
445,1.341,-3.435424,0.518279,-3.435424,0.518279,-3.465170,0.640797,,,,0.029746,-0.122518,0.126078,1.000000,-0.000003,0.00,0
446,1.342,-3.435424,0.518279,-3.435424,0.518279,-3.465170,0.642237,,,,0.029746,-0.123958,0.127478,1.000000,-0.000003,0.00,0
447,1.343,-3.435424,0.518279,-3.435424,0.518279,-3.465170,0.643677,,,,0.029746,-0.125398,0.128878,1.000000,-0.000003,0.00,0
448,1.345,-3.435424,0.518279,-3.435424,0.518279,-3.465170,0.645117,,,,0.029746,-0.126838,0.130280,1.000000,-0.000003,0.00,0
449,1.346,-3.435424,0.518279,-3.435424,0.518279,-3.465170,0.646557,,,,0.029746,-0.128278,0.131682,1.000000,-0.000003,0.00,0
450,1.358,-3.470036,0.556043,-3.493304,0.628000,-3.465170,0.647997,-0.004866,-0.091954,0.092083,-0.028134,-0.019998,0.034517,1.000000,-0.000003,11.01,1
451,1.361,-3.470036,0.556043,-3.470036,0.556043,-3.464429,0.649437,,,,-0.005606,-0.093394,0.093562,1.000000,-0.000003,0.00,0
452,1.362,-3.470036,0.556043,-3.470036,0.556043,-3.463644,0.650877,,,,-0.006391,-0.094834,0.095049,1.000000,-0.000003,0.00,0
453,1.363,-3.470036,0.556043,-3.470036,0.556043,-3.462853,0.652317,,,,-0.007182,-0.096274,0.096542,1.000000,-0.000003,0.00,0
454,1.364,-3.470036,0.556043,-3.470036,0.556043,-3.462062,0.653757,,,,-0.007973,-0.097714,0.098039,1.000000,-0.000003,0.00,0
455,1.365,-3.470036,0.556043,-3.470036,0.556043,-3.461273,0.655197,,,,-0.008763,-0.099154,0.099541,1.000000,-0.000003,0.00,0
456,1.366,-3.470036,0.556043,-3.470036,0.556043,-3.460484,0.656637,,,,-0.009552,-0.100594,0.101047,1.000000,-0.000003,0.00,0
457,1.368,-3.470036,0.556043,-3.470036,0.556043,-3.459696,0.658077,,,,-0.010340,-0.102034,0.102557,1.000000,-0.000003,0.00,0
458,1.368,-3.470036,0.556043,-3.470036,0.556043,-3.458909,0.659517,,,,-0.011127,-0.103474,0.104071,1.000000,-0.000003,0.00,0
459,1.371,-3.470036,0.556043,-3.470036,0.556043,-3.458122,0.660957,,,,-0.011913,-0.104914,0.105588,1.000000,-0.000003,0.00,0
460,1.372,-3.470036,0.556043,-3.470036,0.556043,-3.457336,0.662397,,,,-0.012699,-0.106354,0.107110,1.000000,-0.000003,0.00,0
461,1.373,-3.470036,0.556043,-3.470036,0.556043,-3.456550,0.663837,,,,-0.013485,-0.107794,0.108634,1.000000,-0.000003,0.00,0
462,1.375,-3.470036,0.556043,-3.470036,0.556043,-3.455765,0.665277,,,,-0.014271,-0.109234,0.110162,1.000000,-0.000003,0.00,0
463,1.376,-3.470036,0.556043,-3.470036,0.556043,-3.454980,0.666717,,,,-0.015056,-0.110674,0.111694,1.000000,-0.000003,0.00,0
464,1.377,-3.470036,0.556043,-3.470036,0.556043,-3.454195,0.668157,,,,-0.015841,-0.112114,0.113228,1.000000,-0.000003,0.00,0
465,1.390,-3.464402,0.591048,-3.433140,0.637648,-3.453410,0.669597,-0.010992,-0.078550,0.079315,0.020270,-0.031949,0.037837,1.000000,-0.000003,11.51,1
466,1.391,-3.464402,0.591048,-3.464402,0.591048,-3.453366,0.671037,,,,-0.011037,-0.079990,0.080747,1.000000,-0.000003,0.00,0
467,1.392,-3.464402,0.591048,-3.464402,0.591048,-3.453366,0.672477,,,,-0.011036,-0.081430,0.082174,1.000000,-0.000003,0.00,0
468,1.393,-3.464402,0.591048,-3.464402,0.591048,-3.453372,0.673917,,,,-0.011030,-0.082870,0.083600,1.000000,-0.000003,0.00,0
469,1.395,-3.464402,0.591048,-3.464402,0.591048,-3.453379,0.675357,,,,-0.011024,-0.084310,0.085027,1.000000,-0.000003,0.00,0
470,1.397,-3.464402,0.591048,-3.464402,0.591048,-3.453384,0.676797,,,,-0.011018,-0.085750,0.086455,1.000000,-0.000003,0.00,0
471,1.398,-3.464402,0.591048,-3.464402,0.591048,-3.453388,0.678237,,,,-0.011014,-0.087190,0.087883,1.000000,-0.000003,0.00,0
472,1.400,-3.464402,0.591048,-3.464402,0.591048,-3.453391,0.679677,,,,-0.011011,-0.088630,0.089311,1.000000,-0.000003,0.00,0
473,1.401,-3.464402,0.591048,-3.464402,0.591048,-3.453394,0.681117,,,,-0.011008,-0.090070,0.090740,1.000000,-0.000003,0.00,0
474,1.402,-3.464402,0.591048,-3.464402,0.591048,-3.453396,0.682557,,,,-0.011006,-0.091510,0.092169,1.000000,-0.000003,0.00,0
475,1.403,-3.464402,0.591048,-3.464402,0.591048,-3.453398,0.683997,,,,-0.011004,-0.092950,0.093599,1.000000,-0.000003,0.00,0
476,1.404,-3.464402,0.591048,-3.464402,0.591048,-3.453399,0.685437,,,,-0.011003,-0.094390,0.095029,1.000000,-0.000003,0.00,0
477,1.405,-3.464402,0.591048,-3.464402,0.591048,-3.453400,0.686877,,,,-0.011002,-0.095830,0.096459,1.000000,-0.000003,0.00,0
478,1.406,-3.464402,0.591048,-3.464402,0.591048,-3.453401,0.688317,,,,-0.011001,-0.097270,0.097890,1.000000,-0.000003,0.00,0
479,1.408,-3.464402,0.591048,-3.464402,0.591048,-3.453402,0.689757,,,,-0.011001,-0.098710,0.099321,1.000000,-0.000003,0.00,0
480,1.420,-3.445187,0.653853,-3.409116,0.695911,-3.453402,0.691197,0.008215,-0.037344,0.038237,0.044286,0.004714,0.044537,1.000000,-0.000003,12.02,1
481,1.422,-3.445187,0.653853,-3.445187,0.653853,-3.453403,0.692637,,,,0.008216,-0.038784,0.039645,1.000000,-0.000003,0.00,0
482,1.423,-3.445187,0.653853,-3.445187,0.653853,-3.453403,0.694077,,,,0.008216,-0.040224,0.041055,1.000000,-0.000003,0.00,0
483,1.424,-3.445187,0.653853,-3.445187,0.653853,-3.453403,0.695517,,,,0.008216,-0.041664,0.042467,1.000000,-0.000003,0.00,0
484,1.425,-3.445187,0.653853,-3.445187,0.653853,-3.453403,0.696957,,,,0.008216,-0.043104,0.043880,1.000000,-0.000003,0.00,0
485,1.426,-3.445187,0.653853,-3.445187,0.653853,-3.453403,0.698397,,,,0.008217,-0.044544,0.045296,1.000000,-0.000003,0.00,0
486,1.428,-3.445187,0.653853,-3.445187,0.653853,-3.453404,0.699837,,,,0.008217,-0.045984,0.046713,1.000000,-0.000003,0.00,0
487,1.430,-3.445187,0.653853,-3.445187,0.653853,-3.453404,0.701277,,,,0.008217,-0.047424,0.048131,1.000000,-0.000003,0.00,0
488,1.431,-3.445187,0.653853,-3.445187,0.653853,-3.453404,0.702717,,,,0.008217,-0.048864,0.049550,1.000000,-0.000003,0.00,0
489,1.432,-3.445187,0.653853,-3.445187,0.653853,-3.453404,0.704157,,,,0.008217,-0.050304,0.050971,1.000000,-0.000003,0.00,0
490,1.433,-3.445187,0.653853,-3.445187,0.653853,-3.453404,0.705597,,,,0.008217,-0.051744,0.052393,1.000000,-0.000002,0.00,0
491,1.434,-3.445187,0.653853,-3.445187,0.653853,-3.453404,0.707037,,,,0.008217,-0.053184,0.053815,1.000000,-0.000002,0.00,0
492,1.435,-3.445187,0.653853,-3.445187,0.653853,-3.453404,0.708477,,,,0.008217,-0.054624,0.055239,1.000000,-0.000002,0.00,0
493,1.437,-3.445187,0.653853,-3.445187,0.653853,-3.453404,0.709917,,,,0.008217,-0.056064,0.056663,1.000000,-0.000002,0.00,0
494,1.438,-3.445187,0.653853,-3.445187,0.653853,-3.453404,0.711357,,,,0.008217,-0.057504,0.058088,1.000000,-0.000002,0.00,0
495,1.450,-3.406234,0.678239,-3.376446,0.701158,-3.453404,0.712797,0.047170,-0.034558,0.058475,0.076958,-0.011639,0.077833,1.000000,-0.000002,11.01,1
496,1.452,-3.406234,0.678239,-3.406234,0.678239,-3.453404,0.714237,,,,0.047170,-0.035998,0.059337,1.000000,-0.000002,0.00,0
497,1.453,-3.406234,0.678239,-3.406234,0.678239,-3.453404,0.715677,,,,0.047170,-0.037438,0.060221,1.000000,-0.000002,0.00,0
498,1.454,-3.406234,0.678239,-3.406234,0.678239,-3.453404,0.717117,,,,0.047170,-0.038878,0.061127,1.000000,-0.000002,0.00,0
499,1.455,-3.406234,0.678239,-3.406234,0.678239,-3.453404,0.718557,,,,0.047170,-0.040318,0.062053,1.000000,-0.000002,0.00,0
500,1.456,-3.406234,0.678239,-3.406234,0.678239,-3.453404,0.719997,,,,0.047170,-0.041758,0.062998,1.000000,-0.000002,0.00,0
501,1.457,-3.406234,0.678239,-3.406234,0.678239,-3.453404,0.721437,,,,0.047170,-0.043198,0.063962,1.000000,-0.000002,0.00,0
502,1.458,-3.406234,0.678239,-3.406234,0.678239,-3.453404,0.722877,,,,0.047170,-0.044638,0.064943,1.000000,-0.000002,0.00,0
503,1.460,-3.406234,0.678239,-3.406234,0.678239,-3.453404,0.724317,,,,0.047170,-0.046078,0.065941,1.000000,-0.000002,0.00,0
504,1.462,-3.406234,0.678239,-3.406234,0.678239,-3.453404,0.725757,,,,0.047170,-0.047518,0.066955,1.000000,-0.000002,0.00,0
505,1.462,-3.406234,0.678239,-3.406234,0.678239,-3.453404,0.727197,,,,0.047170,-0.048958,0.067985,1.000000,-0.000002,0.00,0
506,1.464,-3.406234,0.678239,-3.406234,0.678239,-3.453404,0.728637,,,,0.047170,-0.050398,0.069029,1.000000,-0.000002,0.00,0
507,1.465,-3.406234,0.678239,-3.406234,0.678239,-3.453404,0.730077,,,,0.047170,-0.051838,0.070087,1.000000,-0.000002,0.00,0
508,1.466,-3.406234,0.678239,-3.406234,0.678239,-3.453404,0.731517,,,,0.047170,-0.053278,0.071159,1.000000,-0.000002,0.00,0
509,1.467,-3.406234,0.678239,-3.406234,0.678239,-3.453404,0.732957,,,,0.047170,-0.054718,0.072243,1.000000,-0.000002,0.00,0
510,1.478,-3.387590,0.719723,-3.377207,0.762101,-3.453404,0.734397,0.065814,-0.014674,0.067430,0.076197,0.027704,0.081077,1.000000,-0.000002,10.01,1
511,1.482,-3.387590,0.719723,-3.387590,0.719723,-3.453404,0.735837,,,,0.065814,-0.016114,0.067758,1.000000,-0.000002,0.00,0
512,1.484,-3.387590,0.719723,-3.387590,0.719723,-3.453404,0.737277,,,,0.065814,-0.017554,0.068115,1.000000,-0.000002,0.00,0
513,1.485,-3.387590,0.719723,-3.387590,0.719723,-3.453404,0.738717,,,,0.065814,-0.018994,0.068500,1.000000,-0.000002,0.00,0
514,1.486,-3.387590,0.719723,-3.387590,0.719723,-3.453404,0.740157,,,,0.065814,-0.020434,0.068914,1.000000,-0.000002,0.00,0
515,1.488,-3.387590,0.719723,-3.387590,0.719723,-3.453404,0.741597,,,,0.065814,-0.021874,0.069354,1.000000,-0.000002,0.00,0
516,1.489,-3.387590,0.719723,-3.387590,0.719723,-3.453404,0.743037,,,,0.065814,-0.023314,0.069822,1.000000,-0.000002,0.00,0
517,1.489,-3.387590,0.719723,-3.387590,0.719723,-3.453404,0.744477,,,,0.065814,-0.024754,0.070316,1.000000,-0.000002,0.00,0
518,1.491,-3.387590,0.719723,-3.387590,0.719723,-3.453404,0.745917,,,,0.065814,-0.026194,0.070835,1.000000,-0.000002,0.00,0
519,1.492,-3.387590,0.719723,-3.387590,0.719723,-3.453404,0.747357,,,,0.065814,-0.027634,0.071380,1.000000,-0.000002,0.00,0
520,1.492,-3.387590,0.719723,-3.387590,0.719723,-3.453404,0.748797,,,,0.065814,-0.029074,0.071950,1.000000,-0.000002,0.00,0
521,1.494,-3.387590,0.719723,-3.387590,0.719723,-3.453404,0.750237,,,,0.065815,-0.030514,0.072544,1.000000,-0.000002,0.00,0
522,1.496,-3.387590,0.719723,-3.387590,0.719723,-3.453404,0.751677,,,,0.065815,-0.031954,0.073161,1.000000,-0.000002,0.00,0
523,1.497,-3.387590,0.719723,-3.387590,0.719723,-3.453404,0.753117,,,,0.065815,-0.033394,0.073802,1.000000,-0.000002,0.00,0
524,1.498,-3.387590,0.719723,-3.387590,0.719723,-3.453404,0.754557,,,,0.065815,-0.034834,0.074464,1.000000,-0.000002,0.00,0
525,1.511,-3.415003,0.738801,-3.491354,0.753144,-3.453404,0.755997,0.038402,-0.017196,0.042076,-0.037950,-0.002853,0.038057,1.000000,-0.000002,11.01,1
526,1.512,-3.415003,0.738801,-3.415003,0.738801,-3.453404,0.757437,,,,0.038402,-0.018636,0.042685,1.000000,-0.000002,0.00,0
527,1.518,-3.415003,0.738801,-3.415003,0.738801,-3.453404,0.758877,,,,0.038402,-0.020076,0.043333,1.000000,-0.000002,0.00,0
528,1.520,-3.415003,0.738801,-3.415003,0.738801,-3.453404,0.760317,,,,0.038402,-0.021516,0.044018,1.000000,-0.000002,0.00,0
529,1.521,-3.415003,0.738801,-3.415003,0.738801,-3.453404,0.761757,,,,0.038402,-0.022956,0.044740,1.000000,-0.000002,0.00,0
530,1.523,-3.415003,0.738801,-3.415003,0.738801,-3.453404,0.763197,,,,0.038402,-0.024396,0.045496,1.000000,-0.000002,0.00,0
531,1.524,-3.415003,0.738801,-3.415003,0.738801,-3.453404,0.764637,,,,0.038402,-0.025836,0.046284,1.000000,-0.000002,0.00,0
532,1.525,-3.415003,0.738801,-3.415003,0.738801,-3.453404,0.766077,,,,0.038402,-0.027276,0.047103,1.000000,-0.000002,0.00,0
533,1.526,-3.415003,0.738801,-3.415003,0.738801,-3.453404,0.767517,,,,0.038402,-0.028716,0.047951,1.000000,-0.000002,0.00,0
534,1.527,-3.415003,0.738801,-3.415003,0.738801,-3.453404,0.768957,,,,0.038402,-0.030156,0.048827,1.000000,-0.000002,0.00,0
535,1.528,-3.415003,0.738801,-3.415003,0.738801,-3.453404,0.770397,,,,0.038402,-0.031596,0.049729,1.000000,-0.000002,0.00,0
536,1.529,-3.415003,0.738801,-3.415003,0.738801,-3.453404,0.771837,,,,0.038402,-0.033036,0.050656,1.000000,-0.000002,0.00,0
537,1.530,-3.415003,0.738801,-3.415003,0.738801,-3.453404,0.773277,,,,0.038402,-0.034476,0.051607,1.000000,-0.000002,0.00,0
538,1.531,-3.415003,0.738801,-3.415003,0.738801,-3.453404,0.774717,,,,0.038402,-0.035916,0.052580,1.000000,-0.000002,0.00,0
539,1.532,-3.415003,0.738801,-3.415003,0.738801,-3.453404,0.776157,,,,0.038402,-0.037356,0.053574,1.000000,-0.000002,0.00,0
540,1.545,-3.450872,0.768018,-3.484055,0.788810,-3.453404,0.777597,0.002533,-0.009579,0.009908,-0.030651,0.011214,0.032638,1.000000,-0.000002,11.02,1
541,1.547,-3.450872,0.768018,-3.450872,0.768018,-3.453404,0.779037,,,,0.002533,-0.011019,0.011306,1.000000,-0.000002,0.00,0
542,1.549,-3.450872,0.768018,-3.450872,0.768018,-3.453404,0.780477,,,,0.002533,-0.012459,0.012713,1.000000,-0.000002,0.00,0
543,1.551,-3.450872,0.768018,-3.450872,0.768018,-3.453404,0.781917,,,,0.002533,-0.013899,0.014127,1.000000,-0.000002,0.00,0
544,1.552,-3.450872,0.768018,-3.450872,0.768018,-3.453404,0.783357,,,,0.002533,-0.015339,0.015546,1.000000,-0.000002,0.00,0
545,1.554,-3.450872,0.768018,-3.450872,0.768018,-3.453404,0.784797,,,,0.002533,-0.016779,0.016969,1.000000,-0.000002,0.00,0
546,1.555,-3.450872,0.768018,-3.450872,0.768018,-3.453404,0.786237,,,,0.002533,-0.018219,0.018394,1.000000,-0.000002,0.00,0
547,1.556,-3.450872,0.768018,-3.450872,0.768018,-3.453404,0.787677,,,,0.002533,-0.019659,0.019821,1.000000,-0.000002,0.00,0
548,1.557,-3.450872,0.768018,-3.450872,0.768018,-3.453404,0.789117,,,,0.002533,-0.021099,0.021250,1.000000,-0.000002,0.00,0
549,1.558,-3.450872,0.768018,-3.450872,0.768018,-3.453404,0.790557,,,,0.002533,-0.022539,0.022680,1.000000,-0.000002,0.00,0
550,1.559,-3.450872,0.768018,-3.450872,0.768018,-3.453404,0.791997,,,,0.002533,-0.023979,0.024112,1.000000,-0.000003,0.00,0
551,1.560,-3.450872,0.768018,-3.450872,0.768018,-3.453404,0.793437,,,,0.002533,-0.025419,0.025544,1.000000,-0.000003,0.00,0
552,1.562,-3.450872,0.768018,-3.450872,0.768018,-3.453404,0.794877,,,,0.002533,-0.026859,0.026978,1.000000,-0.000003,0.00,0
553,1.563,-3.450872,0.768018,-3.450872,0.768018,-3.453404,0.796317,,,,0.002533,-0.028299,0.028412,1.000000,-0.000003,0.00,0
554,1.566,-3.450872,0.768018,-3.450872,0.768018,-3.453404,0.797757,,,,0.002533,-0.029739,0.029846,1.000000,-0.000003,0.00,0
555,1.578,-3.488966,0.764729,-3.491489,0.752231,-3.453404,0.799197,-0.035562,-0.034468,0.049525,-0.038085,-0.046965,0.060467,1.000000,-0.000003,10.50,1
556,1.579,-3.488966,0.764729,-3.488966,0.764729,-3.452464,0.800637,,,,-0.036502,-0.035908,0.051204,1.000000,-0.000003,0.00,0
557,1.581,-3.488966,0.764729,-3.488966,0.764729,-3.451466,0.802077,,,,-0.037500,-0.037348,0.052926,1.000000,-0.000003,0.00,0
558,1.582,-3.488966,0.764729,-3.488966,0.764729,-3.450461,0.803517,,,,-0.038505,-0.038788,0.054655,1.000000,-0.000003,0.00,0
559,1.585,-3.488966,0.764729,-3.488966,0.764729,-3.449457,0.804957,,,,-0.039509,-0.040228,0.056385,1.000000,-0.000003,0.00,0
560,1.586,-3.488966,0.764729,-3.488966,0.764729,-3.448453,0.806397,,,,-0.040513,-0.041668,0.058116,1.000000,-0.000003,0.00,0
561,1.588,-3.488966,0.764729,-3.488966,0.764729,-3.447451,0.807837,,,,-0.041515,-0.043108,0.059848,1.000000,-0.000003,0.00,0
562,1.589,-3.488966,0.764729,-3.488966,0.764729,-3.446451,0.809277,,,,-0.042515,-0.044548,0.061580,1.000000,-0.000003,0.00,0
563,1.590,-3.488966,0.764729,-3.488966,0.764729,-3.445451,0.810717,,,,-0.043515,-0.045988,0.063313,1.000000,-0.000003,0.00,0
564,1.591,-3.488966,0.764729,-3.488966,0.764729,-3.444452,0.812157,,,,-0.044514,-0.047428,0.065046,1.000000,-0.000003,0.00,0
565,1.592,-3.488966,0.764729,-3.488966,0.764729,-3.443453,0.813597,,,,-0.045513,-0.048868,0.066780,1.000000,-0.000003,0.00,0
566,1.594,-3.488966,0.764729,-3.488966,0.764729,-3.442455,0.815037,,,,-0.046511,-0.050308,0.068514,1.000000,-0.000003,0.00,0
567,1.596,-3.488966,0.764729,-3.488966,0.764729,-3.441457,0.816477,,,,-0.047509,-0.051748,0.070249,1.000000,-0.000003,0.00,0
568,1.597,-3.488966,0.764729,-3.488966,0.764729,-3.440460,0.817917,,,,-0.048506,-0.053188,0.071985,1.000000,-0.000003,0.00,0
569,1.598,-3.488966,0.764729,-3.488966,0.764729,-3.439462,0.819357,,,,-0.049504,-0.054628,0.073721,1.000000,-0.000003,0.00,0
570,1.610,-3.468663,0.761705,-3.430444,0.744074,-3.438465,0.820797,-0.030198,-0.059092,0.066360,0.008022,-0.076723,0.077141,1.000000,-0.000003,11.51,1
571,1.612,-3.468663,0.761705,-3.468663,0.761705,-3.438409,0.822237,,,,-0.030254,-0.060532,0.067671,1.000000,-0.000003,0.00,0
572,1.612,-3.468663,0.761705,-3.468663,0.761705,-3.438409,0.823677,,,,-0.030254,-0.061972,0.068962,1.000000,-0.000003,0.00,0
573,1.615,-3.468663,0.761705,-3.468663,0.761705,-3.438418,0.825117,,,,-0.030245,-0.063412,0.070255,1.000000,-0.000003,0.00,0
574,1.616,-3.468663,0.761705,-3.468663,0.761705,-3.438426,0.826557,,,,-0.030237,-0.064852,0.071554,1.000000,-0.000003,0.00,0
575,1.617,-3.468663,0.761705,-3.468663,0.761705,-3.438432,0.827997,,,,-0.030231,-0.066292,0.072859,1.000000,-0.000003,0.00,0
576,1.618,-3.468663,0.761705,-3.468663,0.761705,-3.438438,0.829437,,,,-0.030225,-0.067732,0.074170,1.000000,-0.000003,0.00,0
577,1.619,-3.468663,0.761705,-3.468663,0.761705,-3.438442,0.830877,,,,-0.030221,-0.069172,0.075485,1.000000,-0.000003,0.00,0
578,1.621,-3.468663,0.761705,-3.468663,0.761705,-3.438445,0.832317,,,,-0.030218,-0.070612,0.076806,1.000000,-0.000003,0.00,0
579,1.622,-3.468663,0.761705,-3.468663,0.761705,-3.438448,0.833757,,,,-0.030215,-0.072052,0.078131,1.000000,-0.000003,0.00,0
580,1.623,-3.468663,0.761705,-3.468663,0.761705,-3.438450,0.835197,,,,-0.030213,-0.073492,0.079460,1.000000,-0.000003,0.00,0
581,1.624,-3.468663,0.761705,-3.468663,0.761705,-3.438452,0.836637,,,,-0.030211,-0.074932,0.080793,1.000000,-0.000003,0.00,0
582,1.626,-3.468663,0.761705,-3.468663,0.761705,-3.438453,0.838077,,,,-0.030210,-0.076372,0.082130,1.000000,-0.000003,0.00,0
583,1.627,-3.468663,0.761705,-3.468663,0.761705,-3.438454,0.839517,,,,-0.030209,-0.077812,0.083470,1.000000,-0.000003,0.00,0
584,1.628,-3.468663,0.761705,-3.468663,0.761705,-3.438455,0.840957,,,,-0.030208,-0.079252,0.084814,1.000000,-0.000003,0.00,0
585,1.639,-3.442221,0.763158,-3.404729,0.793168,-3.438455,0.842397,-0.003765,-0.079239,0.079328,0.033726,-0.049229,0.059674,1.000000,-0.000003,10.52,1
586,1.643,-3.442221,0.763158,-3.442221,0.763158,-3.438456,0.843837,,,,-0.003765,-0.080679,0.080767,1.000000,-0.000003,0.00,0
587,1.644,-3.442221,0.763158,-3.442221,0.763158,-3.438456,0.845277,,,,-0.003764,-0.082119,0.082205,1.000000,-0.000003,0.00,0
588,1.646,-3.442221,0.763158,-3.442221,0.763158,-3.438457,0.846717,,,,-0.003764,-0.083559,0.083644,1.000000,-0.000003,0.00,0
589,1.647,-3.442221,0.763158,-3.442221,0.763158,-3.438457,0.848157,,,,-0.003764,-0.084999,0.085082,1.000000,-0.000003,0.00,0
590,1.648,-3.442221,0.763158,-3.442221,0.763158,-3.438457,0.849597,,,,-0.003764,-0.086439,0.086521,1.000000,-0.000003,0.00,0
591,1.649,-3.442221,0.763158,-3.442221,0.763158,-3.438457,0.851037,,,,-0.003763,-0.087879,0.087960,1.000000,-0.000003,0.00,0
592,1.650,-3.442221,0.763158,-3.442221,0.763158,-3.438457,0.852477,,,,-0.003763,-0.089319,0.089398,1.000000,-0.000003,0.00,0
593,1.651,-3.442221,0.763158,-3.442221,0.763158,-3.438458,0.853917,,,,-0.003763,-0.090759,0.090837,1.000000,-0.000003,0.00,0
594,1.652,-3.442221,0.763158,-3.442221,0.763158,-3.438458,0.855357,,,,-0.003763,-0.092199,0.092276,1.000000,-0.000003,0.00,0
595,1.654,-3.442221,0.763158,-3.442221,0.763158,-3.438458,0.856797,,,,-0.003763,-0.093639,0.093715,1.000000,-0.000003,0.00,0
596,1.655,-3.442221,0.763158,-3.442221,0.763158,-3.438458,0.858237,,,,-0.003763,-0.095079,0.095154,1.000000,-0.000003,0.00,0
597,1.656,-3.442221,0.763158,-3.442221,0.763158,-3.438458,0.859677,,,,-0.003763,-0.096519,0.096592,1.000000,-0.000003,0.00,0
598,1.657,-3.442221,0.763158,-3.442221,0.763158,-3.438458,0.861117,,,,-0.003763,-0.097959,0.098031,1.000000,-0.000003,0.00,0
599,1.659,-3.442221,0.763158,-3.442221,0.763158,-3.438458,0.862557,,,,-0.003763,-0.099399,0.099470,1.000000,-0.000003,0.00,0
600,1.671,-3.422553,0.789143,-3.432486,0.830186,-3.438458,0.863997,0.015905,-0.074854,0.076525,0.005972,-0.033811,0.034334,1.000000,-0.000003,11.01,1
601,1.672,-3.422553,0.789143,-3.422553,0.789143,-3.438458,0.865437,,,,0.015905,-0.076294,0.077935,1.000000,-0.000003,0.00,0
602,1.675,-3.422553,0.789143,-3.422553,0.789143,-3.438458,0.866877,,,,0.015905,-0.077734,0.079345,1.000000,-0.000003,0.00,0
603,1.676,-3.422553,0.789143,-3.422553,0.789143,-3.438458,0.868317,,,,0.015905,-0.079174,0.080756,1.000000,-0.000003,0.00,0
604,1.677,-3.422553,0.789143,-3.422553,0.789143,-3.438458,0.869757,,,,0.015905,-0.080614,0.082168,1.000000,-0.000003,0.00,0
605,1.679,-3.422553,0.789143,-3.422553,0.789143,-3.438458,0.871197,,,,0.015905,-0.082054,0.083582,1.000000,-0.000003,0.00,0
606,1.680,-3.422553,0.789143,-3.422553,0.789143,-3.438458,0.872637,,,,0.015905,-0.083494,0.084996,1.000000,-0.000003,0.00,0
607,1.681,-3.422553,0.789143,-3.422553,0.789143,-3.438458,0.874077,,,,0.015905,-0.084934,0.086411,1.000000,-0.000003,0.00,0
608,1.683,-3.422553,0.789143,-3.422553,0.789143,-3.438458,0.875517,,,,0.015905,-0.086374,0.087827,1.000000,-0.000003,0.00,0
609,1.684,-3.422553,0.789143,-3.422553,0.789143,-3.438458,0.876957,,,,0.015905,-0.087814,0.089243,1.000000,-0.000003,0.00,0
610,1.686,-3.422553,0.789143,-3.422553,0.789143,-3.438458,0.878397,,,,0.015905,-0.089254,0.090660,1.000000,-0.000003,0.00,0
611,1.687,-3.422553,0.789143,-3.422553,0.789143,-3.438458,0.879837,,,,0.015905,-0.090694,0.092078,1.000000,-0.000003,0.00,0
612,1.688,-3.422553,0.789143,-3.422553,0.789143,-3.438458,0.881277,,,,0.015905,-0.092134,0.093497,1.000000,-0.000003,0.00,0
613,1.689,-3.422553,0.789143,-3.422553,0.789143,-3.438458,0.882717,,,,0.015905,-0.093574,0.094916,1.000000,-0.000003,0.00,0
614,1.690,-3.422553,0.789143,-3.422553,0.789143,-3.438458,0.884157,,,,0.015905,-0.095014,0.096336,1.000000,-0.000003,0.00,0
615,1.702,-3.422898,0.849178,-3.431479,0.924181,-3.438458,0.885597,0.015560,-0.036419,0.039603,0.006979,0.038584,0.039210,1.000000,-0.000003,10.50,1
616,1.705,-3.422898,0.849178,-3.422898,0.849178,-3.438458,0.887037,,,,0.015560,-0.037859,0.040931,1.000000,-0.000003,0.00,0
617,1.706,-3.422898,0.849178,-3.422898,0.849178,-3.438458,0.888477,,,,0.015560,-0.039299,0.042267,1.000000,-0.000003,0.00,0
618,1.707,-3.422898,0.849178,-3.422898,0.849178,-3.438458,0.889917,,,,0.015560,-0.040739,0.043609,1.000000,-0.000003,0.00,0
619,1.709,-3.422898,0.849178,-3.422898,0.849178,-3.438458,0.891357,,,,0.015560,-0.042179,0.044957,1.000000,-0.000003,0.00,0
620,1.710,-3.422898,0.849178,-3.422898,0.849178,-3.438458,0.892797,,,,0.015560,-0.043619,0.046311,1.000000,-0.000003,0.00,0
621,1.712,-3.422898,0.849178,-3.422898,0.849178,-3.438458,0.894237,,,,0.015560,-0.045059,0.047670,1.000000,-0.000003,0.00,0
622,1.713,-3.422898,0.849178,-3.422898,0.849178,-3.438458,0.895677,,,,0.015560,-0.046499,0.049033,1.000000,-0.000003,0.00,0
623,1.714,-3.422898,0.849178,-3.422898,0.849178,-3.438458,0.897117,,,,0.015560,-0.047939,0.050401,1.000000,-0.000003,0.00,0
624,1.716,-3.422898,0.849178,-3.422898,0.849178,-3.438458,0.898557,,,,0.015560,-0.049379,0.051772,1.000000,-0.000003,0.00,0
625,1.718,-3.422898,0.849178,-3.422898,0.849178,-3.438458,0.899997,,,,0.015560,-0.050819,0.053147,1.000000,-0.000003,0.00,0
626,1.719,-3.422898,0.849178,-3.422898,0.849178,-3.438458,0.901437,,,,0.015560,-0.052259,0.054526,1.000000,-0.000003,0.00,0
627,1.719,-3.422898,0.849178,-3.422898,0.849178,-3.438458,0.902877,,,,0.015560,-0.053699,0.055908,1.000000,-0.000003,0.00,0
628,1.721,-3.422898,0.849178,-3.422898,0.849178,-3.438458,0.904317,,,,0.015560,-0.055139,0.057292,1.000000,-0.000003,0.00,0
629,1.723,-3.422898,0.849178,-3.422898,0.849178,-3.438458,0.905757,,,,0.015560,-0.056579,0.058679,1.000000,-0.000003,0.00,0
630,1.735,-3.446238,0.874160,-3.474750,0.868112,-3.438458,0.907197,-0.007781,-0.033037,0.033941,-0.036292,-0.039085,0.053336,1.000000,-0.000003,11.01,1
631,1.737,-3.446238,0.874160,-3.446238,0.874160,-3.438458,0.908609,,,,-0.007781,-0.034450,0.035317,1.000000,-0.000003,0.00,0
632,1.738,-3.446238,0.874160,-3.446238,0.874160,-3.438458,0.910019,,,,-0.007781,-0.035859,0.036693,1.000000,-0.000003,0.00,0
633,1.739,-3.446238,0.874160,-3.446238,0.874160,-3.438458,0.911428,,,,-0.007781,-0.037268,0.038072,1.000000,-0.000003,0.00,0
634,1.741,-3.446238,0.874160,-3.446238,0.874160,-3.438458,0.912837,,,,-0.007781,-0.038677,0.039452,1.000000,-0.000003,0.00,0
635,1.742,-3.446238,0.874160,-3.446238,0.874160,-3.438458,0.914246,,,,-0.007781,-0.040086,0.040834,1.000000,-0.000003,0.00,0
636,1.743,-3.446238,0.874160,-3.446238,0.874160,-3.438458,0.915655,,,,-0.007781,-0.041495,0.042218,1.000000,-0.000003,0.00,0
637,1.745,-3.446238,0.874160,-3.446238,0.874160,-3.438458,0.917064,,,,-0.007781,-0.042904,0.043604,1.000000,-0.000003,0.00,0
638,1.746,-3.446238,0.874160,-3.446238,0.874160,-3.438458,0.918473,,,,-0.007781,-0.044314,0.044991,1.000000,-0.000003,0.00,0
639,1.747,-3.446238,0.874160,-3.446238,0.874160,-3.438458,0.919883,,,,-0.007781,-0.045723,0.046380,1.000000,-0.000003,0.00,0
640,1.749,-3.446238,0.874160,-3.446238,0.874160,-3.438458,0.921292,,,,-0.007781,-0.047132,0.047770,1.000000,-0.000003,0.00,0
641,1.750,-3.446238,0.874160,-3.446238,0.874160,-3.438458,0.922701,,,,-0.007781,-0.048541,0.049161,1.000000,-0.000003,0.00,0
642,1.751,-3.446238,0.874160,-3.446238,0.874160,-3.438458,0.924111,,,,-0.007781,-0.049951,0.050553,1.000000,-0.000003,0.00,0
643,1.752,-3.446238,0.874160,-3.446238,0.874160,-3.438458,0.925520,,,,-0.007781,-0.051360,0.051946,1.000000,-0.000003,0.00,0
644,1.754,-3.446238,0.874160,-3.446238,0.874160,-3.438458,0.926929,,,,-0.007781,-0.052769,0.053340,1.000000,-0.000003,0.00,0
645,1.766,-3.445225,0.899322,-3.429447,0.905672,-3.438458,0.928339,-0.006767,-0.029017,0.029795,0.009011,-0.022666,0.024392,1.000000,-0.000003,11.01,1
646,1.768,-3.445225,0.899322,-3.445225,0.899322,-3.438458,0.929492,,,,-0.006767,-0.030171,0.030920,1.000000,-0.000003,0.00,0
647,1.769,-3.445225,0.899322,-3.445225,0.899322,-3.438458,0.930621,,,,-0.006767,-0.031299,0.032022,1.000000,-0.000003,0.00,0
648,1.770,-3.445225,0.899322,-3.445225,0.899322,-3.438458,0.931744,,,,-0.006767,-0.032423,0.033121,1.000000,-0.000003,0.00,0
649,1.772,-3.445225,0.899322,-3.445225,0.899322,-3.438458,0.932868,,,,-0.006767,-0.033546,0.034222,1.000000,-0.000003,0.00,0
650,1.772,-3.445225,0.899322,-3.445225,0.899322,-3.438458,0.933992,,,,-0.006767,-0.034670,0.035324,1.000000,-0.000003,0.00,0
651,1.774,-3.445225,0.899322,-3.445225,0.899322,-3.438458,0.935116,,,,-0.006767,-0.035795,0.036429,1.000000,-0.000003,0.00,0
652,1.775,-3.445225,0.899322,-3.445225,0.899322,-3.438458,0.936242,,,,-0.006767,-0.036920,0.037535,1.000000,-0.000003,0.00,0
653,1.776,-3.445225,0.899322,-3.445225,0.899322,-3.438458,0.937368,,,,-0.006767,-0.038046,0.038643,1.000000,-0.000003,0.00,0
654,1.777,-3.445225,0.899322,-3.445225,0.899322,-3.438458,0.938494,,,,-0.006767,-0.039172,0.039752,1.000000,-0.000003,0.00,0
655,1.778,-3.445225,0.899322,-3.445225,0.899322,-3.438458,0.939620,,,,-0.006767,-0.040298,0.040863,1.000000,-0.000003,0.00,0
656,1.779,-3.445225,0.899322,-3.445225,0.899322,-3.438458,0.940747,,,,-0.006767,-0.041425,0.041974,1.000000,-0.000003,0.00,0
657,1.781,-3.445225,0.899322,-3.445225,0.899322,-3.438458,0.941874,,,,-0.006767,-0.042552,0.043087,1.000000,-0.000003,0.00,0
658,1.782,-3.445225,0.899322,-3.445225,0.899322,-3.438458,0.943001,,,,-0.006767,-0.043679,0.044200,1.000000,-0.000003,0.00,0
659,1.783,-3.445225,0.899322,-3.445225,0.899322,-3.438458,0.944128,,,,-0.006767,-0.044806,0.045314,1.000000,-0.000003,0.00,0
660,1.795,-3.415338,0.903059,-3.341818,0.935392,-3.438458,0.945255,0.023119,-0.042196,0.048115,0.096639,-0.009863,0.097141,1.000000,-0.000003,10.01,1
661,1.798,-3.415338,0.903059,-3.415338,0.903059,-3.438458,0.946345,,,,0.023119,-0.043286,0.049073,1.000000,-0.000003,0.00,0
662,1.799,-3.415338,0.903059,-3.415338,0.903059,-3.438458,0.947430,,,,0.023119,-0.044371,0.050033,1.000000,-0.000003,0.00,0
663,1.800,-3.415338,0.903059,-3.415338,0.903059,-3.438458,0.948515,,,,0.023119,-0.045456,0.050998,1.000000,-0.000003,0.00,0
664,1.801,-3.415338,0.903059,-3.415338,0.903059,-3.438458,0.949600,,,,0.023119,-0.046541,0.051967,1.000000,-0.000003,0.00,0
665,1.802,-3.415338,0.903059,-3.415338,0.903059,-3.438458,0.950685,,,,0.023119,-0.047626,0.052941,1.000000,-0.000003,0.00,0
666,1.803,-3.415338,0.903059,-3.415338,0.903059,-3.438458,0.951770,,,,0.023119,-0.048711,0.053920,1.000000,-0.000003,0.00,0
667,1.804,-3.415338,0.903059,-3.415338,0.903059,-3.438458,0.952856,,,,0.023119,-0.049797,0.054902,1.000000,-0.000003,0.00,0
668,1.805,-3.415338,0.903059,-3.415338,0.903059,-3.438458,0.953941,,,,0.023119,-0.050882,0.055888,1.000000,-0.000003,0.00,0
669,1.806,-3.415338,0.903059,-3.415338,0.903059,-3.438458,0.955027,,,,0.023119,-0.051968,0.056878,1.000000,-0.000003,0.00,0
670,1.807,-3.415338,0.903059,-3.415338,0.903059,-3.438458,0.956112,,,,0.023119,-0.053053,0.057872,1.000000,-0.000003,0.00,0
671,1.808,-3.415338,0.903059,-3.415338,0.903059,-3.438458,0.957198,,,,0.023119,-0.054139,0.058869,1.000000,-0.000003,0.00,0
672,1.810,-3.415338,0.903059,-3.415338,0.903059,-3.438458,0.958283,,,,0.023119,-0.055224,0.059869,1.000000,-0.000003,0.00,0
673,1.811,-3.415338,0.903059,-3.415338,0.903059,-3.438458,0.959369,,,,0.023119,-0.056310,0.060871,1.000000,-0.000003,0.00,0
674,1.812,-3.415338,0.903059,-3.415338,0.903059,-3.438458,0.960455,,,,0.023119,-0.057396,0.061877,1.000000,-0.000003,0.00,0
675,1.829,-3.408108,0.954875,-3.453057,1.023560,-3.438458,0.961540,0.030350,-0.006665,0.031074,-0.014600,0.062020,0.063715,1.000000,-0.000003,11.51,1
676,1.830,-3.408108,0.954875,-3.408108,0.954875,-3.438458,0.962626,,,,0.030350,-0.007751,0.031324,1.000000,-0.000003,0.00,0
677,1.832,-3.408108,0.954875,-3.408108,0.954875,-3.437317,0.961423,,,,0.029210,-0.006548,0.029934,1.000000,-0.000005,0.00,0
678,1.833,-3.408108,0.954875,-3.408108,0.954875,-3.436105,0.959990,,,,0.027998,-0.005115,0.028461,1.000000,-0.000004,0.00,0
679,1.834,-3.408108,0.954875,-3.408108,0.954875,-3.434884,0.958515,,,,0.026777,-0.003640,0.027023,1.000000,-0.000005,0.00,0
680,1.835,-3.408108,0.954875,-3.408108,0.954875,-3.433663,0.957037,,,,0.025556,-0.002163,0.025647,1.000000,-0.000005,0.00,0
681,1.838,-3.408108,0.954875,-3.408108,0.954875,-3.432444,0.955565,,,,0.024337,-0.000690,0.024346,1.000000,-0.000005,0.00,0
682,1.839,-3.408108,0.954875,-3.408108,0.954875,-3.431227,0.954099,,,,0.023119,0.000776,0.023132,1.000000,-0.000006,0.00,0
683,1.840,-3.408108,0.954875,-3.408108,0.954875,-3.430010,0.952638,,,,0.021903,0.002237,0.022017,1.000000,-0.000006,0.00,0
684,1.841,-3.408108,0.954875,-3.408108,0.954875,-3.428795,0.951182,,,,0.020688,0.003693,0.021015,1.000000,-0.000006,0.00,0
685,1.843,-3.408108,0.954875,-3.408108,0.954875,-3.427581,0.949729,,,,0.019474,0.005146,0.020142,1.000000,-0.000006,0.00,0
686,1.844,-3.408108,0.954875,-3.408108,0.954875,-3.426368,0.948279,,,,0.018260,0.006596,0.019415,1.000000,-0.000007,0.00,0
687,1.845,-3.408108,0.954875,-3.408108,0.954875,-3.425155,0.946831,,,,0.017048,0.008044,0.018850,1.000000,-0.000007,0.00,0
688,1.846,-3.408108,0.954875,-3.408108,0.954875,-3.423943,0.945384,,,,0.015835,0.009491,0.018461,1.000000,-0.000007,0.00,0
689,1.847,-3.408108,0.954875,-3.408108,0.954875,-3.422731,0.943939,,,,0.014623,0.010936,0.018260,1.000000,-0.000007,0.00,0
690,1.860,-3.408589,0.983223,-3.430890,0.990716,-3.421519,0.942495,0.012930,0.040727,0.042731,-0.009372,0.048220,0.049122,1.000000,-0.000007,11.01,1
691,1.863,-3.408589,0.983223,-3.408589,0.983223,-3.420302,0.941052,,,,0.011713,0.042170,0.043767,1.000000,-0.000007,0.00,0
692,1.864,-3.408589,0.983223,-3.408589,0.983223,-3.419085,0.939610,,,,0.010496,0.043613,0.044858,1.000000,-0.000007,0.00,0
693,1.865,-3.408589,0.983223,-3.408589,0.983223,-3.417868,0.938168,,,,0.009280,0.045055,0.046001,1.000000,-0.000007,0.00,0
694,1.867,-3.408589,0.983223,-3.408589,0.983223,-3.416652,0.936726,,,,0.008063,0.046496,0.047190,1.000000,-0.000007,0.00,0
695,1.868,-3.408589,0.983223,-3.408589,0.983223,-3.415435,0.935285,,,,0.006847,0.047938,0.048424,1.000000,-0.000007,0.00,0
696,1.870,-3.408589,0.983223,-3.408589,0.983223,-3.414219,0.933844,,,,0.005630,0.049379,0.049698,1.000000,-0.000007,0.00,0
697,1.871,-3.408589,0.983223,-3.408589,0.983223,-3.413002,0.932403,,,,0.004414,0.050819,0.051011,1.000000,-0.000007,0.00,0
698,1.872,-3.408589,0.983223,-3.408589,0.983223,-3.411786,0.930963,,,,0.003197,0.052260,0.052358,1.000000,-0.000007,0.00,0
699,1.874,-3.408589,0.983223,-3.408589,0.983223,-3.410570,0.929522,,,,0.001981,0.053700,0.053737,1.000000,-0.000007,0.00,0
700,1.875,-3.408589,0.983223,-3.408589,0.983223,-3.409353,0.928082,,,,0.000765,0.055141,0.055146,1.000000,-0.000007,0.00,0
701,1.876,-3.408589,0.983223,-3.408589,0.983223,-3.408137,0.926642,,,,-0.000452,0.056581,0.056583,1.000000,-0.000007,0.00,0
702,1.877,-3.408589,0.983223,-3.408589,0.983223,-3.406921,0.925201,,,,-0.001668,0.058021,0.058045,1.000000,-0.000007,0.00,0
703,1.878,-3.408589,0.983223,-3.408589,0.983223,-3.405704,0.923761,,,,-0.002884,0.059461,0.059531,1.000000,-0.000007,0.00,0
704,1.881,-3.408589,0.983223,-3.408589,0.983223,-3.404488,0.922321,,,,-0.004100,0.060902,0.061040,1.000000,-0.000007,0.00,0
705,1.893,-3.445850,0.977257,-3.453603,0.917494,-3.403272,0.920881,-0.042578,0.056376,0.070648,-0.050331,-0.003387,0.050445,1.000000,-0.000007,9.51,1
706,1.894,-3.445850,0.977257,-3.445850,0.977257,-3.401844,0.919441,,,,-0.044006,0.057816,0.072658,1.000000,-0.000007,0.00,0
707,1.895,-3.445850,0.977257,-3.445850,0.977257,-3.400404,0.918001,,,,-0.045446,0.059256,0.074677,1.000000,-0.000007,0.00,0
708,1.897,-3.445850,0.977257,-3.445850,0.977257,-3.398962,0.916561,,,,-0.046888,0.060696,0.076697,1.000000,-0.000007,0.00,0
709,1.898,-3.445850,0.977257,-3.445850,0.977257,-3.397520,0.915121,,,,-0.048330,0.062136,0.078719,1.000000,-0.000007,0.00,0
710,1.900,-3.445850,0.977257,-3.445850,0.977257,-3.396079,0.913681,,,,-0.049771,0.063576,0.080741,1.000000,-0.000007,0.00,0
711,1.902,-3.445850,0.977257,-3.445850,0.977257,-3.394638,0.912241,,,,-0.051212,0.065016,0.082764,1.000000,-0.000007,0.00,0
712,1.902,-3.445850,0.977257,-3.445850,0.977257,-3.393197,0.910801,,,,-0.052653,0.066456,0.084787,1.000000,-0.000007,0.00,0
713,1.904,-3.445850,0.977257,-3.445850,0.977257,-3.391756,0.909361,,,,-0.054094,0.067896,0.086811,1.000000,-0.000007,0.00,0
714,1.905,-3.445850,0.977257,-3.445850,0.977257,-3.390315,0.907921,,,,-0.055535,0.069336,0.088835,1.000000,-0.000007,0.00,0
715,1.906,-3.445850,0.977257,-3.445850,0.977257,-3.388875,0.906481,,,,-0.056975,0.070776,0.090859,1.000000,-0.000007,0.00,0
716,1.907,-3.445850,0.977257,-3.445850,0.977257,-3.387434,0.905041,,,,-0.058416,0.072216,0.092885,1.000000,-0.000007,0.00,0
717,1.908,-3.445850,0.977257,-3.445850,0.977257,-3.385994,0.903600,,,,-0.059856,0.073656,0.094910,1.000000,-0.000007,0.00,0
718,1.910,-3.445850,0.977257,-3.445850,0.977257,-3.384554,0.902160,,,,-0.061296,0.075096,0.096936,1.000000,-0.000007,0.00,0
719,1.912,-3.445850,0.977257,-3.445850,0.977257,-3.383114,0.900720,,,,-0.062737,0.076536,0.098963,1.000000,-0.000007,0.00,0
720,1.923,-3.418641,0.923431,-3.371431,0.862084,-3.381673,0.899280,-0.036968,0.024151,0.044157,0.010242,-0.037197,0.038581,1.000000,-0.000007,10.01,1
721,1.926,-3.418641,0.923431,-3.418641,0.923431,-3.380338,0.897840,,,,-0.038303,0.025591,0.046065,1.000000,-0.000007,0.00,0
722,1.928,-3.418641,0.923431,-3.418641,0.923431,-3.379010,0.896400,,,,-0.039632,0.027031,0.047972,1.000000,-0.000007,0.00,0
723,1.930,-3.418641,0.923431,-3.418641,0.923431,-3.377682,0.894960,,,,-0.040960,0.028471,0.049883,1.000000,-0.000007,0.00,0
724,1.931,-3.418641,0.923431,-3.418641,0.923431,-3.376354,0.893520,,,,-0.042288,0.029911,0.051797,1.000000,-0.000007,0.00,0
725,1.932,-3.418641,0.923431,-3.418641,0.923431,-3.375026,0.892080,,,,-0.043616,0.031351,0.053714,1.000000,-0.000007,0.00,0
726,1.934,-3.418641,0.923431,-3.418641,0.923431,-3.373697,0.890640,,,,-0.044944,0.032791,0.055634,1.000000,-0.000007,0.00,0
727,1.935,-3.418641,0.923431,-3.418641,0.923431,-3.372369,0.889200,,,,-0.046272,0.034231,0.057557,1.000000,-0.000007,0.00,0
728,1.937,-3.418641,0.923431,-3.418641,0.923431,-3.371041,0.887760,,,,-0.047601,0.035671,0.059483,1.000000,-0.000007,0.00,0
729,1.938,-3.418641,0.923431,-3.418641,0.923431,-3.369712,0.886320,,,,-0.048929,0.037111,0.061411,1.000000,-0.000007,0.00,0
730,1.939,-3.418641,0.923431,-3.418641,0.923431,-3.368384,0.884880,,,,-0.050258,0.038551,0.063340,1.000000,-0.000007,0.00,0
731,1.940,-3.418641,0.923431,-3.418641,0.923431,-3.367055,0.883440,,,,-0.051586,0.039991,0.065272,1.000000,-0.000007,0.00,0
732,1.941,-3.418641,0.923431,-3.418641,0.923431,-3.365726,0.882000,,,,-0.052915,0.041431,0.067205,1.000000,-0.000007,0.00,0
733,1.942,-3.418641,0.923431,-3.418641,0.923431,-3.364398,0.880560,,,,-0.054244,0.042871,0.069139,1.000000,-0.000007,0.00,0
734,1.945,-3.418641,0.923431,-3.418641,0.923431,-3.363069,0.879120,,,,-0.055572,0.044311,0.071075,1.000000,-0.000007,0.00,0
735,1.958,-3.359584,0.877786,-3.253716,0.853780,-3.361740,0.877680,0.002157,0.000105,0.002159,0.108024,-0.023901,0.110637,1.000000,-0.000007,10.14,1
736,1.959,-3.359584,0.877786,-3.359584,0.877786,-3.361666,0.876240,,,,0.002083,0.001545,0.002593,1.000000,-0.000007,0.00,0
737,1.960,-3.359584,0.877786,-3.359584,0.877786,-3.361667,0.874800,,,,0.002084,0.002985,0.003641,1.000000,-0.000007,0.00,0
738,1.961,-3.359584,0.877786,-3.359584,0.877786,-3.361679,0.873360,,,,0.002095,0.004425,0.004896,1.000000,-0.000007,0.00,0
739,1.962,-3.359584,0.877786,-3.359584,0.877786,-3.361690,0.871920,,,,0.002106,0.005865,0.006232,1.000000,-0.000007,0.00,0
740,1.964,-3.359584,0.877786,-3.359584,0.877786,-3.361699,0.870480,,,,0.002115,0.007305,0.007605,1.000000,-0.000007,0.00,0
741,1.966,-3.359584,0.877786,-3.359584,0.877786,-3.361706,0.869040,,,,0.002123,0.008745,0.008999,1.000000,-0.000007,0.00,0
742,1.967,-3.359584,0.877786,-3.359584,0.877786,-3.361712,0.867600,,,,0.002129,0.010185,0.010405,1.000000,-0.000007,0.00,0
743,1.968,-3.359584,0.877786,-3.359584,0.877786,-3.361717,0.866160,,,,0.002133,0.011625,0.011819,1.000000,-0.000007,0.00,0
744,1.969,-3.359584,0.877786,-3.359584,0.877786,-3.361720,0.864720,,,,0.002137,0.013065,0.013239,1.000000,-0.000007,0.00,0
745,1.970,-3.359584,0.877786,-3.359584,0.877786,-3.361723,0.863280,,,,0.002140,0.014505,0.014662,1.000000,-0.000007,0.00,0
746,1.971,-3.359584,0.877786,-3.359584,0.877786,-3.361726,0.861840,,,,0.002142,0.015945,0.016089,1.000000,-0.000007,0.00,0
747,1.972,-3.359584,0.877786,-3.359584,0.877786,-3.361727,0.860400,,,,0.002144,0.017385,0.017517,1.000000,-0.000007,0.00,0
748,1.974,-3.359584,0.877786,-3.359584,0.877786,-3.361729,0.858960,,,,0.002145,0.018825,0.018947,1.000000,-0.000007,0.00,0
749,1.976,-3.359584,0.877786,-3.359584,0.877786,-3.361730,0.857520,,,,0.002146,0.020265,0.020379,1.000000,-0.000007,0.00,0
750,1.988,-3.342807,0.854034,-3.403274,0.846239,-3.361731,0.856080,0.018924,-0.002046,0.019034,-0.041543,-0.009841,0.042693,1.000000,-0.000007,10.01,1
751,1.989,-3.342807,0.854034,-3.342807,0.854034,-3.361732,0.854640,,,,0.018925,-0.000606,0.018935,1.000000,-0.000007,0.00,0
752,1.991,-3.342807,0.854034,-3.342807,0.854034,-3.361732,0.853200,,,,0.018925,0.000834,0.018944,1.000000,-0.000007,0.00,0
753,1.992,-3.342807,0.854034,-3.342807,0.854034,-3.361733,0.851760,,,,0.018926,0.002274,0.019062,1.000000,-0.000007,0.00,0
754,1.994,-3.342807,0.854034,-3.342807,0.854034,-3.361733,0.850320,,,,0.018926,0.003714,0.019287,1.000000,-0.000007,0.00,0
755,1.995,-3.342807,0.854034,-3.342807,0.854034,-3.361733,0.848880,,,,0.018926,0.005154,0.019616,1.000000,-0.000007,0.00,0
756,1.996,-3.342807,0.854034,-3.342807,0.854034,-3.361733,0.847440,,,,0.018927,0.006594,0.020042,1.000000,-0.000007,0.00,0
757,1.997,-3.342807,0.854034,-3.342807,0.854034,-3.361734,0.846000,,,,0.018927,0.008034,0.020561,1.000000,-0.000007,0.00,0
758,1.998,-3.342807,0.854034,-3.342807,0.854034,-3.361734,0.844560,,,,0.018927,0.009474,0.021166,1.000000,-0.000007,0.00,0
759,1.999,-3.342807,0.854034,-3.342807,0.854034,-3.361734,0.843120,,,,0.018927,0.010914,0.021848,1.000000,-0.000007,0.00,0
760,2.000,-3.342807,0.854034,-3.342807,0.854034,-3.361734,0.841680,,,,0.018927,0.012354,0.022602,1.000000,-0.000007,0.00,0
761,2.001,-3.342807,0.854034,-3.342807,0.854034,-3.361734,0.840240,,,,0.018927,0.013794,0.023420,1.000000,-0.000007,0.00,0
762,2.002,-3.342807,0.854034,-3.342807,0.854034,-3.361734,0.838800,,,,0.018927,0.015234,0.024296,1.000000,-0.000007,0.00,0
763,2.004,-3.342807,0.854034,-3.342807,0.854034,-3.361734,0.837360,,,,0.018927,0.016674,0.025224,1.000000,-0.000007,0.00,0
764,2.005,-3.342807,0.854034,-3.342807,0.854034,-3.361734,0.835920,,,,0.018927,0.018114,0.026198,1.000000,-0.000007,0.00,0
765,2.016,-3.369722,0.841928,-3.452175,0.825765,-3.361734,0.834480,-0.007987,0.007447,0.010921,-0.090441,-0.008716,0.090860,1.000000,-0.000007,10.51,1
766,2.019,-3.369722,0.841928,-3.369722,0.841928,-3.361734,0.833040,,,,-0.007987,0.008887,0.011949,1.000000,-0.000007,0.00,0
767,2.021,-3.369722,0.841928,-3.369722,0.841928,-3.361734,0.831600,,,,-0.007987,0.010327,0.013056,1.000000,-0.000007,0.00,0
768,2.022,-3.369722,0.841928,-3.369722,0.841928,-3.361734,0.830160,,,,-0.007987,0.011767,0.014222,1.000000,-0.000007,0.00,0
769,2.023,-3.369722,0.841928,-3.369722,0.841928,-3.361734,0.828720,,,,-0.007987,0.013207,0.015435,1.000000,-0.000007,0.00,0
770,2.025,-3.369722,0.841928,-3.369722,0.841928,-3.361734,0.827280,,,,-0.007987,0.014647,0.016684,1.000000,-0.000007,0.00,0
771,2.026,-3.369722,0.841928,-3.369722,0.841928,-3.361734,0.825840,,,,-0.007987,0.016087,0.017961,1.000000,-0.000007,0.00,0
772,2.027,-3.369722,0.841928,-3.369722,0.841928,-3.361734,0.824400,,,,-0.007987,0.017527,0.019262,1.000000,-0.000007,0.00,0
773,2.028,-3.369722,0.841928,-3.369722,0.841928,-3.361734,0.822960,,,,-0.007987,0.018967,0.020581,1.000000,-0.000007,0.00,0
774,2.029,-3.369722,0.841928,-3.369722,0.841928,-3.361734,0.821520,,,,-0.007987,0.020407,0.021915,1.000000,-0.000007,0.00,0
775,2.030,-3.369722,0.841928,-3.369722,0.841928,-3.361734,0.820080,,,,-0.007987,0.021847,0.023262,1.000000,-0.000007,0.00,0
776,2.031,-3.369722,0.841928,-3.369722,0.841928,-3.361734,0.818640,,,,-0.007987,0.023287,0.024619,1.000000,-0.000007,0.00,0
777,2.032,-3.369722,0.841928,-3.369722,0.841928,-3.361734,0.817200,,,,-0.007987,0.024727,0.025985,1.000000,-0.000007,0.00,0
778,2.034,-3.369722,0.841928,-3.369722,0.841928,-3.361734,0.815760,,,,-0.007987,0.026167,0.027359,1.000000,-0.000007,0.00,0
779,2.035,-3.369722,0.841928,-3.369722,0.841928,-3.361734,0.814320,,,,-0.007987,0.027607,0.028740,1.000000,-0.000007,0.00,0
780,2.048,-3.415693,0.815867,-3.391630,0.775597,-3.361734,0.812880,-0.053959,0.002987,0.054041,-0.029895,-0.037283,0.047789,1.000000,-0.000007,10.51,1
781,2.049,-3.415693,0.815867,-3.415693,0.815867,-3.360511,0.811440,,,,-0.055182,0.004427,0.055359,1.000000,-0.000007,0.00,0
782,2.051,-3.415693,0.815867,-3.415693,0.815867,-3.359214,0.810000,,,,-0.056479,0.005867,0.056783,1.000000,-0.000007,0.00,0
783,2.052,-3.415693,0.815867,-3.415693,0.815867,-3.357908,0.808560,,,,-0.057786,0.007307,0.058246,1.000000,-0.000007,0.00,0
784,2.052,-3.415693,0.815867,-3.415693,0.815867,-3.356601,0.807120,,,,-0.059092,0.008747,0.059736,1.000000,-0.000007,0.00,0
785,2.055,-3.415693,0.815867,-3.415693,0.815867,-3.355296,0.805680,,,,-0.060397,0.010187,0.061250,1.000000,-0.000007,0.00,0
786,2.057,-3.415693,0.815867,-3.415693,0.815867,-3.353993,0.804240,,,,-0.061700,0.011627,0.062786,1.000000,-0.000007,0.00,0
787,2.058,-3.415693,0.815867,-3.415693,0.815867,-3.352692,0.802800,,,,-0.063001,0.013067,0.064342,1.000000,-0.000007,0.00,0
788,2.059,-3.415693,0.815867,-3.415693,0.815867,-3.351392,0.801360,,,,-0.064301,0.014507,0.065917,1.000000,-0.000007,0.00,0
789,2.060,-3.415693,0.815867,-3.415693,0.815867,-3.350092,0.799920,,,,-0.065601,0.015947,0.067511,1.000000,-0.000007,0.00,0
790,2.061,-3.415693,0.815867,-3.415693,0.815867,-3.348794,0.798480,,,,-0.066899,0.017387,0.069122,1.000000,-0.000007,0.00,0
791,2.062,-3.415693,0.815867,-3.415693,0.815867,-3.347496,0.797040,,,,-0.068197,0.018827,0.070748,1.000000,-0.000007,0.00,0
792,2.064,-3.415693,0.815867,-3.415693,0.815867,-3.346198,0.795600,,,,-0.069495,0.020267,0.072390,1.000000,-0.000007,0.00,0
793,2.065,-3.415693,0.815867,-3.415693,0.815867,-3.344901,0.794160,,,,-0.070792,0.021707,0.074045,1.000000,-0.000007,0.00,0
794,2.067,-3.415693,0.815867,-3.415693,0.815867,-3.343604,0.792720,,,,-0.072089,0.023147,0.075714,1.000000,-0.000007,0.00,0
795,2.078,-3.406298,0.779968,-3.375090,0.738540,-3.342308,0.791280,-0.063991,-0.011313,0.064983,-0.032782,-0.052740,0.062098,1.000000,-0.000007,10.01,1
796,2.080,-3.406298,0.779968,-3.406298,0.779968,-3.341111,0.789840,,,,-0.065188,-0.009873,0.065931,1.000000,-0.000007,0.00,0
797,2.082,-3.406298,0.779968,-3.406298,0.779968,-3.339920,0.788400,,,,-0.066379,-0.008433,0.066912,1.000000,-0.000007,0.00,0
798,2.083,-3.406298,0.779968,-3.406298,0.779968,-3.338729,0.786960,,,,-0.067569,-0.006993,0.067930,1.000000,-0.000007,0.00,0
799,2.084,-3.406298,0.779968,-3.406298,0.779968,-3.337539,0.785520,,,,-0.068759,-0.005553,0.068983,1.000000,-0.000007,0.00,0
800,2.085,-3.406298,0.779968,-3.406298,0.779968,-3.336349,0.784080,,,,-0.069949,-0.004113,0.070070,1.000000,-0.000007,0.00,0
801,2.087,-3.406298,0.779968,-3.406298,0.779968,-3.335159,0.782640,,,,-0.071139,-0.002673,0.071189,1.000000,-0.000007,0.00,0
802,2.088,-3.406298,0.779968,-3.406298,0.779968,-3.333969,0.781200,,,,-0.072329,-0.001233,0.072340,1.000000,-0.000007,0.00,0
803,2.089,-3.406298,0.779968,-3.406298,0.779968,-3.332779,0.779760,,,,-0.073520,0.000207,0.073520,1.000000,-0.000007,0.00,0
804,2.089,-3.406298,0.779968,-3.406298,0.779968,-3.331588,0.778320,,,,-0.074710,0.001647,0.074728,1.000000,-0.000007,0.00,0
805,2.091,-3.406298,0.779968,-3.406298,0.779968,-3.330398,0.776880,,,,-0.075900,0.003087,0.075963,1.000000,-0.000007,0.00,0
806,2.092,-3.406298,0.779968,-3.406298,0.779968,-3.329208,0.775440,,,,-0.077091,0.004527,0.077224,1.000000,-0.000007,0.00,0
807,2.092,-3.406298,0.779968,-3.406298,0.779968,-3.328017,0.774000,,,,-0.078281,0.005967,0.078508,1.000000,-0.000007,0.00,0
808,2.095,-3.406298,0.779968,-3.406298,0.779968,-3.326827,0.772560,,,,-0.079472,0.007407,0.079816,1.000000,-0.000007,0.00,0
809,2.096,-3.406298,0.779968,-3.406298,0.779968,-3.325636,0.771120,,,,-0.080662,0.008847,0.081146,1.000000,-0.000007,0.00,0
810,2.107,-3.356269,0.737080,-3.302086,0.697103,-3.324446,0.769680,-0.031823,-0.032600,0.045557,0.022360,-0.072577,0.075944,1.000000,-0.000007,10.51,1
811,2.110,-3.356269,0.737080,-3.356269,0.737080,-3.324379,0.768240,,,,-0.031890,-0.031160,0.044586,1.000000,-0.000007,0.00,0
812,2.112,-3.356269,0.737080,-3.356269,0.737080,-3.324380,0.766800,,,,-0.031888,-0.029720,0.043591,1.000000,-0.000007,0.00,0
813,2.112,-3.356269,0.737080,-3.356269,0.737080,-3.324390,0.765360,,,,-0.031878,-0.028280,0.042614,1.000000,-0.000007,0.00,0
814,2.117,-3.356269,0.737080,-3.356269,0.737080,-3.324400,0.763920,,,,-0.031868,-0.026840,0.041665,1.000000,-0.000007,0.00,0
815,2.118,-3.356269,0.737080,-3.356269,0.737080,-3.324409,0.762480,,,,-0.031860,-0.025400,0.040746,1.000000,-0.000007,0.00,0
816,2.119,-3.356269,0.737080,-3.356269,0.737080,-3.324415,0.761040,,,,-0.031854,-0.023960,0.039859,1.000000,-0.000007,0.00,0
817,2.119,-3.356269,0.737080,-3.356269,0.737080,-3.324420,0.759600,,,,-0.031848,-0.022520,0.039006,1.000000,-0.000007,0.00,0
818,2.121,-3.356269,0.737080,-3.356269,0.737080,-3.324424,0.758160,,,,-0.031844,-0.021080,0.038189,1.000000,-0.000007,0.00,0
819,2.122,-3.356269,0.737080,-3.356269,0.737080,-3.324428,0.756720,,,,-0.031841,-0.019640,0.037411,1.000000,-0.000007,0.00,0
820,2.123,-3.356269,0.737080,-3.356269,0.737080,-3.324430,0.755280,,,,-0.031838,-0.018200,0.036673,1.000000,-0.000007,0.00,0
821,2.124,-3.356269,0.737080,-3.356269,0.737080,-3.324432,0.753840,,,,-0.031836,-0.016760,0.035978,1.000000,-0.000007,0.00,0
822,2.125,-3.356269,0.737080,-3.356269,0.737080,-3.324434,0.752400,,,,-0.031835,-0.015320,0.035329,1.000000,-0.000007,0.00,0
823,2.126,-3.356269,0.737080,-3.356269,0.737080,-3.324435,0.750960,,,,-0.031833,-0.013880,0.034728,1.000000,-0.000007,0.00,0
824,2.129,-3.356269,0.737080,-3.356269,0.737080,-3.324436,0.749520,,,,-0.031832,-0.012440,0.034177,1.000000,-0.000007,0.00,0
825,2.141,-3.342650,0.734771,-3.350775,0.768669,-3.324437,0.748080,-0.018213,-0.013309,0.022558,-0.026338,0.020589,0.033430,1.000000,-0.000007,10.52,1
826,2.142,-3.342650,0.734771,-3.342650,0.734771,-3.324438,0.746640,,,,-0.018212,-0.011869,0.021739,1.000000,-0.000007,0.00,0
827,2.143,-3.342650,0.734771,-3.342650,0.734771,-3.324438,0.745200,,,,-0.018212,-0.010429,0.020987,1.000000,-0.000007,0.00,0
828,2.145,-3.342650,0.734771,-3.342650,0.734771,-3.324439,0.743760,,,,-0.018212,-0.008989,0.020309,1.000000,-0.000007,0.00,0
829,2.147,-3.342650,0.734771,-3.342650,0.734771,-3.324439,0.742320,,,,-0.018211,-0.007549,0.019714,1.000000,-0.000007,0.00,0
830,2.149,-3.342650,0.734771,-3.342650,0.734771,-3.324439,0.740880,,,,-0.018211,-0.006109,0.019208,1.000000,-0.000007,0.00,0
831,2.149,-3.342650,0.734771,-3.342650,0.734771,-3.324439,0.739440,,,,-0.018211,-0.004669,0.018800,1.000000,-0.000007,0.00,0
832,2.150,-3.342650,0.734771,-3.342650,0.734771,-3.324440,0.738000,,,,-0.018211,-0.003229,0.018495,1.000000,-0.000007,0.00,0
833,2.152,-3.342650,0.734771,-3.342650,0.734771,-3.324440,0.736560,,,,-0.018210,-0.001789,0.018298,1.000000,-0.000007,0.00,0
834,2.153,-3.342650,0.734771,-3.342650,0.734771,-3.324440,0.735120,,,,-0.018210,-0.000349,0.018214,1.000000,-0.000007,0.00,0
835,2.154,-3.342650,0.734771,-3.342650,0.734771,-3.324440,0.733680,,,,-0.018210,0.001091,0.018243,1.000000,-0.000007,0.00,0
836,2.155,-3.342650,0.734771,-3.342650,0.734771,-3.324440,0.732240,,,,-0.018210,0.002531,0.018385,1.000000,-0.000007,0.00,0
837,2.157,-3.342650,0.734771,-3.342650,0.734771,-3.324440,0.730800,,,,-0.018210,0.003971,0.018638,1.000000,-0.000007,0.00,0
838,2.158,-3.342650,0.734771,-3.342650,0.734771,-3.324440,0.729360,,,,-0.018210,0.005411,0.018997,1.000000,-0.000007,0.00,0
839,2.159,-3.342650,0.734771,-3.342650,0.734771,-3.324440,0.727920,,,,-0.018210,0.006851,0.019456,1.000000,-0.000007,0.00,0
840,2.171,-3.331354,0.729600,-3.341201,0.723028,-3.324440,0.726480,-0.006914,0.003120,0.007585,-0.016761,-0.003452,0.017113,1.000000,-0.000007,10.01,1
841,2.173,-3.331354,0.729600,-3.331354,0.729600,-3.324440,0.725040,,,,-0.006914,0.004560,0.008282,1.000000,-0.000007,0.00,0
842,2.174,-3.331354,0.729600,-3.331354,0.729600,-3.324440,0.723600,,,,-0.006914,0.006000,0.009154,1.000000,-0.000007,0.00,0
843,2.176,-3.331354,0.729600,-3.331354,0.729600,-3.324440,0.722160,,,,-0.006914,0.007440,0.010157,1.000000,-0.000007,0.00,0
844,2.177,-3.331354,0.729600,-3.331354,0.729600,-3.324440,0.720720,,,,-0.006914,0.008880,0.011254,1.000000,-0.000007,0.00,0
845,2.178,-3.331354,0.729600,-3.331354,0.729600,-3.324440,0.719280,,,,-0.006914,0.010320,0.012422,1.000000,-0.000007,0.00,0
846,2.179,-3.331354,0.729600,-3.331354,0.729600,-3.324440,0.717840,,,,-0.006914,0.011760,0.013642,1.000000,-0.000007,0.00,0
847,2.181,-3.331354,0.729600,-3.331354,0.729600,-3.324440,0.716400,,,,-0.006914,0.013200,0.014901,1.000000,-0.000007,0.00,0
848,2.182,-3.331354,0.729600,-3.331354,0.729600,-3.324440,0.714960,,,,-0.006914,0.014640,0.016191,1.000000,-0.000007,0.00,0
849,2.183,-3.331354,0.729600,-3.331354,0.729600,-3.324440,0.713520,,,,-0.006914,0.016080,0.017503,1.000000,-0.000007,0.00,0
850,2.184,-3.331354,0.729600,-3.331354,0.729600,-3.324440,0.712080,,,,-0.006914,0.017520,0.018835,1.000000,-0.000007,0.00,0
851,2.185,-3.331354,0.729600,-3.331354,0.729600,-3.324440,0.710640,,,,-0.006914,0.018960,0.020181,1.000000,-0.000007,0.00,0
852,2.186,-3.331354,0.729600,-3.331354,0.729600,-3.324440,0.709200,,,,-0.006914,0.020400,0.021540,1.000000,-0.000007,0.00,0
853,2.187,-3.331354,0.729600,-3.331354,0.729600,-3.324440,0.707760,,,,-0.006914,0.021840,0.022908,1.000000,-0.000007,0.00,0
854,2.189,-3.331354,0.729600,-3.331354,0.729600,-3.324440,0.706320,,,,-0.006914,0.023280,0.024285,1.000000,-0.000007,0.00,0
855,2.202,-3.336268,0.727158,-3.316829,0.689778,-3.324440,0.704880,-0.011828,0.022278,0.025224,0.007611,-0.015102,0.016912,1.000000,-0.000007,11.01,1
856,2.203,-3.336268,0.727158,-3.336268,0.727158,-3.324440,0.703440,,,,-0.011828,0.023718,0.026504,1.000000,-0.000007,0.00,0
857,2.204,-3.336268,0.727158,-3.336268,0.727158,-3.324440,0.702000,,,,-0.011828,0.025158,0.027800,1.000000,-0.000007,0.00,0
858,2.205,-3.336268,0.727158,-3.336268,0.727158,-3.324440,0.700560,,,,-0.011828,0.026598,0.029110,1.000000,-0.000007,0.00,0
859,2.206,-3.336268,0.727158,-3.336268,0.727158,-3.324440,0.699120,,,,-0.011828,0.028038,0.030431,1.000000,-0.000007,0.00,0
860,2.208,-3.336268,0.727158,-3.336268,0.727158,-3.324440,0.697680,,,,-0.011828,0.029478,0.031763,1.000000,-0.000007,0.00,0
861,2.210,-3.336268,0.727158,-3.336268,0.727158,-3.324440,0.696240,,,,-0.011828,0.030918,0.033104,1.000000,-0.000007,0.00,0
862,2.212,-3.336268,0.727158,-3.336268,0.727158,-3.324440,0.694800,,,,-0.011828,0.032358,0.034453,1.000000,-0.000007,0.00,0
863,2.213,-3.336268,0.727158,-3.336268,0.727158,-3.324440,0.693360,,,,-0.011828,0.033798,0.035808,1.000000,-0.000007,0.00,0
864,2.214,-3.336268,0.727158,-3.336268,0.727158,-3.324440,0.691920,,,,-0.011828,0.035238,0.037171,1.000000,-0.000007,0.00,0
865,2.215,-3.336268,0.727158,-3.336268,0.727158,-3.324440,0.690480,,,,-0.011828,0.036678,0.038538,1.000000,-0.000007,0.00,0
866,2.217,-3.336268,0.727158,-3.336268,0.727158,-3.324440,0.689040,,,,-0.011828,0.038118,0.039911,1.000000,-0.000007,0.00,0
867,2.218,-3.336268,0.727158,-3.336268,0.727158,-3.324440,0.687600,,,,-0.011828,0.039558,0.041289,1.000000,-0.000007,0.00,0
868,2.219,-3.336268,0.727158,-3.336268,0.727158,-3.324440,0.686160,,,,-0.011828,0.040998,0.042671,1.000000,-0.000007,0.00,0
869,2.220,-3.336268,0.727158,-3.336268,0.727158,-3.324440,0.684720,,,,-0.011828,0.042438,0.044056,1.000000,-0.000007,0.00,0
870,2.232,-3.311784,0.670744,-3.277322,0.599426,-3.324440,0.683280,0.012656,-0.012536,0.017814,0.047118,-0.083854,0.096185,1.000000,-0.000007,10.51,1
871,2.234,-3.311784,0.670744,-3.311784,0.670744,-3.324440,0.681840,,,,0.012656,-0.011096,0.016831,1.000000,-0.000007,0.00,0
872,2.235,-3.311784,0.670744,-3.311784,0.670744,-3.324440,0.680400,,,,0.012656,-0.009656,0.015919,1.000000,-0.000007,0.00,0
873,2.236,-3.311784,0.670744,-3.311784,0.670744,-3.324440,0.678960,,,,0.012656,-0.008216,0.015089,1.000000,-0.000007,0.00,0
874,2.238,-3.311784,0.670744,-3.311784,0.670744,-3.324440,0.677520,,,,0.012656,-0.006776,0.014356,1.000000,-0.000007,0.00,0
875,2.239,-3.311784,0.670744,-3.311784,0.670744,-3.324440,0.676080,,,,0.012656,-0.005336,0.013735,1.000000,-0.000007,0.00,0
876,2.240,-3.311784,0.670744,-3.311784,0.670744,-3.324440,0.674640,,,,0.012656,-0.003896,0.013242,1.000000,-0.000007,0.00,0
877,2.241,-3.311784,0.670744,-3.311784,0.670744,-3.324440,0.673200,,,,0.012656,-0.002456,0.012892,1.000000,-0.000007,0.00,0
878,2.242,-3.311784,0.670744,-3.311784,0.670744,-3.324440,0.671760,,,,0.012656,-0.001016,0.012697,1.000000,-0.000007,0.00,0
879,2.244,-3.311784,0.670744,-3.311784,0.670744,-3.324440,0.670320,,,,0.012656,0.000424,0.012663,1.000000,-0.000007,0.00,0
880,2.245,-3.311784,0.670744,-3.311784,0.670744,-3.324440,0.668880,,,,0.012656,0.001864,0.012793,1.000000,-0.000007,0.00,0
881,2.246,-3.311784,0.670744,-3.311784,0.670744,-3.324440,0.667440,,,,0.012656,0.003304,0.013080,1.000000,-0.000007,0.00,0
882,2.247,-3.311784,0.670744,-3.311784,0.670744,-3.324440,0.666000,,,,0.012656,0.004744,0.013516,1.000000,-0.000007,0.00,0
883,2.249,-3.311784,0.670744,-3.311784,0.670744,-3.324440,0.664560,,,,0.012656,0.006184,0.014086,1.000000,-0.000007,0.00,0
884,2.250,-3.311784,0.670744,-3.311784,0.670744,-3.324440,0.663120,,,,0.012656,0.007624,0.014775,1.000000,-0.000007,0.00,0
885,2.263,-3.260954,0.629084,-3.188711,0.598049,-3.324440,0.661680,0.063486,-0.032596,0.071365,0.135729,-0.063631,0.149905,1.000000,-0.000007,11.01,1
886,2.264,-3.260954,0.629084,-3.260954,0.629084,-3.324440,0.660240,,,,0.063486,-0.031156,0.070719,1.000000,-0.000007,0.00,0
887,2.265,-3.260954,0.629084,-3.260954,0.629084,-3.324440,0.658800,,,,0.063486,-0.029716,0.070097,1.000000,-0.000007,0.00,0
888,2.266,-3.260954,0.629084,-3.260954,0.629084,-3.324440,0.657360,,,,0.063486,-0.028276,0.069498,1.000000,-0.000007,0.00,0
889,2.268,-3.260954,0.629084,-3.260954,0.629084,-3.324440,0.655920,,,,0.063486,-0.026836,0.068925,1.000000,-0.000007,0.00,0
890,2.268,-3.260954,0.629084,-3.260954,0.629084,-3.324440,0.654480,,,,0.063486,-0.025396,0.068377,1.000000,-0.000007,0.00,0
891,2.271,-3.260954,0.629084,-3.260954,0.629084,-3.324440,0.653040,,,,0.063486,-0.023956,0.067856,1.000000,-0.000007,0.00,0
892,2.272,-3.260954,0.629084,-3.260954,0.629084,-3.324440,0.651600,,,,0.063486,-0.022516,0.067361,1.000000,-0.000007,0.00,0
893,2.273,-3.260954,0.629084,-3.260954,0.629084,-3.324440,0.650160,,,,0.063486,-0.021076,0.066893,1.000000,-0.000007,0.00,0
894,2.274,-3.260954,0.629084,-3.260954,0.629084,-3.324440,0.648720,,,,0.063486,-0.019636,0.066453,1.000000,-0.000007,0.00,0
895,2.276,-3.260954,0.629084,-3.260954,0.629084,-3.324440,0.647280,,,,0.063486,-0.018196,0.066042,1.000000,-0.000007,0.00,0
896,2.277,-3.260954,0.629084,-3.260954,0.629084,-3.324440,0.645840,,,,0.063486,-0.016756,0.065660,1.000000,-0.000007,0.00,0
897,2.278,-3.260954,0.629084,-3.260954,0.629084,-3.324440,0.644400,,,,0.063486,-0.015316,0.065307,1.000000,-0.000007,0.00,0
898,2.280,-3.260954,0.629084,-3.260954,0.629084,-3.324440,0.642960,,,,0.063486,-0.013876,0.064985,1.000000,-0.000007,0.00,0
899,2.281,-3.260954,0.629084,-3.260954,0.629084,-3.324440,0.641520,,,,0.063486,-0.012436,0.064693,1.000000,-0.000007,0.00,0
900,2.292,-3.277475,0.625562,-3.366392,0.679211,-3.324440,0.640080,0.046965,-0.014518,0.049158,-0.041952,0.039131,0.057369,1.000000,-0.000007,9.51,1
901,2.295,-3.277475,0.625562,-3.277475,0.625562,-3.324440,0.638640,,,,0.046965,-0.013078,0.048752,1.000000,-0.000007,0.00,0
902,2.296,-3.277475,0.625562,-3.277475,0.625562,-3.324440,0.637200,,,,0.046965,-0.011638,0.048385,1.000000,-0.000007,0.00,0
903,2.297,-3.277475,0.625562,-3.277475,0.625562,-3.324440,0.635760,,,,0.046965,-0.010198,0.048059,1.000000,-0.000007,0.00,0
904,2.298,-3.277475,0.625562,-3.277475,0.625562,-3.324440,0.634320,,,,0.046965,-0.008758,0.047775,1.000000,-0.000007,0.00,0
905,2.300,-3.277475,0.625562,-3.277475,0.625562,-3.324440,0.632880,,,,0.046965,-0.007318,0.047532,1.000000,-0.000007,0.00,0
906,2.301,-3.277475,0.625562,-3.277475,0.625562,-3.324440,0.631440,,,,0.046965,-0.005878,0.047331,1.000000,-0.000007,0.00,0
907,2.302,-3.277475,0.625562,-3.277475,0.625562,-3.324440,0.630000,,,,0.046965,-0.004438,0.047174,1.000000,-0.000007,0.00,0
908,2.303,-3.277475,0.625562,-3.277475,0.625562,-3.324440,0.628560,,,,0.046965,-0.002998,0.047061,1.000000,-0.000007,0.00,0
909,2.304,-3.277475,0.625562,-3.277475,0.625562,-3.324440,0.627120,,,,0.046965,-0.001558,0.046991,1.000000,-0.000007,0.00,0
910,2.306,-3.277475,0.625562,-3.277475,0.625562,-3.324440,0.625680,,,,0.046965,-0.000118,0.046965,1.000000,-0.000007,0.00,0
911,2.307,-3.277475,0.625562,-3.277475,0.625562,-3.324440,0.624240,,,,0.046965,0.001322,0.046984,1.000000,-0.000007,0.00,0
912,2.308,-3.277475,0.625562,-3.277475,0.625562,-3.324440,0.622800,,,,0.046965,0.002762,0.047046,1.000000,-0.000007,0.00,0
913,2.310,-3.277475,0.625562,-3.277475,0.625562,-3.324440,0.621360,,,,0.046965,0.004202,0.047152,1.000000,-0.000007,0.00,0
914,2.311,-3.277475,0.625562,-3.277475,0.625562,-3.324440,0.619920,,,,0.046965,0.005642,0.047303,1.000000,-0.000007,0.00,0
915,2.324,-3.308156,0.629815,-3.369365,0.612185,-3.324440,0.618480,0.016284,0.011335,0.019840,-0.044925,-0.006295,0.045364,1.000000,-0.000007,11.02,1
916,2.325,-3.308156,0.629815,-3.308156,0.629815,-3.324440,0.617040,,,,0.016284,0.012775,0.020697,1.000000,-0.000007,0.00,0
917,2.326,-3.308156,0.629815,-3.308156,0.629815,-3.324440,0.615600,,,,0.016284,0.014215,0.021615,1.000000,-0.000007,0.00,0
918,2.328,-3.308156,0.629815,-3.308156,0.629815,-3.324440,0.614160,,,,0.016284,0.015655,0.022588,1.000000,-0.000007,0.00,0
919,2.330,-3.308156,0.629815,-3.308156,0.629815,-3.324440,0.612720,,,,0.016284,0.017095,0.023609,1.000000,-0.000007,0.00,0
920,2.332,-3.308156,0.629815,-3.308156,0.629815,-3.324440,0.611280,,,,0.016284,0.018535,0.024672,1.000000,-0.000007,0.00,0
921,2.332,-3.308156,0.629815,-3.308156,0.629815,-3.324440,0.609840,,,,0.016284,0.019975,0.025771,1.000000,-0.000007,0.00,0
922,2.334,-3.308156,0.629815,-3.308156,0.629815,-3.324440,0.608400,,,,0.016284,0.021415,0.026903,1.000000,-0.000007,0.00,0
923,2.335,-3.308156,0.629815,-3.308156,0.629815,-3.324440,0.606960,,,,0.016284,0.022855,0.028063,1.000000,-0.000007,0.00,0
924,2.336,-3.308156,0.629815,-3.308156,0.629815,-3.324440,0.605520,,,,0.016284,0.024295,0.029247,1.000000,-0.000007,0.00,0
925,2.337,-3.308156,0.629815,-3.308156,0.629815,-3.324440,0.604080,,,,0.016284,0.025735,0.030454,1.000000,-0.000007,0.00,0
926,2.339,-3.308156,0.629815,-3.308156,0.629815,-3.324440,0.602640,,,,0.016284,0.027175,0.031680,1.000000,-0.000007,0.00,0
927,2.340,-3.308156,0.629815,-3.308156,0.629815,-3.324440,0.601200,,,,0.016284,0.028615,0.032924,1.000000,-0.000007,0.00,0
928,2.341,-3.308156,0.629815,-3.308156,0.629815,-3.324440,0.599760,,,,0.016284,0.030055,0.034183,1.000000,-0.000007,0.00,0
929,2.342,-3.308156,0.629815,-3.308156,0.629815,-3.324440,0.598320,,,,0.016284,0.031495,0.035455,1.000000,-0.000007,0.00,0
930,2.355,-3.339140,0.624676,-3.281662,0.582631,-3.324440,0.596880,-0.014700,0.027796,0.031443,0.042777,-0.014249,0.045088,1.000000,-0.000007,11.03,1
931,2.357,-3.339140,0.624676,-3.339140,0.624676,-3.324440,0.595440,,,,-0.014700,0.029236,0.032723,1.000000,-0.000007,0.00,0
932,2.359,-3.339140,0.624676,-3.339140,0.624676,-3.324440,0.594000,,,,-0.014700,0.030676,0.034016,1.000000,-0.000006,0.00,0
933,2.360,-3.339140,0.624676,-3.339140,0.624676,-3.324440,0.592560,,,,-0.014700,0.032116,0.035320,1.000000,-0.000006,0.00,0
934,2.361,-3.339140,0.624676,-3.339140,0.624676,-3.324440,0.591120,,,,-0.014700,0.033556,0.036634,1.000000,-0.000006,0.00,0
935,2.362,-3.339140,0.624676,-3.339140,0.624676,-3.324440,0.589680,,,,-0.014700,0.034996,0.037958,1.000000,-0.000006,0.00,0
936,2.364,-3.339140,0.624676,-3.339140,0.624676,-3.324440,0.588240,,,,-0.014700,0.036436,0.039289,1.000000,-0.000006,0.00,0
937,2.365,-3.339140,0.624676,-3.339140,0.624676,-3.324440,0.586800,,,,-0.014700,0.037876,0.040628,1.000000,-0.000006,0.00,0
938,2.366,-3.339140,0.624676,-3.339140,0.624676,-3.324440,0.585360,,,,-0.014700,0.039316,0.041974,1.000000,-0.000006,0.00,0
939,2.367,-3.339140,0.624676,-3.339140,0.624676,-3.324440,0.583920,,,,-0.014700,0.040756,0.043326,1.000000,-0.000006,0.00,0
940,2.369,-3.339140,0.624676,-3.339140,0.624676,-3.324440,0.582480,,,,-0.014700,0.042196,0.044683,1.000000,-0.000006,0.00,0
941,2.369,-3.339140,0.624676,-3.339140,0.624676,-3.324440,0.581040,,,,-0.014700,0.043636,0.046045,1.000000,-0.000006,0.00,0
942,2.370,-3.339140,0.624676,-3.339140,0.624676,-3.324440,0.579600,,,,-0.014700,0.045076,0.047412,1.000000,-0.000006,0.00,0
943,2.371,-3.339140,0.624676,-3.339140,0.624676,-3.324440,0.578160,,,,-0.014700,0.046516,0.048783,1.000000,-0.000006,0.00,0
944,2.372,-3.339140,0.624676,-3.339140,0.624676,-3.324440,0.576720,,,,-0.014700,0.047956,0.050158,1.000000,-0.000006,0.00,0
945,2.386,-3.304222,0.568454,-3.261638,0.510546,-3.324440,0.575280,0.020218,-0.006826,0.021339,0.062802,-0.064734,0.090192,1.000000,-0.000006,11.01,1
946,2.387,-3.304222,0.568454,-3.304222,0.568454,-3.324440,0.573840,,,,0.020218,-0.005386,0.020923,1.000000,-0.000006,0.00,0
947,2.388,-3.304222,0.568454,-3.304222,0.568454,-3.324440,0.572400,,,,0.020218,-0.003946,0.020600,1.000000,-0.000006,0.00,0
948,2.389,-3.304222,0.568454,-3.304222,0.568454,-3.324440,0.570960,,,,0.020218,-0.002506,0.020373,1.000000,-0.000006,0.00,0
949,2.390,-3.304222,0.568454,-3.304222,0.568454,-3.324440,0.569520,,,,0.020218,-0.001066,0.020246,1.000000,-0.000006,0.00,0
950,2.391,-3.304222,0.568454,-3.304222,0.568454,-3.324440,0.568080,,,,0.020218,0.000374,0.020221,1.000000,-0.000006,0.00,0
951,2.394,-3.304222,0.568454,-3.304222,0.568454,-3.324440,0.566640,,,,0.020218,0.001814,0.020299,1.000000,-0.000006,0.00,0
952,2.395,-3.304222,0.568454,-3.304222,0.568454,-3.324440,0.565200,,,,0.020218,0.003254,0.020478,1.000000,-0.000006,0.00,0
953,2.397,-3.304222,0.568454,-3.304222,0.568454,-3.324440,0.563760,,,,0.020218,0.004694,0.020756,1.000000,-0.000006,0.00,0
954,2.398,-3.304222,0.568454,-3.304222,0.568454,-3.324440,0.562320,,,,0.020218,0.006134,0.021128,1.000000,-0.000006,0.00,0
955,2.399,-3.304222,0.568454,-3.304222,0.568454,-3.324440,0.560880,,,,0.020218,0.007574,0.021590,1.000000,-0.000006,0.00,0
956,2.399,-3.304222,0.568454,-3.304222,0.568454,-3.324440,0.559440,,,,0.020218,0.009014,0.022136,1.000000,-0.000006,0.00,0
957,2.401,-3.304222,0.568454,-3.304222,0.568454,-3.324440,0.558000,,,,0.020218,0.010454,0.022761,1.000000,-0.000006,0.00,0
958,2.402,-3.304222,0.568454,-3.304222,0.568454,-3.324440,0.556560,,,,0.020218,0.011894,0.023457,1.000000,-0.000006,0.00,0
959,2.404,-3.304222,0.568454,-3.304222,0.568454,-3.324440,0.555120,,,,0.020218,0.013334,0.024219,1.000000,-0.000006,0.00,0
960,2.415,-3.285370,0.516140,-3.312809,0.455242,-3.324440,0.553680,0.039070,-0.037541,0.054183,0.011631,-0.098438,0.099123,1.000000,-0.000006,10.01,1
961,2.418,-3.285370,0.516140,-3.285370,0.516140,-3.324440,0.552240,,,,0.039070,-0.036101,0.053195,1.000000,-0.000006,0.00,0
962,2.421,-3.285370,0.516140,-3.285370,0.516140,-3.324440,0.550800,,,,0.039070,-0.034661,0.052229,1.000000,-0.000006,0.00,0
963,2.422,-3.285370,0.516140,-3.285370,0.516140,-3.324440,0.549360,,,,0.039070,-0.033221,0.051284,1.000000,-0.000006,0.00,0
964,2.424,-3.285370,0.516140,-3.285370,0.516140,-3.324440,0.547920,,,,0.039070,-0.031781,0.050363,1.000000,-0.000006,0.00,0
965,2.425,-3.285370,0.516140,-3.285370,0.516140,-3.324440,0.546480,,,,0.039070,-0.030341,0.049467,1.000000,-0.000006,0.00,0
966,2.426,-3.285370,0.516140,-3.285370,0.516140,-3.324440,0.545040,,,,0.039070,-0.028901,0.048597,1.000000,-0.000006,0.00,0
967,2.427,-3.285370,0.516140,-3.285370,0.516140,-3.324440,0.543600,,,,0.039070,-0.027461,0.047755,1.000000,-0.000006,0.00,0
968,2.428,-3.285370,0.516140,-3.285370,0.516140,-3.324440,0.542160,,,,0.039070,-0.026021,0.046942,1.000000,-0.000006,0.00,0
969,2.429,-3.285370,0.516140,-3.285370,0.516140,-3.324440,0.540720,,,,0.039070,-0.024581,0.046159,1.000000,-0.000006,0.00,0
970,2.430,-3.285370,0.516140,-3.285370,0.516140,-3.324440,0.539280,,,,0.039070,-0.023141,0.045409,1.000000,-0.000006,0.00,0
971,2.431,-3.285370,0.516140,-3.285370,0.516140,-3.324440,0.537840,,,,0.039070,-0.021701,0.044692,1.000000,-0.000006,0.00,0
972,2.432,-3.285370,0.516140,-3.285370,0.516140,-3.324440,0.536400,,,,0.039070,-0.020261,0.044011,1.000000,-0.000006,0.00,0
973,2.434,-3.285370,0.516140,-3.285370,0.516140,-3.324440,0.534960,,,,0.039070,-0.018821,0.043367,1.000000,-0.000006,0.00,0
974,2.435,-3.285370,0.516140,-3.285370,0.516140,-3.324440,0.533520,,,,0.039070,-0.017381,0.042762,1.000000,-0.000006,0.00,0
975,2.448,-3.322506,0.485234,-3.393070,0.489913,-3.324440,0.532080,0.001934,-0.046847,0.046887,-0.068630,-0.042167,0.080549,1.000000,-0.000006,11.01,1
976,2.449,-3.322506,0.485234,-3.322506,0.485234,-3.324440,0.530640,,,,0.001934,-0.045407,0.045448,1.000000,-0.000006,0.00,0
977,2.450,-3.322506,0.485234,-3.322506,0.485234,-3.324440,0.529200,,,,0.001934,-0.043967,0.044009,1.000000,-0.000006,0.00,0
978,2.451,-3.322506,0.485234,-3.322506,0.485234,-3.324440,0.527760,,,,0.001934,-0.042527,0.042571,1.000000,-0.000006,0.00,0
979,2.454,-3.322506,0.485234,-3.322506,0.485234,-3.324440,0.526320,,,,0.001934,-0.041087,0.041132,1.000000,-0.000006,0.00,0
980,2.455,-3.322506,0.485234,-3.322506,0.485234,-3.324440,0.524880,,,,0.001934,-0.039647,0.039694,1.000000,-0.000006,0.00,0
981,2.456,-3.322506,0.485234,-3.322506,0.485234,-3.324440,0.523440,,,,0.001934,-0.038207,0.038256,1.000000,-0.000006,0.00,0
982,2.458,-3.322506,0.485234,-3.322506,0.485234,-3.324440,0.522000,,,,0.001934,-0.036767,0.036818,1.000000,-0.000006,0.00,0
983,2.459,-3.322506,0.485234,-3.322506,0.485234,-3.324440,0.520560,,,,0.001934,-0.035327,0.035380,1.000000,-0.000006,0.00,0
984,2.459,-3.322506,0.485234,-3.322506,0.485234,-3.324440,0.519120,,,,0.001934,-0.033887,0.033942,1.000000,-0.000006,0.00,0
985,2.461,-3.322506,0.485234,-3.322506,0.485234,-3.324440,0.517680,,,,0.001934,-0.032447,0.032504,1.000000,-0.000006,0.00,0
986,2.462,-3.322506,0.485234,-3.322506,0.485234,-3.324440,0.516240,,,,0.001934,-0.031007,0.031067,1.000000,-0.000006,0.00,0
987,2.462,-3.322506,0.485234,-3.322506,0.485234,-3.324440,0.514800,,,,0.001934,-0.029567,0.029630,1.000000,-0.000006,0.00,0
988,2.465,-3.322506,0.485234,-3.322506,0.485234,-3.324440,0.513360,,,,0.001934,-0.028127,0.028193,1.000000,-0.000006,0.00,0
989,2.466,-3.322506,0.485234,-3.322506,0.485234,-3.324440,0.511920,,,,0.001934,-0.026687,0.026757,1.000000,-0.000006,0.00,0
990,2.478,-3.370402,0.481132,-3.405328,0.498241,-3.324440,0.510480,-0.045962,-0.029348,0.054533,-0.080888,-0.012239,0.081808,1.000000,-0.000006,11.01,1
991,2.480,-3.370402,0.481132,-3.370402,0.481132,-3.323695,0.509040,,,,-0.046707,-0.027908,0.054410,1.000000,-0.000006,0.00,0
992,2.481,-3.370402,0.481132,-3.370402,0.481132,-3.322906,0.507600,,,,-0.047496,-0.026468,0.054373,1.000000,-0.000006,0.00,0
993,2.483,-3.370402,0.481132,-3.370402,0.481132,-3.322111,0.506160,,,,-0.048291,-0.025028,0.054392,1.000000,-0.000006,0.00,0
994,2.485,-3.370402,0.481132,-3.370402,0.481132,-3.321316,0.504720,,,,-0.049086,-0.023588,0.054460,1.000000,-0.000006,0.00,0
995,2.486,-3.370402,0.481132,-3.370402,0.481132,-3.320522,0.503280,,,,-0.049880,-0.022148,0.054576,1.000000,-0.000006,0.00,0
996,2.487,-3.370402,0.481132,-3.370402,0.481132,-3.319729,0.501840,,,,-0.050673,-0.020708,0.054741,1.000000,-0.000006,0.00,0
997,2.488,-3.370402,0.481132,-3.370402,0.481132,-3.318937,0.500400,,,,-0.051465,-0.019268,0.054954,1.000000,-0.000007,0.00,0
998,2.489,-3.370402,0.481132,-3.370402,0.481132,-3.318146,0.498960,,,,-0.052256,-0.017828,0.055214,1.000000,-0.000007,0.00,0
999,2.490,-3.370402,0.481132,-3.370402,0.481132,-3.317355,0.497520,,,,-0.053047,-0.016388,0.055521,1.000000,-0.000007,0.00,0
1000,2.491,-3.370402,0.481132,-3.370402,0.481132,-3.316565,0.496080,,,,-0.053837,-0.014948,0.055874,1.000000,-0.000007,0.00,0
1001,2.492,-3.370402,0.481132,-3.370402,0.481132,-3.315775,0.494640,,,,-0.054627,-0.013508,0.056272,1.000000,-0.000007,0.00,0
1002,2.493,-3.370402,0.481132,-3.370402,0.481132,-3.314986,0.493200,,,,-0.055417,-0.012068,0.056715,1.000000,-0.000007,0.00,0
1003,2.495,-3.370402,0.481132,-3.370402,0.481132,-3.314196,0.491760,,,,-0.056206,-0.010628,0.057202,1.000000,-0.000007,0.00,0
1004,2.496,-3.370402,0.481132,-3.370402,0.481132,-3.313407,0.490320,,,,-0.056995,-0.009188,0.057731,1.000000,-0.000007,0.00,0
1005,2.510,-3.374015,0.480546,-3.323647,0.453485,-3.312618,0.488880,-0.061397,-0.008334,0.061960,-0.011029,-0.035396,0.037074,1.000000,-0.000007,11.01,1
1006,2.512,-3.374015,0.480546,-3.374015,0.480546,-3.311791,0.487440,,,,-0.062224,-0.006894,0.062605,1.000000,-0.000007,0.00,0
1007,2.513,-3.374015,0.480546,-3.374015,0.480546,-3.310962,0.486000,,,,-0.063053,-0.005454,0.063289,1.000000,-0.000007,0.00,0
1008,2.514,-3.374015,0.480546,-3.374015,0.480546,-3.310132,0.484560,,,,-0.063883,-0.004014,0.064009,1.000000,-0.000007,0.00,0
1009,2.516,-3.374015,0.480546,-3.374015,0.480546,-3.309303,0.483120,,,,-0.064712,-0.002574,0.064764,1.000000,-0.000007,0.00,0
1010,2.518,-3.374015,0.480546,-3.374015,0.480546,-3.308473,0.481680,,,,-0.065542,-0.001134,0.065552,1.000000,-0.000007,0.00,0
1011,2.519,-3.374015,0.480546,-3.374015,0.480546,-3.307644,0.480240,,,,-0.066371,0.000306,0.066372,1.000000,-0.000007,0.00,0
1012,2.520,-3.374015,0.480546,-3.374015,0.480546,-3.306815,0.478800,,,,-0.067200,0.001746,0.067223,1.000000,-0.000007,0.00,0
1013,2.521,-3.374015,0.480546,-3.374015,0.480546,-3.305985,0.477360,,,,-0.068030,0.003186,0.068104,1.000000,-0.000007,0.00,0
1014,2.522,-3.374015,0.480546,-3.374015,0.480546,-3.305156,0.475920,,,,-0.068859,0.004626,0.069014,1.000000,-0.000007,0.00,0
1015,2.523,-3.374015,0.480546,-3.374015,0.480546,-3.304327,0.474480,,,,-0.069688,0.006066,0.069951,1.000000,-0.000007,0.00,0
1016,2.524,-3.374015,0.480546,-3.374015,0.480546,-3.303498,0.473040,,,,-0.070517,0.007506,0.070915,1.000000,-0.000007,0.00,0
1017,2.525,-3.374015,0.480546,-3.374015,0.480546,-3.302669,0.471600,,,,-0.071346,0.008946,0.071905,1.000000,-0.000007,0.00,0
1018,2.527,-3.374015,0.480546,-3.374015,0.480546,-3.301840,0.470160,,,,-0.072175,0.010386,0.072918,1.000000,-0.000007,0.00,0
1019,2.528,-3.374015,0.480546,-3.374015,0.480546,-3.301011,0.468720,,,,-0.073004,0.011826,0.073956,1.000000,-0.000007,0.00,0
1020,2.541,-3.339307,0.446811,-3.288945,0.388709,-3.300182,0.467280,-0.039125,-0.020469,0.044155,0.011237,-0.078572,0.079371,1.000000,-0.000007,10.52,1
1021,2.544,-3.339307,0.446811,-3.339307,0.446811,-3.300136,0.465840,,,,-0.039171,-0.019029,0.043548,1.000000,-0.000007,0.00,0
1022,2.546,-3.339307,0.446811,-3.339307,0.446811,-3.300136,0.464400,,,,-0.039170,-0.017589,0.042938,1.000000,-0.000007,0.00,0
1023,2.547,-3.339307,0.446811,-3.339307,0.446811,-3.300143,0.462960,,,,-0.039163,-0.016149,0.042362,1.000000,-0.000007,0.00,0
1024,2.547,-3.339307,0.446811,-3.339307,0.446811,-3.300150,0.461520,,,,-0.039156,-0.014709,0.041828,1.000000,-0.000007,0.00,0
1025,2.549,-3.339307,0.446811,-3.339307,0.446811,-3.300156,0.460080,,,,-0.039151,-0.013269,0.041338,1.000000,-0.000007,0.00,0
1026,2.551,-3.339307,0.446811,-3.339307,0.446811,-3.300161,0.458640,,,,-0.039146,-0.011829,0.040894,1.000000,-0.000007,0.00,0
1027,2.552,-3.339307,0.446811,-3.339307,0.446811,-3.300164,0.457200,,,,-0.039142,-0.010389,0.040498,1.000000,-0.000007,0.00,0
1028,2.553,-3.339307,0.446811,-3.339307,0.446811,-3.300167,0.455760,,,,-0.039140,-0.008949,0.040150,1.000000,-0.000007,0.00,0
1029,2.554,-3.339307,0.446811,-3.339307,0.446811,-3.300169,0.454320,,,,-0.039137,-0.007509,0.039851,1.000000,-0.000007,0.00,0
1030,2.555,-3.339307,0.446811,-3.339307,0.446811,-3.300171,0.452880,,,,-0.039135,-0.006069,0.039603,1.000000,-0.000007,0.00,0
1031,2.556,-3.339307,0.446811,-3.339307,0.446811,-3.300173,0.451440,,,,-0.039134,-0.004629,0.039407,1.000000,-0.000007,0.00,0
1032,2.557,-3.339307,0.446811,-3.339307,0.446811,-3.300174,0.450000,,,,-0.039133,-0.003189,0.039263,1.000000,-0.000007,0.00,0
1033,2.559,-3.339307,0.446811,-3.339307,0.446811,-3.300175,0.448560,,,,-0.039132,-0.001749,0.039171,1.000000,-0.000007,0.00,0
1034,2.560,-3.339307,0.446811,-3.339307,0.446811,-3.300175,0.447120,,,,-0.039131,-0.000309,0.039133,1.000000,-0.000007,0.00,0
1035,2.573,-3.290279,0.389295,-3.258245,0.325691,-3.300176,0.445680,0.009897,-0.056385,0.057247,0.041931,-0.119989,0.127105,1.000000,-0.000007,11.51,1
1036,2.575,-3.290279,0.389295,-3.290279,0.389295,-3.300176,0.444240,,,,0.009898,-0.054945,0.055830,1.000000,-0.000007,0.00,0
1037,2.576,-3.290279,0.389295,-3.290279,0.389295,-3.300177,0.442800,,,,0.009898,-0.053505,0.054413,1.000000,-0.000007,0.00,0
1038,2.577,-3.290279,0.389295,-3.290279,0.389295,-3.300177,0.441360,,,,0.009898,-0.052065,0.052998,1.000000,-0.000007,0.00,0
1039,2.578,-3.290279,0.389295,-3.290279,0.389295,-3.300177,0.439920,,,,0.009898,-0.050625,0.051584,1.000000,-0.000007,0.00,0
1040,2.581,-3.290279,0.389295,-3.290279,0.389295,-3.300177,0.438480,,,,0.009899,-0.049185,0.050171,1.000000,-0.000007,0.00,0
1041,2.581,-3.290279,0.389295,-3.290279,0.389295,-3.300177,0.437040,,,,0.009899,-0.047745,0.048761,1.000000,-0.000007,0.00,0
1042,2.583,-3.290279,0.389295,-3.290279,0.389295,-3.300178,0.435600,,,,0.009899,-0.046305,0.047352,1.000000,-0.000007,0.00,0
1043,2.584,-3.290279,0.389295,-3.290279,0.389295,-3.300178,0.434160,,,,0.009899,-0.044865,0.045944,1.000000,-0.000007,0.00,0
1044,2.585,-3.290279,0.389295,-3.290279,0.389295,-3.300178,0.432720,,,,0.009899,-0.043425,0.044539,1.000000,-0.000007,0.00,0
1045,2.586,-3.290279,0.389295,-3.290279,0.389295,-3.300178,0.431280,,,,0.009899,-0.041985,0.043136,1.000000,-0.000007,0.00,0
1046,2.587,-3.290279,0.389295,-3.290279,0.389295,-3.300178,0.429840,,,,0.009899,-0.040545,0.041736,1.000000,-0.000007,0.00,0
1047,2.588,-3.290279,0.389295,-3.290279,0.389295,-3.300178,0.428400,,,,0.009899,-0.039105,0.040339,1.000000,-0.000007,0.00,0
1048,2.590,-3.290279,0.389295,-3.290279,0.389295,-3.300178,0.426960,,,,0.009899,-0.037665,0.038944,1.000000,-0.000007,0.00,0
1049,2.591,-3.290279,0.389295,-3.290279,0.389295,-3.300178,0.425520,,,,0.009899,-0.036225,0.037553,1.000000,-0.000007,0.00,0
1050,2.603,-3.270116,0.385930,-3.263159,0.443389,-3.300178,0.424080,0.030062,-0.038150,0.048571,0.037019,0.019309,0.041752,1.000000,-0.000007,11.51,1
1051,2.605,-3.270116,0.385930,-3.270116,0.385930,-3.300178,0.422640,,,,0.030062,-0.036710,0.047449,1.000000,-0.000007,0.00,0
1052,2.606,-3.270116,0.385930,-3.270116,0.385930,-3.300178,0.421200,,,,0.030062,-0.035270,0.046343,1.000000,-0.000007,0.00,0
1053,2.607,-3.270116,0.385930,-3.270116,0.385930,-3.300178,0.419760,,,,0.030062,-0.033830,0.045257,1.000000,-0.000007,0.00,0
1054,2.609,-3.270116,0.385930,-3.270116,0.385930,-3.300178,0.418320,,,,0.030062,-0.032390,0.044191,1.000000,-0.000007,0.00,0
1055,2.610,-3.270116,0.385930,-3.270116,0.385930,-3.300178,0.416880,,,,0.030062,-0.030950,0.043147,1.000000,-0.000007,0.00,0
1056,2.612,-3.270116,0.385930,-3.270116,0.385930,-3.300178,0.415440,,,,0.030062,-0.029510,0.042126,1.000000,-0.000007,0.00,0
1057,2.612,-3.270116,0.385930,-3.270116,0.385930,-3.300178,0.414000,,,,0.030062,-0.028070,0.041130,1.000000,-0.000007,0.00,0
1058,2.614,-3.270116,0.385930,-3.270116,0.385930,-3.300178,0.412560,,,,0.030062,-0.026630,0.040161,1.000000,-0.000007,0.00,0
1059,2.615,-3.270116,0.385930,-3.270116,0.385930,-3.300178,0.411120,,,,0.030062,-0.025190,0.039221,1.000000,-0.000007,0.00,0
1060,2.617,-3.270116,0.385930,-3.270116,0.385930,-3.300178,0.409680,,,,0.030062,-0.023750,0.038312,1.000000,-0.000007,0.00,0
1061,2.618,-3.270116,0.385930,-3.270116,0.385930,-3.300178,0.408240,,,,0.030062,-0.022310,0.037436,1.000000,-0.000007,0.00,0
1062,2.619,-3.270116,0.385930,-3.270116,0.385930,-3.300178,0.406800,,,,0.030062,-0.020870,0.036596,1.000000,-0.000007,0.00,0
1063,2.620,-3.270116,0.385930,-3.270116,0.385930,-3.300178,0.405360,,,,0.030062,-0.019430,0.035795,1.000000,-0.000007,0.00,0
1064,2.621,-3.270116,0.385930,-3.270116,0.385930,-3.300178,0.403920,,,,0.030062,-0.017990,0.035034,1.000000,-0.000007,0.00,0
1065,2.634,-3.267189,0.397814,-3.280164,0.424363,-3.300178,0.402480,0.032989,-0.004666,0.033317,0.020014,0.021883,0.029655,1.000000,-0.000007,11.01,1
1066,2.635,-3.267189,0.397814,-3.267189,0.397814,-3.300178,0.401040,,,,0.032989,-0.003226,0.033146,1.000000,-0.000007,0.00,0
1067,2.636,-3.267189,0.397814,-3.267189,0.397814,-3.300178,0.399600,,,,0.032989,-0.001786,0.033037,1.000000,-0.000007,0.00,0
1068,2.638,-3.267189,0.397814,-3.267189,0.397814,-3.300178,0.398160,,,,0.032989,-0.000346,0.032991,1.000000,-0.000007,0.00,0
1069,2.639,-3.267189,0.397814,-3.267189,0.397814,-3.300178,0.396720,,,,0.032989,0.001094,0.033007,1.000000,-0.000007,0.00,0
1070,2.640,-3.267189,0.397814,-3.267189,0.397814,-3.300178,0.395280,,,,0.032989,0.002534,0.033086,1.000000,-0.000007,0.00,0
1071,2.642,-3.267189,0.397814,-3.267189,0.397814,-3.300178,0.393840,,,,0.032989,0.003974,0.033228,1.000000,-0.000007,0.00,0
1072,2.643,-3.267189,0.397814,-3.267189,0.397814,-3.300178,0.392400,,,,0.032989,0.005414,0.033430,1.000000,-0.000007,0.00,0
1073,2.644,-3.267189,0.397814,-3.267189,0.397814,-3.300178,0.390960,,,,0.032989,0.006854,0.033694,1.000000,-0.000007,0.00,0
1074,2.645,-3.267189,0.397814,-3.267189,0.397814,-3.300178,0.389520,,,,0.032989,0.008294,0.034016,1.000000,-0.000007,0.00,0
1075,2.646,-3.267189,0.397814,-3.267189,0.397814,-3.300178,0.388080,,,,0.032989,0.009734,0.034395,1.000000,-0.000007,0.00,0
1076,2.647,-3.267189,0.397814,-3.267189,0.397814,-3.300178,0.386640,,,,0.032989,0.011174,0.034830,1.000000,-0.000007,0.00,0
1077,2.649,-3.267189,0.397814,-3.267189,0.397814,-3.300178,0.385200,,,,0.032989,0.012614,0.035319,1.000000,-0.000007,0.00,0
1078,2.650,-3.267189,0.397814,-3.267189,0.397814,-3.300178,0.383760,,,,0.032989,0.014054,0.035858,1.000000,-0.000007,0.00,0
1079,2.651,-3.267189,0.397814,-3.267189,0.397814,-3.300178,0.382320,,,,0.032989,0.015494,0.036447,1.000000,-0.000007,0.00,0
1080,2.663,-3.279697,0.417463,-3.295769,0.384637,-3.300178,0.380880,0.020481,0.036583,0.041926,0.004409,0.003757,0.005793,1.000000,-0.000007,11.01,1
1081,2.666,-3.279697,0.417463,-3.279697,0.417463,-3.300178,0.379440,,,,0.020481,0.038023,0.043188,1.000000,-0.000007,0.00,0
1082,2.667,-3.279697,0.417463,-3.279697,0.417463,-3.300178,0.378000,,,,0.020481,0.039463,0.044461,1.000000,-0.000007,0.00,0
1083,2.668,-3.279697,0.417463,-3.279697,0.417463,-3.300178,0.376560,,,,0.020481,0.040903,0.045744,1.000000,-0.000007,0.00,0
1084,2.670,-3.279697,0.417463,-3.279697,0.417463,-3.300178,0.375120,,,,0.020481,0.042343,0.047036,1.000000,-0.000007,0.00,0
1085,2.671,-3.279697,0.417463,-3.279697,0.417463,-3.300178,0.373680,,,,0.020481,0.043783,0.048337,1.000000,-0.000007,0.00,0
1086,2.672,-3.279697,0.417463,-3.279697,0.417463,-3.300178,0.372240,,,,0.020481,0.045223,0.049645,1.000000,-0.000007,0.00,0
1087,2.673,-3.279697,0.417463,-3.279697,0.417463,-3.300178,0.370800,,,,0.020481,0.046663,0.050960,1.000000,-0.000007,0.00,0
1088,2.674,-3.279697,0.417463,-3.279697,0.417463,-3.300178,0.369360,,,,0.020481,0.048103,0.052282,1.000000,-0.000007,0.00,0
1089,2.675,-3.279697,0.417463,-3.279697,0.417463,-3.300178,0.367920,,,,0.020481,0.049543,0.053610,1.000000,-0.000007,0.00,0
1090,2.676,-3.279697,0.417463,-3.279697,0.417463,-3.300178,0.366480,,,,0.020481,0.050983,0.054943,1.000000,-0.000007,0.00,0
1091,2.678,-3.279697,0.417463,-3.279697,0.417463,-3.300178,0.365040,,,,0.020481,0.052423,0.056282,1.000000,-0.000007,0.00,0
1092,2.678,-3.279697,0.417463,-3.279697,0.417463,-3.300178,0.363600,,,,0.020481,0.053863,0.057626,1.000000,-0.000007,0.00,0
1093,2.680,-3.279697,0.417463,-3.279697,0.417463,-3.300178,0.362160,,,,0.020481,0.055303,0.058974,1.000000,-0.000007,0.00,0
1094,2.682,-3.279697,0.417463,-3.279697,0.417463,-3.300178,0.360720,,,,0.020481,0.056743,0.060326,1.000000,-0.000007,0.00,0
1095,2.694,-3.278644,0.378508,-3.259998,0.326524,-3.300178,0.359280,0.021534,0.019228,0.028870,0.040180,-0.032755,0.051840,1.000000,-0.000007,11.01,1
1096,2.695,-3.278644,0.378508,-3.278644,0.378508,-3.300178,0.357840,,,,0.021534,0.020668,0.029848,1.000000,-0.000007,0.00,0
1097,2.696,-3.278644,0.378508,-3.278644,0.378508,-3.300178,0.356400,,,,0.021534,0.022108,0.030863,1.000000,-0.000007,0.00,0
1098,2.698,-3.278644,0.378508,-3.278644,0.378508,-3.300178,0.354960,,,,0.021534,0.023548,0.031910,1.000000,-0.000007,0.00,0
1099,2.698,-3.278644,0.378508,-3.278644,0.378508,-3.300178,0.353520,,,,0.021534,0.024988,0.032987,1.000000,-0.000007,0.00,0
1100,2.700,-3.278644,0.378508,-3.278644,0.378508,-3.300178,0.352080,,,,0.021534,0.026428,0.034091,1.000000,-0.000007,0.00,0
1101,2.702,-3.278644,0.378508,-3.278644,0.378508,-3.300178,0.350640,,,,0.021534,0.027868,0.035219,1.000000,-0.000007,0.00,0
1102,2.703,-3.278644,0.378508,-3.278644,0.378508,-3.300178,0.349200,,,,0.021534,0.029308,0.036369,1.000000,-0.000007,0.00,0
1103,2.704,-3.278644,0.378508,-3.278644,0.378508,-3.300178,0.347760,,,,0.021534,0.030748,0.037539,1.000000,-0.000007,0.00,0
1104,2.705,-3.278644,0.378508,-3.278644,0.378508,-3.300178,0.346320,,,,0.021534,0.032188,0.038728,1.000000,-0.000007,0.00,0
1105,2.706,-3.278644,0.378508,-3.278644,0.378508,-3.300178,0.344880,,,,0.021534,0.033628,0.039932,1.000000,-0.000007,0.00,0
1106,2.708,-3.278644,0.378508,-3.278644,0.378508,-3.300178,0.343440,,,,0.021534,0.035068,0.041152,1.000000,-0.000007,0.00,0
1107,2.708,-3.278644,0.378508,-3.278644,0.378508,-3.300178,0.342000,,,,0.021534,0.036508,0.042386,1.000000,-0.000007,0.00,0
1108,2.710,-3.278644,0.378508,-3.278644,0.378508,-3.300178,0.340560,,,,0.021534,0.037948,0.043633,1.000000,-0.000006,0.00,0
1109,2.712,-3.278644,0.378508,-3.278644,0.378508,-3.300178,0.339120,,,,0.021534,0.039388,0.044891,1.000000,-0.000006,0.00,0
1110,2.723,-3.256112,0.341658,-3.212569,0.313814,-3.300178,0.337680,0.044066,0.003979,0.044245,0.087609,-0.023866,0.090802,1.000000,-0.000006,10.01,1
1111,2.726,-3.256112,0.341658,-3.256112,0.341658,-3.300178,0.336240,,,,0.044066,0.005419,0.044398,1.000000,-0.000006,0.00,0
1112,2.732,-3.256112,0.341658,-3.256112,0.341658,-3.300178,0.334800,,,,0.044066,0.006859,0.044597,1.000000,-0.000006,0.00,0
1113,2.733,-3.256112,0.341658,-3.256112,0.341658,-3.300178,0.333360,,,,0.044066,0.008299,0.044841,1.000000,-0.000006,0.00,0
1114,2.734,-3.256112,0.341658,-3.256112,0.341658,-3.300178,0.331920,,,,0.044066,0.009739,0.045129,1.000000,-0.000006,0.00,0
1115,2.735,-3.256112,0.341658,-3.256112,0.341658,-3.300178,0.330480,,,,0.044066,0.011179,0.045462,1.000000,-0.000006,0.00,0
1116,2.736,-3.256112,0.341658,-3.256112,0.341658,-3.300178,0.329040,,,,0.044066,0.012619,0.045837,1.000000,-0.000006,0.00,0
1117,2.738,-3.256112,0.341658,-3.256112,0.341658,-3.300178,0.327600,,,,0.044066,0.014059,0.046254,1.000000,-0.000006,0.00,0
1118,2.739,-3.256112,0.341658,-3.256112,0.341658,-3.300178,0.326160,,,,0.044066,0.015499,0.046712,1.000000,-0.000006,0.00,0
1119,2.740,-3.256112,0.341658,-3.256112,0.341658,-3.300178,0.324720,,,,0.044066,0.016939,0.047210,1.000000,-0.000006,0.00,0
1120,2.742,-3.256112,0.341658,-3.256112,0.341658,-3.300178,0.323280,,,,0.044066,0.018379,0.047745,1.000000,-0.000006,0.00,0
1121,2.745,-3.256112,0.341658,-3.256112,0.341658,-3.300178,0.321840,,,,0.044066,0.019819,0.048318,1.000000,-0.000006,0.00,0
1122,2.746,-3.256112,0.341658,-3.256112,0.341658,-3.300178,0.320400,,,,0.044066,0.021259,0.048926,1.000000,-0.000006,0.00,0
1123,2.747,-3.256112,0.341658,-3.256112,0.341658,-3.300178,0.318960,,,,0.044066,0.022699,0.049569,1.000000,-0.000006,0.00,0
1124,2.748,-3.256112,0.341658,-3.256112,0.341658,-3.300178,0.317520,,,,0.044066,0.024139,0.050244,1.000000,-0.000006,0.00,0
1125,2.760,-3.261853,0.337817,-3.312994,0.373113,-3.300178,0.316080,0.038325,0.021737,0.044060,-0.012816,0.057033,0.058455,1.000000,-0.000006,11.01,1
1126,2.761,-3.261853,0.337817,-3.261853,0.337817,-3.300178,0.314640,,,,0.038325,0.023177,0.044788,1.000000,-0.000006,0.00,0
1127,2.764,-3.261853,0.337817,-3.261853,0.337817,-3.300178,0.313200,,,,0.038325,0.024617,0.045550,1.000000,-0.000006,0.00,0
1128,2.765,-3.261853,0.337817,-3.261853,0.337817,-3.300178,0.311760,,,,0.038325,0.026057,0.046344,1.000000,-0.000006,0.00,0
1129,2.766,-3.261853,0.337817,-3.261853,0.337817,-3.300178,0.310320,,,,0.038325,0.027497,0.047168,1.000000,-0.000006,0.00,0
1130,2.767,-3.261853,0.337817,-3.261853,0.337817,-3.300178,0.308880,,,,0.038325,0.028937,0.048022,1.000000,-0.000006,0.00,0
1131,2.768,-3.261853,0.337817,-3.261853,0.337817,-3.300178,0.307440,,,,0.038325,0.030377,0.048903,1.000000,-0.000006,0.00,0
1132,2.769,-3.261853,0.337817,-3.261853,0.337817,-3.300178,0.306000,,,,0.038325,0.031817,0.049811,1.000000,-0.000006,0.00,0
1133,2.770,-3.261853,0.337817,-3.261853,0.337817,-3.300178,0.304560,,,,0.038325,0.033257,0.050743,1.000000,-0.000006,0.00,0
1134,2.771,-3.261853,0.337817,-3.261853,0.337817,-3.300178,0.303120,,,,0.038325,0.034697,0.051698,1.000000,-0.000006,0.00,0
1135,2.772,-3.261853,0.337817,-3.261853,0.337817,-3.300178,0.301680,,,,0.038325,0.036137,0.052675,1.000000,-0.000006,0.00,0
1136,2.774,-3.261853,0.337817,-3.261853,0.337817,-3.300178,0.300240,,,,0.038325,0.037577,0.053673,1.000000,-0.000006,0.00,0
1137,2.775,-3.261853,0.337817,-3.261853,0.337817,-3.300178,0.298800,,,,0.038325,0.039017,0.054691,1.000000,-0.000006,0.00,0
1138,2.777,-3.261853,0.337817,-3.261853,0.337817,-3.300178,0.297360,,,,0.038325,0.040457,0.055727,1.000000,-0.000006,0.00,0
1139,2.778,-3.261853,0.337817,-3.261853,0.337817,-3.300178,0.295920,,,,0.038325,0.041897,0.056781,1.000000,-0.000006,0.00,0
1140,2.789,-3.289573,0.340139,-3.343157,0.333492,-3.300178,0.294480,0.010605,0.045660,0.046875,-0.042979,0.039012,0.058044,1.000000,-0.000006,10.01,1
1141,2.792,-3.289573,0.340139,-3.289573,0.340139,-3.300178,0.293040,,,,0.010605,0.047100,0.048279,1.000000,-0.000006,0.00,0
1142,2.794,-3.289573,0.340139,-3.289573,0.340139,-3.300178,0.291600,,,,0.010605,0.048540,0.049684,1.000000,-0.000006,0.00,0
1143,2.795,-3.289573,0.340139,-3.289573,0.340139,-3.300178,0.290160,,,,0.010605,0.049980,0.051092,1.000000,-0.000006,0.00,0
1144,2.796,-3.289573,0.340139,-3.289573,0.340139,-3.300178,0.288720,,,,0.010605,0.051419,0.052502,1.000000,-0.000006,0.00,0
1145,2.797,-3.289573,0.340139,-3.289573,0.340139,-3.300178,0.287280,,,,0.010605,0.052859,0.053913,1.000000,-0.000006,0.00,0
1146,2.799,-3.289573,0.340139,-3.289573,0.340139,-3.300178,0.285840,,,,0.010605,0.054299,0.055325,1.000000,-0.000006,0.00,0
1147,2.800,-3.289573,0.340139,-3.289573,0.340139,-3.300178,0.284400,,,,0.010605,0.055739,0.056739,1.000000,-0.000006,0.00,0
1148,2.801,-3.289573,0.340139,-3.289573,0.340139,-3.300178,0.282960,,,,0.010605,0.057179,0.058155,1.000000,-0.000006,0.00,0
1149,2.802,-3.289573,0.340139,-3.289573,0.340139,-3.300178,0.281520,,,,0.010605,0.058619,0.059571,1.000000,-0.000006,0.00,0
1150,2.804,-3.289573,0.340139,-3.289573,0.340139,-3.300178,0.280080,,,,0.010605,0.060059,0.060988,1.000000,-0.000006,0.00,0
1151,2.805,-3.289573,0.340139,-3.289573,0.340139,-3.300178,0.278640,,,,0.010605,0.061499,0.062407,1.000000,-0.000006,0.00,0
1152,2.807,-3.289573,0.340139,-3.289573,0.340139,-3.300178,0.277200,,,,0.010605,0.062939,0.063827,1.000000,-0.000006,0.00,0
1153,2.808,-3.289573,0.340139,-3.289573,0.340139,-3.300178,0.275760,,,,0.010605,0.064379,0.065247,1.000000,-0.000006,0.00,0
1154,2.810,-3.289573,0.340139,-3.289573,0.340139,-3.300178,0.274320,,,,0.010605,0.065819,0.066668,1.000000,-0.000006,0.00,0
1155,2.822,-3.315954,0.348797,-3.291711,0.339786,-3.300178,0.272880,-0.015776,0.075917,0.077539,0.008467,0.066906,0.067439,1.000000,-0.000006,11.04,1
1156,2.822,-3.315954,0.348797,-3.315954,0.348797,-3.300178,0.271440,,,,-0.015776,0.077357,0.078949,1.000000,-0.000006,0.00,0
1157,2.824,-3.315954,0.348797,-3.315954,0.348797,-3.300178,0.270000,,,,-0.015776,0.078797,0.080360,1.000000,-0.000006,0.00,0
1158,2.825,-3.315954,0.348797,-3.315954,0.348797,-3.300178,0.268560,,,,-0.015776,0.080237,0.081773,1.000000,-0.000006,0.00,0
1159,2.826,-3.315954,0.348797,-3.315954,0.348797,-3.300178,0.267120,,,,-0.015776,0.081677,0.083186,1.000000,-0.000006,0.00,0
1160,2.828,-3.315954,0.348797,-3.315954,0.348797,-3.300178,0.265680,,,,-0.015776,0.083117,0.084601,1.000000,-0.000006,0.00,0
1161,2.829,-3.315954,0.348797,-3.315954,0.348797,-3.300178,0.264240,,,,-0.015776,0.084557,0.086016,1.000000,-0.000006,0.00,0
1162,2.830,-3.315954,0.348797,-3.315954,0.348797,-3.300178,0.262800,,,,-0.015776,0.085997,0.087432,1.000000,-0.000006,0.00,0
1163,2.831,-3.315954,0.348797,-3.315954,0.348797,-3.300178,0.261360,,,,-0.015776,0.087437,0.088849,1.000000,-0.000006,0.00,0
1164,2.832,-3.315954,0.348797,-3.315954,0.348797,-3.300178,0.259920,,,,-0.015776,0.088877,0.090266,1.000000,-0.000006,0.00,0
1165,2.834,-3.315954,0.348797,-3.315954,0.348797,-3.300178,0.258480,,,,-0.015776,0.090317,0.091684,1.000000,-0.000006,0.00,0
1166,2.835,-3.315954,0.348797,-3.315954,0.348797,-3.300178,0.257040,,,,-0.015776,0.091757,0.093103,1.000000,-0.000006,0.00,0
1167,2.836,-3.315954,0.348797,-3.315954,0.348797,-3.300178,0.255600,,,,-0.015776,0.093197,0.094522,1.000000,-0.000006,0.00,0
1168,2.837,-3.315954,0.348797,-3.315954,0.348797,-3.300178,0.254160,,,,-0.015776,0.094637,0.095943,1.000000,-0.000006,0.00,0
1169,2.838,-3.315954,0.348797,-3.315954,0.348797,-3.300178,0.252720,,,,-0.015776,0.096077,0.097363,1.000000,-0.000006,0.00,0
1170,2.850,-3.284973,0.308165,-3.220050,0.251218,-3.300178,0.251280,0.015205,0.056885,0.058882,0.080128,-0.000062,0.080128,1.000000,-0.000006,11.01,1
1171,2.852,-3.284973,0.308165,-3.284973,0.308165,-3.300178,0.249840,,,,0.015205,0.058325,0.060275,1.000000,-0.000006,0.00,0
1172,2.855,-3.284973,0.308165,-3.284973,0.308165,-3.300178,0.248400,,,,0.015205,0.059765,0.061669,1.000000,-0.000006,0.00,0
1173,2.856,-3.284973,0.308165,-3.284973,0.308165,-3.300178,0.246960,,,,0.015205,0.061205,0.063066,1.000000,-0.000006,0.00,0
1174,2.857,-3.284973,0.308165,-3.284973,0.308165,-3.300178,0.245520,,,,0.015205,0.062645,0.064464,1.000000,-0.000006,0.00,0
1175,2.858,-3.284973,0.308165,-3.284973,0.308165,-3.300178,0.244080,,,,0.015205,0.064085,0.065864,1.000000,-0.000006,0.00,0
1176,2.859,-3.284973,0.308165,-3.284973,0.308165,-3.300178,0.242640,,,,0.015205,0.065525,0.067266,1.000000,-0.000006,0.00,0
1177,2.860,-3.284973,0.308165,-3.284973,0.308165,-3.300178,0.241200,,,,0.015205,0.066965,0.068670,1.000000,-0.000006,0.00,0
1178,2.862,-3.284973,0.308165,-3.284973,0.308165,-3.300178,0.239760,,,,0.015205,0.068405,0.070075,1.000000,-0.000006,0.00,0
1179,2.862,-3.284973,0.308165,-3.284973,0.308165,-3.300178,0.238320,,,,0.015205,0.069845,0.071481,1.000000,-0.000006,0.00,0
1180,2.864,-3.284973,0.308165,-3.284973,0.308165,-3.300178,0.236880,,,,0.015205,0.071285,0.072889,1.000000,-0.000006,0.00,0
1181,2.866,-3.284973,0.308165,-3.284973,0.308165,-3.300178,0.235440,,,,0.015205,0.072725,0.074298,1.000000,-0.000006,0.00,0
1182,2.867,-3.284973,0.308165,-3.284973,0.308165,-3.300178,0.234000,,,,0.015205,0.074165,0.075708,1.000000,-0.000006,0.00,0
1183,2.868,-3.284973,0.308165,-3.284973,0.308165,-3.300178,0.232560,,,,0.015205,0.075605,0.077119,1.000000,-0.000006,0.00,0
1184,2.869,-3.284973,0.308165,-3.284973,0.308165,-3.300178,0.231120,,,,0.015205,0.077045,0.078531,1.000000,-0.000006,0.00,0
1185,2.881,-3.227573,0.268581,-3.170959,0.214738,-3.300178,0.229680,0.072604,0.038901,0.082369,0.129219,-0.014942,0.130080,1.000000,-0.000006,10.01,1
1186,2.883,-3.227573,0.268581,-3.227573,0.268581,-3.300944,0.228240,,,,0.073370,0.040341,0.083729,1.000000,-0.000006,0.00,0
1187,2.884,-3.227573,0.268581,-3.227573,0.268581,-3.301756,0.226800,,,,0.074182,0.041781,0.085139,1.000000,-0.000006,0.00,0
1188,2.885,-3.227573,0.268581,-3.227573,0.268581,-3.302574,0.225360,,,,0.075000,0.043221,0.086562,1.000000,-0.000006,0.00,0
1189,2.886,-3.227573,0.268581,-3.227573,0.268581,-3.303392,0.223920,,,,0.075818,0.044661,0.087994,1.000000,-0.000006,0.00,0
1190,2.887,-3.227573,0.268581,-3.227573,0.268581,-3.304208,0.222480,,,,0.076635,0.046101,0.089433,1.000000,-0.000006,0.00,0
1191,2.889,-3.227573,0.268581,-3.227573,0.268581,-3.305024,0.221040,,,,0.077451,0.047541,0.090877,1.000000,-0.000006,0.00,0
1192,2.891,-3.227573,0.268581,-3.227573,0.268581,-3.305839,0.219600,,,,0.078265,0.048981,0.092329,1.000000,-0.000006,0.00,0
1193,2.892,-3.227573,0.268581,-3.227573,0.268581,-3.306653,0.218160,,,,0.079079,0.050421,0.093786,1.000000,-0.000006,0.00,0
1194,2.892,-3.227573,0.268581,-3.227573,0.268581,-3.307466,0.216720,,,,0.079893,0.051861,0.095249,1.000000,-0.000006,0.00,0
1195,2.894,-3.227573,0.268581,-3.227573,0.268581,-3.308279,0.215280,,,,0.080706,0.053301,0.096718,1.000000,-0.000006,0.00,0
1196,2.895,-3.227573,0.268581,-3.227573,0.268581,-3.309092,0.213840,,,,0.081518,0.054741,0.098192,1.000000,-0.000006,0.00,0
1197,2.896,-3.227573,0.268581,-3.227573,0.268581,-3.309904,0.212400,,,,0.082331,0.056181,0.099672,1.000000,-0.000006,0.00,0
1198,2.897,-3.227573,0.268581,-3.227573,0.268581,-3.310716,0.210960,,,,0.083143,0.057621,0.101157,1.000000,-0.000006,0.00,0
1199,2.898,-3.227573,0.268581,-3.227573,0.268581,-3.311528,0.209520,,,,0.083954,0.059061,0.102647,1.000000,-0.000006,0.00,0
1200,2.911,-3.231578,0.231181,-3.303726,0.227587,-3.312340,0.208080,0.080761,0.023101,0.084000,0.008614,0.019507,0.021324,1.000000,-0.000006,10.51,1
1201,2.913,-3.231578,0.231181,-3.231578,0.231181,-3.312385,0.206640,,,,0.080807,0.024541,0.084452,1.000000,-0.000006,0.00,0
1202,2.914,-3.231578,0.231181,-3.231578,0.231181,-3.312385,0.205200,,,,0.080807,0.025981,0.084881,1.000000,-0.000006,0.00,0
1203,2.915,-3.231578,0.231181,-3.231578,0.231181,-3.312378,0.203760,,,,0.080800,0.027421,0.085326,1.000000,-0.000006,0.00,0
1204,2.917,-3.231578,0.231181,-3.231578,0.231181,-3.312372,0.202320,,,,0.080794,0.028861,0.085794,1.000000,-0.000006,0.00,0
1205,2.918,-3.231578,0.231181,-3.231578,0.231181,-3.312366,0.200880,,,,0.080788,0.030301,0.086284,1.000000,-0.000006,0.00,0
1206,2.919,-3.231578,0.231181,-3.231578,0.231181,-3.312362,0.199440,,,,0.080784,0.031741,0.086796,1.000000,-0.000006,0.00,0
1207,2.920,-3.231578,0.231181,-3.231578,0.231181,-3.312359,0.198000,,,,0.080780,0.033181,0.087330,1.000000,-0.000006,0.00,0
1208,2.921,-3.231578,0.231181,-3.231578,0.231181,-3.312356,0.196560,,,,0.080778,0.034621,0.087884,1.000000,-0.000006,0.00,0
1209,2.922,-3.231578,0.231181,-3.231578,0.231181,-3.312354,0.195120,,,,0.080776,0.036061,0.088460,1.000000,-0.000006,0.00,0
1210,2.923,-3.231578,0.231181,-3.231578,0.231181,-3.312352,0.193680,,,,0.080774,0.037501,0.089055,1.000000,-0.000006,0.00,0
1211,2.924,-3.231578,0.231181,-3.231578,0.231181,-3.312351,0.192240,,,,0.080773,0.038941,0.089669,1.000000,-0.000006,0.00,0
1212,2.925,-3.231578,0.231181,-3.231578,0.231181,-3.312350,0.190800,,,,0.080771,0.040381,0.090303,1.000000,-0.000006,0.00,0
1213,2.927,-3.231578,0.231181,-3.231578,0.231181,-3.312349,0.189360,,,,0.080771,0.041821,0.090955,1.000000,-0.000006,0.00,0
1214,2.928,-3.231578,0.231181,-3.231578,0.231181,-3.312348,0.187920,,,,0.080770,0.043261,0.091626,1.000000,-0.000007,0.00,0
1215,2.940,-3.286925,0.222102,-3.386091,0.223980,-3.312348,0.186480,0.025422,0.035622,0.043763,-0.073743,0.037500,0.082730,1.000000,-0.000007,10.01,1
1216,2.942,-3.286925,0.222102,-3.286925,0.222102,-3.312347,0.185040,,,,0.025422,0.037062,0.044943,1.000000,-0.000007,0.00,0
1217,2.944,-3.286925,0.222102,-3.286925,0.222102,-3.312347,0.183600,,,,0.025422,0.038502,0.046137,1.000000,-0.000007,0.00,0
1218,2.945,-3.286925,0.222102,-3.286925,0.222102,-3.312347,0.182160,,,,0.025421,0.039942,0.047345,1.000000,-0.000007,0.00,0
1219,2.946,-3.286925,0.222102,-3.286925,0.222102,-3.312346,0.180720,,,,0.025421,0.041382,0.048566,1.000000,-0.000007,0.00,0
1220,2.947,-3.286925,0.222102,-3.286925,0.222102,-3.312346,0.179280,,,,0.025421,0.042822,0.049799,1.000000,-0.000007,0.00,0
1221,2.950,-3.286925,0.222102,-3.286925,0.222102,-3.312346,0.177840,,,,0.025421,0.044262,0.051042,1.000000,-0.000007,0.00,0
1222,2.950,-3.286925,0.222102,-3.286925,0.222102,-3.312346,0.176400,,,,0.025421,0.045702,0.052296,1.000000,-0.000007,0.00,0
1223,2.952,-3.286925,0.222102,-3.286925,0.222102,-3.312346,0.174960,,,,0.025421,0.047142,0.053559,1.000000,-0.000007,0.00,0
1224,2.953,-3.286925,0.222102,-3.286925,0.222102,-3.312346,0.173520,,,,0.025421,0.048582,0.054830,1.000000,-0.000007,0.00,0
1225,2.954,-3.286925,0.222102,-3.286925,0.222102,-3.312346,0.172080,,,,0.025421,0.050022,0.056110,1.000000,-0.000007,0.00,0
1226,2.956,-3.286925,0.222102,-3.286925,0.222102,-3.312346,0.170640,,,,0.025421,0.051462,0.057398,1.000000,-0.000007,0.00,0
1227,2.957,-3.286925,0.222102,-3.286925,0.222102,-3.312346,0.169200,,,,0.025421,0.052902,0.058692,1.000000,-0.000007,0.00,0
1228,2.958,-3.286925,0.222102,-3.286925,0.222102,-3.312346,0.167760,,,,0.025421,0.054342,0.059993,1.000000,-0.000007,0.00,0
1229,2.960,-3.286925,0.222102,-3.286925,0.222102,-3.312346,0.166320,,,,0.025421,0.055782,0.061301,1.000000,-0.000007,0.00,0
1230,2.972,-3.373772,0.205738,-3.431501,0.165646,-3.312346,0.164880,-0.061427,0.040858,0.073774,-0.119155,0.000766,0.119158,1.000000,-0.000007,10.01,1
1231,2.974,-3.373772,0.205738,-3.373772,0.205738,-3.311566,0.163440,,,,-0.062207,0.042298,0.075225,1.000000,-0.000007,0.00,0
1232,2.975,-3.373772,0.205738,-3.373772,0.205738,-3.310739,0.162000,,,,-0.063034,0.043738,0.076722,1.000000,-0.000007,0.00,0
1233,2.976,-3.373772,0.205738,-3.373772,0.205738,-3.309905,0.160560,,,,-0.063867,0.045178,0.078231,1.000000,-0.000007,0.00,0
1234,2.978,-3.373772,0.205738,-3.373772,0.205738,-3.309072,0.159120,,,,-0.064700,0.046618,0.079745,1.000000,-0.000007,0.00,0
1235,2.980,-3.373772,0.205738,-3.373772,0.205738,-3.308240,0.157680,,,,-0.065532,0.048058,0.081265,1.000000,-0.000007,0.00,0
1236,2.981,-3.373772,0.205738,-3.373772,0.205738,-3.307409,0.156240,,,,-0.066363,0.049498,0.082789,1.000000,-0.000007,0.00,0
1237,2.982,-3.373772,0.205738,-3.373772,0.205738,-3.306580,0.154800,,,,-0.067193,0.050938,0.084318,1.000000,-0.000007,0.00,0
1238,2.983,-3.373772,0.205738,-3.373772,0.205738,-3.305750,0.153360,,,,-0.068022,0.052378,0.085851,1.000000,-0.000007,0.00,0
1239,2.984,-3.373772,0.205738,-3.373772,0.205738,-3.304922,0.151920,,,,-0.068850,0.053818,0.087388,1.000000,-0.000007,0.00,0
1240,2.985,-3.373772,0.205738,-3.373772,0.205738,-3.304094,0.150480,,,,-0.069679,0.055258,0.088930,1.000000,-0.000007,0.00,0
1241,2.986,-3.373772,0.205738,-3.373772,0.205738,-3.303266,0.149040,,,,-0.070506,0.056698,0.090475,1.000000,-0.000007,0.00,0
1242,2.991,-3.373772,0.205738,-3.373772,0.205738,-3.302439,0.147600,,,,-0.071334,0.058138,0.092024,1.000000,-0.000007,0.00,0
1243,2.994,-3.373772,0.205738,-3.373772,0.205738,-3.301612,0.146160,,,,-0.072161,0.059578,0.093577,1.000000,-0.000007,0.00,0
1244,2.997,-3.373772,0.205738,-3.373772,0.205738,-3.300785,0.144720,,,,-0.072988,0.061018,0.095133,1.000000,-0.000007,0.00,0
1245,3.010,-3.395351,0.158685,-3.368463,0.086429,-3.299958,0.143280,-0.095393,0.015405,0.096629,-0.068505,-0.056851,0.089022,1.000000,-0.000007,10.01,1
1246,3.012,-3.395351,0.158685,-3.395351,0.158685,-3.298903,0.141840,,,,-0.096448,0.016845,0.097908,1.000000,-0.000007,0.00,0
1247,3.015,-3.395351,0.158685,-3.395351,0.158685,-3.297835,0.140400,,,,-0.097517,0.018285,0.099216,1.000000,-0.000007,0.00,0
1248,3.018,-3.395351,0.158685,-3.395351,0.158685,-3.296764,0.138960,,,,-0.098587,0.019725,0.100541,1.000000,-0.000007,0.00,0
1249,3.020,-3.395351,0.158685,-3.395351,0.158685,-3.295694,0.137520,,,,-0.099657,0.021165,0.101880,1.000000,-0.000007,0.00,0
1250,3.021,-3.395351,0.158685,-3.395351,0.158685,-3.294624,0.136080,,,,-0.100727,0.022605,0.103232,1.000000,-0.000007,0.00,0
1251,3.022,-3.395351,0.158685,-3.395351,0.158685,-3.293555,0.134640,,,,-0.101796,0.024045,0.104598,1.000000,-0.000007,0.00,0
1252,3.025,-3.395351,0.158685,-3.395351,0.158685,-3.292486,0.133200,,,,-0.102866,0.025485,0.105976,1.000000,-0.000007,0.00,0
1253,3.027,-3.395351,0.158685,-3.395351,0.158685,-3.291417,0.131760,,,,-0.103934,0.026925,0.107365,1.000000,-0.000007,0.00,0
1254,3.036,-3.395351,0.158685,-3.395351,0.158685,-3.290348,0.130320,,,,-0.105003,0.028365,0.108767,1.000000,-0.000007,0.00,0
1255,3.039,-3.395351,0.158685,-3.395351,0.158685,-3.289280,0.128880,,,,-0.106072,0.029805,0.110180,1.000000,-0.000007,0.00,0
1256,3.049,-3.395351,0.158685,-3.395351,0.158685,-3.288211,0.127440,,,,-0.107140,0.031245,0.111603,1.000000,-0.000007,0.00,0
1257,3.051,-3.395351,0.158685,-3.395351,0.158685,-3.287143,0.126000,,,,-0.108208,0.032685,0.113037,1.000000,-0.000007,0.00,0
1258,3.053,-3.395351,0.158685,-3.395351,0.158685,-3.286075,0.124560,,,,-0.109276,0.034125,0.114481,1.000000,-0.000007,0.00,0
1259,3.054,-3.395351,0.158685,-3.395351,0.158685,-3.285007,0.123120,,,,-0.110345,0.035565,0.115935,1.000000,-0.000007,0.00,0
1260,3.066,-3.353610,0.102157,-3.260866,0.054395,-3.283939,0.121680,-0.069671,-0.019523,0.072355,0.023073,-0.067285,0.071131,1.000000,-0.000007,10.01,1
1261,3.068,-3.353610,0.102157,-3.353610,0.102157,-3.283879,0.120240,,,,-0.069731,-0.018083,0.072038,1.000000,-0.000007,0.00,0
1262,3.070,-3.353610,0.102157,-3.353610,0.102157,-3.283880,0.118800,,,,-0.069730,-0.016643,0.071689,1.000000,-0.000007,0.00,0
1263,3.072,-3.353610,0.102157,-3.353610,0.102157,-3.283889,0.117360,,,,-0.069721,-0.015203,0.071360,1.000000,-0.000007,0.00,0
1264,3.073,-3.353610,0.102157,-3.353610,0.102157,-3.283897,0.115920,,,,-0.069712,-0.013763,0.071058,1.000000,-0.000007,0.00,0
1265,3.074,-3.353610,0.102157,-3.353610,0.102157,-3.283905,0.114480,,,,-0.069705,-0.012323,0.070786,1.000000,-0.000007,0.00,0
1266,3.075,-3.353610,0.102157,-3.353610,0.102157,-3.283911,0.113040,,,,-0.069699,-0.010883,0.070544,1.000000,-0.000007,0.00,0
1267,3.077,-3.353610,0.102157,-3.353610,0.102157,-3.283915,0.111600,,,,-0.069695,-0.009443,0.070331,1.000000,-0.000007,0.00,0
1268,3.078,-3.353610,0.102157,-3.353610,0.102157,-3.283919,0.110160,,,,-0.069691,-0.008003,0.070149,1.000000,-0.000007,0.00,0
1269,3.078,-3.353610,0.102157,-3.353610,0.102157,-3.283922,0.108720,,,,-0.069688,-0.006563,0.069996,1.000000,-0.000007,0.00,0
1270,3.081,-3.353610,0.102157,-3.353610,0.102157,-3.283924,0.107280,,,,-0.069686,-0.005123,0.069874,1.000000,-0.000007,0.00,0
1271,3.082,-3.353610,0.102157,-3.353610,0.102157,-3.283926,0.105840,,,,-0.069684,-0.003683,0.069781,1.000000,-0.000007,0.00,0
1272,3.083,-3.353610,0.102157,-3.353610,0.102157,-3.283927,0.104400,,,,-0.069682,-0.002243,0.069718,1.000000,-0.000007,0.00,0
1273,3.084,-3.353610,0.102157,-3.353610,0.102157,-3.283929,0.102960,,,,-0.069681,-0.000803,0.069686,1.000000,-0.000007,0.00,0
1274,3.085,-3.353610,0.102157,-3.353610,0.102157,-3.283929,0.101520,,,,-0.069680,0.000637,0.069683,1.000000,-0.000007,0.00,0
1275,3.097,-3.299682,0.075935,-3.269717,0.086980,-3.283930,0.100080,-0.015752,-0.024145,0.028829,0.014213,-0.013100,0.019329,1.000000,-0.000007,11.01,1
1276,3.100,-3.299682,0.075935,-3.299682,0.075935,-3.283931,0.098640,,,,-0.015751,-0.022705,0.027634,1.000000,-0.000007,0.00,0
1277,3.101,-3.299682,0.075935,-3.299682,0.075935,-3.283931,0.097200,,,,-0.015751,-0.021265,0.026463,1.000000,-0.000007,0.00,0
1278,3.102,-3.299682,0.075935,-3.299682,0.075935,-3.283932,0.095760,,,,-0.015750,-0.019825,0.025320,1.000000,-0.000007,0.00,0
1279,3.103,-3.299682,0.075935,-3.299682,0.075935,-3.283932,0.094320,,,,-0.015750,-0.018385,0.024209,1.000000,-0.000007,0.00,0
1280,3.104,-3.299682,0.075935,-3.299682,0.075935,-3.283932,0.092880,,,,-0.015750,-0.016945,0.023134,1.000000,-0.000007,0.00,0
1281,3.105,-3.299682,0.075935,-3.299682,0.075935,-3.283932,0.091440,,,,-0.015750,-0.015505,0.022101,1.000000,-0.000007,0.00,0
1282,3.106,-3.299682,0.075935,-3.299682,0.075935,-3.283932,0.090000,,,,-0.015750,-0.014065,0.021116,1.000000,-0.000007,0.00,0
1283,3.108,-3.299682,0.075935,-3.299682,0.075935,-3.283932,0.088560,,,,-0.015749,-0.012625,0.020185,1.000000,-0.000007,0.00,0
1284,3.108,-3.299682,0.075935,-3.299682,0.075935,-3.283933,0.087120,,,,-0.015749,-0.011185,0.019317,1.000000,-0.000007,0.00,0
1285,3.111,-3.299682,0.075935,-3.299682,0.075935,-3.283933,0.085680,,,,-0.015749,-0.009745,0.018520,1.000000,-0.000007,0.00,0
1286,3.112,-3.299682,0.075935,-3.299682,0.075935,-3.283933,0.084240,,,,-0.015749,-0.008305,0.017805,1.000000,-0.000007,0.00,0
1287,3.112,-3.299682,0.075935,-3.299682,0.075935,-3.283933,0.082800,,,,-0.015749,-0.006865,0.017180,1.000000,-0.000007,0.00,0
1288,3.114,-3.299682,0.075935,-3.299682,0.075935,-3.283933,0.081360,,,,-0.015749,-0.005425,0.016657,1.000000,-0.000007,0.00,0
1289,3.115,-3.299682,0.075935,-3.299682,0.075935,-3.283933,0.079920,,,,-0.015749,-0.003985,0.016245,1.000000,-0.000007,0.00,0
1290,3.129,-3.291049,0.067636,-3.342566,0.061533,-3.283933,0.078480,-0.007116,-0.010844,0.012970,-0.058633,-0.016947,0.061033,1.000000,-0.000007,10.51,1
1291,3.130,-3.291049,0.067636,-3.291049,0.067636,-3.283933,0.077040,,,,-0.007116,-0.009404,0.011793,1.000000,-0.000007,0.00,0
1292,3.131,-3.291049,0.067636,-3.291049,0.067636,-3.283933,0.075600,,,,-0.007116,-0.007964,0.010680,1.000000,-0.000007,0.00,0
1293,3.132,-3.291049,0.067636,-3.291049,0.067636,-3.283933,0.074160,,,,-0.007116,-0.006524,0.009654,1.000000,-0.000007,0.00,0
1294,3.134,-3.291049,0.067636,-3.291049,0.067636,-3.283933,0.072720,,,,-0.007116,-0.005084,0.008746,1.000000,-0.000007,0.00,0
1295,3.136,-3.291049,0.067636,-3.291049,0.067636,-3.283933,0.071280,,,,-0.007116,-0.003644,0.007995,1.000000,-0.000007,0.00,0
1296,3.137,-3.291049,0.067636,-3.291049,0.067636,-3.283933,0.069840,,,,-0.007116,-0.002204,0.007450,1.000000,-0.000007,0.00,0
1297,3.139,-3.291049,0.067636,-3.291049,0.067636,-3.283933,0.068400,,,,-0.007116,-0.000764,0.007157,1.000000,-0.000007,0.00,0
1298,3.139,-3.291049,0.067636,-3.291049,0.067636,-3.283933,0.066960,,,,-0.007116,0.000676,0.007148,1.000000,-0.000007,0.00,0
1299,3.141,-3.291049,0.067636,-3.291049,0.067636,-3.283933,0.065520,,,,-0.007116,0.002116,0.007424,1.000000,-0.000007,0.00,0
1300,3.142,-3.291049,0.067636,-3.291049,0.067636,-3.283933,0.064080,,,,-0.007116,0.003556,0.007955,1.000000,-0.000007,0.00,0
1301,3.144,-3.291049,0.067636,-3.291049,0.067636,-3.283933,0.062640,,,,-0.007116,0.004996,0.008695,1.000000,-0.000007,0.00,0
1302,3.146,-3.291049,0.067636,-3.291049,0.067636,-3.283933,0.061200,,,,-0.007116,0.006436,0.009595,1.000000,-0.000007,0.00,0
1303,3.147,-3.291049,0.067636,-3.291049,0.067636,-3.283933,0.059760,,,,-0.007116,0.007876,0.010615,1.000000,-0.000007,0.00,0
1304,3.148,-3.291049,0.067636,-3.291049,0.067636,-3.283933,0.058320,,,,-0.007116,0.009316,0.011723,1.000000,-0.000007,0.00,0
1305,3.159,-3.305848,0.066015,-3.305262,0.049533,-3.283933,0.056880,-0.021915,0.009136,0.023743,-0.021329,-0.007346,0.022558,1.000000,-0.000007,9.51,1
1306,3.162,-3.305848,0.066015,-3.305848,0.066015,-3.283933,0.055440,,,,-0.021915,0.010576,0.024334,1.000000,-0.000007,0.00,0
1307,3.164,-3.305848,0.066015,-3.305848,0.066015,-3.283933,0.054000,,,,-0.021915,0.012016,0.024993,1.000000,-0.000006,0.00,0
1308,3.165,-3.305848,0.066015,-3.305848,0.066015,-3.283933,0.052560,,,,-0.021915,0.013456,0.025716,1.000000,-0.000006,0.00,0
1309,3.166,-3.305848,0.066015,-3.305848,0.066015,-3.283933,0.051120,,,,-0.021915,0.014896,0.026498,1.000000,-0.000006,0.00,0
1310,3.167,-3.305848,0.066015,-3.305848,0.066015,-3.283933,0.049680,,,,-0.021915,0.016336,0.027334,1.000000,-0.000006,0.00,0
1311,3.168,-3.305848,0.066015,-3.305848,0.066015,-3.283933,0.048240,,,,-0.021915,0.017776,0.028218,1.000000,-0.000006,0.00,0
1312,3.169,-3.305848,0.066015,-3.305848,0.066015,-3.283933,0.046800,,,,-0.021915,0.019216,0.029147,1.000000,-0.000006,0.00,0
1313,3.170,-3.305848,0.066015,-3.305848,0.066015,-3.283933,0.045360,,,,-0.021915,0.020656,0.030115,1.000000,-0.000006,0.00,0
1314,3.171,-3.305848,0.066015,-3.305848,0.066015,-3.283933,0.043920,,,,-0.021915,0.022096,0.031121,1.000000,-0.000006,0.00,0
1315,3.172,-3.305848,0.066015,-3.305848,0.066015,-3.283933,0.042480,,,,-0.021915,0.023536,0.032159,1.000000,-0.000006,0.00,0
1316,3.174,-3.305848,0.066015,-3.305848,0.066015,-3.283933,0.041040,,,,-0.021915,0.024976,0.033227,1.000000,-0.000006,0.00,0
1317,3.175,-3.305848,0.066015,-3.305848,0.066015,-3.283933,0.039600,,,,-0.021915,0.026416,0.034323,1.000000,-0.000006,0.00,0
1318,3.176,-3.305848,0.066015,-3.305848,0.066015,-3.283933,0.038160,,,,-0.021915,0.027856,0.035443,1.000000,-0.000006,0.00,0
1319,3.177,-3.305848,0.066015,-3.305848,0.066015,-3.283933,0.036720,,,,-0.021915,0.029296,0.036586,1.000000,-0.000006,0.00,0
1320,3.189,-3.295724,0.043958,-3.239345,0.020808,-3.283933,0.035280,-0.011791,0.008678,0.014641,0.044588,-0.014472,0.046878,1.000000,-0.000006,10.07,1
1321,3.191,-3.295724,0.043958,-3.295724,0.043958,-3.283933,0.033840,,,,-0.011791,0.010118,0.015537,1.000000,-0.000006,0.00,0
1322,3.192,-3.295724,0.043958,-3.295724,0.043958,-3.283933,0.032400,,,,-0.011791,0.011558,0.016511,1.000000,-0.000006,0.00,0
1323,3.194,-3.295724,0.043958,-3.295724,0.043958,-3.283933,0.030960,,,,-0.011791,0.012998,0.017550,1.000000,-0.000006,0.00,0
1324,3.195,-3.295724,0.043958,-3.295724,0.043958,-3.283933,0.029520,,,,-0.011791,0.014438,0.018641,1.000000,-0.000006,0.00,0
1325,3.196,-3.295724,0.043958,-3.295724,0.043958,-3.283933,0.028080,,,,-0.011791,0.015878,0.019778,1.000000,-0.000006,0.00,0
1326,3.198,-3.295724,0.043958,-3.295724,0.043958,-3.283933,0.026640,,,,-0.011791,0.017318,0.020951,1.000000,-0.000006,0.00,0
1327,3.199,-3.295724,0.043958,-3.295724,0.043958,-3.283933,0.025200,,,,-0.011791,0.018758,0.022156,1.000000,-0.000006,0.00,0
1328,3.199,-3.295724,0.043958,-3.295724,0.043958,-3.283933,0.023760,,,,-0.011791,0.020198,0.023388,1.000000,-0.000006,0.00,0
1329,3.201,-3.295724,0.043958,-3.295724,0.043958,-3.283933,0.022320,,,,-0.011791,0.021638,0.024643,1.000000,-0.000006,0.00,0
1330,3.202,-3.295724,0.043958,-3.295724,0.043958,-3.283933,0.020880,,,,-0.011791,0.023078,0.025916,1.000000,-0.000006,0.00,0
1331,3.202,-3.295724,0.043958,-3.295724,0.043958,-3.283933,0.019440,,,,-0.011791,0.024518,0.027206,1.000000,-0.000006,0.00,0
1332,3.205,-3.295724,0.043958,-3.295724,0.043958,-3.283933,0.018000,,,,-0.011791,0.025958,0.028511,1.000000,-0.000006,0.00,0
1333,3.206,-3.295724,0.043958,-3.295724,0.043958,-3.283933,0.016560,,,,-0.011791,0.027398,0.029828,1.000000,-0.000006,0.00,0
1334,3.207,-3.295724,0.043958,-3.295724,0.043958,-3.283933,0.015120,,,,-0.011791,0.028838,0.031156,1.000000,-0.000006,0.00,0
1335,3.218,-3.246600,-0.007632,-3.195193,-0.093238,-3.283933,0.013680,0.037333,-0.021312,0.042988,0.088740,-0.106918,0.138947,1.000000,-0.000006,10.51,1
1336,3.221,-3.246600,-0.007632,-3.246600,-0.007632,-3.283933,0.012240,,,,0.037333,-0.019872,0.042293,1.000000,-0.000006,0.00,0
1337,3.222,-3.246600,-0.007632,-3.246600,-0.007632,-3.283933,0.010800,,,,0.037333,-0.018432,0.041635,1.000000,-0.000006,0.00,0
1338,3.224,-3.246600,-0.007632,-3.246600,-0.007632,-3.283933,0.009360,,,,0.037333,-0.016992,0.041018,1.000000,-0.000006,0.00,0
1339,3.225,-3.246600,-0.007632,-3.246600,-0.007632,-3.283933,0.007920,,,,0.037333,-0.015552,0.040443,1.000000,-0.000006,0.00,0
1340,3.226,-3.246600,-0.007632,-3.246600,-0.007632,-3.283933,0.006480,,,,0.037333,-0.014112,0.039911,1.000000,-0.000006,0.00,0
1341,3.227,-3.246600,-0.007632,-3.246600,-0.007632,-3.283933,0.005040,,,,0.037333,-0.012672,0.039425,1.000000,-0.000006,0.00,0
1342,3.228,-3.246600,-0.007632,-3.246600,-0.007632,-3.283933,0.003600,,,,0.037333,-0.011232,0.038986,1.000000,-0.000006,0.00,0
1343,3.229,-3.246600,-0.007632,-3.246600,-0.007632,-3.283933,0.002160,,,,0.037333,-0.009792,0.038596,1.000000,-0.000006,0.00,0
1344,3.230,-3.246600,-0.007632,-3.246600,-0.007632,-3.283933,0.000720,,,,0.037333,-0.008352,0.038256,1.000000,-0.000006,0.00,0
1345,3.231,-3.246600,-0.007632,-3.246600,-0.007632,-3.283933,-0.000720,,,,0.037333,-0.006912,0.037968,1.000000,-0.000006,0.00,0
1346,3.232,-3.246600,-0.007632,-3.246600,-0.007632,-3.283933,-0.002160,,,,0.037333,-0.005472,0.037732,1.000000,-0.000006,0.00,0
1347,3.233,-3.246600,-0.007632,-3.246600,-0.007632,-3.283933,-0.003600,,,,0.037333,-0.004032,0.037550,1.000000,-0.000006,0.00,0
1348,3.234,-3.246600,-0.007632,-3.246600,-0.007632,-3.283933,-0.005040,,,,0.037333,-0.002592,0.037423,1.000000,-0.000006,0.00,0
1349,3.235,-3.246600,-0.007632,-3.246600,-0.007632,-3.283933,-0.006480,,,,0.037333,-0.001152,0.037351,1.000000,-0.000006,0.00,0
1350,3.247,-3.242022,-0.026521,-3.291527,-0.007132,-3.283933,-0.007920,0.041912,-0.018600,0.045854,-0.007594,0.000788,0.007635,1.000000,-0.000006,11.03,1
1351,3.250,-3.242022,-0.026521,-3.242022,-0.026521,-3.283933,-0.009360,,,,0.041912,-0.017160,0.045289,1.000000,-0.000006,0.00,0
1352,3.251,-3.242022,-0.026521,-3.242022,-0.026521,-3.283933,-0.010800,,,,0.041912,-0.015720,0.044763,1.000000,-0.000006,0.00,0
1353,3.252,-3.242022,-0.026521,-3.242022,-0.026521,-3.283933,-0.012240,,,,0.041912,-0.014280,0.044278,1.000000,-0.000006,0.00,0
1354,3.253,-3.242022,-0.026521,-3.242022,-0.026521,-3.283933,-0.013680,,,,0.041912,-0.012840,0.043834,1.000000,-0.000006,0.00,0
1355,3.254,-3.242022,-0.026521,-3.242022,-0.026521,-3.283933,-0.015120,,,,0.041912,-0.011401,0.043434,1.000000,-0.000006,0.00,0
1356,3.256,-3.242022,-0.026521,-3.242022,-0.026521,-3.283933,-0.016560,,,,0.041912,-0.009961,0.043079,1.000000,-0.000006,0.00,0
1357,3.257,-3.242022,-0.026521,-3.242022,-0.026521,-3.283933,-0.018000,,,,0.041912,-0.008521,0.042769,1.000000,-0.000006,0.00,0
1358,3.258,-3.242022,-0.026521,-3.242022,-0.026521,-3.283933,-0.019440,,,,0.041912,-0.007081,0.042505,1.000000,-0.000006,0.00,0
1359,3.259,-3.242022,-0.026521,-3.242022,-0.026521,-3.283933,-0.020880,,,,0.041912,-0.005641,0.042289,1.000000,-0.000006,0.00,0
1360,3.261,-3.242022,-0.026521,-3.242022,-0.026521,-3.283933,-0.022320,,,,0.041912,-0.004201,0.042121,1.000000,-0.000006,0.00,0
1361,3.262,-3.242022,-0.026521,-3.242022,-0.026521,-3.283933,-0.023760,,,,0.041912,-0.002761,0.042002,1.000000,-0.000006,0.00,0
1362,3.263,-3.242022,-0.026521,-3.242022,-0.026521,-3.283933,-0.025200,,,,0.041911,-0.001321,0.041932,1.000000,-0.000006,0.00,0
1363,3.264,-3.242022,-0.026521,-3.242022,-0.026521,-3.283933,-0.026640,,,,0.041911,0.000119,0.041912,1.000000,-0.000006,0.00,0
1364,3.265,-3.242022,-0.026521,-3.242022,-0.026521,-3.283933,-0.028080,,,,0.041911,0.001559,0.041940,1.000000,-0.000006,0.00,0
1365,3.277,-3.273874,-0.031734,-3.334902,0.005167,-3.283933,-0.029520,0.010059,-0.002214,0.010300,-0.050969,0.034687,0.061653,1.000000,-0.000006,10.51,1
1366,3.280,-3.273874,-0.031734,-3.273874,-0.031734,-3.283933,-0.030960,,,,0.010059,-0.000774,0.010089,1.000000,-0.000006,0.00,0
1367,3.280,-3.273874,-0.031734,-3.273874,-0.031734,-3.283933,-0.032400,,,,0.010059,0.000666,0.010081,1.000000,-0.000006,0.00,0
1368,3.282,-3.273874,-0.031734,-3.273874,-0.031734,-3.283933,-0.033840,,,,0.010059,0.002106,0.010277,1.000000,-0.000006,0.00,0
1369,3.283,-3.273874,-0.031734,-3.273874,-0.031734,-3.283933,-0.035280,,,,0.010059,0.003546,0.010665,1.000000,-0.000006,0.00,0
1370,3.284,-3.273874,-0.031734,-3.273874,-0.031734,-3.283933,-0.036720,,,,0.010059,0.004986,0.011227,1.000000,-0.000006,0.00,0
1371,3.285,-3.273874,-0.031734,-3.273874,-0.031734,-3.283933,-0.038160,,,,0.010059,0.006426,0.011936,1.000000,-0.000006,0.00,0
1372,3.286,-3.273874,-0.031734,-3.273874,-0.031734,-3.283933,-0.039600,,,,0.010059,0.007866,0.012769,1.000000,-0.000006,0.00,0
1373,3.288,-3.273874,-0.031734,-3.273874,-0.031734,-3.283933,-0.041040,,,,0.010059,0.009306,0.013703,1.000000,-0.000006,0.00,0
1374,3.288,-3.273874,-0.031734,-3.273874,-0.031734,-3.283933,-0.042480,,,,0.010059,0.010746,0.014719,1.000000,-0.000006,0.00,0
1375,3.290,-3.273874,-0.031734,-3.273874,-0.031734,-3.283933,-0.043920,,,,0.010059,0.012186,0.015801,1.000000,-0.000006,0.00,0
1376,3.292,-3.273874,-0.031734,-3.273874,-0.031734,-3.283933,-0.045360,,,,0.010059,0.013626,0.016936,1.000000,-0.000006,0.00,0
1377,3.292,-3.273874,-0.031734,-3.273874,-0.031734,-3.283933,-0.046800,,,,0.010059,0.015066,0.018115,1.000000,-0.000006,0.00,0
1378,3.293,-3.273874,-0.031734,-3.273874,-0.031734,-3.283933,-0.048240,,,,0.010059,0.016506,0.019329,1.000000,-0.000006,0.00,0
1379,3.295,-3.273874,-0.031734,-3.273874,-0.031734,-3.283933,-0.049680,,,,0.010059,0.017946,0.020572,1.000000,-0.000006,0.00,0
1380,3.307,-3.325780,0.000435,-3.350910,0.003269,-3.283933,-0.051120,-0.041847,0.051555,0.066401,-0.066977,0.054390,0.086279,1.000000,-0.000006,11.01,1
1381,3.308,-3.325780,0.000435,-3.325780,0.000435,-3.283933,-0.052560,,,,-0.041847,0.052995,0.067525,1.000000,-0.000006,0.00,0
1382,3.311,-3.325780,0.000435,-3.325780,0.000435,-3.283933,-0.054000,,,,-0.041847,0.054435,0.068661,1.000000,-0.000006,0.00,0
1383,3.312,-3.325780,0.000435,-3.325780,0.000435,-3.283933,-0.055440,,,,-0.041847,0.055875,0.069808,1.000000,-0.000006,0.00,0
1384,3.313,-3.325780,0.000435,-3.325780,0.000435,-3.283933,-0.056880,,,,-0.041847,0.057315,0.070966,1.000000,-0.000006,0.00,0
1385,3.314,-3.325780,0.000435,-3.325780,0.000435,-3.283933,-0.058320,,,,-0.041847,0.058755,0.072134,1.000000,-0.000006,0.00,0
1386,3.316,-3.325780,0.000435,-3.325780,0.000435,-3.283933,-0.059760,,,,-0.041847,0.060195,0.073311,1.000000,-0.000006,0.00,0
1387,3.317,-3.325780,0.000435,-3.325780,0.000435,-3.283933,-0.061200,,,,-0.041847,0.061635,0.074498,1.000000,-0.000006,0.00,0
1388,3.318,-3.325780,0.000435,-3.325780,0.000435,-3.283933,-0.062640,,,,-0.041847,0.063075,0.075694,1.000000,-0.000006,0.00,0
1389,3.319,-3.325780,0.000435,-3.325780,0.000435,-3.283933,-0.064080,,,,-0.041847,0.064515,0.076898,1.000000,-0.000006,0.00,0
1390,3.320,-3.325780,0.000435,-3.325780,0.000435,-3.283933,-0.065520,,,,-0.041847,0.065955,0.078110,1.000000,-0.000006,0.00,0
1391,3.321,-3.325780,0.000435,-3.325780,0.000435,-3.283933,-0.066960,,,,-0.041847,0.067395,0.079330,1.000000,-0.000006,0.00,0
1392,3.322,-3.325780,0.000435,-3.325780,0.000435,-3.283933,-0.068400,,,,-0.041847,0.068835,0.080557,1.000000,-0.000006,0.00,0
1393,3.323,-3.325780,0.000435,-3.325780,0.000435,-3.283933,-0.069840,,,,-0.041847,0.070275,0.081791,1.000000,-0.000006,0.00,0
1394,3.324,-3.325780,0.000435,-3.325780,0.000435,-3.283933,-0.071280,,,,-0.041847,0.071715,0.083031,1.000000,-0.000006,0.00,0
1395,3.336,-3.319843,-0.018321,-3.273716,-0.063399,-3.283933,-0.072720,-0.035910,0.054399,0.065183,0.010217,0.009321,0.013830,1.000000,-0.000006,11.01,1
1396,3.339,-3.319843,-0.018321,-3.319843,-0.018321,-3.283933,-0.074160,,,,-0.035910,0.055839,0.066389,1.000000,-0.000006,0.00,0
1397,3.345,-3.319843,-0.018321,-3.319843,-0.018321,-3.283933,-0.075600,,,,-0.035910,0.057279,0.067605,1.000000,-0.000006,0.00,0
1398,3.346,-3.319843,-0.018321,-3.319843,-0.018321,-3.283933,-0.077040,,,,-0.035910,0.058719,0.068829,1.000000,-0.000006,0.00,0
1399,3.347,-3.319843,-0.018321,-3.319843,-0.018321,-3.283933,-0.078480,,,,-0.035910,0.060159,0.070062,1.000000,-0.000006,0.00,0
1400,3.348,-3.319843,-0.018321,-3.319843,-0.018321,-3.283933,-0.079920,,,,-0.035910,0.061599,0.071302,1.000000,-0.000006,0.00,0
1401,3.349,-3.319843,-0.018321,-3.319843,-0.018321,-3.283933,-0.081360,,,,-0.035910,0.063039,0.072550,1.000000,-0.000006,0.00,0
1402,3.350,-3.319843,-0.018321,-3.319843,-0.018321,-3.283933,-0.082800,,,,-0.035910,0.064479,0.073804,1.000000,-0.000006,0.00,0
1403,3.351,-3.319843,-0.018321,-3.319843,-0.018321,-3.283933,-0.084240,,,,-0.035910,0.065919,0.075066,1.000000,-0.000006,0.00,0
1404,3.352,-3.319843,-0.018321,-3.319843,-0.018321,-3.283933,-0.085680,,,,-0.035910,0.067359,0.076333,1.000000,-0.000006,0.00,0
1405,3.353,-3.319843,-0.018321,-3.319843,-0.018321,-3.283933,-0.087120,,,,-0.035910,0.068799,0.077607,1.000000,-0.000006,0.00,0
1406,3.354,-3.319843,-0.018321,-3.319843,-0.018321,-3.283933,-0.088560,,,,-0.035910,0.070239,0.078886,1.000000,-0.000006,0.00,0
1407,3.356,-3.319843,-0.018321,-3.319843,-0.018321,-3.283933,-0.090000,,,,-0.035910,0.071679,0.080171,1.000000,-0.000006,0.00,0
1408,3.357,-3.319843,-0.018321,-3.319843,-0.018321,-3.283933,-0.091440,,,,-0.035910,0.073119,0.081461,1.000000,-0.000006,0.00,0
1409,3.358,-3.319843,-0.018321,-3.319843,-0.018321,-3.283933,-0.092880,,,,-0.035910,0.074559,0.082756,1.000000,-0.000006,0.00,0
1410,3.371,-3.268372,-0.080880,-3.180489,-0.182511,-3.283933,-0.094320,0.015561,0.013440,0.020562,0.103444,-0.088191,0.135935,1.000000,-0.000006,11.01,1
1411,3.372,-3.268372,-0.080880,-3.268372,-0.080880,-3.283933,-0.095760,,,,0.015561,0.014880,0.021530,1.000000,-0.000006,0.00,0
1412,3.373,-3.268372,-0.080880,-3.268372,-0.080880,-3.283933,-0.097200,,,,0.015561,0.016320,0.022550,1.000000,-0.000006,0.00,0
1413,3.375,-3.268372,-0.080880,-3.268372,-0.080880,-3.283933,-0.098640,,,,0.015561,0.017760,0.023613,1.000000,-0.000006,0.00,0
1414,3.376,-3.268372,-0.080880,-3.268372,-0.080880,-3.283933,-0.100080,,,,0.015561,0.019200,0.024714,1.000000,-0.000006,0.00,0
1415,3.378,-3.268372,-0.080880,-3.268372,-0.080880,-3.283933,-0.101520,,,,0.015561,0.020640,0.025849,1.000000,-0.000006,0.00,0
1416,3.380,-3.268372,-0.080880,-3.268372,-0.080880,-3.283933,-0.102960,,,,0.015561,0.022080,0.027012,1.000000,-0.000006,0.00,0
1417,3.381,-3.268372,-0.080880,-3.268372,-0.080880,-3.283933,-0.104400,,,,0.015561,0.023520,0.028202,1.000000,-0.000006,0.00,0
1418,3.382,-3.268372,-0.080880,-3.268372,-0.080880,-3.283933,-0.105840,,,,0.015561,0.024960,0.029413,1.000000,-0.000007,0.00,0
1419,3.382,-3.268372,-0.080880,-3.268372,-0.080880,-3.283933,-0.107280,,,,0.015561,0.026400,0.030645,1.000000,-0.000007,0.00,0
1420,3.384,-3.268372,-0.080880,-3.268372,-0.080880,-3.283933,-0.108720,,,,0.015561,0.027840,0.031894,1.000000,-0.000007,0.00,0
1421,3.386,-3.268372,-0.080880,-3.268372,-0.080880,-3.283933,-0.110160,,,,0.015561,0.029280,0.033158,1.000000,-0.000007,0.00,0
1422,3.387,-3.268372,-0.080880,-3.268372,-0.080880,-3.283933,-0.111600,,,,0.015561,0.030720,0.034436,1.000000,-0.000007,0.00,0
1423,3.388,-3.268372,-0.080880,-3.268372,-0.080880,-3.283933,-0.113040,,,,0.015561,0.032160,0.035727,1.000000,-0.000007,0.00,0
1424,3.389,-3.268372,-0.080880,-3.268372,-0.080880,-3.283933,-0.114480,,,,0.015561,0.033600,0.037028,1.000000,-0.000007,0.00,0
1425,3.400,-3.241780,-0.128562,-3.271134,-0.139775,-3.283933,-0.115920,0.042153,-0.012642,0.044008,0.012799,-0.023855,0.027071,1.000000,-0.000007,10.01,1
1426,3.402,-3.241780,-0.128562,-3.241780,-0.128562,-3.283933,-0.117360,,,,0.042153,-0.011202,0.043616,1.000000,-0.000007,0.00,0
1427,3.404,-3.241780,-0.128562,-3.241780,-0.128562,-3.283933,-0.118800,,,,0.042153,-0.009762,0.043268,1.000000,-0.000007,0.00,0
1428,3.405,-3.241780,-0.128562,-3.241780,-0.128562,-3.283933,-0.120240,,,,0.042153,-0.008322,0.042966,1.000000,-0.000007,0.00,0
1429,3.406,-3.241780,-0.128562,-3.241780,-0.128562,-3.283933,-0.121680,,,,0.042153,-0.006882,0.042711,1.000000,-0.000007,0.00,0
1430,3.408,-3.241780,-0.128562,-3.241780,-0.128562,-3.283933,-0.123120,,,,0.042153,-0.005442,0.042503,1.000000,-0.000007,0.00,0
1431,3.409,-3.241780,-0.128562,-3.241780,-0.128562,-3.283933,-0.124560,,,,0.042153,-0.004002,0.042342,1.000000,-0.000007,0.00,0
1432,3.410,-3.241780,-0.128562,-3.241780,-0.128562,-3.283933,-0.126000,,,,0.042153,-0.002562,0.042231,1.000000,-0.000007,0.00,0
1433,3.411,-3.241780,-0.128562,-3.241780,-0.128562,-3.283933,-0.127440,,,,0.042153,-0.001122,0.042168,1.000000,-0.000007,0.00,0
1434,3.412,-3.241780,-0.128562,-3.241780,-0.128562,-3.283933,-0.128880,,,,0.042153,0.000318,0.042154,1.000000,-0.000007,0.00,0
1435,3.412,-3.241780,-0.128562,-3.241780,-0.128562,-3.283933,-0.130320,,,,0.042153,0.001758,0.042189,1.000000,-0.000007,0.00,0
1436,3.415,-3.241780,-0.128562,-3.241780,-0.128562,-3.283933,-0.131760,,,,0.042153,0.003198,0.042274,1.000000,-0.000007,0.00,0
1437,3.416,-3.241780,-0.128562,-3.241780,-0.128562,-3.283933,-0.133200,,,,0.042153,0.004638,0.042407,1.000000,-0.000007,0.00,0
1438,3.417,-3.241780,-0.128562,-3.241780,-0.128562,-3.283933,-0.134640,,,,0.042153,0.006078,0.042589,1.000000,-0.000007,0.00,0
1439,3.418,-3.241780,-0.128562,-3.241780,-0.128562,-3.283933,-0.136080,,,,0.042153,0.007518,0.042818,1.000000,-0.000007,0.00,0
1440,3.430,-3.249564,-0.151249,-3.297070,-0.131461,-3.283933,-0.137520,0.034368,-0.013729,0.037009,-0.013137,0.006059,0.014467,1.000000,-0.000007,9.51,1
1441,3.432,-3.249564,-0.151249,-3.249564,-0.151249,-3.283933,-0.138960,,,,0.034368,-0.012289,0.036499,1.000000,-0.000007,0.00,0
1442,3.434,-3.249564,-0.151249,-3.249564,-0.151249,-3.283933,-0.140400,,,,0.034368,-0.010849,0.036040,1.000000,-0.000007,0.00,0
1443,3.435,-3.249564,-0.151249,-3.249564,-0.151249,-3.283933,-0.141840,,,,0.034368,-0.009409,0.035633,1.000000,-0.000007,0.00,0
1444,3.436,-3.249564,-0.151249,-3.249564,-0.151249,-3.283933,-0.143280,,,,0.034368,-0.007969,0.035280,1.000000,-0.000007,0.00,0
1445,3.437,-3.249564,-0.151249,-3.249564,-0.151249,-3.283933,-0.144720,,,,0.034368,-0.006529,0.034983,1.000000,-0.000007,0.00,0
1446,3.438,-3.249564,-0.151249,-3.249564,-0.151249,-3.283933,-0.146160,,,,0.034368,-0.005089,0.034743,1.000000,-0.000007,0.00,0
1447,3.438,-3.249564,-0.151249,-3.249564,-0.151249,-3.283933,-0.147600,,,,0.034368,-0.003649,0.034562,1.000000,-0.000007,0.00,0
1448,3.440,-3.249564,-0.151249,-3.249564,-0.151249,-3.283933,-0.149040,,,,0.034368,-0.002209,0.034439,1.000000,-0.000007,0.00,0
1449,3.442,-3.249564,-0.151249,-3.249564,-0.151249,-3.283933,-0.150480,,,,0.034368,-0.000769,0.034377,1.000000,-0.000007,0.00,0
1450,3.443,-3.249564,-0.151249,-3.249564,-0.151249,-3.283933,-0.151920,,,,0.034368,0.000671,0.034375,1.000000,-0.000007,0.00,0
1451,3.444,-3.249564,-0.151249,-3.249564,-0.151249,-3.283933,-0.153360,,,,0.034368,0.002111,0.034433,1.000000,-0.000007,0.00,0
1452,3.446,-3.249564,-0.151249,-3.249564,-0.151249,-3.283933,-0.154800,,,,0.034368,0.003551,0.034551,1.000000,-0.000007,0.00,0
1453,3.447,-3.249564,-0.151249,-3.249564,-0.151249,-3.283933,-0.156240,,,,0.034368,0.004991,0.034729,1.000000,-0.000007,0.00,0
1454,3.448,-3.249564,-0.151249,-3.249564,-0.151249,-3.283933,-0.157680,,,,0.034368,0.006431,0.034965,1.000000,-0.000007,0.00,0
1455,3.459,-3.300397,-0.136023,-3.332987,-0.136832,-3.283933,-0.159120,-0.016464,0.023097,0.028365,-0.049054,0.022288,0.053880,1.000000,-0.000007,9.51,1
1456,3.461,-3.300397,-0.136023,-3.300397,-0.136023,-3.283933,-0.160560,,,,-0.016464,0.024537,0.029549,1.000000,-0.000007,0.00,0
1457,3.462,-3.300397,-0.136023,-3.300397,-0.136023,-3.283933,-0.162000,,,,-0.016464,0.025977,0.030755,1.000000,-0.000007,0.00,0
1458,3.464,-3.300397,-0.136023,-3.300397,-0.136023,-3.283933,-0.163440,,,,-0.016464,0.027417,0.031981,1.000000,-0.000007,0.00,0
1459,3.465,-3.300397,-0.136023,-3.300397,-0.136023,-3.283933,-0.164880,,,,-0.016464,0.028857,0.033224,1.000000,-0.000007,0.00,0
1460,3.466,-3.300397,-0.136023,-3.300397,-0.136023,-3.283933,-0.166320,,,,-0.016464,0.030297,0.034482,1.000000,-0.000007,0.00,0
1461,3.467,-3.300397,-0.136023,-3.300397,-0.136023,-3.283933,-0.167760,,,,-0.016464,0.031737,0.035754,1.000000,-0.000007,0.00,0
1462,3.468,-3.300397,-0.136023,-3.300397,-0.136023,-3.283933,-0.169200,,,,-0.016464,0.033177,0.037038,1.000000,-0.000007,0.00,0
1463,3.469,-3.300397,-0.136023,-3.300397,-0.136023,-3.283933,-0.170640,,,,-0.016464,0.034617,0.038333,1.000000,-0.000007,0.00,0
1464,3.469,-3.300397,-0.136023,-3.300397,-0.136023,-3.283933,-0.172080,,,,-0.016464,0.036057,0.039639,1.000000,-0.000007,0.00,0
1465,3.471,-3.300397,-0.136023,-3.300397,-0.136023,-3.283933,-0.173520,,,,-0.016464,0.037497,0.040953,1.000000,-0.000007,0.00,0
1466,3.472,-3.300397,-0.136023,-3.300397,-0.136023,-3.283933,-0.174960,,,,-0.016464,0.038937,0.042275,1.000000,-0.000007,0.00,0
1467,3.472,-3.300397,-0.136023,-3.300397,-0.136023,-3.283933,-0.176400,,,,-0.016464,0.040377,0.043605,1.000000,-0.000007,0.00,0
1468,3.475,-3.300397,-0.136023,-3.300397,-0.136023,-3.283933,-0.177840,,,,-0.016464,0.041817,0.044942,1.000000,-0.000007,0.00,0
1469,3.476,-3.300397,-0.136023,-3.300397,-0.136023,-3.283933,-0.179280,,,,-0.016464,0.043257,0.046285,1.000000,-0.000007,0.00,0
1470,3.488,-3.286600,-0.167483,-3.229742,-0.234156,-3.283933,-0.180720,-0.002667,0.013237,0.013503,0.054191,-0.053436,0.076105,1.000000,-0.000007,11.01,1
1471,3.490,-3.286600,-0.167483,-3.286600,-0.167483,-3.283933,-0.182160,,,,-0.002667,0.014677,0.014917,1.000000,-0.000007,0.00,0
1472,3.491,-3.286600,-0.167483,-3.286600,-0.167483,-3.283933,-0.183600,,,,-0.002667,0.016117,0.016336,1.000000,-0.000007,0.00,0
1473,3.492,-3.286600,-0.167483,-3.286600,-0.167483,-3.283933,-0.185040,,,,-0.002667,0.017557,0.017759,1.000000,-0.000007,0.00,0
1474,3.494,-3.286600,-0.167483,-3.286600,-0.167483,-3.283933,-0.186480,,,,-0.002667,0.018997,0.019183,1.000000,-0.000007,0.00,0
1475,3.496,-3.286600,-0.167483,-3.286600,-0.167483,-3.283933,-0.187920,,,,-0.002667,0.020437,0.020610,1.000000,-0.000007,0.00,0
1476,3.497,-3.286600,-0.167483,-3.286600,-0.167483,-3.283933,-0.189360,,,,-0.002667,0.021877,0.022039,1.000000,-0.000007,0.00,0
1477,3.498,-3.286600,-0.167483,-3.286600,-0.167483,-3.283933,-0.190800,,,,-0.002667,0.023317,0.023469,1.000000,-0.000007,0.00,0
1478,3.499,-3.286600,-0.167483,-3.286600,-0.167483,-3.283933,-0.192240,,,,-0.002667,0.024757,0.024900,1.000000,-0.000007,0.00,0
1479,3.500,-3.286600,-0.167483,-3.286600,-0.167483,-3.283933,-0.193680,,,,-0.002667,0.026197,0.026333,1.000000,-0.000007,0.00,0
1480,3.501,-3.286600,-0.167483,-3.286600,-0.167483,-3.283933,-0.195120,,,,-0.002667,0.027637,0.027766,1.000000,-0.000007,0.00,0
1481,3.502,-3.286600,-0.167483,-3.286600,-0.167483,-3.283933,-0.196560,,,,-0.002667,0.029077,0.029199,1.000000,-0.000007,0.00,0
1482,3.504,-3.286600,-0.167483,-3.286600,-0.167483,-3.283933,-0.198000,,,,-0.002667,0.030517,0.030634,1.000000,-0.000007,0.00,0
1483,3.505,-3.286600,-0.167483,-3.286600,-0.167483,-3.283933,-0.199440,,,,-0.002667,0.031957,0.032068,1.000000,-0.000007,0.00,0
1484,3.506,-3.286600,-0.167483,-3.286600,-0.167483,-3.283933,-0.200880,,,,-0.002667,0.033397,0.033504,1.000000,-0.000007,0.00,0
1485,3.519,-3.248606,-0.219509,-3.183090,-0.287540,-3.283933,-0.202320,0.035326,-0.017189,0.039286,0.100843,-0.085220,0.132029,1.000000,-0.000007,11.51,1
1486,3.521,-3.248606,-0.219509,-3.248606,-0.219509,-3.283933,-0.203760,,,,0.035326,-0.015749,0.038678,1.000000,-0.000007,0.00,0
1487,3.522,-3.248606,-0.219509,-3.248606,-0.219509,-3.283933,-0.205200,,,,0.035326,-0.014309,0.038114,1.000000,-0.000007,0.00,0
1488,3.523,-3.248606,-0.219509,-3.248606,-0.219509,-3.283933,-0.206640,,,,0.035326,-0.012869,0.037597,1.000000,-0.000007,0.00,0
1489,3.526,-3.248606,-0.219509,-3.248606,-0.219509,-3.283933,-0.208080,,,,0.035326,-0.011429,0.037129,1.000000,-0.000007,0.00,0
1490,3.527,-3.248606,-0.219509,-3.248606,-0.219509,-3.283933,-0.209520,,,,0.035326,-0.009989,0.036711,1.000000,-0.000007,0.00,0
1491,3.528,-3.248606,-0.219509,-3.248606,-0.219509,-3.283933,-0.210960,,,,0.035326,-0.008549,0.036346,1.000000,-0.000007,0.00,0
1492,3.530,-3.248606,-0.219509,-3.248606,-0.219509,-3.283933,-0.212400,,,,0.035326,-0.007109,0.036035,1.000000,-0.000007,0.00,0
1493,3.531,-3.248606,-0.219509,-3.248606,-0.219509,-3.283933,-0.213840,,,,0.035326,-0.005669,0.035778,1.000000,-0.000007,0.00,0
1494,3.532,-3.248606,-0.219509,-3.248606,-0.219509,-3.283933,-0.215280,,,,0.035326,-0.004229,0.035579,1.000000,-0.000007,0.00,0
1495,3.533,-3.248606,-0.219509,-3.248606,-0.219509,-3.283933,-0.216720,,,,0.035326,-0.002789,0.035436,1.000000,-0.000007,0.00,0
1496,3.535,-3.248606,-0.219509,-3.248606,-0.219509,-3.283933,-0.218160,,,,0.035326,-0.001349,0.035352,1.000000,-0.000007,0.00,0
1497,3.536,-3.248606,-0.219509,-3.248606,-0.219509,-3.283933,-0.219600,,,,0.035326,0.000091,0.035327,1.000000,-0.000007,0.00,0
1498,3.537,-3.248606,-0.219509,-3.248606,-0.219509,-3.283933,-0.221040,,,,0.035326,0.001531,0.035360,1.000000,-0.000007,0.00,0
1499,3.538,-3.248606,-0.219509,-3.248606,-0.219509,-3.283933,-0.222480,,,,0.035326,0.002971,0.035451,1.000000,-0.000007,0.00,0
1500,3.551,-3.223891,-0.255589,-3.258840,-0.245072,-3.283933,-0.223920,0.060042,-0.031669,0.067882,0.025093,-0.021152,0.032818,1.000000,-0.000007,10.02,1
1501,3.554,-3.223891,-0.255589,-3.223891,-0.255589,-3.284738,-0.225360,,,,0.060847,-0.030229,0.067942,1.000000,-0.000007,0.00,0
1502,3.555,-3.223891,-0.255589,-3.223891,-0.255589,-3.285591,-0.226800,,,,0.061700,-0.028789,0.068086,1.000000,-0.000007,0.00,0
1503,3.556,-3.223891,-0.255589,-3.223891,-0.255589,-3.286450,-0.228240,,,,0.062559,-0.027349,0.068276,1.000000,-0.000007,0.00,0
1504,3.558,-3.223891,-0.255589,-3.223891,-0.255589,-3.287310,-0.229680,,,,0.063419,-0.025909,0.068507,1.000000,-0.000007,0.00,0
1505,3.559,-3.223891,-0.255589,-3.223891,-0.255589,-3.288168,-0.231120,,,,0.064277,-0.024469,0.068777,1.000000,-0.000007,0.00,0
1506,3.561,-3.223891,-0.255589,-3.223891,-0.255589,-3.289025,-0.232560,,,,0.065134,-0.023029,0.069086,1.000000,-0.000007,0.00,0
1507,3.562,-3.223891,-0.255589,-3.223891,-0.255589,-3.289882,-0.234000,,,,0.065991,-0.021589,0.069432,1.000000,-0.000007,0.00,0
1508,3.563,-3.223891,-0.255589,-3.223891,-0.255589,-3.290737,-0.235440,,,,0.066846,-0.020149,0.069817,1.000000,-0.000007,0.00,0
1509,3.565,-3.223891,-0.255589,-3.223891,-0.255589,-3.291592,-0.236880,,,,0.067701,-0.018709,0.070238,1.000000,-0.000007,0.00,0
1510,3.566,-3.223891,-0.255589,-3.223891,-0.255589,-3.292446,-0.238320,,,,0.068555,-0.017269,0.070697,1.000000,-0.000007,0.00,0
1511,3.567,-3.223891,-0.255589,-3.223891,-0.255589,-3.293300,-0.239760,,,,0.069409,-0.015829,0.071191,1.000000,-0.000007,0.00,0
1512,3.568,-3.223891,-0.255589,-3.223891,-0.255589,-3.294154,-0.241200,,,,0.070262,-0.014389,0.071721,1.000000,-0.000007,0.00,0
1513,3.569,-3.223891,-0.255589,-3.223891,-0.255589,-3.295007,-0.242640,,,,0.071116,-0.012949,0.072285,1.000000,-0.000007,0.00,0
1514,3.572,-3.223891,-0.255589,-3.223891,-0.255589,-3.295860,-0.244080,,,,0.071969,-0.011509,0.072883,1.000000,-0.000007,0.00,0
1515,3.584,-3.257766,-0.253697,-3.331368,-0.228480,-3.296713,-0.245520,0.038947,-0.008177,0.039796,-0.034655,0.017040,0.038618,1.000000,-0.000007,11.01,1
1516,3.586,-3.257766,-0.253697,-3.257766,-0.253697,-3.296761,-0.246960,,,,0.038995,-0.006737,0.039573,1.000000,-0.000007,0.00,0
1517,3.587,-3.257766,-0.253697,-3.257766,-0.253697,-3.296761,-0.248400,,,,0.038995,-0.005297,0.039353,1.000000,-0.000007,0.00,0
1518,3.588,-3.257766,-0.253697,-3.257766,-0.253697,-3.296754,-0.249840,,,,0.038988,-0.003857,0.039178,1.000000,-0.000007,0.00,0
1519,3.591,-3.257766,-0.253697,-3.257766,-0.253697,-3.296747,-0.251280,,,,0.038981,-0.002417,0.039056,1.000000,-0.000007,0.00,0
1520,3.592,-3.257766,-0.253697,-3.257766,-0.253697,-3.296741,-0.252720,,,,0.038975,-0.000977,0.038987,1.000000,-0.000007,0.00,0
1521,3.593,-3.257766,-0.253697,-3.257766,-0.253697,-3.296737,-0.254160,,,,0.038971,0.000463,0.038973,1.000000,-0.000007,0.00,0
1522,3.594,-3.257766,-0.253697,-3.257766,-0.253697,-3.296733,-0.255600,,,,0.038967,0.001903,0.039013,1.000000,-0.000007,0.00,0
1523,3.595,-3.257766,-0.253697,-3.257766,-0.253697,-3.296730,-0.257040,,,,0.038964,0.003343,0.039107,1.000000,-0.000007,0.00,0
1524,3.597,-3.257766,-0.253697,-3.257766,-0.253697,-3.296728,-0.258480,,,,0.038962,0.004783,0.039254,1.000000,-0.000007,0.00,0
1525,3.598,-3.257766,-0.253697,-3.257766,-0.253697,-3.296726,-0.259920,,,,0.038960,0.006223,0.039454,1.000000,-0.000007,0.00,0
1526,3.598,-3.257766,-0.253697,-3.257766,-0.253697,-3.296725,-0.261360,,,,0.038959,0.007663,0.039705,1.000000,-0.000007,0.00,0
1527,3.601,-3.257766,-0.253697,-3.257766,-0.253697,-3.296724,-0.262800,,,,0.038957,0.009103,0.040007,1.000000,-0.000007,0.00,0
1528,3.602,-3.257766,-0.253697,-3.257766,-0.253697,-3.296723,-0.264240,,,,0.038957,0.010543,0.040358,1.000000,-0.000007,0.00,0
1529,3.603,-3.257766,-0.253697,-3.257766,-0.253697,-3.296722,-0.265680,,,,0.038956,0.011983,0.040757,1.000000,-0.000006,0.00,0
1530,3.615,-3.312957,-0.220937,-3.348663,-0.189259,-3.296721,-0.267120,-0.016236,0.046183,0.048954,-0.051942,0.077861,0.093596,1.000000,-0.000006,10.01,1
1531,3.618,-3.312957,-0.220937,-3.312957,-0.220937,-3.296721,-0.268560,,,,-0.016236,0.047623,0.050315,1.000000,-0.000006,0.00,0
1532,3.619,-3.312957,-0.220937,-3.312957,-0.220937,-3.296721,-0.270000,,,,-0.016236,0.049063,0.051680,1.000000,-0.000006,0.00,0
1533,3.620,-3.312957,-0.220937,-3.312957,-0.220937,-3.296720,-0.271440,,,,-0.016237,0.050503,0.053049,1.000000,-0.000006,0.00,0
1534,3.621,-3.312957,-0.220937,-3.312957,-0.220937,-3.296720,-0.272880,,,,-0.016237,0.051943,0.054422,1.000000,-0.000006,0.00,0
1535,3.622,-3.312957,-0.220937,-3.312957,-0.220937,-3.296720,-0.274320,,,,-0.016237,0.053383,0.055798,1.000000,-0.000006,0.00,0
1536,3.623,-3.312957,-0.220937,-3.312957,-0.220937,-3.296720,-0.275760,,,,-0.016237,0.054823,0.057177,1.000000,-0.000006,0.00,0
1537,3.624,-3.312957,-0.220937,-3.312957,-0.220937,-3.296720,-0.277200,,,,-0.016237,0.056263,0.058559,1.000000,-0.000006,0.00,0
1538,3.625,-3.312957,-0.220937,-3.312957,-0.220937,-3.296720,-0.278640,,,,-0.016237,0.057703,0.059944,1.000000,-0.000006,0.00,0
1539,3.627,-3.312957,-0.220937,-3.312957,-0.220937,-3.296720,-0.280080,,,,-0.016238,0.059143,0.061332,1.000000,-0.000006,0.00,0
1540,3.628,-3.312957,-0.220937,-3.312957,-0.220937,-3.296719,-0.281520,,,,-0.016238,0.060583,0.062722,1.000000,-0.000006,0.00,0
1541,3.630,-3.312957,-0.220937,-3.312957,-0.220937,-3.296719,-0.282960,,,,-0.016238,0.062023,0.064114,1.000000,-0.000006,0.00,0
1542,3.631,-3.312957,-0.220937,-3.312957,-0.220937,-3.296719,-0.284400,,,,-0.016238,0.063463,0.065508,1.000000,-0.000006,0.00,0
1543,3.632,-3.312957,-0.220937,-3.312957,-0.220937,-3.296719,-0.285840,,,,-0.016238,0.064903,0.066904,1.000000,-0.000006,0.00,0
1544,3.633,-3.312957,-0.220937,-3.312957,-0.220937,-3.296719,-0.287280,,,,-0.016238,0.066343,0.068301,1.000000,-0.000006,0.00,0
1545,3.646,-3.305024,-0.219366,-3.235040,-0.240359,-3.296719,-0.288720,-0.008305,0.069354,0.069850,0.061679,0.048361,0.078378,1.000000,-0.000006,11.01,1
1546,3.647,-3.305024,-0.219366,-3.305024,-0.219366,-3.296719,-0.290160,,,,-0.008305,0.070794,0.071280,1.000000,-0.000006,0.00,0
1547,3.654,-3.305024,-0.219366,-3.305024,-0.219366,-3.296719,-0.291600,,,,-0.008305,0.072234,0.072710,1.000000,-0.000006,0.00,0
1548,3.655,-3.305024,-0.219366,-3.305024,-0.219366,-3.296719,-0.293040,,,,-0.008305,0.073674,0.074141,1.000000,-0.000006,0.00,0
1549,3.656,-3.305024,-0.219366,-3.305024,-0.219366,-3.296719,-0.294480,,,,-0.008305,0.075114,0.075572,1.000000,-0.000006,0.00,0
1550,3.657,-3.305024,-0.219366,-3.305024,-0.219366,-3.296719,-0.295920,,,,-0.008305,0.076554,0.077003,1.000000,-0.000006,0.00,0
1551,3.658,-3.305024,-0.219366,-3.305024,-0.219366,-3.296719,-0.297360,,,,-0.008305,0.077994,0.078435,1.000000,-0.000006,0.00,0
1552,3.660,-3.305024,-0.219366,-3.305024,-0.219366,-3.296719,-0.298800,,,,-0.008305,0.079434,0.079867,1.000000,-0.000006,0.00,0
1553,3.661,-3.305024,-0.219366,-3.305024,-0.219366,-3.296719,-0.300240,,,,-0.008305,0.080874,0.081299,1.000000,-0.000006,0.00,0
1554,3.662,-3.305024,-0.219366,-3.305024,-0.219366,-3.296719,-0.301680,,,,-0.008305,0.082314,0.082732,1.000000,-0.000006,0.00,0
1555,3.663,-3.305024,-0.219366,-3.305024,-0.219366,-3.296719,-0.303120,,,,-0.008305,0.083754,0.084165,1.000000,-0.000006,0.00,0
1556,3.664,-3.305024,-0.219366,-3.305024,-0.219366,-3.296719,-0.304560,,,,-0.008305,0.085194,0.085598,1.000000,-0.000006,0.00,0
1557,3.665,-3.305024,-0.219366,-3.305024,-0.219366,-3.296719,-0.306000,,,,-0.008305,0.086634,0.087031,1.000000,-0.000006,0.00,0
1558,3.667,-3.305024,-0.219366,-3.305024,-0.219366,-3.296719,-0.307440,,,,-0.008305,0.088074,0.088465,1.000000,-0.000006,0.00,0
1559,3.668,-3.305024,-0.219366,-3.305024,-0.219366,-3.296719,-0.308880,,,,-0.008305,0.089514,0.089899,1.000000,-0.000006,0.00,0
1560,3.680,-3.250219,-0.236174,-3.166953,-0.278902,-3.296719,-0.310320,0.046501,0.074147,0.087522,0.129767,0.031418,0.133516,1.000000,-0.000006,11.51,1
1561,3.682,-3.250219,-0.236174,-3.250219,-0.236174,-3.296719,-0.311760,,,,0.046501,0.075587,0.088745,1.000000,-0.000006,0.00,0
1562,3.683,-3.250219,-0.236174,-3.250219,-0.236174,-3.296719,-0.313200,,,,0.046501,0.077027,0.089975,1.000000,-0.000006,0.00,0
1563,3.684,-3.250219,-0.236174,-3.250219,-0.236174,-3.296719,-0.314640,,,,0.046501,0.078467,0.091210,1.000000,-0.000006,0.00,0
1564,3.685,-3.250219,-0.236174,-3.250219,-0.236174,-3.296719,-0.316080,,,,0.046501,0.079907,0.092452,1.000000,-0.000006,0.00,0
1565,3.686,-3.250219,-0.236174,-3.250219,-0.236174,-3.296719,-0.317520,,,,0.046501,0.081347,0.093700,1.000000,-0.000006,0.00,0
1566,3.687,-3.250219,-0.236174,-3.250219,-0.236174,-3.296719,-0.318960,,,,0.046501,0.082787,0.094952,1.000000,-0.000006,0.00,0
1567,3.688,-3.250219,-0.236174,-3.250219,-0.236174,-3.296719,-0.320400,,,,0.046501,0.084227,0.096210,1.000000,-0.000006,0.00,0
1568,3.690,-3.250219,-0.236174,-3.250219,-0.236174,-3.296719,-0.321840,,,,0.046501,0.085667,0.097474,1.000000,-0.000006,0.00,0
1569,3.691,-3.250219,-0.236174,-3.250219,-0.236174,-3.296719,-0.323280,,,,0.046501,0.087107,0.098742,1.000000,-0.000006,0.00,0
1570,3.692,-3.250219,-0.236174,-3.250219,-0.236174,-3.296719,-0.324720,,,,0.046501,0.088547,0.100014,1.000000,-0.000006,0.00,0
1571,3.693,-3.250219,-0.236174,-3.250219,-0.236174,-3.296719,-0.326160,,,,0.046501,0.089987,0.101291,1.000000,-0.000006,0.00,0
1572,3.694,-3.250219,-0.236174,-3.250219,-0.236174,-3.296719,-0.327600,,,,0.046501,0.091427,0.102573,1.000000,-0.000006,0.00,0
1573,3.695,-3.250219,-0.236174,-3.250219,-0.236174,-3.296719,-0.329040,,,,0.046501,0.092867,0.103858,1.000000,-0.000006,0.00,0
1574,3.696,-3.250219,-0.236174,-3.250219,-0.236174,-3.296719,-0.330480,,,,0.046501,0.094307,0.105148,1.000000,-0.000006,0.00,0
1575,3.708,-3.228753,-0.266378,-3.284266,-0.279872,-3.296719,-0.331920,0.067966,0.065542,0.094421,0.012454,0.052048,0.053517,1.000000,-0.000006,11.01,1
1576,3.711,-3.228753,-0.266378,-3.228753,-0.266378,-3.297473,-0.333360,,,,0.068720,0.066982,0.095964,1.000000,-0.000006,0.00,0
1577,3.712,-3.228753,-0.266378,-3.228753,-0.266378,-3.298271,-0.334800,,,,0.069518,0.068422,0.097542,1.000000,-0.000006,0.00,0
1578,3.713,-3.228753,-0.266378,-3.228753,-0.266378,-3.299076,-0.336240,,,,0.070323,0.069862,0.099127,1.000000,-0.000006,0.00,0
1579,3.714,-3.228753,-0.266378,-3.228753,-0.266378,-3.299881,-0.337680,,,,0.071128,0.071302,0.100713,1.000000,-0.000006,0.00,0
1580,3.716,-3.228753,-0.266378,-3.228753,-0.266378,-3.300684,-0.339120,,,,0.071931,0.072742,0.102301,1.000000,-0.000006,0.00,0
1581,3.717,-3.228753,-0.266378,-3.228753,-0.266378,-3.301486,-0.340560,,,,0.072734,0.074182,0.103890,1.000000,-0.000006,0.00,0
1582,3.718,-3.228753,-0.266378,-3.228753,-0.266378,-3.302288,-0.342000,,,,0.073535,0.075622,0.105481,1.000000,-0.000006,0.00,0
1583,3.719,-3.228753,-0.266378,-3.228753,-0.266378,-3.303089,-0.343440,,,,0.074336,0.077062,0.107072,1.000000,-0.000006,0.00,0
1584,3.720,-3.228753,-0.266378,-3.228753,-0.266378,-3.303889,-0.344880,,,,0.075136,0.078502,0.108665,1.000000,-0.000006,0.00,0
1585,3.721,-3.228753,-0.266378,-3.228753,-0.266378,-3.304689,-0.346320,,,,0.075936,0.079942,0.110259,1.000000,-0.000006,0.00,0
1586,3.722,-3.228753,-0.266378,-3.228753,-0.266378,-3.305488,-0.347760,,,,0.076735,0.081382,0.111854,1.000000,-0.000006,0.00,0
1587,3.723,-3.228753,-0.266378,-3.228753,-0.266378,-3.306287,-0.349200,,,,0.077534,0.082822,0.113451,1.000000,-0.000006,0.00,0
1588,3.725,-3.228753,-0.266378,-3.228753,-0.266378,-3.307086,-0.350640,,,,0.078333,0.084262,0.115049,1.000000,-0.000006,0.00,0
1589,3.726,-3.228753,-0.266378,-3.228753,-0.266378,-3.307884,-0.352080,,,,0.079132,0.085702,0.116648,1.000000,-0.000006,0.00,0
1590,3.738,-3.257924,-0.297757,-3.322553,-0.334495,-3.308683,-0.353520,0.050759,0.055764,0.075406,-0.013870,0.019025,0.023544,1.000000,-0.000006,11.01,1
1591,3.741,-3.257924,-0.297757,-3.257924,-0.297757,-3.308728,-0.354960,,,,0.050804,0.057204,0.076507,1.000000,-0.000006,0.00,0
1592,3.742,-3.257924,-0.297757,-3.257924,-0.297757,-3.308728,-0.356400,,,,0.050804,0.058644,0.077589,1.000000,-0.000006,0.00,0
1593,3.744,-3.257924,-0.297757,-3.257924,-0.297757,-3.308721,-0.357840,,,,0.050797,0.060084,0.078679,1.000000,-0.000006,0.00,0
1594,3.745,-3.257924,-0.297757,-3.257924,-0.297757,-3.308715,-0.359280,,,,0.050791,0.061524,0.079780,1.000000,-0.000006,0.00,0
1595,3.746,-3.257924,-0.297757,-3.257924,-0.297757,-3.308709,-0.360720,,,,0.050785,0.062964,0.080892,1.000000,-0.000006,0.00,0
1596,3.747,-3.257924,-0.297757,-3.257924,-0.297757,-3.308705,-0.362160,,,,0.050781,0.064404,0.082016,1.000000,-0.000006,0.00,0
1597,3.748,-3.257924,-0.297757,-3.257924,-0.297757,-3.308702,-0.363600,,,,0.050778,0.065844,0.083149,1.000000,-0.000006,0.00,0
1598,3.749,-3.257924,-0.297757,-3.257924,-0.297757,-3.308699,-0.365040,,,,0.050775,0.067284,0.084292,1.000000,-0.000006,0.00,0
1599,3.750,-3.257924,-0.297757,-3.257924,-0.297757,-3.308697,-0.366480,,,,0.050773,0.068724,0.085445,1.000000,-0.000006,0.00,0
1600,3.751,-3.257924,-0.297757,-3.257924,-0.297757,-3.308695,-0.367920,,,,0.050771,0.070164,0.086606,1.000000,-0.000006,0.00,0
1601,3.752,-3.257924,-0.297757,-3.257924,-0.297757,-3.308694,-0.369360,,,,0.050770,0.071604,0.087776,1.000000,-0.000006,0.00,0
1602,3.754,-3.257924,-0.297757,-3.257924,-0.297757,-3.308693,-0.370800,,,,0.050769,0.073044,0.088954,1.000000,-0.000006,0.00,0
1603,3.755,-3.257924,-0.297757,-3.257924,-0.297757,-3.308692,-0.372240,,,,0.050768,0.074484,0.090140,1.000000,-0.000006,0.00,0
1604,3.756,-3.257924,-0.297757,-3.257924,-0.297757,-3.308691,-0.373680,,,,0.050767,0.075924,0.091333,1.000000,-0.000006,0.00,0
1605,3.768,-3.308148,-0.318332,-3.317627,-0.340628,-3.308691,-0.375120,0.000542,0.056788,0.056791,-0.008936,0.034492,0.035631,1.000000,-0.000006,11.01,1
1606,3.770,-3.308148,-0.318332,-3.308148,-0.318332,-3.308690,-0.376560,,,,0.000542,0.058228,0.058231,1.000000,-0.000006,0.00,0
1607,3.771,-3.308148,-0.318332,-3.308148,-0.318332,-3.308690,-0.378000,,,,0.000542,0.059668,0.059671,1.000000,-0.000006,0.00,0
1608,3.772,-3.308148,-0.318332,-3.308148,-0.318332,-3.308690,-0.379440,,,,0.000541,0.061108,0.061111,1.000000,-0.000006,0.00,0
1609,3.775,-3.308148,-0.318332,-3.308148,-0.318332,-3.308689,-0.380880,,,,0.000541,0.062548,0.062551,1.000000,-0.000006,0.00,0
1610,3.776,-3.308148,-0.318332,-3.308148,-0.318332,-3.308689,-0.382320,,,,0.000541,0.063988,0.063991,1.000000,-0.000006,0.00,0
1611,3.777,-3.308148,-0.318332,-3.308148,-0.318332,-3.308689,-0.383760,,,,0.000541,0.065428,0.065431,1.000000,-0.000006,0.00,0
1612,3.778,-3.308148,-0.318332,-3.308148,-0.318332,-3.308689,-0.385200,,,,0.000541,0.066868,0.066871,1.000000,-0.000006,0.00,0
1613,3.779,-3.308148,-0.318332,-3.308148,-0.318332,-3.308689,-0.386640,,,,0.000541,0.068308,0.068311,1.000000,-0.000006,0.00,0
1614,3.780,-3.308148,-0.318332,-3.308148,-0.318332,-3.308689,-0.388080,,,,0.000541,0.069748,0.069751,1.000000,-0.000006,0.00,0
1615,3.781,-3.308148,-0.318332,-3.308148,-0.318332,-3.308689,-0.389520,,,,0.000540,0.071188,0.071190,1.000000,-0.000006,0.00,0
1616,3.783,-3.308148,-0.318332,-3.308148,-0.318332,-3.308689,-0.390960,,,,0.000540,0.072628,0.072630,1.000000,-0.000006,0.00,0
1617,3.784,-3.308148,-0.318332,-3.308148,-0.318332,-3.308689,-0.392400,,,,0.000540,0.074068,0.074070,1.000000,-0.000006,0.00,0
1618,3.785,-3.308148,-0.318332,-3.308148,-0.318332,-3.308689,-0.393840,,,,0.000540,0.075508,0.075510,1.000000,-0.000006,0.00,0
1619,3.787,-3.308148,-0.318332,-3.308148,-0.318332,-3.308689,-0.395280,,,,0.000540,0.076948,0.076950,1.000000,-0.000006,0.00,0
1620,3.799,-3.307663,-0.356014,-3.282808,-0.392920,-3.308689,-0.396720,0.001026,0.040706,0.040719,0.025880,0.003801,0.026158,1.000000,-0.000006,10.01,1
1621,3.800,-3.307663,-0.356014,-3.307663,-0.356014,-3.308689,-0.398160,,,,0.001026,0.042146,0.042158,1.000000,-0.000006,0.00,0
1622,3.801,-3.307663,-0.356014,-3.307663,-0.356014,-3.308689,-0.399600,,,,0.001026,0.043586,0.043598,1.000000,-0.000006,0.00,0
1623,3.802,-3.307663,-0.356014,-3.307663,-0.356014,-3.308689,-0.401040,,,,0.001026,0.045026,0.045038,1.000000,-0.000006,0.00,0
1624,3.804,-3.307663,-0.356014,-3.307663,-0.356014,-3.308689,-0.402480,,,,0.001026,0.046466,0.046477,1.000000,-0.000006,0.00,0
1625,3.805,-3.307663,-0.356014,-3.307663,-0.356014,-3.308689,-0.403920,,,,0.001026,0.047906,0.047917,1.000000,-0.000006,0.00,0
1626,3.807,-3.307663,-0.356014,-3.307663,-0.356014,-3.308689,-0.405360,,,,0.001026,0.049346,0.049357,1.000000,-0.000006,0.00,0
1627,3.808,-3.307663,-0.356014,-3.307663,-0.356014,-3.308689,-0.406800,,,,0.001026,0.050786,0.050796,1.000000,-0.000006,0.00,0
1628,3.809,-3.307663,-0.356014,-3.307663,-0.356014,-3.308689,-0.408240,,,,0.001026,0.052226,0.052236,1.000000,-0.000006,0.00,0
1629,3.810,-3.307663,-0.356014,-3.307663,-0.356014,-3.308689,-0.409680,,,,0.001026,0.053666,0.053676,1.000000,-0.000006,0.00,0
1630,3.812,-3.307663,-0.356014,-3.307663,-0.356014,-3.308689,-0.411120,,,,0.001026,0.055106,0.055115,1.000000,-0.000006,0.00,0
1631,3.812,-3.307663,-0.356014,-3.307663,-0.356014,-3.308689,-0.412560,,,,0.001026,0.056546,0.056555,1.000000,-0.000006,0.00,0
1632,3.815,-3.307663,-0.356014,-3.307663,-0.356014,-3.308689,-0.414000,,,,0.001026,0.057986,0.057995,1.000000,-0.000006,0.00,0
1633,3.816,-3.307663,-0.356014,-3.307663,-0.356014,-3.308689,-0.415440,,,,0.001026,0.059426,0.059435,1.000000,-0.000006,0.00,0
1634,3.817,-3.307663,-0.356014,-3.307663,-0.356014,-3.308689,-0.416880,,,,0.001026,0.060866,0.060875,1.000000,-0.000006,0.00,0
1635,3.828,-3.274861,-0.399317,-3.224147,-0.464404,-3.308689,-0.418320,0.033828,0.019003,0.038800,0.084541,-0.046084,0.096286,1.000000,-0.000006,10.50,1
1636,3.831,-3.274861,-0.399317,-3.274861,-0.399317,-3.308689,-0.419760,,,,0.033828,0.020443,0.039525,1.000000,-0.000006,0.00,0
1637,3.832,-3.274861,-0.399317,-3.274861,-0.399317,-3.308689,-0.421200,,,,0.033828,0.021883,0.040289,1.000000,-0.000006,0.00,0
1638,3.833,-3.274861,-0.399317,-3.274861,-0.399317,-3.308689,-0.422640,,,,0.033828,0.023323,0.041088,1.000000,-0.000006,0.00,0
1639,3.834,-3.274861,-0.399317,-3.274861,-0.399317,-3.308689,-0.424080,,,,0.033828,0.024763,0.041923,1.000000,-0.000006,0.00,0
1640,3.835,-3.274861,-0.399317,-3.274861,-0.399317,-3.308689,-0.425520,,,,0.033828,0.026203,0.042789,1.000000,-0.000006,0.00,0
1641,3.836,-3.274861,-0.399317,-3.274861,-0.399317,-3.308689,-0.426960,,,,0.033828,0.027643,0.043686,1.000000,-0.000006,0.00,0
1642,3.837,-3.274861,-0.399317,-3.274861,-0.399317,-3.308689,-0.428400,,,,0.033828,0.029083,0.044611,1.000000,-0.000006,0.00,0
1643,3.839,-3.274861,-0.399317,-3.274861,-0.399317,-3.308689,-0.429840,,,,0.033828,0.030523,0.045563,1.000000,-0.000006,0.00,0
1644,3.840,-3.274861,-0.399317,-3.274861,-0.399317,-3.308689,-0.431280,,,,0.033828,0.031963,0.046540,1.000000,-0.000006,0.00,0
1645,3.842,-3.274861,-0.399317,-3.274861,-0.399317,-3.308689,-0.432720,,,,0.033828,0.033403,0.047540,1.000000,-0.000006,0.00,0
1646,3.842,-3.274861,-0.399317,-3.274861,-0.399317,-3.308689,-0.434160,,,,0.033828,0.034843,0.048563,1.000000,-0.000006,0.00,0
1647,3.844,-3.274861,-0.399317,-3.274861,-0.399317,-3.308689,-0.435600,,,,0.033828,0.036283,0.049606,1.000000,-0.000006,0.00,0
1648,3.845,-3.274861,-0.399317,-3.274861,-0.399317,-3.308689,-0.437040,,,,0.033828,0.037723,0.050669,1.000000,-0.000006,0.00,0
1649,3.846,-3.274861,-0.399317,-3.274861,-0.399317,-3.308689,-0.438480,,,,0.033828,0.039163,0.051750,1.000000,-0.000006,0.00,0
1650,3.858,-3.269378,-0.419504,-3.301178,-0.401189,-3.308689,-0.439920,0.039311,0.020416,0.044296,0.007511,0.038731,0.039453,1.000000,-0.000006,11.01,1
1651,3.861,-3.269378,-0.419504,-3.269378,-0.419504,-3.308689,-0.441360,,,,0.039311,0.021856,0.044978,1.000000,-0.000006,0.00,0
1652,3.862,-3.269378,-0.419504,-3.269378,-0.419504,-3.308689,-0.442800,,,,0.039311,0.023296,0.045695,1.000000,-0.000006,0.00,0
1653,3.864,-3.269378,-0.419504,-3.269378,-0.419504,-3.308689,-0.444240,,,,0.039311,0.024736,0.046446,1.000000,-0.000006,0.00,0
1654,3.865,-3.269378,-0.419504,-3.269378,-0.419504,-3.308689,-0.445680,,,,0.039311,0.026176,0.047229,1.000000,-0.000006,0.00,0
1655,3.866,-3.269378,-0.419504,-3.269378,-0.419504,-3.308689,-0.447120,,,,0.039311,0.027616,0.048042,1.000000,-0.000006,0.00,0
1656,3.867,-3.269378,-0.419504,-3.269378,-0.419504,-3.308689,-0.448560,,,,0.039311,0.029056,0.048884,1.000000,-0.000006,0.00,0
1657,3.868,-3.269378,-0.419504,-3.269378,-0.419504,-3.308689,-0.450000,,,,0.039311,0.030496,0.049753,1.000000,-0.000006,0.00,0
1658,3.870,-3.269378,-0.419504,-3.269378,-0.419504,-3.308689,-0.451440,,,,0.039311,0.031936,0.050648,1.000000,-0.000006,0.00,0
1659,3.872,-3.269378,-0.419504,-3.269378,-0.419504,-3.308689,-0.452880,,,,0.039311,0.033376,0.051568,1.000000,-0.000006,0.00,0
1660,3.873,-3.269378,-0.419504,-3.269378,-0.419504,-3.308689,-0.454320,,,,0.039311,0.034816,0.052512,1.000000,-0.000006,0.00,0
1661,3.874,-3.269378,-0.419504,-3.269378,-0.419504,-3.308689,-0.455760,,,,0.039311,0.036256,0.053478,1.000000,-0.000006,0.00,0
1662,3.875,-3.269378,-0.419504,-3.269378,-0.419504,-3.308689,-0.457200,,,,0.039311,0.037696,0.054464,1.000000,-0.000006,0.00,0
1663,3.877,-3.269378,-0.419504,-3.269378,-0.419504,-3.308689,-0.458640,,,,0.039311,0.039136,0.055471,1.000000,-0.000006,0.00,0
1664,3.878,-3.269378,-0.419504,-3.269378,-0.419504,-3.308689,-0.460080,,,,0.039311,0.040576,0.056496,1.000000,-0.000006,0.00,0
1665,3.891,-3.262687,-0.424790,-3.262737,-0.408778,-3.308689,-0.461520,0.046001,0.036730,0.058866,0.045952,0.052742,0.069952,1.000000,-0.000006,10.01,1
1666,3.892,-3.262687,-0.424790,-3.262687,-0.424790,-3.308689,-0.462960,,,,0.046001,0.038170,0.059775,1.000000,-0.000006,0.00,0
1667,3.893,-3.262687,-0.424790,-3.262687,-0.424790,-3.308689,-0.464400,,,,0.046001,0.039610,0.060705,1.000000,-0.000006,0.00,0
1668,3.895,-3.262687,-0.424790,-3.262687,-0.424790,-3.308689,-0.465840,,,,0.046001,0.041050,0.061654,1.000000,-0.000006,0.00,0
1669,3.897,-3.262687,-0.424790,-3.262687,-0.424790,-3.308689,-0.467280,,,,0.046001,0.042490,0.062622,1.000000,-0.000006,0.00,0
1670,3.898,-3.262687,-0.424790,-3.262687,-0.424790,-3.308689,-0.468720,,,,0.046001,0.043930,0.063608,1.000000,-0.000006,0.00,0
1671,3.900,-3.262687,-0.424790,-3.262687,-0.424790,-3.308689,-0.470160,,,,0.046001,0.045370,0.064611,1.000000,-0.000006,0.00,0
1672,3.901,-3.262687,-0.424790,-3.262687,-0.424790,-3.308689,-0.471600,,,,0.046001,0.046810,0.065630,1.000000,-0.000006,0.00,0
1673,3.902,-3.262687,-0.424790,-3.262687,-0.424790,-3.308689,-0.473040,,,,0.046001,0.048250,0.066665,1.000000,-0.000007,0.00,0
1674,3.903,-3.262687,-0.424790,-3.262687,-0.424790,-3.308689,-0.474480,,,,0.046001,0.049690,0.067714,1.000000,-0.000007,0.00,0
1675,3.904,-3.262687,-0.424790,-3.262687,-0.424790,-3.308689,-0.475920,,,,0.046001,0.051130,0.068778,1.000000,-0.000007,0.00,0
1676,3.905,-3.262687,-0.424790,-3.262687,-0.424790,-3.308689,-0.477360,,,,0.046001,0.052570,0.069855,1.000000,-0.000007,0.00,0
1677,3.906,-3.262687,-0.424790,-3.262687,-0.424790,-3.308689,-0.478800,,,,0.046001,0.054010,0.070945,1.000000,-0.000007,0.00,0
1678,3.907,-3.262687,-0.424790,-3.262687,-0.424790,-3.308689,-0.480240,,,,0.046001,0.055450,0.072047,1.000000,-0.000007,0.00,0
1679,3.908,-3.262687,-0.424790,-3.262687,-0.424790,-3.308689,-0.481680,,,,0.046001,0.056890,0.073161,1.000000,-0.000007,0.00,0
1680,3.920,-3.284912,-0.411505,-3.290821,-0.424549,-3.308689,-0.483120,0.023777,0.071615,0.075459,0.017868,0.058572,0.061236,1.000000,-0.000007,10.52,1
1681,3.923,-3.284912,-0.411505,-3.284912,-0.411505,-3.308689,-0.484560,,,,0.023777,0.073055,0.076827,1.000000,-0.000007,0.00,0
1682,3.924,-3.284912,-0.411505,-3.284912,-0.411505,-3.308689,-0.486000,,,,0.023777,0.074495,0.078197,1.000000,-0.000007,0.00,0
1683,3.925,-3.284912,-0.411505,-3.284912,-0.411505,-3.308689,-0.487440,,,,0.023777,0.075935,0.079570,1.000000,-0.000007,0.00,0
1684,3.926,-3.284912,-0.411505,-3.284912,-0.411505,-3.308689,-0.488880,,,,0.023777,0.077375,0.080946,1.000000,-0.000007,0.00,0
1685,3.928,-3.284912,-0.411505,-3.284912,-0.411505,-3.308689,-0.490320,,,,0.023777,0.078815,0.082323,1.000000,-0.000007,0.00,0
1686,3.930,-3.284912,-0.411505,-3.284912,-0.411505,-3.308689,-0.491760,,,,0.023777,0.080255,0.083703,1.000000,-0.000007,0.00,0
1687,3.931,-3.284912,-0.411505,-3.284912,-0.411505,-3.308689,-0.493200,,,,0.023777,0.081695,0.085085,1.000000,-0.000007,0.00,0
1688,3.932,-3.284912,-0.411505,-3.284912,-0.411505,-3.308689,-0.494640,,,,0.023777,0.083135,0.086468,1.000000,-0.000007,0.00,0
1689,3.934,-3.284912,-0.411505,-3.284912,-0.411505,-3.308689,-0.496080,,,,0.023777,0.084575,0.087854,1.000000,-0.000007,0.00,0
1690,3.935,-3.284912,-0.411505,-3.284912,-0.411505,-3.308689,-0.497520,,,,0.023777,0.086015,0.089241,1.000000,-0.000007,0.00,0
1691,3.936,-3.284912,-0.411505,-3.284912,-0.411505,-3.308689,-0.498960,,,,0.023777,0.087455,0.090630,1.000000,-0.000007,0.00,0
1692,3.937,-3.284912,-0.411505,-3.284912,-0.411505,-3.308689,-0.500400,,,,0.023777,0.088895,0.092020,1.000000,-0.000007,0.00,0
1693,3.939,-3.284912,-0.411505,-3.284912,-0.411505,-3.308689,-0.501840,,,,0.023777,0.090335,0.093412,1.000000,-0.000007,0.00,0
1694,3.940,-3.284912,-0.411505,-3.284912,-0.411505,-3.308689,-0.503280,,,,0.023777,0.091775,0.094805,1.000000,-0.000007,0.00,0
1695,3.952,-3.275349,-0.445070,-3.272490,-0.501882,-3.308689,-0.504720,0.033339,0.059651,0.068335,0.036199,0.002838,0.036310,1.000000,-0.000007,10.01,1
1696,3.955,-3.275349,-0.445070,-3.275349,-0.445070,-3.308689,-0.506160,,,,0.033339,0.061091,0.069596,1.000000,-0.000007,0.00,0
1697,3.960,-3.275349,-0.445070,-3.275349,-0.445070,-3.308689,-0.507600,,,,0.033339,0.062531,0.070863,1.000000,-0.000007,0.00,0
1698,3.962,-3.275349,-0.445070,-3.275349,-0.445070,-3.308689,-0.509040,,,,0.033339,0.063971,0.072137,1.000000,-0.000007,0.00,0
1699,3.964,-3.275349,-0.445070,-3.275349,-0.445070,-3.308689,-0.510480,,,,0.033339,0.065411,0.073417,1.000000,-0.000007,0.00,0
1700,3.965,-3.275349,-0.445070,-3.275349,-0.445070,-3.308689,-0.511920,,,,0.033339,0.066851,0.074703,1.000000,-0.000007,0.00,0
1701,3.966,-3.275349,-0.445070,-3.275349,-0.445070,-3.308689,-0.513360,,,,0.033339,0.068291,0.075994,1.000000,-0.000007,0.00,0
1702,3.967,-3.275349,-0.445070,-3.275349,-0.445070,-3.308689,-0.514800,,,,0.033339,0.069731,0.077291,1.000000,-0.000007,0.00,0
1703,3.968,-3.275349,-0.445070,-3.275349,-0.445070,-3.308689,-0.516240,,,,0.033339,0.071171,0.078593,1.000000,-0.000007,0.00,0
1704,3.969,-3.275349,-0.445070,-3.275349,-0.445070,-3.308689,-0.517680,,,,0.033339,0.072611,0.079899,1.000000,-0.000007,0.00,0
1705,3.970,-3.275349,-0.445070,-3.275349,-0.445070,-3.308689,-0.519120,,,,0.033339,0.074051,0.081210,1.000000,-0.000007,0.00,0
1706,3.971,-3.275349,-0.445070,-3.275349,-0.445070,-3.308689,-0.520560,,,,0.033339,0.075491,0.082525,1.000000,-0.000007,0.00,0
1707,3.972,-3.275349,-0.445070,-3.275349,-0.445070,-3.308689,-0.522000,,,,0.033339,0.076931,0.083844,1.000000,-0.000007,0.00,0
1708,3.974,-3.275349,-0.445070,-3.275349,-0.445070,-3.308689,-0.523440,,,,0.033339,0.078371,0.085167,1.000000,-0.000007,0.00,0
1709,3.975,-3.275349,-0.445070,-3.275349,-0.445070,-3.308689,-0.524880,,,,0.033339,0.079811,0.086494,1.000000,-0.000007,0.00,0
1710,3.987,-3.255930,-0.514362,-3.204478,-0.616655,-3.308689,-0.526320,0.052759,0.011958,0.054097,0.104211,-0.090335,0.137914,1.000000,-0.000007,11.01,1
1711,3.989,-3.255930,-0.514362,-3.255930,-0.514362,-3.308689,-0.527760,,,,0.052759,0.013398,0.054434,1.000000,-0.000007,0.00,0
1712,3.990,-3.255930,-0.514362,-3.255930,-0.514362,-3.308689,-0.529200,,,,0.052759,0.014838,0.054806,1.000000,-0.000007,0.00,0
1713,3.991,-3.255930,-0.514362,-3.255930,-0.514362,-3.308689,-0.530640,,,,0.052759,0.016278,0.055213,1.000000,-0.000007,0.00,0
1714,3.992,-3.255930,-0.514362,-3.255930,-0.514362,-3.308689,-0.532080,,,,0.052759,0.017718,0.055655,1.000000,-0.000007,0.00,0
1715,3.994,-3.255930,-0.514362,-3.255930,-0.514362,-3.308689,-0.533520,,,,0.052759,0.019158,0.056130,1.000000,-0.000007,0.00,0
1716,3.995,-3.255930,-0.514362,-3.255930,-0.514362,-3.308689,-0.534960,,,,0.052759,0.020598,0.056637,1.000000,-0.000007,0.00,0
1717,3.996,-3.255930,-0.514362,-3.255930,-0.514362,-3.308689,-0.536400,,,,0.052759,0.022038,0.057177,1.000000,-0.000007,0.00,0
1718,3.997,-3.255930,-0.514362,-3.255930,-0.514362,-3.308689,-0.537840,,,,0.052759,0.023478,0.057747,1.000000,-0.000007,0.00,0
1719,3.998,-3.255930,-0.514362,-3.255930,-0.514362,-3.308689,-0.539280,,,,0.052759,0.024918,0.058347,1.000000,-0.000007,0.00,0
1720,3.999,-3.255930,-0.514362,-3.255930,-0.514362,-3.308689,-0.540720,,,,0.052759,0.026358,0.058977,1.000000,-0.000007,0.00,0
1721,4.000,-3.255930,-0.514362,-3.255930,-0.514362,-3.308689,-0.542160,,,,0.052759,0.027798,0.059634,1.000000,-0.000007,0.00,0
1722,4.001,-3.255930,-0.514362,-3.255930,-0.514362,-3.308689,-0.543600,,,,0.052759,0.029238,0.060319,1.000000,-0.000007,0.00,0
1723,4.002,-3.255930,-0.514362,-3.255930,-0.514362,-3.308689,-0.545040,,,,0.052759,0.030678,0.061030,1.000000,-0.000007,0.00,0
1724,4.004,-3.255930,-0.514362,-3.255930,-0.514362,-3.308689,-0.546480,,,,0.052759,0.032118,0.061766,1.000000,-0.000007,0.00,0
1725,4.016,-3.270071,-0.558019,-3.333244,-0.555518,-3.308689,-0.547921,0.038618,-0.010098,0.039916,-0.024555,-0.007598,0.025704,1.000000,-0.000007,10.01,1
1726,4.018,-3.270071,-0.558019,-3.270071,-0.558019,-3.308689,-0.549361,,,,0.038618,-0.008658,0.039576,1.000000,-0.000007,0.00,0
1727,4.019,-3.270071,-0.558019,-3.270071,-0.558019,-3.308689,-0.550801,,,,0.038618,-0.007218,0.039287,1.000000,-0.000007,0.00,0
1728,4.021,-3.270071,-0.558019,-3.270071,-0.558019,-3.308689,-0.552241,,,,0.038618,-0.005778,0.039048,1.000000,-0.000007,0.00,0
1729,4.022,-3.270071,-0.558019,-3.270071,-0.558019,-3.308689,-0.553681,,,,0.038618,-0.004338,0.038861,1.000000,-0.000007,0.00,0
1730,4.023,-3.270071,-0.558019,-3.270071,-0.558019,-3.308689,-0.555121,,,,0.038618,-0.002898,0.038726,1.000000,-0.000007,0.00,0
1731,4.025,-3.270071,-0.558019,-3.270071,-0.558019,-3.308689,-0.556561,,,,0.038618,-0.001458,0.038645,1.000000,-0.000007,0.00,0
1732,4.026,-3.270071,-0.558019,-3.270071,-0.558019,-3.308689,-0.558001,,,,0.038618,-0.000018,0.038618,1.000000,-0.000007,0.00,0
1733,4.027,-3.270071,-0.558019,-3.270071,-0.558019,-3.308689,-0.559441,,,,0.038618,0.001422,0.038644,1.000000,-0.000007,0.00,0
1734,4.029,-3.270071,-0.558019,-3.270071,-0.558019,-3.308689,-0.560881,,,,0.038618,0.002862,0.038724,1.000000,-0.000007,0.00,0
1735,4.030,-3.270071,-0.558019,-3.270071,-0.558019,-3.308689,-0.562321,,,,0.038618,0.004302,0.038857,1.000000,-0.000007,0.00,0
1736,4.031,-3.270071,-0.558019,-3.270071,-0.558019,-3.308689,-0.563761,,,,0.038618,0.005742,0.039042,1.000000,-0.000007,0.00,0
1737,4.032,-3.270071,-0.558019,-3.270071,-0.558019,-3.308689,-0.565201,,,,0.038618,0.007182,0.039280,1.000000,-0.000007,0.00,0
1738,4.034,-3.270071,-0.558019,-3.270071,-0.558019,-3.308689,-0.566641,,,,0.038618,0.008622,0.039569,1.000000,-0.000007,0.00,0
1739,4.036,-3.270071,-0.558019,-3.270071,-0.558019,-3.308689,-0.568081,,,,0.038618,0.010062,0.039907,1.000000,-0.000007,0.00,0
1740,4.048,-3.275267,-0.580151,-3.288079,-0.568279,-3.308689,-0.569521,0.033421,-0.010630,0.035071,0.020610,0.001241,0.020647,1.000000,-0.000007,11.01,1
1741,4.049,-3.275267,-0.580151,-3.275267,-0.580151,-3.308689,-0.570961,,,,0.033421,-0.009190,0.034662,1.000000,-0.000007,0.00,0
1742,4.050,-3.275267,-0.580151,-3.275267,-0.580151,-3.308689,-0.572401,,,,0.033421,-0.007750,0.034308,1.000000,-0.000007,0.00,0
1743,4.051,-3.275267,-0.580151,-3.275267,-0.580151,-3.308689,-0.573841,,,,0.033421,-0.006310,0.034012,1.000000,-0.000007,0.00,0
1744,4.054,-3.275267,-0.580151,-3.275267,-0.580151,-3.308689,-0.575281,,,,0.033421,-0.004870,0.033774,1.000000,-0.000007,0.00,0
1745,4.055,-3.275267,-0.580151,-3.275267,-0.580151,-3.308689,-0.576721,,,,0.033421,-0.003430,0.033597,1.000000,-0.000007,0.00,0
1746,4.056,-3.275267,-0.580151,-3.275267,-0.580151,-3.308689,-0.578161,,,,0.033421,-0.001990,0.033481,1.000000,-0.000007,0.00,0
1747,4.057,-3.275267,-0.580151,-3.275267,-0.580151,-3.308689,-0.579601,,,,0.033421,-0.000550,0.033426,1.000000,-0.000007,0.00,0
1748,4.058,-3.275267,-0.580151,-3.275267,-0.580151,-3.308689,-0.581041,,,,0.033421,0.000890,0.033433,1.000000,-0.000007,0.00,0
1749,4.059,-3.275267,-0.580151,-3.275267,-0.580151,-3.308689,-0.582481,,,,0.033421,0.002330,0.033503,1.000000,-0.000007,0.00,0
1750,4.060,-3.275267,-0.580151,-3.275267,-0.580151,-3.308689,-0.583921,,,,0.033421,0.003770,0.033633,1.000000,-0.000007,0.00,0
1751,4.062,-3.275267,-0.580151,-3.275267,-0.580151,-3.308689,-0.585361,,,,0.033421,0.005210,0.033825,1.000000,-0.000007,0.00,0
1752,4.062,-3.275267,-0.580151,-3.275267,-0.580151,-3.308689,-0.586801,,,,0.033421,0.006650,0.034077,1.000000,-0.000007,0.00,0
1753,4.064,-3.275267,-0.580151,-3.275267,-0.580151,-3.308689,-0.588241,,,,0.033421,0.008090,0.034387,1.000000,-0.000007,0.00,0
1754,4.066,-3.275267,-0.580151,-3.275267,-0.580151,-3.308689,-0.589681,,,,0.033421,0.009530,0.034754,1.000000,-0.000006,0.00,0
1755,4.077,-3.324142,-0.547137,-3.351103,-0.517614,-3.308689,-0.591121,-0.015453,0.043983,0.046619,-0.042414,0.073506,0.084865,1.000000,-0.000006,10.01,1
1756,4.079,-3.324142,-0.547137,-3.324142,-0.547137,-3.308689,-0.592561,,,,-0.015453,0.045423,0.047980,1.000000,-0.000006,0.00,0
1757,4.081,-3.324142,-0.547137,-3.324142,-0.547137,-3.308689,-0.594001,,,,-0.015453,0.046863,0.049345,1.000000,-0.000006,0.00,0
1758,4.082,-3.324142,-0.547137,-3.324142,-0.547137,-3.308689,-0.595441,,,,-0.015453,0.048303,0.050715,1.000000,-0.000006,0.00,0
1759,4.084,-3.324142,-0.547137,-3.324142,-0.547137,-3.308689,-0.596881,,,,-0.015453,0.049743,0.052088,1.000000,-0.000006,0.00,0
1760,4.085,-3.324142,-0.547137,-3.324142,-0.547137,-3.308689,-0.598321,,,,-0.015453,0.051183,0.053465,1.000000,-0.000006,0.00,0
1761,4.086,-3.324142,-0.547137,-3.324142,-0.547137,-3.308689,-0.599761,,,,-0.015453,0.052623,0.054845,1.000000,-0.000006,0.00,0
1762,4.087,-3.324142,-0.547137,-3.324142,-0.547137,-3.308689,-0.601201,,,,-0.015453,0.054063,0.056229,1.000000,-0.000006,0.00,0
1763,4.088,-3.324142,-0.547137,-3.324142,-0.547137,-3.308689,-0.602641,,,,-0.015453,0.055503,0.057614,1.000000,-0.000006,0.00,0
1764,4.089,-3.324142,-0.547137,-3.324142,-0.547137,-3.308689,-0.604081,,,,-0.015453,0.056943,0.059003,1.000000,-0.000006,0.00,0
1765,4.090,-3.324142,-0.547137,-3.324142,-0.547137,-3.308689,-0.605521,,,,-0.015453,0.058383,0.060394,1.000000,-0.000006,0.00,0
1766,4.091,-3.324142,-0.547137,-3.324142,-0.547137,-3.308689,-0.606961,,,,-0.015453,0.059823,0.061787,1.000000,-0.000006,0.00,0
1767,4.092,-3.324142,-0.547137,-3.324142,-0.547137,-3.308689,-0.608401,,,,-0.015453,0.061263,0.063182,1.000000,-0.000006,0.00,0
1768,4.094,-3.324142,-0.547137,-3.324142,-0.547137,-3.308689,-0.609841,,,,-0.015453,0.062703,0.064579,1.000000,-0.000006,0.00,0
1769,4.096,-3.324142,-0.547137,-3.324142,-0.547137,-3.308689,-0.611281,,,,-0.015453,0.064143,0.065979,1.000000,-0.000006,0.00,0
1770,4.108,-3.321014,-0.571030,-3.323860,-0.627197,-3.308689,-0.612721,-0.012325,0.041690,0.043474,-0.015171,-0.014476,0.020970,1.000000,-0.000006,10.01,1
1771,4.109,-3.321014,-0.571030,-3.321014,-0.571030,-3.308689,-0.614161,,,,-0.012325,0.043130,0.044857,1.000000,-0.000006,0.00,0
1772,4.110,-3.321014,-0.571030,-3.321014,-0.571030,-3.308689,-0.615601,,,,-0.012325,0.044570,0.046243,1.000000,-0.000006,0.00,0
1773,4.112,-3.321014,-0.571030,-3.321014,-0.571030,-3.308689,-0.617041,,,,-0.012325,0.046010,0.047633,1.000000,-0.000006,0.00,0
1774,4.112,-3.321014,-0.571030,-3.321014,-0.571030,-3.308689,-0.618481,,,,-0.012325,0.047450,0.049025,1.000000,-0.000006,0.00,0
1775,4.114,-3.321014,-0.571030,-3.321014,-0.571030,-3.308689,-0.619921,,,,-0.012325,0.048890,0.050420,1.000000,-0.000006,0.00,0
1776,4.116,-3.321014,-0.571030,-3.321014,-0.571030,-3.308689,-0.621361,,,,-0.012325,0.050330,0.051818,1.000000,-0.000006,0.00,0
1777,4.117,-3.321014,-0.571030,-3.321014,-0.571030,-3.308689,-0.622801,,,,-0.012325,0.051770,0.053217,1.000000,-0.000006,0.00,0
1778,4.118,-3.321014,-0.571030,-3.321014,-0.571030,-3.308689,-0.624241,,,,-0.012325,0.053210,0.054619,1.000000,-0.000006,0.00,0
1779,4.119,-3.321014,-0.571030,-3.321014,-0.571030,-3.308689,-0.625681,,,,-0.012325,0.054650,0.056023,1.000000,-0.000006,0.00,0
1780,4.121,-3.321014,-0.571030,-3.321014,-0.571030,-3.308689,-0.627121,,,,-0.012325,0.056090,0.057429,1.000000,-0.000006,0.00,0
1781,4.122,-3.321014,-0.571030,-3.321014,-0.571030,-3.308689,-0.628561,,,,-0.012325,0.057530,0.058836,1.000000,-0.000006,0.00,0
1782,4.123,-3.321014,-0.571030,-3.321014,-0.571030,-3.308689,-0.630001,,,,-0.012325,0.058970,0.060245,1.000000,-0.000006,0.00,0
1783,4.124,-3.321014,-0.571030,-3.321014,-0.571030,-3.308689,-0.631441,,,,-0.012325,0.060410,0.061655,1.000000,-0.000006,0.00,0
1784,4.126,-3.321014,-0.571030,-3.321014,-0.571030,-3.308689,-0.632881,,,,-0.012325,0.061850,0.063067,1.000000,-0.000006,0.00,0
1785,4.138,-3.316576,-0.618969,-3.274764,-0.712095,-3.308689,-0.634321,-0.007887,0.015352,0.017259,0.033925,-0.077774,0.084851,1.000000,-0.000006,11.01,1
1786,4.140,-3.316576,-0.618969,-3.316576,-0.618969,-3.308689,-0.635761,,,,-0.007887,0.016792,0.018552,1.000000,-0.000006,0.00,0
1787,4.141,-3.316576,-0.618969,-3.316576,-0.618969,-3.308689,-0.637201,,,,-0.007887,0.018232,0.019865,1.000000,-0.000006,0.00,0
1788,4.142,-3.316576,-0.618969,-3.316576,-0.618969,-3.308689,-0.638641,,,,-0.007887,0.019672,0.021194,1.000000,-0.000006,0.00,0
1789,4.144,-3.316576,-0.618969,-3.316576,-0.618969,-3.308689,-0.640081,,,,-0.007887,0.021112,0.022537,1.000000,-0.000006,0.00,0
1790,4.145,-3.316576,-0.618969,-3.316576,-0.618969,-3.308689,-0.641521,,,,-0.007887,0.022552,0.023891,1.000000,-0.000006,0.00,0
1791,4.146,-3.316576,-0.618969,-3.316576,-0.618969,-3.308689,-0.642961,,,,-0.007887,0.023992,0.025255,1.000000,-0.000006,0.00,0
1792,4.147,-3.316576,-0.618969,-3.316576,-0.618969,-3.308689,-0.644401,,,,-0.007887,0.025432,0.026627,1.000000,-0.000006,0.00,0
1793,4.148,-3.316576,-0.618969,-3.316576,-0.618969,-3.308689,-0.645841,,,,-0.007887,0.026872,0.028005,1.000000,-0.000006,0.00,0
1794,4.149,-3.316576,-0.618969,-3.316576,-0.618969,-3.308689,-0.647281,,,,-0.007887,0.028312,0.029390,1.000000,-0.000006,0.00,0
1795,4.150,-3.316576,-0.618969,-3.316576,-0.618969,-3.308689,-0.648721,,,,-0.007887,0.029752,0.030780,1.000000,-0.000006,0.00,0
1796,4.151,-3.316576,-0.618969,-3.316576,-0.618969,-3.308689,-0.650160,,,,-0.007887,0.031192,0.032174,1.000000,-0.000006,0.00,0
1797,4.152,-3.316576,-0.618969,-3.316576,-0.618969,-3.308689,-0.651600,,,,-0.007887,0.032632,0.033572,1.000000,-0.000006,0.00,0
1798,4.154,-3.316576,-0.618969,-3.316576,-0.618969,-3.308689,-0.653040,,,,-0.007887,0.034072,0.034973,1.000000,-0.000006,0.00,0
1799,4.155,-3.316576,-0.618969,-3.316576,-0.618969,-3.308689,-0.654480,,,,-0.007887,0.035512,0.036377,1.000000,-0.000006,0.00,0
1800,4.167,-3.324982,-0.664070,-3.376323,-0.652919,-3.308689,-0.655920,-0.016294,-0.008150,0.018218,-0.067634,0.003002,0.067701,1.000000,-0.000006,11.01,1
1801,4.169,-3.324982,-0.664070,-3.324982,-0.664070,-3.308689,-0.657360,,,,-0.016294,-0.006710,0.017621,1.000000,-0.000006,0.00,0
1802,4.170,-3.324982,-0.664070,-3.324982,-0.664070,-3.308689,-0.658800,,,,-0.016294,-0.005270,0.017125,1.000000,-0.000006,0.00,0
1803,4.171,-3.324982,-0.664070,-3.324982,-0.664070,-3.308689,-0.660240,,,,-0.016294,-0.003830,0.016738,1.000000,-0.000006,0.00,0
1804,4.172,-3.324982,-0.664070,-3.324982,-0.664070,-3.308689,-0.661680,,,,-0.016294,-0.002390,0.016468,1.000000,-0.000006,0.00,0
1805,4.174,-3.324982,-0.664070,-3.324982,-0.664070,-3.308689,-0.663120,,,,-0.016294,-0.000950,0.016321,1.000000,-0.000006,0.00,0
1806,4.176,-3.324982,-0.664070,-3.324982,-0.664070,-3.308689,-0.664560,,,,-0.016294,0.000490,0.016301,1.000000,-0.000006,0.00,0
1807,4.177,-3.324982,-0.664070,-3.324982,-0.664070,-3.308689,-0.666000,,,,-0.016294,0.001930,0.016408,1.000000,-0.000006,0.00,0
1808,4.178,-3.324982,-0.664070,-3.324982,-0.664070,-3.308689,-0.667440,,,,-0.016294,0.003370,0.016639,1.000000,-0.000006,0.00,0
1809,4.179,-3.324982,-0.664070,-3.324982,-0.664070,-3.308689,-0.668880,,,,-0.016294,0.004810,0.016989,1.000000,-0.000006,0.00,0
1810,4.180,-3.324982,-0.664070,-3.324982,-0.664070,-3.308689,-0.670320,,,,-0.016294,0.006250,0.017451,1.000000,-0.000006,0.00,0
1811,4.181,-3.324982,-0.664070,-3.324982,-0.664070,-3.308689,-0.671760,,,,-0.016294,0.007690,0.018017,1.000000,-0.000006,0.00,0
1812,4.182,-3.324982,-0.664070,-3.324982,-0.664070,-3.308689,-0.673200,,,,-0.016294,0.009130,0.018677,1.000000,-0.000006,0.00,0
1813,4.184,-3.324982,-0.664070,-3.324982,-0.664070,-3.308689,-0.674640,,,,-0.016294,0.010570,0.019422,1.000000,-0.000006,0.00,0
1814,4.185,-3.324982,-0.664070,-3.324982,-0.664070,-3.308689,-0.676080,,,,-0.016294,0.012010,0.020242,1.000000,-0.000006,0.00,0
1815,4.198,-3.355645,-0.670339,-3.415849,-0.646003,-3.308689,-0.677520,-0.046957,0.007182,0.047503,-0.107160,0.031518,0.111699,1.000000,-0.000006,11.01,1
1816,4.199,-3.355645,-0.670339,-3.355645,-0.670339,-3.308689,-0.678960,,,,-0.046957,0.008622,0.047742,1.000000,-0.000006,0.00,0
1817,4.200,-3.355645,-0.670339,-3.355645,-0.670339,-3.308689,-0.680400,,,,-0.046957,0.010062,0.048023,1.000000,-0.000006,0.00,0
1818,4.201,-3.355645,-0.670339,-3.355645,-0.670339,-3.308689,-0.681840,,,,-0.046957,0.011502,0.048345,1.000000,-0.000006,0.00,0
1819,4.202,-3.355645,-0.670339,-3.355645,-0.670339,-3.308689,-0.683280,,,,-0.046957,0.012942,0.048708,1.000000,-0.000006,0.00,0
1820,4.204,-3.355645,-0.670339,-3.355645,-0.670339,-3.308689,-0.684720,,,,-0.046957,0.014382,0.049110,1.000000,-0.000006,0.00,0
1821,4.206,-3.355645,-0.670339,-3.355645,-0.670339,-3.308689,-0.686160,,,,-0.046957,0.015822,0.049551,1.000000,-0.000006,0.00,0
1822,4.207,-3.355645,-0.670339,-3.355645,-0.670339,-3.308689,-0.687600,,,,-0.046957,0.017262,0.050029,1.000000,-0.000006,0.00,0
1823,4.208,-3.355645,-0.670339,-3.355645,-0.670339,-3.308689,-0.689040,,,,-0.046957,0.018702,0.050544,1.000000,-0.000006,0.00,0
1824,4.209,-3.355645,-0.670339,-3.355645,-0.670339,-3.308689,-0.690480,,,,-0.046957,0.020142,0.051094,1.000000,-0.000006,0.00,0
1825,4.210,-3.355645,-0.670339,-3.355645,-0.670339,-3.308689,-0.691920,,,,-0.046957,0.021582,0.051679,1.000000,-0.000006,0.00,0
1826,4.211,-3.355645,-0.670339,-3.355645,-0.670339,-3.308689,-0.693360,,,,-0.046957,0.023022,0.052297,1.000000,-0.000006,0.00,0
1827,4.212,-3.355645,-0.670339,-3.355645,-0.670339,-3.308689,-0.694800,,,,-0.046957,0.024462,0.052946,1.000000,-0.000006,0.00,0
1828,4.214,-3.355645,-0.670339,-3.355645,-0.670339,-3.308689,-0.696240,,,,-0.046957,0.025902,0.053627,1.000000,-0.000006,0.00,0
1829,4.215,-3.355645,-0.670339,-3.355645,-0.670339,-3.308689,-0.697680,,,,-0.046957,0.027342,0.054337,1.000000,-0.000006,0.00,0
1830,4.226,-3.375041,-0.637727,-3.332950,-0.614260,-3.308689,-0.699120,-0.066352,0.061393,0.090398,-0.024261,0.084861,0.088260,1.000000,-0.000006,10.01,1
1831,4.229,-3.375041,-0.637727,-3.375041,-0.637727,-3.307895,-0.700560,,,,-0.067146,0.062833,0.091959,1.000000,-0.000006,0.00,0
1832,4.229,-3.375041,-0.637727,-3.375041,-0.637727,-3.307054,-0.702000,,,,-0.067987,0.064273,0.093559,1.000000,-0.000006,0.00,0
1833,4.231,-3.375041,-0.637727,-3.375041,-0.637727,-3.306206,-0.703440,,,,-0.068834,0.065713,0.095165,1.000000,-0.000006,0.00,0
1834,4.232,-3.375041,-0.637727,-3.375041,-0.637727,-3.305359,-0.704880,,,,-0.069682,0.067153,0.096774,1.000000,-0.000006,0.00,0
1835,4.232,-3.375041,-0.637727,-3.375041,-0.637727,-3.304513,-0.706320,,,,-0.070528,0.068593,0.098383,1.000000,-0.000006,0.00,0
1836,4.235,-3.375041,-0.637727,-3.375041,-0.637727,-3.303668,-0.707760,,,,-0.071373,0.070033,0.099994,1.000000,-0.000006,0.00,0
1837,4.236,-3.375041,-0.637727,-3.375041,-0.637727,-3.302823,-0.709200,,,,-0.072217,0.071473,0.101606,1.000000,-0.000006,0.00,0
1838,4.237,-3.375041,-0.637727,-3.375041,-0.637727,-3.301980,-0.710640,,,,-0.073061,0.072913,0.103219,1.000000,-0.000006,0.00,0
1839,4.238,-3.375041,-0.637727,-3.375041,-0.637727,-3.301137,-0.712080,,,,-0.073903,0.074353,0.104834,1.000000,-0.000006,0.00,0
1840,4.239,-3.375041,-0.637727,-3.375041,-0.637727,-3.300295,-0.713520,,,,-0.074746,0.075793,0.106450,1.000000,-0.000006,0.00,0
1841,4.240,-3.375041,-0.637727,-3.375041,-0.637727,-3.299453,-0.714960,,,,-0.075588,0.077233,0.108067,1.000000,-0.000006,0.00,0
1842,4.241,-3.375041,-0.637727,-3.375041,-0.637727,-3.298611,-0.716400,,,,-0.076429,0.078673,0.109685,1.000000,-0.000006,0.00,0
1843,4.242,-3.375041,-0.637727,-3.375041,-0.637727,-3.297770,-0.717840,,,,-0.077271,0.080113,0.111305,1.000000,-0.000006,0.00,0
1844,4.244,-3.375041,-0.637727,-3.375041,-0.637727,-3.296929,-0.719280,,,,-0.078112,0.081553,0.112926,1.000000,-0.000006,0.00,0
1845,4.257,-3.343700,-0.660912,-3.282301,-0.722473,-3.296088,-0.720720,-0.047612,0.059809,0.076446,0.013787,-0.001753,0.013897,1.000000,-0.000006,11.01,1
1846,4.259,-3.343700,-0.660912,-3.343700,-0.660912,-3.296041,-0.722160,,,,-0.047659,0.061249,0.077607,1.000000,-0.000006,0.00,0
1847,4.264,-3.343700,-0.660912,-3.343700,-0.660912,-3.296041,-0.723600,,,,-0.047659,0.062689,0.078748,1.000000,-0.000006,0.00,0
1848,4.266,-3.343700,-0.660912,-3.343700,-0.660912,-3.296048,-0.725040,,,,-0.047652,0.064129,0.079895,1.000000,-0.000006,0.00,0
1849,4.267,-3.343700,-0.660912,-3.343700,-0.660912,-3.296055,-0.726480,,,,-0.047645,0.065568,0.081051,1.000000,-0.000006,0.00,0
1850,4.268,-3.343700,-0.660912,-3.343700,-0.660912,-3.296060,-0.727920,,,,-0.047640,0.067008,0.082217,1.000000,-0.000006,0.00,0
1851,4.269,-3.343700,-0.660912,-3.343700,-0.660912,-3.296065,-0.729360,,,,-0.047635,0.068448,0.083392,1.000000,-0.000006,0.00,0
1852,4.270,-3.343700,-0.660912,-3.343700,-0.660912,-3.296068,-0.730800,,,,-0.047631,0.069888,0.084576,1.000000,-0.000006,0.00,0
1853,4.271,-3.343700,-0.660912,-3.343700,-0.660912,-3.296071,-0.732240,,,,-0.047629,0.071328,0.085769,1.000000,-0.000006,0.00,0
1854,4.272,-3.343700,-0.660912,-3.343700,-0.660912,-3.296073,-0.733680,,,,-0.047626,0.072768,0.086969,1.000000,-0.000006,0.00,0
1855,4.274,-3.343700,-0.660912,-3.343700,-0.660912,-3.296075,-0.735120,,,,-0.047625,0.074208,0.088176,1.000000,-0.000006,0.00,0
1856,4.275,-3.343700,-0.660912,-3.343700,-0.660912,-3.296076,-0.736560,,,,-0.047623,0.075648,0.089391,1.000000,-0.000006,0.00,0
1857,4.276,-3.343700,-0.660912,-3.343700,-0.660912,-3.296078,-0.738000,,,,-0.047622,0.077088,0.090612,1.000000,-0.000006,0.00,0
1858,4.277,-3.343700,-0.660912,-3.343700,-0.660912,-3.296078,-0.739440,,,,-0.047621,0.078528,0.091840,1.000000,-0.000006,0.00,0
1859,4.279,-3.343700,-0.660912,-3.343700,-0.660912,-3.296079,-0.740880,,,,-0.047621,0.079968,0.093073,1.000000,-0.000006,0.00,0
1860,4.290,-3.283103,-0.681424,-3.234057,-0.707541,-3.296080,-0.742320,0.012977,0.060896,0.062263,0.062023,0.034779,0.071109,1.000000,-0.000006,9.85,1
1861,4.292,-3.283103,-0.681424,-3.283103,-0.681424,-3.296080,-0.743760,,,,0.012977,0.062336,0.063672,1.000000,-0.000006,0.00,0
1862,4.293,-3.283103,-0.681424,-3.283103,-0.681424,-3.296080,-0.745200,,,,0.012978,0.063776,0.065083,1.000000,-0.000006,0.00,0
1863,4.295,-3.283103,-0.681424,-3.283103,-0.681424,-3.296081,-0.746640,,,,0.012978,0.065216,0.066494,1.000000,-0.000006,0.00,0
1864,4.296,-3.283103,-0.681424,-3.283103,-0.681424,-3.296081,-0.748080,,,,0.012978,0.066656,0.067907,1.000000,-0.000006,0.00,0
1865,4.297,-3.283103,-0.681424,-3.283103,-0.681424,-3.296081,-0.749520,,,,0.012978,0.068096,0.069321,1.000000,-0.000006,0.00,0
1866,4.298,-3.283103,-0.681424,-3.283103,-0.681424,-3.296081,-0.750960,,,,0.012978,0.069536,0.070737,1.000000,-0.000006,0.00,0
1867,4.300,-3.283103,-0.681424,-3.283103,-0.681424,-3.296081,-0.752400,,,,0.012979,0.070976,0.072153,1.000000,-0.000006,0.00,0
1868,4.301,-3.283103,-0.681424,-3.283103,-0.681424,-3.296081,-0.753840,,,,0.012979,0.072416,0.073570,1.000000,-0.000006,0.00,0
1869,4.302,-3.283103,-0.681424,-3.283103,-0.681424,-3.296081,-0.755280,,,,0.012979,0.073856,0.074987,1.000000,-0.000006,0.00,0
1870,4.303,-3.283103,-0.681424,-3.283103,-0.681424,-3.296082,-0.756720,,,,0.012979,0.075296,0.076406,1.000000,-0.000006,0.00,0
1871,4.304,-3.283103,-0.681424,-3.283103,-0.681424,-3.296082,-0.758160,,,,0.012979,0.076736,0.077826,1.000000,-0.000006,0.00,0
1872,4.305,-3.283103,-0.681424,-3.283103,-0.681424,-3.296082,-0.759600,,,,0.012979,0.078176,0.079246,1.000000,-0.000006,0.00,0
1873,4.306,-3.283103,-0.681424,-3.283103,-0.681424,-3.296082,-0.761040,,,,0.012979,0.079616,0.080667,1.000000,-0.000006,0.00,0
1874,4.307,-3.283103,-0.681424,-3.283103,-0.681424,-3.296082,-0.762480,,,,0.012979,0.081056,0.082088,1.000000,-0.000006,0.00,0
1875,4.320,-3.289445,-0.717415,-3.351976,-0.722231,-3.296082,-0.763920,0.006637,0.046505,0.046976,-0.055894,0.041689,0.069729,1.000000,-0.000006,11.52,1
1876,4.322,-3.289445,-0.717415,-3.289445,-0.717415,-3.296082,-0.765360,,,,0.006637,0.047945,0.048402,1.000000,-0.000006,0.00,0
1877,4.323,-3.289445,-0.717415,-3.289445,-0.717415,-3.296082,-0.766800,,,,0.006637,0.049385,0.049829,1.000000,-0.000006,0.00,0
1878,4.324,-3.289445,-0.717415,-3.289445,-0.717415,-3.296082,-0.768240,,,,0.006637,0.050825,0.051257,1.000000,-0.000006,0.00,0
1879,4.325,-3.289445,-0.717415,-3.289445,-0.717415,-3.296082,-0.769680,,,,0.006637,0.052265,0.052685,1.000000,-0.000006,0.00,0
1880,4.326,-3.289445,-0.717415,-3.289445,-0.717415,-3.296082,-0.771120,,,,0.006637,0.053705,0.054114,1.000000,-0.000006,0.00,0
1881,4.327,-3.289445,-0.717415,-3.289445,-0.717415,-3.296082,-0.772560,,,,0.006637,0.055145,0.055543,1.000000,-0.000006,0.00,0
1882,4.329,-3.289445,-0.717415,-3.289445,-0.717415,-3.296082,-0.774000,,,,0.006637,0.056585,0.056973,1.000000,-0.000006,0.00,0
1883,4.329,-3.289445,-0.717415,-3.289445,-0.717415,-3.296082,-0.775440,,,,0.006637,0.058025,0.058403,1.000000,-0.000006,0.00,0
1884,4.331,-3.289445,-0.717415,-3.289445,-0.717415,-3.296082,-0.776880,,,,0.006637,0.059465,0.059834,1.000000,-0.000006,0.00,0
1885,4.332,-3.289445,-0.717415,-3.289445,-0.717415,-3.296082,-0.778320,,,,0.006637,0.060905,0.061266,1.000000,-0.000006,0.00,0
1886,4.332,-3.289445,-0.717415,-3.289445,-0.717415,-3.296082,-0.779760,,,,0.006637,0.062345,0.062697,1.000000,-0.000006,0.00,0
1887,4.334,-3.289445,-0.717415,-3.289445,-0.717415,-3.296082,-0.781200,,,,0.006637,0.063785,0.064130,1.000000,-0.000007,0.00,0
1888,4.336,-3.289445,-0.717415,-3.289445,-0.717415,-3.296082,-0.782640,,,,0.006637,0.065225,0.065562,1.000000,-0.000007,0.00,0
1889,4.337,-3.289445,-0.717415,-3.289445,-0.717415,-3.296082,-0.784080,,,,0.006637,0.066665,0.066995,1.000000,-0.000007,0.00,0
1890,4.349,-3.322369,-0.712505,-3.381074,-0.707743,-3.296082,-0.785520,-0.026287,0.073015,0.077603,-0.084993,0.077778,0.115209,1.000000,-0.000007,11.01,1
1891,4.351,-3.322369,-0.712505,-3.322369,-0.712505,-3.296082,-0.786960,,,,-0.026287,0.074455,0.078959,1.000000,-0.000007,0.00,0
1892,4.352,-3.322369,-0.712505,-3.322369,-0.712505,-3.296082,-0.788400,,,,-0.026287,0.075895,0.080319,1.000000,-0.000007,0.00,0
1893,4.354,-3.322369,-0.712505,-3.322369,-0.712505,-3.296082,-0.789840,,,,-0.026287,0.077335,0.081681,1.000000,-0.000007,0.00,0
1894,4.355,-3.322369,-0.712505,-3.322369,-0.712505,-3.296082,-0.791280,,,,-0.026287,0.078775,0.083045,1.000000,-0.000007,0.00,0
1895,4.356,-3.322369,-0.712505,-3.322369,-0.712505,-3.296082,-0.792720,,,,-0.026287,0.080215,0.084413,1.000000,-0.000007,0.00,0
1896,4.357,-3.322369,-0.712505,-3.322369,-0.712505,-3.296082,-0.794160,,,,-0.026287,0.081655,0.085782,1.000000,-0.000007,0.00,0
1897,4.358,-3.322369,-0.712505,-3.322369,-0.712505,-3.296082,-0.795600,,,,-0.026287,0.083095,0.087154,1.000000,-0.000007,0.00,0
1898,4.359,-3.322369,-0.712505,-3.322369,-0.712505,-3.296082,-0.797040,,,,-0.026287,0.084535,0.088528,1.000000,-0.000007,0.00,0
1899,4.360,-3.322369,-0.712505,-3.322369,-0.712505,-3.296082,-0.798480,,,,-0.026287,0.085975,0.089904,1.000000,-0.000007,0.00,0
1900,4.362,-3.322369,-0.712505,-3.322369,-0.712505,-3.296082,-0.799920,,,,-0.026287,0.087415,0.091282,1.000000,-0.000007,0.00,0
1901,4.362,-3.322369,-0.712505,-3.322369,-0.712505,-3.296082,-0.801360,,,,-0.026287,0.088855,0.092662,1.000000,-0.000007,0.00,0
1902,4.364,-3.322369,-0.712505,-3.322369,-0.712505,-3.296082,-0.802800,,,,-0.026287,0.090295,0.094044,1.000000,-0.000007,0.00,0
1903,4.366,-3.322369,-0.712505,-3.322369,-0.712505,-3.296082,-0.804240,,,,-0.026287,0.091735,0.095427,1.000000,-0.000007,0.00,0
1904,4.367,-3.322369,-0.712505,-3.322369,-0.712505,-3.296082,-0.805680,,,,-0.026287,0.093175,0.096812,1.000000,-0.000007,0.00,0
1905,4.379,-3.373254,-0.701470,-3.386711,-0.674436,-3.296082,-0.807120,-0.077172,0.105650,0.130834,-0.090629,0.132684,0.160682,1.000000,-0.000007,11.01,1
1906,4.381,-3.373254,-0.701470,-3.373254,-0.701470,-3.295307,-0.808560,,,,-0.077947,0.107090,0.132454,1.000000,-0.000007,0.00,0
1907,4.382,-3.373254,-0.701470,-3.373254,-0.701470,-3.294486,-0.810000,,,,-0.078768,0.108530,0.134101,1.000000,-0.000007,0.00,0
1908,4.382,-3.373254,-0.701470,-3.373254,-0.701470,-3.293659,-0.811440,,,,-0.079595,0.109970,0.135753,1.000000,-0.000007,0.00,0
1909,4.384,-3.373254,-0.701470,-3.373254,-0.701470,-3.292831,-0.812880,,,,-0.080422,0.111410,0.137405,1.000000,-0.000007,0.00,0
1910,4.385,-3.373254,-0.701470,-3.373254,-0.701470,-3.292005,-0.814320,,,,-0.081249,0.112850,0.139056,1.000000,-0.000007,0.00,0
1911,4.386,-3.373254,-0.701470,-3.373254,-0.701470,-3.291180,-0.815760,,,,-0.082074,0.114290,0.140707,1.000000,-0.000007,0.00,0
1912,4.387,-3.373254,-0.701470,-3.373254,-0.701470,-3.290356,-0.817200,,,,-0.082898,0.115730,0.142357,1.000000,-0.000007,0.00,0
1913,4.389,-3.373254,-0.701470,-3.373254,-0.701470,-3.289533,-0.818640,,,,-0.083721,0.117170,0.144007,1.000000,-0.000007,0.00,0
1914,4.390,-3.373254,-0.701470,-3.373254,-0.701470,-3.288710,-0.820080,,,,-0.084544,0.118610,0.145657,1.000000,-0.000007,0.00,0
1915,4.390,-3.373254,-0.701470,-3.373254,-0.701470,-3.287888,-0.821520,,,,-0.085366,0.120050,0.147307,1.000000,-0.000007,0.00,0
1916,4.392,-3.373254,-0.701470,-3.373254,-0.701470,-3.287066,-0.822960,,,,-0.086188,0.121490,0.148957,1.000000,-0.000007,0.00,0
1917,4.393,-3.373254,-0.701470,-3.373254,-0.701470,-3.286245,-0.824400,,,,-0.087009,0.122930,0.150607,1.000000,-0.000007,0.00,0
1918,4.394,-3.373254,-0.701470,-3.373254,-0.701470,-3.285423,-0.825840,,,,-0.087831,0.124370,0.152257,1.000000,-0.000007,0.00,0
1919,4.395,-3.373254,-0.701470,-3.373254,-0.701470,-3.284602,-0.827280,,,,-0.088652,0.125810,0.153907,1.000000,-0.000007,0.00,0
1920,4.407,-3.364235,-0.720349,-3.324919,-0.778867,-3.283781,-0.828720,-0.080454,0.108372,0.134971,-0.041138,0.049854,0.064635,1.000000,-0.000007,10.01,1
1921,4.410,-3.364235,-0.720349,-3.364235,-0.720349,-3.283735,-0.830160,,,,-0.080500,0.109812,0.136158,1.000000,-0.000007,0.00,0
1922,4.412,-3.364235,-0.720349,-3.364235,-0.720349,-3.283735,-0.831600,,,,-0.080499,0.111252,0.137321,1.000000,-0.000007,0.00,0
1923,4.413,-3.364235,-0.720349,-3.364235,-0.720349,-3.283742,-0.833040,,,,-0.080493,0.112692,0.138487,1.000000,-0.000007,0.00,0
1924,4.414,-3.364235,-0.720349,-3.364235,-0.720349,-3.283749,-0.834480,,,,-0.080486,0.114132,0.139657,1.000000,-0.000007,0.00,0
1925,4.416,-3.364235,-0.720349,-3.364235,-0.720349,-3.283754,-0.835920,,,,-0.080481,0.115572,0.140833,1.000000,-0.000007,0.00,0
1926,4.417,-3.364235,-0.720349,-3.364235,-0.720349,-3.283758,-0.837360,,,,-0.080476,0.117012,0.142015,1.000000,-0.000007,0.00,0
1927,4.418,-3.364235,-0.720349,-3.364235,-0.720349,-3.283762,-0.838800,,,,-0.080473,0.118452,0.143202,1.000000,-0.000007,0.00,0
1928,4.420,-3.364235,-0.720349,-3.364235,-0.720349,-3.283765,-0.840240,,,,-0.080470,0.119892,0.144394,1.000000,-0.000007,0.00,0
1929,4.420,-3.364235,-0.720349,-3.364235,-0.720349,-3.283767,-0.841680,,,,-0.080468,0.121332,0.145590,1.000000,-0.000007,0.00,0
1930,4.422,-3.364235,-0.720349,-3.364235,-0.720349,-3.283769,-0.843120,,,,-0.080466,0.122772,0.146791,1.000000,-0.000007,0.00,0
1931,4.423,-3.364235,-0.720349,-3.364235,-0.720349,-3.283770,-0.844560,,,,-0.080465,0.124212,0.147997,1.000000,-0.000007,0.00,0
1932,4.424,-3.364235,-0.720349,-3.364235,-0.720349,-3.283771,-0.846000,,,,-0.080464,0.125652,0.149207,1.000000,-0.000007,0.00,0
1933,4.426,-3.364235,-0.720349,-3.364235,-0.720349,-3.283772,-0.847440,,,,-0.080463,0.127092,0.150421,1.000000,-0.000007,0.00,0
1934,4.428,-3.364235,-0.720349,-3.364235,-0.720349,-3.283773,-0.848881,,,,-0.080462,0.128532,0.151640,1.000000,-0.000007,0.00,0
1935,4.441,-3.327008,-0.745649,-3.269393,-0.783644,-3.283773,-0.850321,-0.043235,0.104671,0.113249,0.014380,0.066676,0.068209,1.000000,-0.000007,10.01,1
1936,4.442,-3.327008,-0.745649,-3.327008,-0.745649,-3.283774,-0.851761,,,,-0.043234,0.106111,0.114581,1.000000,-0.000007,0.00,0
1937,4.443,-3.327008,-0.745649,-3.327008,-0.745649,-3.283774,-0.853201,,,,-0.043234,0.107551,0.115916,1.000000,-0.000007,0.00,0
1938,4.444,-3.327008,-0.745649,-3.327008,-0.745649,-3.283774,-0.854641,,,,-0.043234,0.108991,0.117253,1.000000,-0.000007,0.00,0
1939,4.445,-3.327008,-0.745649,-3.327008,-0.745649,-3.283774,-0.856081,,,,-0.043234,0.110431,0.118593,1.000000,-0.000007,0.00,0
1940,4.447,-3.327008,-0.745649,-3.327008,-0.745649,-3.283775,-0.857521,,,,-0.043233,0.111871,0.119935,1.000000,-0.000006,0.00,0
1941,4.448,-3.327008,-0.745649,-3.327008,-0.745649,-3.283775,-0.858961,,,,-0.043233,0.113311,0.121279,1.000000,-0.000006,0.00,0
1942,4.450,-3.327008,-0.745649,-3.327008,-0.745649,-3.283775,-0.860401,,,,-0.043233,0.114751,0.122625,1.000000,-0.000006,0.00,0
1943,4.451,-3.327008,-0.745649,-3.327008,-0.745649,-3.283775,-0.861841,,,,-0.043233,0.116191,0.123974,1.000000,-0.000006,0.00,0
1944,4.452,-3.327008,-0.745649,-3.327008,-0.745649,-3.283775,-0.863281,,,,-0.043233,0.117631,0.125325,1.000000,-0.000006,0.00,0
1945,4.454,-3.327008,-0.745649,-3.327008,-0.745649,-3.283775,-0.864721,,,,-0.043233,0.119071,0.126677,1.000000,-0.000006,0.00,0
1946,4.455,-3.327008,-0.745649,-3.327008,-0.745649,-3.283775,-0.866161,,,,-0.043233,0.120511,0.128032,1.000000,-0.000006,0.00,0
1947,4.456,-3.327008,-0.745649,-3.327008,-0.745649,-3.283775,-0.867601,,,,-0.043233,0.121951,0.129388,1.000000,-0.000006,0.00,0
1948,4.457,-3.327008,-0.745649,-3.327008,-0.745649,-3.283775,-0.869041,,,,-0.043233,0.123391,0.130746,1.000000,-0.000006,0.00,0
1949,4.458,-3.327008,-0.745649,-3.327008,-0.745649,-3.283775,-0.870481,,,,-0.043233,0.124831,0.132106,1.000000,-0.000006,0.00,0
1950,4.469,-3.332910,-0.795121,-3.404418,-0.822853,-3.283775,-0.871921,-0.049135,0.076799,0.091172,-0.120643,0.049068,0.130239,1.000000,-0.000006,10.01,1
1951,4.472,-3.332910,-0.795121,-3.332910,-0.795121,-3.283775,-0.873361,,,,-0.049135,0.078239,0.092388,1.000000,-0.000006,0.00,0
1952,4.472,-3.332910,-0.795121,-3.332910,-0.795121,-3.283775,-0.874801,,,,-0.049135,0.079679,0.093611,1.000000,-0.000006,0.00,0
1953,4.475,-3.332910,-0.795121,-3.332910,-0.795121,-3.283775,-0.876241,,,,-0.049135,0.081119,0.094840,1.000000,-0.000006,0.00,0
1954,4.476,-3.332910,-0.795121,-3.332910,-0.795121,-3.283775,-0.877681,,,,-0.049135,0.082559,0.096074,1.000000,-0.000006,0.00,0
1955,4.477,-3.332910,-0.795121,-3.332910,-0.795121,-3.283775,-0.879121,,,,-0.049135,0.083999,0.097314,1.000000,-0.000006,0.00,0
1956,4.478,-3.332910,-0.795121,-3.332910,-0.795121,-3.283775,-0.880561,,,,-0.049135,0.085439,0.098560,1.000000,-0.000006,0.00,0
1957,4.479,-3.332910,-0.795121,-3.332910,-0.795121,-3.283775,-0.882001,,,,-0.049135,0.086879,0.099811,1.000000,-0.000006,0.00,0
1958,4.480,-3.332910,-0.795121,-3.332910,-0.795121,-3.283775,-0.883441,,,,-0.049135,0.088319,0.101067,1.000000,-0.000006,0.00,0
1959,4.481,-3.332910,-0.795121,-3.332910,-0.795121,-3.283775,-0.884881,,,,-0.049135,0.089759,0.102328,1.000000,-0.000006,0.00,0
1960,4.483,-3.332910,-0.795121,-3.332910,-0.795121,-3.283775,-0.886321,,,,-0.049135,0.091199,0.103593,1.000000,-0.000006,0.00,0
1961,4.484,-3.332910,-0.795121,-3.332910,-0.795121,-3.283775,-0.887761,,,,-0.049135,0.092639,0.104863,1.000000,-0.000006,0.00,0
1962,4.485,-3.332910,-0.795121,-3.332910,-0.795121,-3.283775,-0.889201,,,,-0.049135,0.094079,0.106137,1.000000,-0.000006,0.00,0
1963,4.486,-3.332910,-0.795121,-3.332910,-0.795121,-3.283775,-0.890641,,,,-0.049135,0.095519,0.107416,1.000000,-0.000006,0.00,0
1964,4.487,-3.332910,-0.795121,-3.332910,-0.795121,-3.283775,-0.892081,,,,-0.049135,0.096959,0.108698,1.000000,-0.000006,0.00,0
1965,4.499,-3.354741,-0.813907,-3.390411,-0.835223,-3.283775,-0.893521,-0.070966,0.079614,0.106651,-0.106636,0.058298,0.121531,1.000000,-0.000006,10.01,1
1966,4.502,-3.354741,-0.813907,-3.354741,-0.813907,-3.283775,-0.894961,,,,-0.070966,0.081054,0.107730,1.000000,-0.000006,0.00,0
1967,4.504,-3.354741,-0.813907,-3.354741,-0.813907,-3.283775,-0.896401,,,,-0.070966,0.082494,0.108818,1.000000,-0.000006,0.00,0
1968,4.505,-3.354741,-0.813907,-3.354741,-0.813907,-3.283775,-0.897841,,,,-0.070966,0.083934,0.109914,1.000000,-0.000006,0.00,0
1969,4.506,-3.354741,-0.813907,-3.354741,-0.813907,-3.283775,-0.899281,,,,-0.070966,0.085374,0.111017,1.000000,-0.000006,0.00,0
1970,4.508,-3.354741,-0.813907,-3.354741,-0.813907,-3.283775,-0.900721,,,,-0.070966,0.086814,0.112128,1.000000,-0.000006,0.00,0
1971,4.509,-3.354741,-0.813907,-3.354741,-0.813907,-3.283775,-0.902161,,,,-0.070966,0.088254,0.113247,1.000000,-0.000006,0.00,0
1972,4.510,-3.354741,-0.813907,-3.354741,-0.813907,-3.283775,-0.903601,,,,-0.070966,0.089694,0.114373,1.000000,-0.000006,0.00,0
1973,4.511,-3.354741,-0.813907,-3.354741,-0.813907,-3.283775,-0.905041,,,,-0.070966,0.091134,0.115505,1.000000,-0.000006,0.00,0
1974,4.512,-3.354741,-0.813907,-3.354741,-0.813907,-3.283775,-0.906481,,,,-0.070966,0.092574,0.116645,1.000000,-0.000006,0.00,0
1975,4.515,-3.354741,-0.813907,-3.354741,-0.813907,-3.283775,-0.907921,,,,-0.070966,0.094014,0.117791,1.000000,-0.000006,0.00,0
1976,4.515,-3.354741,-0.813907,-3.354741,-0.813907,-3.283775,-0.909361,,,,-0.070966,0.095454,0.118943,1.000000,-0.000006,0.00,0
1977,4.517,-3.354741,-0.813907,-3.354741,-0.813907,-3.283775,-0.910801,,,,-0.070966,0.096894,0.120102,1.000000,-0.000006,0.00,0
1978,4.518,-3.354741,-0.813907,-3.354741,-0.813907,-3.283775,-0.912241,,,,-0.070966,0.098334,0.121267,1.000000,-0.000006,0.00,0
1979,4.519,-3.354741,-0.813907,-3.354741,-0.813907,-3.283775,-0.913681,,,,-0.070966,0.099774,0.122437,1.000000,-0.000006,0.00,0
1980,4.531,-3.394984,-0.800025,-3.390123,-0.741998,-3.283775,-0.915121,-0.111209,0.115096,0.160045,-0.106348,0.173122,0.203178,1.000000,-0.000006,11.01,1
1981,4.532,-3.394984,-0.800025,-3.394984,-0.800025,-3.282771,-0.916561,,,,-0.112213,0.116536,0.161779,1.000000,-0.000006,0.00,0
1982,4.535,-3.394984,-0.800025,-3.394984,-0.800025,-3.281706,-0.918001,,,,-0.113278,0.117976,0.163555,1.000000,-0.000006,0.00,0
1983,4.536,-3.394984,-0.800025,-3.394984,-0.800025,-3.280633,-0.919441,,,,-0.114351,0.119416,0.165337,1.000000,-0.000006,0.00,0
1984,4.538,-3.394984,-0.800025,-3.394984,-0.800025,-3.279561,-0.920881,,,,-0.115423,0.120856,0.167119,1.000000,-0.000006,0.00,0
1985,4.539,-3.394984,-0.800025,-3.394984,-0.800025,-3.278490,-0.922321,,,,-0.116494,0.122296,0.168900,1.000000,-0.000006,0.00,0
1986,4.540,-3.394984,-0.800025,-3.394984,-0.800025,-3.277420,-0.923761,,,,-0.117564,0.123736,0.170681,1.000000,-0.000006,0.00,0
1987,4.541,-3.394984,-0.800025,-3.394984,-0.800025,-3.276351,-0.925201,,,,-0.118633,0.125176,0.172461,1.000000,-0.000006,0.00,0
1988,4.542,-3.394984,-0.800025,-3.394984,-0.800025,-3.275284,-0.926641,,,,-0.119700,0.126616,0.174240,1.000000,-0.000006,0.00,0
1989,4.544,-3.394984,-0.800025,-3.394984,-0.800025,-3.274217,-0.928081,,,,-0.120767,0.128056,0.176020,1.000000,-0.000006,0.00,0
1990,4.546,-3.394984,-0.800025,-3.394984,-0.800025,-3.273151,-0.929521,,,,-0.121833,0.129496,0.177799,1.000000,-0.000006,0.00,0
1991,4.547,-3.394984,-0.800025,-3.394984,-0.800025,-3.272085,-0.930961,,,,-0.122899,0.130936,0.179578,1.000000,-0.000006,0.00,0
1992,4.548,-3.394984,-0.800025,-3.394984,-0.800025,-3.271020,-0.932401,,,,-0.123964,0.132376,0.181357,1.000000,-0.000006,0.00,0
1993,4.549,-3.394984,-0.800025,-3.394984,-0.800025,-3.269955,-0.933841,,,,-0.125029,0.133816,0.183136,1.000000,-0.000006,0.00,0
1994,4.550,-3.394984,-0.800025,-3.394984,-0.800025,-3.268890,-0.935281,,,,-0.126094,0.135256,0.184916,1.000000,-0.000006,0.00,0
1995,4.562,-3.339621,-0.822452,-3.238328,-0.890134,-3.267826,-0.936721,-0.071795,0.114269,0.134952,0.029498,0.046587,0.055141,1.000000,-0.000006,10.50,1
1996,4.565,-3.339621,-0.822452,-3.339621,-0.822452,-3.267766,-0.938161,,,,-0.071855,0.115709,0.136205,1.000000,-0.000006,0.00,0
1997,4.570,-3.339621,-0.822452,-3.339621,-0.822452,-3.267766,-0.939601,,,,-0.071854,0.117149,0.137430,1.000000,-0.000006,0.00,0
1998,4.571,-3.339621,-0.822452,-3.339621,-0.822452,-3.267775,-0.941041,,,,-0.071846,0.118589,0.138655,1.000000,-0.000006,0.00,0
1999,4.572,-3.339621,-0.822452,-3.339621,-0.822452,-3.267784,-0.942481,,,,-0.071837,0.120029,0.139884,1.000000,-0.000006,0.00,0
2000,4.573,-3.339621,-0.822452,-3.339621,-0.822452,-3.267791,-0.943921,,,,-0.071830,0.121469,0.141118,1.000000,-0.000006,0.00,0
2001,4.574,-3.339621,-0.822452,-3.339621,-0.822452,-3.267796,-0.945361,,,,-0.071824,0.122909,0.142356,1.000000,-0.000006,0.00,0
2002,4.576,-3.339621,-0.822452,-3.339621,-0.822452,-3.267801,-0.946801,,,,-0.071820,0.124349,0.143599,1.000000,-0.000006,0.00,0
2003,4.577,-3.339621,-0.822452,-3.339621,-0.822452,-3.267805,-0.948241,,,,-0.071816,0.125789,0.144846,1.000000,-0.000006,0.00,0
2004,4.578,-3.339621,-0.822452,-3.339621,-0.822452,-3.267807,-0.949681,,,,-0.071813,0.127229,0.146097,1.000000,-0.000006,0.00,0
2005,4.580,-3.339621,-0.822452,-3.339621,-0.822452,-3.267810,-0.951121,,,,-0.071811,0.128669,0.147352,1.000000,-0.000006,0.00,0
2006,4.581,-3.339621,-0.822452,-3.339621,-0.822452,-3.267811,-0.952561,,,,-0.071809,0.130109,0.148610,1.000000,-0.000006,0.00,0
2007,4.583,-3.339621,-0.822452,-3.339621,-0.822452,-3.267813,-0.954001,,,,-0.071808,0.131549,0.149872,1.000000,-0.000006,0.00,0
2008,4.584,-3.339621,-0.822452,-3.339621,-0.822452,-3.267814,-0.955441,,,,-0.071807,0.132989,0.151137,1.000000,-0.000006,0.00,0
2009,4.585,-3.339621,-0.822452,-3.339621,-0.822452,-3.267815,-0.956881,,,,-0.071806,0.134429,0.152405,1.000000,-0.000006,0.00,0
2010,4.597,-3.285637,-0.854335,-3.228458,-0.930874,-3.267815,-0.958321,-0.017821,0.103986,0.105502,0.039357,0.027447,0.047983,1.000000,-0.000006,10.01,1
2011,4.599,-3.285637,-0.854335,-3.285637,-0.854335,-3.267816,-0.959761,,,,-0.017821,0.105426,0.106921,1.000000,-0.000006,0.00,0
2012,4.602,-3.285637,-0.854335,-3.285637,-0.854335,-3.267816,-0.961201,,,,-0.017820,0.106866,0.108341,1.000000,-0.000006,0.00,0
2013,4.603,-3.285637,-0.854335,-3.285637,-0.854335,-3.267817,-0.962641,,,,-0.017820,0.108306,0.109762,1.000000,-0.000006,0.00,0
2014,4.604,-3.285637,-0.854335,-3.285637,-0.854335,-3.267817,-0.964081,,,,-0.017820,0.109746,0.111183,1.000000,-0.000006,0.00,0
2015,4.605,-3.285637,-0.854335,-3.285637,-0.854335,-3.267817,-0.965521,,,,-0.017819,0.111186,0.112604,1.000000,-0.000006,0.00,0
2016,4.606,-3.285637,-0.854335,-3.285637,-0.854335,-3.267817,-0.966961,,,,-0.017819,0.112626,0.114026,1.000000,-0.000006,0.00,0
2017,4.608,-3.285637,-0.854335,-3.285637,-0.854335,-3.267818,-0.968401,,,,-0.017819,0.114066,0.115449,1.000000,-0.000006,0.00,0
2018,4.609,-3.285637,-0.854335,-3.285637,-0.854335,-3.267818,-0.969841,,,,-0.017819,0.115506,0.116872,1.000000,-0.000006,0.00,0
2019,4.611,-3.285637,-0.854335,-3.285637,-0.854335,-3.267818,-0.971281,,,,-0.017819,0.116946,0.118295,1.000000,-0.000006,0.00,0
2020,4.612,-3.285637,-0.854335,-3.285637,-0.854335,-3.267818,-0.972721,,,,-0.017819,0.118386,0.119719,1.000000,-0.000006,0.00,0
2021,4.613,-3.285637,-0.854335,-3.285637,-0.854335,-3.267818,-0.974161,,,,-0.017819,0.119826,0.121143,1.000000,-0.000006,0.00,0
2022,4.615,-3.285637,-0.854335,-3.285637,-0.854335,-3.267818,-0.975601,,,,-0.017819,0.121266,0.122568,1.000000,-0.000006,0.00,0
2023,4.616,-3.285637,-0.854335,-3.285637,-0.854335,-3.267818,-0.977041,,,,-0.017819,0.122706,0.123993,1.000000,-0.000006,0.00,0
2024,4.618,-3.285637,-0.854335,-3.285637,-0.854335,-3.267818,-0.978481,,,,-0.017819,0.124145,0.125418,1.000000,-0.000006,0.00,0
2025,4.630,-3.238145,-0.917373,-3.247648,-0.931112,-3.267818,-0.979921,0.029673,0.062547,0.069229,0.020170,0.048808,0.052812,1.000000,-0.000006,11.51,1
2026,4.632,-3.238145,-0.917373,-3.238145,-0.917373,-3.267818,-0.980894,,,,0.029673,0.063521,0.070110,1.000000,-0.000007,0.00,0
2027,4.632,-3.238145,-0.917373,-3.238145,-0.917373,-3.267818,-0.981821,,,,0.029673,0.064448,0.070951,1.000000,-0.000007,0.00,0
2028,4.634,-3.238145,-0.917373,-3.238145,-0.917373,-3.267818,-0.982739,,,,0.029673,0.065366,0.071786,1.000000,-0.000007,0.00,0
2029,4.635,-3.238145,-0.917373,-3.238145,-0.917373,-3.267818,-0.983657,,,,0.029673,0.066284,0.072622,1.000000,-0.000007,0.00,0
2030,4.636,-3.238145,-0.917373,-3.238145,-0.917373,-3.267818,-0.984576,,,,0.029673,0.067202,0.073462,1.000000,-0.000007,0.00,0
2031,4.638,-3.238145,-0.917373,-3.238145,-0.917373,-3.267818,-0.985496,,,,0.029673,0.068122,0.074305,1.000000,-0.000007,0.00,0
2032,4.638,-3.238145,-0.917373,-3.238145,-0.917373,-3.267818,-0.986417,,,,0.029673,0.069044,0.075150,1.000000,-0.000007,0.00,0
2033,4.640,-3.238145,-0.917373,-3.238145,-0.917373,-3.267818,-0.987339,,,,0.029673,0.069966,0.075998,1.000000,-0.000007,0.00,0
2034,4.641,-3.238145,-0.917373,-3.238145,-0.917373,-3.267818,-0.988262,,,,0.029673,0.070889,0.076849,1.000000,-0.000007,0.00,0
2035,4.642,-3.238145,-0.917373,-3.238145,-0.917373,-3.267818,-0.989185,,,,0.029673,0.071812,0.077701,1.000000,-0.000007,0.00,0
2036,4.643,-3.238145,-0.917373,-3.238145,-0.917373,-3.267818,-0.990109,,,,0.029673,0.072736,0.078556,1.000000,-0.000007,0.00,0
2037,4.644,-3.238145,-0.917373,-3.238145,-0.917373,-3.267818,-0.991033,,,,0.029673,0.073660,0.079412,1.000000,-0.000007,0.00,0
2038,4.646,-3.238145,-0.917373,-3.238145,-0.917373,-3.267818,-0.991957,,,,0.029673,0.074584,0.080270,1.000000,-0.000007,0.00,0
2039,4.647,-3.238145,-0.917373,-3.238145,-0.917373,-3.267818,-0.992882,,,,0.029673,0.075509,0.081130,1.000000,-0.000007,0.00,0
2040,4.658,-3.236971,-0.946897,-3.234806,-0.978705,-3.267818,-0.993807,0.030847,0.046910,0.056143,0.033012,0.015101,0.036302,1.000000,-0.000007,11.02,1
2041,4.661,-3.236971,-0.946897,-3.236971,-0.946897,-3.267818,-0.994732,,,,0.030847,0.047835,0.056918,1.000000,-0.000007,0.00,0
2042,4.662,-3.236971,-0.946897,-3.236971,-0.946897,-3.267818,-0.993511,,,,0.030847,0.046614,0.055896,1.000000,-0.000010,0.00,0
2043,4.663,-3.236971,-0.946897,-3.236971,-0.946897,-3.267818,-0.992077,,,,0.030847,0.045180,0.054707,1.000000,-0.000011,0.00,0
2044,4.664,-3.236971,-0.946897,-3.236971,-0.946897,-3.267818,-0.990604,,,,0.030847,0.043707,0.053497,1.000000,-0.000010,0.00,0
2045,4.665,-3.236971,-0.946897,-3.236971,-0.946897,-3.267818,-0.989129,,,,0.030847,0.042232,0.052298,1.000000,-0.000010,0.00,0
2046,4.667,-3.236971,-0.946897,-3.236971,-0.946897,-3.267818,-0.987658,,,,0.030847,0.040761,0.051118,1.000000,-0.000010,0.00,0
2047,4.668,-3.236971,-0.946897,-3.236971,-0.946897,-3.267818,-0.986194,,,,0.030847,0.039297,0.049958,1.000000,-0.000010,0.00,0
2048,4.668,-3.236971,-0.946897,-3.236971,-0.946897,-3.267818,-0.984734,,,,0.030847,0.037837,0.048818,1.000000,-0.000009,0.00,0
2049,4.672,-3.236971,-0.946897,-3.236971,-0.946897,-3.267818,-0.983279,,,,0.030847,0.036382,0.047699,1.000000,-0.000009,0.00,0
2050,4.674,-3.236971,-0.946897,-3.236971,-0.946897,-3.267818,-0.981827,,,,0.030847,0.034930,0.046601,1.000000,-0.000009,0.00,0
2051,4.675,-3.236971,-0.946897,-3.236971,-0.946897,-3.267818,-0.980377,,,,0.030847,0.033480,0.045524,1.000000,-0.000009,0.00,0
2052,4.676,-3.236971,-0.946897,-3.236971,-0.946897,-3.267818,-0.978929,,,,0.030847,0.032032,0.044471,1.000000,-0.000009,0.00,0
2053,4.677,-3.236971,-0.946897,-3.236971,-0.946897,-3.267818,-0.977483,,,,0.030847,0.030586,0.043441,1.000000,-0.000009,0.00,0
2054,4.680,-3.236971,-0.946897,-3.236971,-0.946897,-3.267818,-0.976039,,,,0.030847,0.029142,0.042436,1.000000,-0.000009,0.00,0
2055,4.692,-3.243460,-0.936940,-3.247925,-0.901003,-3.267818,-0.974595,0.024358,0.037655,0.044847,0.019893,0.073592,0.076233,1.000000,-0.000009,11.01,1
2056,4.693,-3.243460,-0.936940,-3.243460,-0.936940,-3.267818,-0.973152,,,,0.024358,0.036212,0.043642,1.000000,-0.000009,0.00,0
2057,4.694,-3.243460,-0.936940,-3.243460,-0.936940,-3.267818,-0.971710,,,,0.024358,0.034770,0.042453,1.000000,-0.000009,0.00,0
2058,4.695,-3.243460,-0.936940,-3.243460,-0.936940,-3.267818,-0.970268,,,,0.024358,0.033328,0.041280,1.000000,-0.000009,0.00,0
2059,4.696,-3.243460,-0.936940,-3.243460,-0.936940,-3.267818,-0.968827,,,,0.024358,0.031886,0.040126,1.000000,-0.000009,0.00,0
2060,4.698,-3.243460,-0.936940,-3.243460,-0.936940,-3.267818,-0.967385,,,,0.024358,0.030445,0.038990,1.000000,-0.000009,0.00,0
2061,4.700,-3.243460,-0.936940,-3.243460,-0.936940,-3.267818,-0.965945,,,,0.024358,0.029004,0.037876,1.000000,-0.000008,0.00,0
2062,4.701,-3.243460,-0.936940,-3.243460,-0.936940,-3.267818,-0.964504,,,,0.024358,0.027564,0.036784,1.000000,-0.000008,0.00,0
2063,4.702,-3.243460,-0.936940,-3.243460,-0.936940,-3.267818,-0.963063,,,,0.024358,0.026123,0.035718,1.000000,-0.000008,0.00,0
2064,4.702,-3.243460,-0.936940,-3.243460,-0.936940,-3.267818,-0.961623,,,,0.024358,0.024683,0.034678,1.000000,-0.000008,0.00,0
2065,4.703,-3.243460,-0.936940,-3.243460,-0.936940,-3.267818,-0.960183,,,,0.024358,0.023242,0.033668,1.000000,-0.000008,0.00,0
2066,4.705,-3.243460,-0.936940,-3.243460,-0.936940,-3.267818,-0.958742,,,,0.024358,0.021802,0.032690,1.000000,-0.000008,0.00,0
2067,4.706,-3.243460,-0.936940,-3.243460,-0.936940,-3.267818,-0.957302,,,,0.024358,0.020362,0.031748,1.000000,-0.000008,0.00,0
2068,4.707,-3.243460,-0.936940,-3.243460,-0.936940,-3.267818,-0.955862,,,,0.024358,0.018922,0.030844,1.000000,-0.000008,0.00,0
2069,4.708,-3.243460,-0.936940,-3.243460,-0.936940,-3.267818,-0.954422,,,,0.024358,0.017482,0.029982,1.000000,-0.000008,0.00,0
2070,4.720,-3.243917,-0.933067,-3.249021,-0.919492,-3.267818,-0.952982,0.023901,0.019915,0.031110,0.018797,0.033490,0.038405,1.000000,-0.000008,10.52,1
2071,4.722,-3.243917,-0.933067,-3.243917,-0.933067,-3.267818,-0.951542,,,,0.023901,0.018475,0.030209,1.000000,-0.000008,0.00,0
2072,4.723,-3.243917,-0.933067,-3.243917,-0.933067,-3.267818,-0.950101,,,,0.023901,0.017035,0.029350,1.000000,-0.000008,0.00,0
2073,4.724,-3.243917,-0.933067,-3.243917,-0.933067,-3.267818,-0.948661,,,,0.023901,0.015595,0.028538,1.000000,-0.000008,0.00,0
2074,4.725,-3.243917,-0.933067,-3.243917,-0.933067,-3.267818,-0.947221,,,,0.023901,0.014155,0.027778,1.000000,-0.000008,0.00,0
2075,4.726,-3.243917,-0.933067,-3.243917,-0.933067,-3.267818,-0.945781,,,,0.023901,0.012715,0.027072,1.000000,-0.000008,0.00,0
2076,4.727,-3.243917,-0.933067,-3.243917,-0.933067,-3.267818,-0.944341,,,,0.023901,0.011275,0.026426,1.000000,-0.000008,0.00,0
2077,4.728,-3.243917,-0.933067,-3.243917,-0.933067,-3.267818,-0.942901,,,,0.023901,0.009835,0.025845,1.000000,-0.000008,0.00,0
2078,4.730,-3.243917,-0.933067,-3.243917,-0.933067,-3.267818,-0.941461,,,,0.023901,0.008395,0.025332,1.000000,-0.000008,0.00,0
2079,4.731,-3.243917,-0.933067,-3.243917,-0.933067,-3.267818,-0.940021,,,,0.023901,0.006955,0.024892,1.000000,-0.000008,0.00,0
2080,4.732,-3.243917,-0.933067,-3.243917,-0.933067,-3.267818,-0.938581,,,,0.023901,0.005515,0.024529,1.000000,-0.000008,0.00,0
2081,4.733,-3.243917,-0.933067,-3.243917,-0.933067,-3.267818,-0.937141,,,,0.023901,0.004075,0.024245,1.000000,-0.000008,0.00,0
2082,4.734,-3.243917,-0.933067,-3.243917,-0.933067,-3.267818,-0.935701,,,,0.023901,0.002635,0.024045,1.000000,-0.000008,0.00,0
2083,4.735,-3.243917,-0.933067,-3.243917,-0.933067,-3.267818,-0.934261,,,,0.023901,0.001195,0.023930,1.000000,-0.000008,0.00,0
2084,4.737,-3.243917,-0.933067,-3.243917,-0.933067,-3.267818,-0.932821,,,,0.023901,-0.000245,0.023902,1.000000,-0.000008,0.00,0
2085,4.749,-3.247567,-0.900761,-3.245754,-0.881788,-3.267818,-0.931381,0.020251,0.030620,0.036711,0.022064,0.049594,0.054280,1.000000,-0.000008,10.52,1
2086,4.752,-3.247567,-0.900761,-3.247567,-0.900761,-3.267818,-0.929941,,,,0.020251,0.029180,0.035519,1.000000,-0.000008,0.00,0
2087,4.754,-3.247567,-0.900761,-3.247567,-0.900761,-3.267818,-0.928501,,,,0.020251,0.027740,0.034346,1.000000,-0.000008,0.00,0
2088,4.755,-3.247567,-0.900761,-3.247567,-0.900761,-3.267818,-0.927061,,,,0.020251,0.026300,0.033194,1.000000,-0.000008,0.00,0
2089,4.757,-3.247567,-0.900761,-3.247567,-0.900761,-3.267818,-0.925621,,,,0.020251,0.024860,0.032065,1.000000,-0.000008,0.00,0
2090,4.758,-3.247567,-0.900761,-3.247567,-0.900761,-3.267818,-0.924181,,,,0.020251,0.023420,0.030962,1.000000,-0.000008,0.00,0
2091,4.759,-3.247567,-0.900761,-3.247567,-0.900761,-3.267818,-0.922741,,,,0.020251,0.021980,0.029887,1.000000,-0.000008,0.00,0
2092,4.760,-3.247567,-0.900761,-3.247567,-0.900761,-3.267818,-0.921301,,,,0.020251,0.020540,0.028845,1.000000,-0.000008,0.00,0
2093,4.762,-3.247567,-0.900761,-3.247567,-0.900761,-3.267818,-0.919861,,,,0.020251,0.019100,0.027838,1.000000,-0.000008,0.00,0
2094,4.764,-3.247567,-0.900761,-3.247567,-0.900761,-3.267818,-0.918421,,,,0.020251,0.017660,0.026870,1.000000,-0.000008,0.00,0
2095,4.765,-3.247567,-0.900761,-3.247567,-0.900761,-3.267818,-0.916981,,,,0.020251,0.016220,0.025946,1.000000,-0.000008,0.00,0
2096,4.766,-3.247567,-0.900761,-3.247567,-0.900761,-3.267818,-0.915541,,,,0.020251,0.014780,0.025071,1.000000,-0.000008,0.00,0
2097,4.768,-3.247567,-0.900761,-3.247567,-0.900761,-3.267818,-0.914101,,,,0.020251,0.013340,0.024250,1.000000,-0.000008,0.00,0
2098,4.769,-3.247567,-0.900761,-3.247567,-0.900761,-3.267818,-0.912661,,,,0.020251,0.011900,0.023489,1.000000,-0.000008,0.00,0
2099,4.771,-3.247567,-0.900761,-3.247567,-0.900761,-3.267818,-0.911221,,,,0.020251,0.010460,0.022793,1.000000,-0.000009,0.00,0
2100,4.782,-3.282642,-0.895407,-3.353151,-0.884942,-3.267818,-0.909781,-0.014824,0.014374,0.020649,-0.085333,0.024840,0.088875,1.000000,-0.000009,10.01,1
2101,4.784,-3.282642,-0.895407,-3.282642,-0.895407,-3.266944,-0.908341,,,,-0.015698,0.012934,0.020340,1.000000,-0.000008,0.00,0
2102,4.785,-3.282642,-0.895407,-3.282642,-0.895407,-3.266018,-0.906901,,,,-0.016624,0.011494,0.020211,1.000000,-0.000008,0.00,0
2103,4.786,-3.282642,-0.895407,-3.282642,-0.895407,-3.265084,-0.905461,,,,-0.017558,0.010054,0.020233,1.000000,-0.000009,0.00,0
2104,4.788,-3.282642,-0.895407,-3.282642,-0.895407,-3.264151,-0.904021,,,,-0.018491,0.008614,0.020399,1.000000,-0.000009,0.00,0
2105,4.790,-3.282642,-0.895407,-3.282642,-0.895407,-3.263219,-0.902581,,,,-0.019423,0.007174,0.020706,1.000000,-0.000009,0.00,0
2106,4.791,-3.282642,-0.895407,-3.282642,-0.895407,-3.262288,-0.901141,,,,-0.020354,0.005734,0.021146,1.000000,-0.000009,0.00,0
2107,4.792,-3.282642,-0.895407,-3.282642,-0.895407,-3.261359,-0.899701,,,,-0.021284,0.004294,0.021712,1.000000,-0.000009,0.00,0
2108,4.793,-3.282642,-0.895407,-3.282642,-0.895407,-3.260430,-0.898261,,,,-0.022212,0.002854,0.022395,1.000000,-0.000009,0.00,0
2109,4.794,-3.282642,-0.895407,-3.282642,-0.895407,-3.259502,-0.896821,,,,-0.023140,0.001414,0.023184,1.000000,-0.000009,0.00,0
2110,4.795,-3.282642,-0.895407,-3.282642,-0.895407,-3.258574,-0.895381,,,,-0.024068,-0.000026,0.024068,1.000000,-0.000009,0.00,0
2111,4.797,-3.282642,-0.895407,-3.282642,-0.895407,-3.257647,-0.893941,,,,-0.024995,-0.001466,0.025038,1.000000,-0.000009,0.00,0
2112,4.798,-3.282642,-0.895407,-3.282642,-0.895407,-3.256720,-0.892501,,,,-0.025922,-0.002906,0.026084,1.000000,-0.000009,0.00,0
2113,4.798,-3.282642,-0.895407,-3.282642,-0.895407,-3.255793,-0.891061,,,,-0.026849,-0.004346,0.027198,1.000000,-0.000009,0.00,0
2114,4.801,-3.282642,-0.895407,-3.282642,-0.895407,-3.254867,-0.889621,,,,-0.027775,-0.005786,0.028371,1.000000,-0.000009,0.00,0
2115,4.812,-3.339251,-0.868732,-3.418847,-0.839468,-3.253941,-0.888181,-0.085310,0.019449,0.087499,-0.164906,0.048713,0.171951,1.000000,-0.000009,10.01,1
2116,4.815,-3.339251,-0.868732,-3.339251,-0.868732,-3.252529,-0.886741,,,,-0.086722,0.018009,0.088572,1.000000,-0.000009,0.00,0
2117,4.816,-3.339251,-0.868732,-3.339251,-0.868732,-3.251088,-0.885301,,,,-0.088163,0.016569,0.089706,1.000000,-0.000009,0.00,0
2118,4.817,-3.339251,-0.868732,-3.339251,-0.868732,-3.249644,-0.883861,,,,-0.089607,0.015129,0.090875,1.000000,-0.000009,0.00,0
2119,4.818,-3.339251,-0.868732,-3.339251,-0.868732,-3.248199,-0.882421,,,,-0.091052,0.013689,0.092075,1.000000,-0.000009,0.00,0
2120,4.820,-3.339251,-0.868732,-3.339251,-0.868732,-3.246755,-0.880981,,,,-0.092496,0.012249,0.093303,1.000000,-0.000009,0.00,0
2121,4.821,-3.339251,-0.868732,-3.339251,-0.868732,-3.245312,-0.879541,,,,-0.093939,0.010809,0.094558,1.000000,-0.000009,0.00,0
2122,4.822,-3.339251,-0.868732,-3.339251,-0.868732,-3.243870,-0.878101,,,,-0.095381,0.009369,0.095840,1.000000,-0.000009,0.00,0
2123,4.823,-3.339251,-0.868732,-3.339251,-0.868732,-3.242428,-0.876661,,,,-0.096823,0.007929,0.097147,1.000000,-0.000009,0.00,0
2124,4.824,-3.339251,-0.868732,-3.339251,-0.868732,-3.240987,-0.875221,,,,-0.098264,0.006489,0.098478,1.000000,-0.000009,0.00,0
2125,4.825,-3.339251,-0.868732,-3.339251,-0.868732,-3.239545,-0.873781,,,,-0.099705,0.005049,0.099833,1.000000,-0.000009,0.00,0
2126,4.826,-3.339251,-0.868732,-3.339251,-0.868732,-3.238104,-0.872341,,,,-0.101146,0.003609,0.101211,1.000000,-0.000009,0.00,0
2127,4.827,-3.339251,-0.868732,-3.339251,-0.868732,-3.236664,-0.870901,,,,-0.102587,0.002169,0.102610,1.000000,-0.000009,0.00,0
2128,4.829,-3.339251,-0.868732,-3.339251,-0.868732,-3.235223,-0.869461,,,,-0.104028,0.000729,0.104030,1.000000,-0.000009,0.00,0
2129,4.830,-3.339251,-0.868732,-3.339251,-0.868732,-3.233783,-0.868021,,,,-0.105468,-0.000711,0.105471,1.000000,-0.000009,0.00,0
2130,4.842,-3.368098,-0.844655,-3.332298,-0.809555,-3.232342,-0.866581,-0.135756,0.021926,0.137516,-0.099956,0.057026,0.115079,1.000000,-0.000009,10.51,1
2131,4.844,-3.368098,-0.844655,-3.368098,-0.844655,-3.230902,-0.865141,,,,-0.137197,0.020486,0.138718,1.000000,-0.000009,0.00,0
2132,4.845,-3.368098,-0.844655,-3.368098,-0.844655,-3.229462,-0.863701,,,,-0.138637,0.019046,0.139939,1.000000,-0.000009,0.00,0
2133,4.846,-3.368098,-0.844655,-3.368098,-0.844655,-3.228022,-0.862261,,,,-0.140077,0.017606,0.141179,1.000000,-0.000009,0.00,0
2134,4.847,-3.368098,-0.844655,-3.368098,-0.844655,-3.226581,-0.860821,,,,-0.141517,0.016166,0.142438,1.000000,-0.000009,0.00,0
2135,4.849,-3.368098,-0.844655,-3.368098,-0.844655,-3.225141,-0.859381,,,,-0.142957,0.014726,0.143714,1.000000,-0.000009,0.00,0
2136,4.850,-3.368098,-0.844655,-3.368098,-0.844655,-3.223701,-0.857941,,,,-0.144397,0.013286,0.145007,1.000000,-0.000009,0.00,0
2137,4.851,-3.368098,-0.844655,-3.368098,-0.844655,-3.222261,-0.856501,,,,-0.145837,0.011846,0.146318,1.000000,-0.000009,0.00,0
2138,4.852,-3.368098,-0.844655,-3.368098,-0.844655,-3.220821,-0.855061,,,,-0.147277,0.010406,0.147645,1.000000,-0.000009,0.00,0
2139,4.853,-3.368098,-0.844655,-3.368098,-0.844655,-3.219381,-0.853621,,,,-0.148718,0.008966,0.148988,1.000000,-0.000009,0.00,0
2140,4.854,-3.368098,-0.844655,-3.368098,-0.844655,-3.217941,-0.852181,,,,-0.150158,0.007526,0.150346,1.000000,-0.000009,0.00,0
2141,4.855,-3.368098,-0.844655,-3.368098,-0.844655,-3.216501,-0.850741,,,,-0.151598,0.006086,0.151720,1.000000,-0.000009,0.00,0
2142,4.856,-3.368098,-0.844655,-3.368098,-0.844655,-3.215061,-0.849301,,,,-0.153038,0.004646,0.153108,1.000000,-0.000009,0.00,0
2143,4.857,-3.368098,-0.844655,-3.368098,-0.844655,-3.213621,-0.847861,,,,-0.154478,0.003206,0.154511,1.000000,-0.000009,0.00,0
2144,4.858,-3.368098,-0.844655,-3.368098,-0.844655,-3.212181,-0.846421,,,,-0.155918,0.001766,0.155928,1.000000,-0.000009,0.00,0
2145,4.870,-3.325025,-0.812122,-3.223929,-0.787344,-3.210741,-0.844981,-0.114284,0.032859,0.118914,-0.013188,0.057637,0.059127,1.000000,-0.000009,10.01,1
2146,4.872,-3.325025,-0.812122,-3.325025,-0.812122,-3.209338,-0.843541,,,,-0.115686,0.031419,0.119877,1.000000,-0.000009,0.00,0
2147,4.878,-3.325025,-0.812122,-3.325025,-0.812122,-3.207938,-0.842101,,,,-0.117087,0.029979,0.120863,1.000000,-0.000009,0.00,0
2148,4.878,-3.325025,-0.812122,-3.325025,-0.812122,-3.206538,-0.840661,,,,-0.118486,0.028539,0.121875,1.000000,-0.000009,0.00,0
2149,4.881,-3.325025,-0.812122,-3.325025,-0.812122,-3.205138,-0.839221,,,,-0.119886,0.027099,0.122911,1.000000,-0.000009,0.00,0
2150,4.882,-3.325025,-0.812122,-3.325025,-0.812122,-3.203738,-0.837781,,,,-0.121286,0.025659,0.123971,1.000000,-0.000009,0.00,0
2151,4.883,-3.325025,-0.812122,-3.325025,-0.812122,-3.202338,-0.836341,,,,-0.122686,0.024219,0.125054,1.000000,-0.000009,0.00,0
2152,4.884,-3.325025,-0.812122,-3.325025,-0.812122,-3.200938,-0.834901,,,,-0.124087,0.022779,0.126160,1.000000,-0.000009,0.00,0
2153,4.885,-3.325025,-0.812122,-3.325025,-0.812122,-3.199538,-0.833461,,,,-0.125487,0.021339,0.127288,1.000000,-0.000009,0.00,0
2154,4.886,-3.325025,-0.812122,-3.325025,-0.812122,-3.198138,-0.832021,,,,-0.126887,0.019899,0.128438,1.000000,-0.000009,0.00,0
2155,4.888,-3.325025,-0.812122,-3.325025,-0.812122,-3.196738,-0.830581,,,,-0.128287,0.018459,0.129608,1.000000,-0.000009,0.00,0
2156,4.888,-3.325025,-0.812122,-3.325025,-0.812122,-3.195337,-0.829141,,,,-0.129687,0.017019,0.130799,1.000000,-0.000009,0.00,0
2157,4.891,-3.325025,-0.812122,-3.325025,-0.812122,-3.193937,-0.827701,,,,-0.131088,0.015579,0.132010,1.000000,-0.000009,0.00,0
2158,4.892,-3.325025,-0.812122,-3.325025,-0.812122,-3.192537,-0.826261,,,,-0.132488,0.014139,0.133240,1.000000,-0.000009,0.00,0
2159,4.893,-3.325025,-0.812122,-3.325025,-0.812122,-3.191137,-0.824821,,,,-0.133888,0.012699,0.134489,1.000000,-0.000009,0.00,0
2160,4.906,-3.226776,-0.781682,-3.124102,-0.748146,-3.189736,-0.823381,-0.037040,0.041700,0.055775,0.065634,0.075235,0.099841,1.000000,-0.000009,11.01,1
2161,4.907,-3.226776,-0.781682,-3.226776,-0.781682,-3.189658,-0.821941,,,,-0.037118,0.040260,0.054760,1.000000,-0.000009,0.00,0
2162,4.910,-3.226776,-0.781682,-3.226776,-0.781682,-3.189659,-0.820501,,,,-0.037117,0.038820,0.053709,1.000000,-0.000009,0.00,0
2163,4.911,-3.226776,-0.781682,-3.226776,-0.781682,-3.189671,-0.819061,,,,-0.037105,0.037380,0.052669,1.000000,-0.000009,0.00,0
2164,4.912,-3.226776,-0.781682,-3.226776,-0.781682,-3.189683,-0.817621,,,,-0.037093,0.035940,0.051649,1.000000,-0.000009,0.00,0
2165,4.913,-3.226776,-0.781682,-3.226776,-0.781682,-3.189693,-0.816181,,,,-0.037084,0.034500,0.050650,1.000000,-0.000009,0.00,0
2166,4.915,-3.226776,-0.781682,-3.226776,-0.781682,-3.189700,-0.814741,,,,-0.037076,0.033060,0.049675,1.000000,-0.000009,0.00,0
2167,4.916,-3.226776,-0.781682,-3.226776,-0.781682,-3.189707,-0.813301,,,,-0.037070,0.031620,0.048723,1.000000,-0.000009,0.00,0
2168,4.917,-3.226776,-0.781682,-3.226776,-0.781682,-3.189711,-0.811861,,,,-0.037065,0.030180,0.047798,1.000000,-0.000009,0.00,0
2169,4.918,-3.226776,-0.781682,-3.226776,-0.781682,-3.189715,-0.810421,,,,-0.037061,0.028740,0.046899,1.000000,-0.000009,0.00,0
2170,4.919,-3.226776,-0.781682,-3.226776,-0.781682,-3.189718,-0.808981,,,,-0.037058,0.027300,0.046028,1.000000,-0.000009,0.00,0
2171,4.921,-3.226776,-0.781682,-3.226776,-0.781682,-3.189721,-0.807541,,,,-0.037056,0.025860,0.045187,1.000000,-0.000009,0.00,0
2172,4.922,-3.226776,-0.781682,-3.226776,-0.781682,-3.189723,-0.806101,,,,-0.037054,0.024420,0.044377,1.000000,-0.000009,0.00,0
2173,4.923,-3.226776,-0.781682,-3.226776,-0.781682,-3.189724,-0.804661,,,,-0.037052,0.022980,0.043600,1.000000,-0.000009,0.00,0
2174,4.924,-3.226776,-0.781682,-3.226776,-0.781682,-3.189725,-0.803221,,,,-0.037051,0.021540,0.042857,1.000000,-0.000009,0.00,0
2175,4.937,-3.179093,-0.752007,-3.189247,-0.720531,-3.189726,-0.801781,0.010633,0.049774,0.050897,0.000479,0.081250,0.081252,1.000000,-0.000009,10.41,1
2176,4.939,-3.179093,-0.752007,-3.179093,-0.752007,-3.189727,-0.800341,,,,0.010634,0.048334,0.049490,1.000000,-0.000009,0.00,0
2177,4.940,-3.179093,-0.752007,-3.179093,-0.752007,-3.189728,-0.798901,,,,0.010634,0.046894,0.048085,1.000000,-0.000009,0.00,0
2178,4.941,-3.179093,-0.752007,-3.179093,-0.752007,-3.189728,-0.797461,,,,0.010635,0.045454,0.046682,1.000000,-0.000009,0.00,0
2179,4.942,-3.179093,-0.752007,-3.179093,-0.752007,-3.189728,-0.796021,,,,0.010635,0.044014,0.045281,1.000000,-0.000009,0.00,0
2180,4.944,-3.179093,-0.752007,-3.179093,-0.752007,-3.189729,-0.794581,,,,0.010636,0.042574,0.043883,1.000000,-0.000009,0.00,0
2181,4.946,-3.179093,-0.752007,-3.179093,-0.752007,-3.189729,-0.793141,,,,0.010636,0.041134,0.042487,1.000000,-0.000009,0.00,0
2182,4.947,-3.179093,-0.752007,-3.179093,-0.752007,-3.189729,-0.791701,,,,0.010636,0.039694,0.041095,1.000000,-0.000009,0.00,0
2183,4.948,-3.179093,-0.752007,-3.179093,-0.752007,-3.189729,-0.790261,,,,0.010636,0.038254,0.039706,1.000000,-0.000009,0.00,0
2184,4.949,-3.179093,-0.752007,-3.179093,-0.752007,-3.189729,-0.788821,,,,0.010636,0.036814,0.038320,1.000000,-0.000009,0.00,0
2185,4.950,-3.179093,-0.752007,-3.179093,-0.752007,-3.189730,-0.787381,,,,0.010636,0.035374,0.036939,1.000000,-0.000010,0.00,0
2186,4.951,-3.179093,-0.752007,-3.179093,-0.752007,-3.189730,-0.785941,,,,0.010636,0.033934,0.035562,1.000000,-0.000010,0.00,0
2187,4.952,-3.179093,-0.752007,-3.179093,-0.752007,-3.189730,-0.784501,,,,0.010637,0.032494,0.034191,1.000000,-0.000010,0.00,0
2188,4.954,-3.179093,-0.752007,-3.179093,-0.752007,-3.189730,-0.783061,,,,0.010637,0.031054,0.032826,1.000000,-0.000010,0.00,0
2189,4.955,-3.179093,-0.752007,-3.179093,-0.752007,-3.189730,-0.781621,,,,0.010637,0.029614,0.031467,1.000000,-0.000010,0.00,0
2190,4.968,-3.169989,-0.730277,-3.196616,-0.722154,-3.189730,-0.780181,0.019741,0.049905,0.053667,-0.006886,0.058028,0.058435,1.000000,-0.000010,11.01,1
2191,4.969,-3.169989,-0.730277,-3.169989,-0.730277,-3.189730,-0.778741,,,,0.019741,0.048465,0.052331,1.000000,-0.000010,0.00,0
2192,4.970,-3.169989,-0.730277,-3.169989,-0.730277,-3.189730,-0.777301,,,,0.019741,0.047025,0.051000,1.000000,-0.000010,0.00,0
2193,4.971,-3.169989,-0.730277,-3.169989,-0.730277,-3.189730,-0.775861,,,,0.019741,0.045585,0.049676,1.000000,-0.000010,0.00,0
2194,4.974,-3.169989,-0.730277,-3.169989,-0.730277,-3.189730,-0.774421,,,,0.019741,0.044145,0.048358,1.000000,-0.000010,0.00,0
2195,4.976,-3.169989,-0.730277,-3.169989,-0.730277,-3.189730,-0.772981,,,,0.019741,0.042705,0.047047,1.000000,-0.000010,0.00,0
2196,4.977,-3.169989,-0.730277,-3.169989,-0.730277,-3.189730,-0.771541,,,,0.019741,0.041265,0.045744,1.000000,-0.000010,0.00,0
2197,4.979,-3.169989,-0.730277,-3.169989,-0.730277,-3.189730,-0.770101,,,,0.019741,0.039825,0.044449,1.000000,-0.000010,0.00,0
2198,4.979,-3.169989,-0.730277,-3.169989,-0.730277,-3.189730,-0.768661,,,,0.019741,0.038385,0.043164,1.000000,-0.000010,0.00,0
2199,4.981,-3.169989,-0.730277,-3.169989,-0.730277,-3.189730,-0.767221,,,,0.019741,0.036945,0.041888,1.000000,-0.000010,0.00,0
2200,4.982,-3.169989,-0.730277,-3.169989,-0.730277,-3.189730,-0.765781,,,,0.019741,0.035505,0.040624,1.000000,-0.000010,0.00,0
2201,4.984,-3.169989,-0.730277,-3.169989,-0.730277,-3.189730,-0.764341,,,,0.019741,0.034065,0.039371,1.000000,-0.000010,0.00,0
2202,4.985,-3.169989,-0.730277,-3.169989,-0.730277,-3.189730,-0.762901,,,,0.019741,0.032625,0.038132,1.000000,-0.000010,0.00,0
2203,4.986,-3.169989,-0.730277,-3.169989,-0.730277,-3.189730,-0.761461,,,,0.019741,0.031185,0.036908,1.000000,-0.000010,0.00,0
2204,4.987,-3.169989,-0.730277,-3.169989,-0.730277,-3.189730,-0.760021,,,,0.019741,0.029745,0.035700,1.000000,-0.000010,0.00,0
2205,4.999,-3.194994,-0.708441,-3.199120,-0.682638,-3.189730,-0.758581,-0.005264,0.050140,0.050416,-0.009390,0.075943,0.076521,1.000000,-0.000010,11.01,1
2206,5.001,-3.194994,-0.708441,-3.194994,-0.708441,-3.189730,-0.757141,,,,-0.005264,0.048700,0.048984,1.000000,-0.000010,0.00,0
2207,5.002,-3.194994,-0.708441,-3.194994,-0.708441,-3.189730,-0.755701,,,,-0.005264,0.047260,0.047553,1.000000,-0.000010,0.00,0
2208,5.004,-3.194994,-0.708441,-3.194994,-0.708441,-3.189730,-0.754261,,,,-0.005264,0.045820,0.046122,1.000000,-0.000010,0.00,0
2209,5.005,-3.194994,-0.708441,-3.194994,-0.708441,-3.189730,-0.752821,,,,-0.005264,0.044380,0.044691,1.000000,-0.000010,0.00,0
2210,5.006,-3.194994,-0.708441,-3.194994,-0.708441,-3.189730,-0.751381,,,,-0.005264,0.042940,0.043262,1.000000,-0.000010,0.00,0
2211,5.007,-3.194994,-0.708441,-3.194994,-0.708441,-3.189730,-0.749941,,,,-0.005264,0.041500,0.041833,1.000000,-0.000010,0.00,0
2212,5.008,-3.194994,-0.708441,-3.194994,-0.708441,-3.189730,-0.748501,,,,-0.005264,0.040060,0.040405,1.000000,-0.000010,0.00,0
2213,5.009,-3.194994,-0.708441,-3.194994,-0.708441,-3.189730,-0.747061,,,,-0.005264,0.038620,0.038978,1.000000,-0.000010,0.00,0
2214,5.010,-3.194994,-0.708441,-3.194994,-0.708441,-3.189730,-0.745621,,,,-0.005264,0.037180,0.037551,1.000000,-0.000010,0.00,0
2215,5.012,-3.194994,-0.708441,-3.194994,-0.708441,-3.189730,-0.744181,,,,-0.005264,0.035740,0.036126,1.000000,-0.000010,0.00,0
2216,5.012,-3.194994,-0.708441,-3.194994,-0.708441,-3.189730,-0.742741,,,,-0.005264,0.034300,0.034702,1.000000,-0.000010,0.00,0
2217,5.014,-3.194994,-0.708441,-3.194994,-0.708441,-3.189730,-0.741301,,,,-0.005264,0.032860,0.033279,1.000000,-0.000010,0.00,0
2218,5.015,-3.194994,-0.708441,-3.194994,-0.708441,-3.189730,-0.739861,,,,-0.005264,0.031420,0.031858,1.000000,-0.000010,0.00,0
2219,5.016,-3.194994,-0.708441,-3.194994,-0.708441,-3.189730,-0.738421,,,,-0.005264,0.029980,0.030439,1.000000,-0.000010,0.00,0
2220,5.029,-3.163132,-0.705527,-3.093661,-0.711788,-3.189730,-0.736981,0.026598,0.031455,0.041193,0.096069,0.025193,0.099318,1.000000,-0.000010,9.46,1
2221,5.031,-3.163132,-0.705527,-3.163132,-0.705527,-3.189730,-0.735541,,,,0.026598,0.030015,0.040104,1.000000,-0.000010,0.00,0
2222,5.032,-3.163132,-0.705527,-3.163132,-0.705527,-3.189730,-0.734101,,,,0.026598,0.028575,0.039038,1.000000,-0.000010,0.00,0
2223,5.034,-3.163132,-0.705527,-3.163132,-0.705527,-3.189730,-0.732661,,,,0.026598,0.027135,0.037997,1.000000,-0.000010,0.00,0
2224,5.035,-3.163132,-0.705527,-3.163132,-0.705527,-3.189730,-0.731221,,,,0.026598,0.025695,0.036982,1.000000,-0.000010,0.00,0
2225,5.036,-3.163132,-0.705527,-3.163132,-0.705527,-3.189730,-0.729781,,,,0.026598,0.024255,0.035996,1.000000,-0.000010,0.00,0
2226,5.038,-3.163132,-0.705527,-3.163132,-0.705527,-3.189730,-0.728341,,,,0.026598,0.022815,0.035042,1.000000,-0.000010,0.00,0
2227,5.039,-3.163132,-0.705527,-3.163132,-0.705527,-3.189730,-0.726901,,,,0.026598,0.021375,0.034122,1.000000,-0.000010,0.00,0
2228,5.041,-3.163132,-0.705527,-3.163132,-0.705527,-3.189730,-0.725461,,,,0.026598,0.019935,0.033239,1.000000,-0.000010,0.00,0
2229,5.043,-3.163132,-0.705527,-3.163132,-0.705527,-3.189730,-0.724021,,,,0.026598,0.018495,0.032396,1.000000,-0.000010,0.00,0
2230,5.044,-3.163132,-0.705527,-3.163132,-0.705527,-3.189730,-0.722581,,,,0.026598,0.017055,0.031596,1.000000,-0.000010,0.00,0
2231,5.046,-3.163132,-0.705527,-3.163132,-0.705527,-3.189730,-0.721141,,,,0.026598,0.015615,0.030843,1.000000,-0.000010,0.00,0
2232,5.047,-3.163132,-0.705527,-3.163132,-0.705527,-3.189730,-0.719701,,,,0.026598,0.014175,0.030139,1.000000,-0.000010,0.00,0
2233,5.049,-3.163132,-0.705527,-3.163132,-0.705527,-3.189730,-0.718261,,,,0.026598,0.012735,0.029490,1.000000,-0.000010,0.00,0
2234,5.050,-3.163132,-0.705527,-3.163132,-0.705527,-3.189730,-0.716821,,,,0.026598,0.011295,0.028897,1.000000,-0.000010,0.00,0
2235,5.062,-3.130634,-0.704385,-3.099122,-0.718728,-3.189730,-0.715381,0.059096,0.010996,0.060110,0.090608,-0.003347,0.090670,1.000000,-0.000010,11.01,1
2236,5.066,-3.130634,-0.704385,-3.130634,-0.704385,-3.189730,-0.713941,,,,0.059096,0.009556,0.059864,1.000000,-0.000010,0.00,0
2237,5.067,-3.130634,-0.704385,-3.130634,-0.704385,-3.189730,-0.712501,,,,0.059096,0.008116,0.059651,1.000000,-0.000010,0.00,0
2238,5.069,-3.130634,-0.704385,-3.130634,-0.704385,-3.189730,-0.711061,,,,0.059096,0.006676,0.059472,1.000000,-0.000010,0.00,0
2239,5.070,-3.130634,-0.704385,-3.130634,-0.704385,-3.189730,-0.709621,,,,0.059096,0.005236,0.059328,1.000000,-0.000010,0.00,0
2240,5.072,-3.130634,-0.704385,-3.130634,-0.704385,-3.189730,-0.708181,,,,0.059096,0.003796,0.059218,1.000000,-0.000010,0.00,0
2241,5.072,-3.130634,-0.704385,-3.130634,-0.704385,-3.189730,-0.706741,,,,0.059096,0.002356,0.059143,1.000000,-0.000010,0.00,0
2242,5.074,-3.130634,-0.704385,-3.130634,-0.704385,-3.189730,-0.705301,,,,0.059096,0.000916,0.059103,1.000000,-0.000010,0.00,0
2243,5.075,-3.130634,-0.704385,-3.130634,-0.704385,-3.189730,-0.703861,,,,0.059096,-0.000524,0.059098,1.000000,-0.000010,0.00,0
2244,5.076,-3.130634,-0.704385,-3.130634,-0.704385,-3.189730,-0.702421,,,,0.059096,-0.001964,0.059129,1.000000,-0.000010,0.00,0
2245,5.078,-3.130634,-0.704385,-3.130634,-0.704385,-3.189730,-0.700981,,,,0.059096,-0.003404,0.059194,1.000000,-0.000010,0.00,0
2246,5.079,-3.130634,-0.704385,-3.130634,-0.704385,-3.189730,-0.699541,,,,0.059096,-0.004844,0.059294,1.000000,-0.000010,0.00,0
2247,5.081,-3.130634,-0.704385,-3.130634,-0.704385,-3.189730,-0.698101,,,,0.059096,-0.006284,0.059429,1.000000,-0.000010,0.00,0
2248,5.083,-3.130634,-0.704385,-3.130634,-0.704385,-3.189730,-0.696661,,,,0.059096,-0.007724,0.059599,1.000000,-0.000010,0.00,0
2249,5.084,-3.130634,-0.704385,-3.130634,-0.704385,-3.189730,-0.695221,,,,0.059096,-0.009164,0.059802,1.000000,-0.000010,0.00,0
2250,5.097,-3.124815,-0.697242,-3.181662,-0.661208,-3.189730,-0.693781,0.064915,-0.003460,0.065007,0.008069,0.032573,0.033557,1.000000,-0.000010,10.01,1
2251,5.098,-3.124815,-0.697242,-3.124815,-0.697242,-3.190525,-0.692341,,,,0.065710,-0.004900,0.065893,1.000000,-0.000010,0.00,0
2252,5.101,-3.124815,-0.697242,-3.124815,-0.697242,-3.191368,-0.690901,,,,0.066553,-0.006340,0.066854,1.000000,-0.000010,0.00,0
2253,5.102,-3.124815,-0.697242,-3.124815,-0.697242,-3.192217,-0.689461,,,,0.067402,-0.007780,0.067850,1.000000,-0.000010,0.00,0
2254,5.103,-3.124815,-0.697242,-3.124815,-0.697242,-3.193066,-0.688021,,,,0.068251,-0.009220,0.068871,1.000000,-0.000010,0.00,0
2255,5.104,-3.124815,-0.697242,-3.124815,-0.697242,-3.193914,-0.686581,,,,0.069099,-0.010660,0.069917,1.000000,-0.000010,0.00,0
2256,5.105,-3.124815,-0.697242,-3.124815,-0.697242,-3.194761,-0.685141,,,,0.069946,-0.012100,0.070985,1.000000,-0.000010,0.00,0
2257,5.107,-3.124815,-0.697242,-3.124815,-0.697242,-3.195607,-0.683701,,,,0.070792,-0.013540,0.072075,1.000000,-0.000010,0.00,0
2258,5.108,-3.124815,-0.697242,-3.124815,-0.697242,-3.196452,-0.682261,,,,0.071637,-0.014980,0.073186,1.000000,-0.000010,0.00,0
2259,5.109,-3.124815,-0.697242,-3.124815,-0.697242,-3.197296,-0.680821,,,,0.072481,-0.016420,0.074318,1.000000,-0.000010,0.00,0
2260,5.111,-3.124815,-0.697242,-3.124815,-0.697242,-3.198140,-0.679381,,,,0.073325,-0.017860,0.075469,1.000000,-0.000010,0.00,0
2261,5.112,-3.124815,-0.697242,-3.124815,-0.697242,-3.198983,-0.677941,,,,0.074169,-0.019300,0.076639,1.000000,-0.000010,0.00,0
2262,5.113,-3.124815,-0.697242,-3.124815,-0.697242,-3.199827,-0.676501,,,,0.075012,-0.020740,0.077826,1.000000,-0.000010,0.00,0
2263,5.114,-3.124815,-0.697242,-3.124815,-0.697242,-3.200670,-0.675061,,,,0.075855,-0.022180,0.079031,1.000000,-0.000010,0.00,0
2264,5.116,-3.124815,-0.697242,-3.124815,-0.697242,-3.201512,-0.673621,,,,0.076697,-0.023620,0.080252,1.000000,-0.000010,0.00,0
2265,5.127,-3.174584,-0.670620,-3.242969,-0.631924,-3.202355,-0.672181,0.027771,0.001561,0.027815,-0.040614,0.040257,0.057185,1.000000,-0.000010,10.51,1
2266,5.129,-3.174584,-0.670620,-3.174584,-0.670620,-3.202403,-0.670741,,,,0.027818,0.000121,0.027818,1.000000,-0.000010,0.00,0
2267,5.131,-3.174584,-0.670620,-3.174584,-0.670620,-3.202402,-0.669301,,,,0.027818,-0.001319,0.027849,1.000000,-0.000010,0.00,0
2268,5.132,-3.174584,-0.670620,-3.174584,-0.670620,-3.202395,-0.667861,,,,0.027811,-0.002759,0.027947,1.000000,-0.000010,0.00,0
2269,5.132,-3.174584,-0.670620,-3.174584,-0.670620,-3.202389,-0.666421,,,,0.027804,-0.004199,0.028119,1.000000,-0.000010,0.00,0
2270,5.134,-3.174584,-0.670620,-3.174584,-0.670620,-3.202383,-0.664981,,,,0.027799,-0.005639,0.028365,1.000000,-0.000009,0.00,0
2271,5.135,-3.174584,-0.670620,-3.174584,-0.670620,-3.202378,-0.663541,,,,0.027794,-0.007079,0.028681,1.000000,-0.000009,0.00,0
2272,5.136,-3.174584,-0.670620,-3.174584,-0.670620,-3.202375,-0.662101,,,,0.027790,-0.008519,0.029067,1.000000,-0.000009,0.00,0
2273,5.137,-3.174584,-0.670620,-3.174584,-0.670620,-3.202372,-0.660661,,,,0.027788,-0.009959,0.029518,1.000000,-0.000009,0.00,0
2274,5.138,-3.174584,-0.670620,-3.174584,-0.670620,-3.202370,-0.659221,,,,0.027785,-0.011399,0.030033,1.000000,-0.000009,0.00,0
2275,5.138,-3.174584,-0.670620,-3.174584,-0.670620,-3.202368,-0.657781,,,,0.027784,-0.012839,0.030607,1.000000,-0.000009,0.00,0
2276,5.140,-3.174584,-0.670620,-3.174584,-0.670620,-3.202367,-0.656341,,,,0.027782,-0.014279,0.031237,1.000000,-0.000009,0.00,0
2277,5.141,-3.174584,-0.670620,-3.174584,-0.670620,-3.202365,-0.654901,,,,0.027781,-0.015719,0.031920,1.000000,-0.000009,0.00,0
2278,5.142,-3.174584,-0.670620,-3.174584,-0.670620,-3.202365,-0.653461,,,,0.027780,-0.017159,0.032652,1.000000,-0.000009,0.00,0
2279,5.143,-3.174584,-0.670620,-3.174584,-0.670620,-3.202364,-0.652021,,,,0.027779,-0.018599,0.033431,1.000000,-0.000009,0.00,0
2280,5.155,-3.220523,-0.618990,-3.236936,-0.563838,-3.202363,-0.650581,-0.018159,0.031591,0.036439,-0.034573,0.086744,0.093380,1.000000,-0.000009,11.01,1
2281,5.157,-3.220523,-0.618990,-3.220523,-0.618990,-3.202363,-0.649141,,,,-0.018160,0.030151,0.035198,1.000000,-0.000009,0.00,0
2282,5.158,-3.220523,-0.618990,-3.220523,-0.618990,-3.202363,-0.647701,,,,-0.018160,0.028711,0.033972,1.000000,-0.000009,0.00,0
2283,5.160,-3.220523,-0.618990,-3.220523,-0.618990,-3.202362,-0.646261,,,,-0.018160,0.027271,0.032765,1.000000,-0.000009,0.00,0
2284,5.161,-3.220523,-0.618990,-3.220523,-0.618990,-3.202362,-0.644821,,,,-0.018161,0.025831,0.031576,1.000000,-0.000009,0.00,0
2285,5.162,-3.220523,-0.618990,-3.220523,-0.618990,-3.202362,-0.643381,,,,-0.018161,0.024391,0.030410,1.000000,-0.000009,0.00,0
2286,5.163,-3.220523,-0.618990,-3.220523,-0.618990,-3.202362,-0.641941,,,,-0.018161,0.022951,0.029267,1.000000,-0.000009,0.00,0
2287,5.164,-3.220523,-0.618990,-3.220523,-0.618990,-3.202362,-0.640501,,,,-0.018161,0.021511,0.028152,1.000000,-0.000009,0.00,0
2288,5.165,-3.220523,-0.618990,-3.220523,-0.618990,-3.202362,-0.639061,,,,-0.018161,0.020071,0.027068,1.000000,-0.000009,0.00,0
2289,5.166,-3.220523,-0.618990,-3.220523,-0.618990,-3.202361,-0.637621,,,,-0.018161,0.018631,0.026018,1.000000,-0.000009,0.00,0
2290,5.167,-3.220523,-0.618990,-3.220523,-0.618990,-3.202361,-0.636181,,,,-0.018161,0.017191,0.025007,1.000000,-0.000009,0.00,0
2291,5.168,-3.220523,-0.618990,-3.220523,-0.618990,-3.202361,-0.634741,,,,-0.018161,0.015751,0.024040,1.000000,-0.000009,0.00,0
2292,5.170,-3.220523,-0.618990,-3.220523,-0.618990,-3.202361,-0.633301,,,,-0.018161,0.014311,0.023122,1.000000,-0.000009,0.00,0
2293,5.171,-3.220523,-0.618990,-3.220523,-0.618990,-3.202361,-0.631861,,,,-0.018161,0.012871,0.022260,1.000000,-0.000009,0.00,0
2294,5.172,-3.220523,-0.618990,-3.220523,-0.618990,-3.202361,-0.630421,,,,-0.018161,0.011431,0.021459,1.000000,-0.000009,0.00,0
2295,5.188,-3.216798,-0.612091,-3.170487,-0.640512,-3.202361,-0.628981,-0.014436,0.016890,0.022219,0.031874,-0.011530,0.033895,1.000000,-0.000009,10.01,1
2296,5.191,-3.216798,-0.612091,-3.216798,-0.612091,-3.202361,-0.627541,,,,-0.014436,0.015450,0.021145,1.000000,-0.000009,0.00,0
2297,5.192,-3.216798,-0.612091,-3.216798,-0.612091,-3.202361,-0.626101,,,,-0.014436,0.014010,0.020117,1.000000,-0.000009,0.00,0
2298,5.193,-3.216798,-0.612091,-3.216798,-0.612091,-3.202361,-0.624661,,,,-0.014436,0.012570,0.019142,1.000000,-0.000009,0.00,0
2299,5.194,-3.216798,-0.612091,-3.216798,-0.612091,-3.202361,-0.623221,,,,-0.014436,0.011130,0.018229,1.000000,-0.000009,0.00,0
2300,5.195,-3.216798,-0.612091,-3.216798,-0.612091,-3.202361,-0.621781,,,,-0.014436,0.009690,0.017387,1.000000,-0.000009,0.00,0
2301,5.197,-3.216798,-0.612091,-3.216798,-0.612091,-3.202361,-0.620341,,,,-0.014436,0.008250,0.016628,1.000000,-0.000009,0.00,0
2302,5.198,-3.216798,-0.612091,-3.216798,-0.612091,-3.202361,-0.618901,,,,-0.014436,0.006810,0.015962,1.000000,-0.000009,0.00,0
2303,5.200,-3.216798,-0.612091,-3.216798,-0.612091,-3.202361,-0.617461,,,,-0.014436,0.005370,0.015403,1.000000,-0.000009,0.00,0
2304,5.201,-3.216798,-0.612091,-3.216798,-0.612091,-3.202361,-0.616021,,,,-0.014436,0.003930,0.014962,1.000000,-0.000009,0.00,0
2305,5.202,-3.216798,-0.612091,-3.216798,-0.612091,-3.202361,-0.614581,,,,-0.014436,0.002490,0.014650,1.000000,-0.000009,0.00,0
2306,5.203,-3.216798,-0.612091,-3.216798,-0.612091,-3.202361,-0.613141,,,,-0.014436,0.001050,0.014475,1.000000,-0.000009,0.00,0
2307,5.204,-3.216798,-0.612091,-3.216798,-0.612091,-3.202361,-0.611701,,,,-0.014436,-0.000390,0.014442,1.000000,-0.000009,0.00,0
2308,5.205,-3.216798,-0.612091,-3.216798,-0.612091,-3.202361,-0.610261,,,,-0.014437,-0.001830,0.014552,1.000000,-0.000009,0.00,0
2309,5.206,-3.216798,-0.612091,-3.216798,-0.612091,-3.202361,-0.608821,,,,-0.014437,-0.003270,0.014802,1.000000,-0.000009,0.00,0
2310,5.219,-3.176656,-0.618503,-3.122546,-0.651161,-3.202361,-0.607381,0.025705,-0.011122,0.028008,0.079815,-0.043780,0.091034,1.000000,-0.000009,10.51,1
2311,5.221,-3.176656,-0.618503,-3.176656,-0.618503,-3.202361,-0.605941,,,,0.025705,-0.012562,0.028610,1.000000,-0.000009,0.00,0
2312,5.222,-3.176656,-0.618503,-3.176656,-0.618503,-3.202361,-0.604501,,,,0.025705,-0.014002,0.029271,1.000000,-0.000009,0.00,0
2313,5.223,-3.176656,-0.618503,-3.176656,-0.618503,-3.202361,-0.603061,,,,0.025705,-0.015442,0.029986,1.000000,-0.000009,0.00,0
2314,5.224,-3.176656,-0.618503,-3.176656,-0.618503,-3.202361,-0.601621,,,,0.025705,-0.016882,0.030753,1.000000,-0.000009,0.00,0
2315,5.226,-3.176656,-0.618503,-3.176656,-0.618503,-3.202361,-0.600181,,,,0.025705,-0.018322,0.031566,1.000000,-0.000009,0.00,0
2316,5.227,-3.176656,-0.618503,-3.176656,-0.618503,-3.202361,-0.598741,,,,0.025705,-0.019762,0.032423,1.000000,-0.000009,0.00,0
2317,5.228,-3.176656,-0.618503,-3.176656,-0.618503,-3.202361,-0.597301,,,,0.025705,-0.021202,0.033321,1.000000,-0.000009,0.00,0
2318,5.230,-3.176656,-0.618503,-3.176656,-0.618503,-3.202361,-0.595861,,,,0.025705,-0.022642,0.034255,1.000000,-0.000009,0.00,0
2319,5.231,-3.176656,-0.618503,-3.176656,-0.618503,-3.202361,-0.594421,,,,0.025705,-0.024082,0.035223,1.000000,-0.000009,0.00,0
2320,5.232,-3.176656,-0.618503,-3.176656,-0.618503,-3.202361,-0.592981,,,,0.025705,-0.025522,0.036223,1.000000,-0.000009,0.00,0
2321,5.233,-3.176656,-0.618503,-3.176656,-0.618503,-3.202361,-0.591541,,,,0.025705,-0.026962,0.037252,1.000000,-0.000009,0.00,0
2322,5.234,-3.176656,-0.618503,-3.176656,-0.618503,-3.202361,-0.590101,,,,0.025704,-0.028402,0.038307,1.000000,-0.000009,0.00,0
2323,5.235,-3.176656,-0.618503,-3.176656,-0.618503,-3.202361,-0.588661,,,,0.025704,-0.029842,0.039386,1.000000,-0.000009,0.00,0
2324,5.236,-3.176656,-0.618503,-3.176656,-0.618503,-3.202361,-0.587221,,,,0.025704,-0.031282,0.040488,1.000000,-0.000009,0.00,0
2325,5.249,-3.167357,-0.635185,-3.209038,-0.613884,-3.202361,-0.585781,0.035004,-0.049404,0.060548,-0.006677,-0.028103,0.028885,1.000000,-0.000009,11.06,1
2326,5.251,-3.167357,-0.635185,-3.167357,-0.635185,-3.202361,-0.584341,,,,0.035004,-0.050844,0.061729,1.000000,-0.000009,0.00,0
2327,5.252,-3.167357,-0.635185,-3.167357,-0.635185,-3.202361,-0.582901,,,,0.035004,-0.052284,0.062920,1.000000,-0.000009,0.00,0
2328,5.254,-3.167357,-0.635185,-3.167357,-0.635185,-3.202361,-0.581461,,,,0.035004,-0.053724,0.064122,1.000000,-0.000009,0.00,0
2329,5.255,-3.167357,-0.635185,-3.167357,-0.635185,-3.202361,-0.580021,,,,0.035004,-0.055164,0.065333,1.000000,-0.000009,0.00,0
2330,5.256,-3.167357,-0.635185,-3.167357,-0.635185,-3.202361,-0.578581,,,,0.035004,-0.056604,0.066553,1.000000,-0.000009,0.00,0
2331,5.257,-3.167357,-0.635185,-3.167357,-0.635185,-3.202361,-0.577141,,,,0.035004,-0.058044,0.067782,1.000000,-0.000009,0.00,0
2332,5.258,-3.167357,-0.635185,-3.167357,-0.635185,-3.202361,-0.575701,,,,0.035004,-0.059484,0.069019,1.000000,-0.000009,0.00,0
2333,5.259,-3.167357,-0.635185,-3.167357,-0.635185,-3.202361,-0.574261,,,,0.035004,-0.060924,0.070264,1.000000,-0.000009,0.00,0
2334,5.260,-3.167357,-0.635185,-3.167357,-0.635185,-3.202361,-0.572821,,,,0.035004,-0.062364,0.071516,1.000000,-0.000009,0.00,0
2335,5.262,-3.167357,-0.635185,-3.167357,-0.635185,-3.202361,-0.571381,,,,0.035004,-0.063804,0.072775,1.000000,-0.000009,0.00,0
2336,5.262,-3.167357,-0.635185,-3.167357,-0.635185,-3.202361,-0.569941,,,,0.035004,-0.065244,0.074041,1.000000,-0.000009,0.00,0
2337,5.264,-3.167357,-0.635185,-3.167357,-0.635185,-3.202361,-0.568501,,,,0.035004,-0.066684,0.075313,1.000000,-0.000009,0.00,0
2338,5.266,-3.167357,-0.635185,-3.167357,-0.635185,-3.202361,-0.567061,,,,0.035004,-0.068124,0.076591,1.000000,-0.000009,0.00,0
2339,5.267,-3.167357,-0.635185,-3.167357,-0.635185,-3.202361,-0.565621,,,,0.035004,-0.069564,0.077875,1.000000,-0.000009,0.00,0
2340,5.279,-3.176166,-0.589687,-3.196913,-0.504016,-3.202361,-0.564181,0.026195,-0.025506,0.036562,0.005448,0.060165,0.060411,1.000000,-0.000009,11.01,1
2341,5.280,-3.176166,-0.589687,-3.176166,-0.589687,-3.202361,-0.562741,,,,0.026195,-0.026946,0.037580,1.000000,-0.000009,0.00,0
2342,5.281,-3.176166,-0.589687,-3.176166,-0.589687,-3.202361,-0.561301,,,,0.026195,-0.028386,0.038626,1.000000,-0.000009,0.00,0
2343,5.282,-3.176166,-0.589687,-3.176166,-0.589687,-3.202361,-0.559861,,,,0.026195,-0.029826,0.039696,1.000000,-0.000009,0.00,0
2344,5.283,-3.176166,-0.589687,-3.176166,-0.589687,-3.202361,-0.558421,,,,0.026195,-0.031266,0.040789,1.000000,-0.000009,0.00,0
2345,5.285,-3.176166,-0.589687,-3.176166,-0.589687,-3.202361,-0.556981,,,,0.026195,-0.032706,0.041903,1.000000,-0.000009,0.00,0
2346,5.286,-3.176166,-0.589687,-3.176166,-0.589687,-3.202361,-0.555541,,,,0.026195,-0.034146,0.043037,1.000000,-0.000009,0.00,0
2347,5.287,-3.176166,-0.589687,-3.176166,-0.589687,-3.202361,-0.554101,,,,0.026195,-0.035586,0.044188,1.000000,-0.000009,0.00,0
2348,5.288,-3.176166,-0.589687,-3.176166,-0.589687,-3.202361,-0.552661,,,,0.026195,-0.037026,0.045355,1.000000,-0.000009,0.00,0
2349,5.290,-3.176166,-0.589687,-3.176166,-0.589687,-3.202361,-0.551221,,,,0.026195,-0.038466,0.046538,1.000000,-0.000009,0.00,0
2350,5.291,-3.176166,-0.589687,-3.176166,-0.589687,-3.202361,-0.549781,,,,0.026195,-0.039906,0.047736,1.000000,-0.000009,0.00,0
2351,5.292,-3.176166,-0.589687,-3.176166,-0.589687,-3.202361,-0.548341,,,,0.026195,-0.041346,0.048946,1.000000,-0.000009,0.00,0
2352,5.293,-3.176166,-0.589687,-3.176166,-0.589687,-3.202361,-0.546901,,,,0.026195,-0.042786,0.050168,1.000000,-0.000009,0.00,0
2353,5.294,-3.176166,-0.589687,-3.176166,-0.589687,-3.202361,-0.545461,,,,0.026195,-0.044226,0.051402,1.000000,-0.000009,0.00,0
2354,5.295,-3.176166,-0.589687,-3.176166,-0.589687,-3.202361,-0.544021,,,,0.026195,-0.045666,0.052646,1.000000,-0.000009,0.00,0
2355,5.308,-3.206967,-0.539613,-3.214951,-0.500939,-3.202361,-0.542581,-0.004606,0.002968,0.005480,-0.012590,0.041642,0.043504,1.000000,-0.000009,10.01,1
2356,5.310,-3.206967,-0.539613,-3.206967,-0.539613,-3.202361,-0.541141,,,,-0.004606,0.001528,0.004853,1.000000,-0.000009,0.00,0
2357,5.311,-3.206967,-0.539613,-3.206967,-0.539613,-3.202361,-0.539701,,,,-0.004606,0.000088,0.004607,1.000000,-0.000009,0.00,0
2358,5.312,-3.206967,-0.539613,-3.206967,-0.539613,-3.202361,-0.538261,,,,-0.004606,-0.001352,0.004801,1.000000,-0.000009,0.00,0
2359,5.313,-3.206967,-0.539613,-3.206967,-0.539613,-3.202361,-0.536821,,,,-0.004606,-0.002792,0.005386,1.000000,-0.000009,0.00,0
2360,5.314,-3.206967,-0.539613,-3.206967,-0.539613,-3.202361,-0.535381,,,,-0.004606,-0.004232,0.006255,1.000000,-0.000009,0.00,0
2361,5.316,-3.206967,-0.539613,-3.206967,-0.539613,-3.202361,-0.533941,,,,-0.004606,-0.005672,0.007307,1.000000,-0.000009,0.00,0
2362,5.317,-3.206967,-0.539613,-3.206967,-0.539613,-3.202361,-0.532501,,,,-0.004606,-0.007112,0.008473,1.000000,-0.000009,0.00,0
2363,5.318,-3.206967,-0.539613,-3.206967,-0.539613,-3.202361,-0.531061,,,,-0.004606,-0.008552,0.009714,1.000000,-0.000009,0.00,0
2364,5.320,-3.206967,-0.539613,-3.206967,-0.539613,-3.202361,-0.529621,,,,-0.004606,-0.009992,0.011003,1.000000,-0.000009,0.00,0
2365,5.320,-3.206967,-0.539613,-3.206967,-0.539613,-3.202361,-0.528181,,,,-0.004606,-0.011432,0.012325,1.000000,-0.000009,0.00,0
2366,5.321,-3.206967,-0.539613,-3.206967,-0.539613,-3.202361,-0.526741,,,,-0.004606,-0.012872,0.013671,1.000000,-0.000009,0.00,0
2367,5.323,-3.206967,-0.539613,-3.206967,-0.539613,-3.202361,-0.525301,,,,-0.004606,-0.014312,0.015035,1.000000,-0.000009,0.00,0
2368,5.324,-3.206967,-0.539613,-3.206967,-0.539613,-3.202361,-0.523861,,,,-0.004606,-0.015752,0.016412,1.000000,-0.000009,0.00,0
2369,5.325,-3.206967,-0.539613,-3.206967,-0.539613,-3.202361,-0.522421,,,,-0.004606,-0.017192,0.017798,1.000000,-0.000009,0.00,0
2370,5.337,-3.172320,-0.525287,-3.105096,-0.570904,-3.202361,-0.520981,0.030041,-0.004306,0.030348,0.097265,-0.049923,0.109329,1.000000,-0.000009,11.01,1
2371,5.338,-3.172320,-0.525287,-3.172320,-0.525287,-3.202361,-0.519541,,,,0.030041,-0.005746,0.030586,1.000000,-0.000009,0.00,0
2372,5.340,-3.172320,-0.525287,-3.172320,-0.525287,-3.202361,-0.518101,,,,0.030041,-0.007186,0.030889,1.000000,-0.000009,0.00,0
2373,5.342,-3.172320,-0.525287,-3.172320,-0.525287,-3.202361,-0.516661,,,,0.030041,-0.008626,0.031255,1.000000,-0.000009,0.00,0
2374,5.343,-3.172320,-0.525287,-3.172320,-0.525287,-3.202361,-0.515221,,,,0.030041,-0.010066,0.031683,1.000000,-0.000009,0.00,0
2375,5.344,-3.172320,-0.525287,-3.172320,-0.525287,-3.202361,-0.513781,,,,0.030041,-0.011506,0.032169,1.000000,-0.000009,0.00,0
2376,5.346,-3.172320,-0.525287,-3.172320,-0.525287,-3.202361,-0.512341,,,,0.030041,-0.012946,0.032712,1.000000,-0.000009,0.00,0
2377,5.347,-3.172320,-0.525287,-3.172320,-0.525287,-3.202361,-0.510901,,,,0.030041,-0.014386,0.033308,1.000000,-0.000009,0.00,0
2378,5.347,-3.172320,-0.525287,-3.172320,-0.525287,-3.202361,-0.509461,,,,0.030041,-0.015826,0.033955,1.000000,-0.000009,0.00,0
2379,5.350,-3.172320,-0.525287,-3.172320,-0.525287,-3.202361,-0.508021,,,,0.030041,-0.017266,0.034649,1.000000,-0.000009,0.00,0
2380,5.350,-3.172320,-0.525287,-3.172320,-0.525287,-3.202361,-0.506581,,,,0.030041,-0.018706,0.035389,1.000000,-0.000009,0.00,0
2381,5.351,-3.172320,-0.525287,-3.172320,-0.525287,-3.202361,-0.505141,,,,0.030041,-0.020146,0.036171,1.000000,-0.000009,0.00,0
2382,5.352,-3.172320,-0.525287,-3.172320,-0.525287,-3.202361,-0.503701,,,,0.030041,-0.021586,0.036992,1.000000,-0.000009,0.00,0
2383,5.353,-3.172320,-0.525287,-3.172320,-0.525287,-3.202361,-0.502261,,,,0.030041,-0.023026,0.037850,1.000000,-0.000009,0.00,0
2384,5.354,-3.172320,-0.525287,-3.172320,-0.525287,-3.202361,-0.500821,,,,0.030041,-0.024466,0.038743,1.000000,-0.000009,0.00,0
2385,5.366,-3.117835,-0.539902,-3.033457,-0.547861,-3.202361,-0.499381,0.084526,-0.040521,0.093737,0.168904,-0.048480,0.175723,1.000000,-0.000009,11.01,1
2386,5.368,-3.117835,-0.539902,-3.117835,-0.539902,-3.203230,-0.497941,,,,0.085395,-0.041961,0.095147,1.000000,-0.000009,0.00,0
2387,5.368,-3.117835,-0.539902,-3.117835,-0.539902,-3.204151,-0.496501,,,,0.086316,-0.043401,0.096613,1.000000,-0.000010,0.00,0
2388,5.370,-3.117835,-0.539902,-3.117835,-0.539902,-3.205079,-0.495061,,,,0.087244,-0.044841,0.098093,1.000000,-0.000010,0.00,0
2389,5.371,-3.117835,-0.539902,-3.117835,-0.539902,-3.206007,-0.493621,,,,0.088172,-0.046281,0.099580,1.000000,-0.000010,0.00,0
2390,5.372,-3.117835,-0.539902,-3.117835,-0.539902,-3.206933,-0.492181,,,,0.089098,-0.047721,0.101073,1.000000,-0.000010,0.00,0
2391,5.374,-3.117835,-0.539902,-3.117835,-0.539902,-3.207859,-0.490741,,,,0.090024,-0.049161,0.102572,1.000000,-0.000010,0.00,0
2392,5.375,-3.117835,-0.539902,-3.117835,-0.539902,-3.208783,-0.489301,,,,0.090948,-0.050601,0.104077,1.000000,-0.000010,0.00,0
2393,5.376,-3.117835,-0.539902,-3.117835,-0.539902,-3.209706,-0.487861,,,,0.091872,-0.052041,0.105587,1.000000,-0.000010,0.00,0
2394,5.378,-3.117835,-0.539902,-3.117835,-0.539902,-3.210629,-0.486421,,,,0.092794,-0.053481,0.107103,1.000000,-0.000010,0.00,0
2395,5.379,-3.117835,-0.539902,-3.117835,-0.539902,-3.211551,-0.484981,,,,0.093717,-0.054921,0.108623,1.000000,-0.000010,0.00,0
2396,5.380,-3.117835,-0.539902,-3.117835,-0.539902,-3.212473,-0.483541,,,,0.094638,-0.056361,0.110150,1.000000,-0.000010,0.00,0
2397,5.381,-3.117835,-0.539902,-3.117835,-0.539902,-3.213395,-0.482101,,,,0.095560,-0.057801,0.111681,1.000000,-0.000010,0.00,0
2398,5.383,-3.117835,-0.539902,-3.117835,-0.539902,-3.214316,-0.480661,,,,0.096481,-0.059241,0.113217,1.000000,-0.000010,0.00,0
2399,5.384,-3.117835,-0.539902,-3.117835,-0.539902,-3.215237,-0.479221,,,,0.097402,-0.060681,0.114758,1.000000,-0.000010,0.00,0
2400,5.396,-3.109438,-0.527534,-3.189761,-0.463836,-3.216158,-0.477781,0.106720,-0.049753,0.117747,0.026396,0.013945,0.029854,1.000000,-0.000010,11.01,1
2401,5.398,-3.109438,-0.527534,-3.109438,-0.527534,-3.217167,-0.476341,,,,0.107729,-0.051193,0.119274,1.000000,-0.000010,0.00,0
2402,5.399,-3.109438,-0.527534,-3.109438,-0.527534,-3.218182,-0.474901,,,,0.108744,-0.052633,0.120812,1.000000,-0.000010,0.00,0
2403,5.400,-3.109438,-0.527534,-3.109438,-0.527534,-3.219198,-0.473461,,,,0.109759,-0.054073,0.122356,1.000000,-0.000010,0.00,0
2404,5.401,-3.109438,-0.527534,-3.109438,-0.527534,-3.220213,-0.472021,,,,0.110775,-0.055513,0.123906,1.000000,-0.000010,0.00,0
2405,5.402,-3.109438,-0.527534,-3.109438,-0.527534,-3.221228,-0.470581,,,,0.111790,-0.056953,0.125462,1.000000,-0.000010,0.00,0
2406,5.404,-3.109438,-0.527534,-3.109438,-0.527534,-3.222243,-0.469141,,,,0.112805,-0.058393,0.127022,1.000000,-0.000010,0.00,0
2407,5.405,-3.109438,-0.527534,-3.109438,-0.527534,-3.223258,-0.467701,,,,0.113820,-0.059833,0.128588,1.000000,-0.000010,0.00,0
2408,5.406,-3.109438,-0.527534,-3.109438,-0.527534,-3.224273,-0.466261,,,,0.114834,-0.061273,0.130159,1.000000,-0.000010,0.00,0
2409,5.407,-3.109438,-0.527534,-3.109438,-0.527534,-3.225287,-0.464821,,,,0.115849,-0.062713,0.131734,1.000000,-0.000010,0.00,0
2410,5.409,-3.109438,-0.527534,-3.109438,-0.527534,-3.226302,-0.463381,,,,0.116864,-0.064153,0.133314,1.000000,-0.000010,0.00,0
2411,5.409,-3.109438,-0.527534,-3.109438,-0.527534,-3.227316,-0.461941,,,,0.117878,-0.065593,0.134899,1.000000,-0.000010,0.00,0
2412,5.410,-3.109438,-0.527534,-3.109438,-0.527534,-3.228331,-0.460501,,,,0.118893,-0.067033,0.136488,1.000000,-0.000010,0.00,0
2413,5.412,-3.109438,-0.527534,-3.109438,-0.527534,-3.229345,-0.459061,,,,0.119907,-0.068473,0.138080,1.000000,-0.000010,0.00,0
2414,5.412,-3.109438,-0.527534,-3.109438,-0.527534,-3.230360,-0.457621,,,,0.120921,-0.069913,0.139677,1.000000,-0.000010,0.00,0
2415,5.424,-3.161049,-0.481117,-3.259927,-0.431654,-3.231374,-0.456181,0.070325,-0.024936,0.074615,-0.028553,0.024527,0.037641,1.000000,-0.000010,10.72,1
2416,5.426,-3.161049,-0.481117,-3.161049,-0.481117,-3.231431,-0.454741,,,,0.070382,-0.026376,0.075162,1.000000,-0.000010,0.00,0
2417,5.428,-3.161049,-0.481117,-3.161049,-0.481117,-3.231430,-0.453301,,,,0.070381,-0.027816,0.075678,1.000000,-0.000010,0.00,0
2418,5.430,-3.161049,-0.481117,-3.161049,-0.481117,-3.231421,-0.451861,,,,0.070372,-0.029256,0.076212,1.000000,-0.000010,0.00,0
2419,5.431,-3.161049,-0.481117,-3.161049,-0.481117,-3.231413,-0.450421,,,,0.070364,-0.030696,0.076768,1.000000,-0.000010,0.00,0
2420,5.432,-3.161049,-0.481117,-3.161049,-0.481117,-3.231406,-0.448981,,,,0.070357,-0.032136,0.077349,1.000000,-0.000010,0.00,0
2421,5.433,-3.161049,-0.481117,-3.161049,-0.481117,-3.231400,-0.447541,,,,0.070351,-0.033576,0.077953,1.000000,-0.000010,0.00,0
2422,5.435,-3.161049,-0.481117,-3.161049,-0.481117,-3.231396,-0.446101,,,,0.070347,-0.035016,0.078580,1.000000,-0.000010,0.00,0
2423,5.436,-3.161049,-0.481117,-3.161049,-0.481117,-3.231392,-0.444661,,,,0.070344,-0.036456,0.079229,1.000000,-0.000010,0.00,0
2424,5.437,-3.161049,-0.481117,-3.161049,-0.481117,-3.231390,-0.443221,,,,0.070341,-0.037896,0.079900,1.000000,-0.000010,0.00,0
2425,5.438,-3.161049,-0.481117,-3.161049,-0.481117,-3.231387,-0.441781,,,,0.070339,-0.039336,0.080591,1.000000,-0.000010,0.00,0
2426,5.440,-3.161049,-0.481117,-3.161049,-0.481117,-3.231386,-0.440341,,,,0.070337,-0.040776,0.081302,1.000000,-0.000010,0.00,0
2427,5.441,-3.161049,-0.481117,-3.161049,-0.481117,-3.231384,-0.438901,,,,0.070335,-0.042216,0.082032,1.000000,-0.000010,0.00,0
2428,5.443,-3.161049,-0.481117,-3.161049,-0.481117,-3.231383,-0.437461,,,,0.070334,-0.043656,0.082782,1.000000,-0.000010,0.00,0
2429,5.445,-3.161049,-0.481117,-3.161049,-0.481117,-3.231382,-0.436021,,,,0.070334,-0.045096,0.083549,1.000000,-0.000010,0.00,0
2430,5.457,-3.234917,-0.438134,-3.255062,-0.418912,-3.231382,-0.434581,-0.003535,-0.003553,0.005012,-0.023680,0.015669,0.028395,1.000000,-0.000010,10.91,1
2431,5.458,-3.234917,-0.438134,-3.234917,-0.438134,-3.231381,-0.433141,,,,-0.003536,-0.004993,0.006118,1.000000,-0.000010,0.00,0
2432,5.460,-3.234917,-0.438134,-3.234917,-0.438134,-3.231381,-0.431701,,,,-0.003536,-0.006433,0.007341,1.000000,-0.000010,0.00,0
2433,5.461,-3.234917,-0.438134,-3.234917,-0.438134,-3.231381,-0.430261,,,,-0.003536,-0.007873,0.008631,1.000000,-0.000010,0.00,0
2434,5.462,-3.234917,-0.438134,-3.234917,-0.438134,-3.231380,-0.428821,,,,-0.003537,-0.009313,0.009962,1.000000,-0.000010,0.00,0
2435,5.464,-3.234917,-0.438134,-3.234917,-0.438134,-3.231380,-0.427381,,,,-0.003537,-0.010753,0.011320,1.000000,-0.000010,0.00,0
2436,5.465,-3.234917,-0.438134,-3.234917,-0.438134,-3.231380,-0.425941,,,,-0.003537,-0.012193,0.012695,1.000000,-0.000010,0.00,0
2437,5.466,-3.234917,-0.438134,-3.234917,-0.438134,-3.231380,-0.424501,,,,-0.003537,-0.013633,0.014084,1.000000,-0.000010,0.00,0
2438,5.467,-3.234917,-0.438134,-3.234917,-0.438134,-3.231380,-0.423061,,,,-0.003537,-0.015073,0.015482,1.000000,-0.000010,0.00,0
2439,5.468,-3.234917,-0.438134,-3.234917,-0.438134,-3.231380,-0.421621,,,,-0.003537,-0.016513,0.016887,1.000000,-0.000010,0.00,0
2440,5.470,-3.234917,-0.438134,-3.234917,-0.438134,-3.231380,-0.420181,,,,-0.003537,-0.017953,0.018298,1.000000,-0.000010,0.00,0
2441,5.471,-3.234917,-0.438134,-3.234917,-0.438134,-3.231380,-0.418741,,,,-0.003537,-0.019393,0.019713,1.000000,-0.000010,0.00,0
2442,5.472,-3.234917,-0.438134,-3.234917,-0.438134,-3.231379,-0.417301,,,,-0.003537,-0.020833,0.021131,1.000000,-0.000010,0.00,0
2443,5.473,-3.234917,-0.438134,-3.234917,-0.438134,-3.231379,-0.415861,,,,-0.003537,-0.022273,0.022552,1.000000,-0.000010,0.00,0
2444,5.478,-3.234917,-0.438134,-3.234917,-0.438134,-3.231379,-0.414421,,,,-0.003537,-0.023713,0.023975,1.000000,-0.000010,0.00,0
2445,5.491,-3.240054,-0.427138,-3.205174,-0.430847,-3.231379,-0.412981,-0.008675,-0.014157,0.016603,0.026205,-0.017866,0.031716,1.000000,-0.000010,11.01,1
2446,5.493,-3.240054,-0.427138,-3.240054,-0.427138,-3.231379,-0.411541,,,,-0.008675,-0.015597,0.017847,1.000000,-0.000010,0.00,0
2447,5.494,-3.240054,-0.427138,-3.240054,-0.427138,-3.231379,-0.410101,,,,-0.008675,-0.017037,0.019118,1.000000,-0.000010,0.00,0
2448,5.495,-3.240054,-0.427138,-3.240054,-0.427138,-3.231379,-0.408661,,,,-0.008675,-0.018477,0.020412,1.000000,-0.000010,0.00,0
2449,5.496,-3.240054,-0.427138,-3.240054,-0.427138,-3.231379,-0.407221,,,,-0.008675,-0.019917,0.021724,1.000000,-0.000010,0.00,0
2450,5.497,-3.240054,-0.427138,-3.240054,-0.427138,-3.231379,-0.405781,,,,-0.008675,-0.021357,0.023051,1.000000,-0.000010,0.00,0
2451,5.498,-3.240054,-0.427138,-3.240054,-0.427138,-3.231379,-0.404341,,,,-0.008675,-0.022797,0.024391,1.000000,-0.000010,0.00,0
2452,5.500,-3.240054,-0.427138,-3.240054,-0.427138,-3.231379,-0.402901,,,,-0.008675,-0.024237,0.025742,1.000000,-0.000010,0.00,0
2453,5.501,-3.240054,-0.427138,-3.240054,-0.427138,-3.231379,-0.401461,,,,-0.008675,-0.025677,0.027102,1.000000,-0.000010,0.00,0
2454,5.502,-3.240054,-0.427138,-3.240054,-0.427138,-3.231379,-0.400021,,,,-0.008675,-0.027117,0.028470,1.000000,-0.000010,0.00,0
2455,5.503,-3.240054,-0.427138,-3.240054,-0.427138,-3.231379,-0.398581,,,,-0.008675,-0.028557,0.029845,1.000000,-0.000010,0.00,0
2456,5.505,-3.240054,-0.427138,-3.240054,-0.427138,-3.231379,-0.397141,,,,-0.008675,-0.029997,0.031226,1.000000,-0.000010,0.00,0
2457,5.506,-3.240054,-0.427138,-3.240054,-0.427138,-3.231379,-0.395701,,,,-0.008675,-0.031437,0.032611,1.000000,-0.000010,0.00,0
2458,5.508,-3.240054,-0.427138,-3.240054,-0.427138,-3.231379,-0.394261,,,,-0.008675,-0.032877,0.034002,1.000000,-0.000010,0.00,0
2459,5.508,-3.240054,-0.427138,-3.240054,-0.427138,-3.231379,-0.392821,,,,-0.008675,-0.034317,0.035396,1.000000,-0.000010,0.00,0
2460,5.522,-3.196002,-0.412138,-3.127769,-0.386654,-3.231379,-0.391381,0.035378,-0.020756,0.041017,0.103611,0.004728,0.103719,1.000000,-0.000010,10.52,1
2461,5.524,-3.196002,-0.412138,-3.196002,-0.412138,-3.231379,-0.389941,,,,0.035378,-0.022196,0.041764,1.000000,-0.000010,0.00,0
2462,5.525,-3.196002,-0.412138,-3.196002,-0.412138,-3.231379,-0.388501,,,,0.035378,-0.023636,0.042547,1.000000,-0.000010,0.00,0
2463,5.526,-3.196002,-0.412138,-3.196002,-0.412138,-3.231379,-0.387061,,,,0.035378,-0.025076,0.043364,1.000000,-0.000009,0.00,0
2464,5.527,-3.196002,-0.412138,-3.196002,-0.412138,-3.231379,-0.385621,,,,0.035378,-0.026516,0.044212,1.000000,-0.000009,0.00,0
2465,5.530,-3.196002,-0.412138,-3.196002,-0.412138,-3.231379,-0.384181,,,,0.035378,-0.027956,0.045090,1.000000,-0.000009,0.00,0
2466,5.531,-3.196002,-0.412138,-3.196002,-0.412138,-3.231379,-0.382741,,,,0.035378,-0.029396,0.045997,1.000000,-0.000009,0.00,0
2467,5.532,-3.196002,-0.412138,-3.196002,-0.412138,-3.231379,-0.381301,,,,0.035378,-0.030836,0.046930,1.000000,-0.000009,0.00,0
2468,5.533,-3.196002,-0.412138,-3.196002,-0.412138,-3.231379,-0.379861,,,,0.035378,-0.032276,0.047889,1.000000,-0.000009,0.00,0
2469,5.534,-3.196002,-0.412138,-3.196002,-0.412138,-3.231379,-0.378421,,,,0.035378,-0.033716,0.048871,1.000000,-0.000009,0.00,0
2470,5.535,-3.196002,-0.412138,-3.196002,-0.412138,-3.231379,-0.376981,,,,0.035378,-0.035156,0.049875,1.000000,-0.000009,0.00,0
2471,5.537,-3.196002,-0.412138,-3.196002,-0.412138,-3.231379,-0.375541,,,,0.035378,-0.036596,0.050901,1.000000,-0.000009,0.00,0
2472,5.538,-3.196002,-0.412138,-3.196002,-0.412138,-3.231379,-0.374101,,,,0.035378,-0.038036,0.051946,1.000000,-0.000009,0.00,0
2473,5.538,-3.196002,-0.412138,-3.196002,-0.412138,-3.231379,-0.372661,,,,0.035378,-0.039476,0.053009,1.000000,-0.000009,0.00,0
2474,5.540,-3.196002,-0.412138,-3.196002,-0.412138,-3.231379,-0.371221,,,,0.035378,-0.040916,0.054090,1.000000,-0.000009,0.00,0
2475,5.552,-3.190070,-0.392877,-3.237266,-0.361130,-3.231379,-0.369781,0.041310,-0.023096,0.047328,-0.005887,0.008651,0.010464,1.000000,-0.000009,10.54,1
2476,5.555,-3.190070,-0.392877,-3.190070,-0.392877,-3.231379,-0.368341,,,,0.041310,-0.024536,0.048047,1.000000,-0.000009,0.00,0
2477,5.557,-3.190070,-0.392877,-3.190070,-0.392877,-3.231379,-0.366901,,,,0.041310,-0.025976,0.048798,1.000000,-0.000009,0.00,0
2478,5.558,-3.190070,-0.392877,-3.190070,-0.392877,-3.231379,-0.365461,,,,0.041310,-0.027416,0.049579,1.000000,-0.000009,0.00,0
2479,5.559,-3.190070,-0.392877,-3.190070,-0.392877,-3.231379,-0.364021,,,,0.041310,-0.028856,0.050390,1.000000,-0.000009,0.00,0
2480,5.560,-3.190070,-0.392877,-3.190070,-0.392877,-3.231379,-0.362581,,,,0.041310,-0.030296,0.051228,1.000000,-0.000009,0.00,0
2481,5.561,-3.190070,-0.392877,-3.190070,-0.392877,-3.231380,-0.361141,,,,0.041310,-0.031736,0.052093,1.000000,-0.000009,0.00,0
2482,5.562,-3.190070,-0.392877,-3.190070,-0.392877,-3.231380,-0.359701,,,,0.041310,-0.033176,0.052982,1.000000,-0.000009,0.00,0
2483,5.564,-3.190070,-0.392877,-3.190070,-0.392877,-3.231380,-0.358261,,,,0.041310,-0.034616,0.053896,1.000000,-0.000009,0.00,0
2484,5.565,-3.190070,-0.392877,-3.190070,-0.392877,-3.231380,-0.356821,,,,0.041310,-0.036056,0.054832,1.000000,-0.000009,0.00,0
2485,5.566,-3.190070,-0.392877,-3.190070,-0.392877,-3.231380,-0.355381,,,,0.041310,-0.037496,0.055789,1.000000,-0.000009,0.00,0
2486,5.567,-3.190070,-0.392877,-3.190070,-0.392877,-3.231380,-0.353941,,,,0.041310,-0.038936,0.056767,1.000000,-0.000009,0.00,0
2487,5.568,-3.190070,-0.392877,-3.190070,-0.392877,-3.231380,-0.352501,,,,0.041310,-0.040376,0.057764,1.000000,-0.000009,0.00,0
2488,5.569,-3.190070,-0.392877,-3.190070,-0.392877,-3.231380,-0.351061,,,,0.041310,-0.041816,0.058780,1.000000,-0.000009,0.00,0
2489,5.570,-3.190070,-0.392877,-3.190070,-0.392877,-3.231380,-0.349621,,,,0.041310,-0.043256,0.059813,1.000000,-0.000009,0.00,0
2490,5.582,-3.203630,-0.349336,-3.245855,-0.300224,-3.231380,-0.348181,0.027750,-0.001155,0.027774,-0.014475,0.047958,0.050094,1.000000,-0.000009,11.01,1
2491,5.585,-3.203630,-0.349336,-3.203630,-0.349336,-3.231380,-0.346741,,,,0.027750,-0.002595,0.027871,1.000000,-0.000009,0.00,0
2492,5.586,-3.203630,-0.349336,-3.203630,-0.349336,-3.231379,-0.345301,,,,0.027750,-0.004035,0.028042,1.000000,-0.000009,0.00,0
2493,5.587,-3.203630,-0.349336,-3.203630,-0.349336,-3.231379,-0.343861,,,,0.027750,-0.005475,0.028285,1.000000,-0.000009,0.00,0
2494,5.588,-3.203630,-0.349336,-3.203630,-0.349336,-3.231379,-0.342421,,,,0.027750,-0.006915,0.028598,1.000000,-0.000009,0.00,0
2495,5.589,-3.203630,-0.349336,-3.203630,-0.349336,-3.231379,-0.340981,,,,0.027750,-0.008355,0.028980,1.000000,-0.000009,0.00,0
2496,5.590,-3.203630,-0.349336,-3.203630,-0.349336,-3.231379,-0.339541,,,,0.027750,-0.009795,0.029428,1.000000,-0.000009,0.00,0
2497,5.591,-3.203630,-0.349336,-3.203630,-0.349336,-3.231379,-0.338101,,,,0.027750,-0.011235,0.029938,1.000000,-0.000009,0.00,0
2498,5.592,-3.203630,-0.349336,-3.203630,-0.349336,-3.231379,-0.336661,,,,0.027750,-0.012675,0.030507,1.000000,-0.000009,0.00,0
2499,5.594,-3.203630,-0.349336,-3.203630,-0.349336,-3.231379,-0.335221,,,,0.027750,-0.014115,0.031133,1.000000,-0.000009,0.00,0
2500,5.595,-3.203630,-0.349336,-3.203630,-0.349336,-3.231379,-0.333781,,,,0.027750,-0.015555,0.031812,1.000000,-0.000009,0.00,0
2501,5.596,-3.203630,-0.349336,-3.203630,-0.349336,-3.231379,-0.332341,,,,0.027750,-0.016995,0.032540,1.000000,-0.000009,0.00,0
2502,5.597,-3.203630,-0.349336,-3.203630,-0.349336,-3.231379,-0.330901,,,,0.027750,-0.018435,0.033315,1.000000,-0.000009,0.00,0
2503,5.598,-3.203630,-0.349336,-3.203630,-0.349336,-3.231379,-0.329461,,,,0.027750,-0.019875,0.034133,1.000000,-0.000009,0.00,0
2504,5.599,-3.203630,-0.349336,-3.203630,-0.349336,-3.231379,-0.328021,,,,0.027750,-0.021315,0.034991,1.000000,-0.000009,0.00,0
2505,5.611,-3.251576,-0.303237,-3.271609,-0.248356,-3.231379,-0.326581,-0.020197,0.023345,0.030869,-0.040229,0.078225,0.087963,1.000000,-0.000009,11.02,1
2506,5.613,-3.251576,-0.303237,-3.251576,-0.303237,-3.231379,-0.325141,,,,-0.020197,0.021905,0.029795,1.000000,-0.000009,0.00,0
2507,5.614,-3.251576,-0.303237,-3.251576,-0.303237,-3.231379,-0.323701,,,,-0.020197,0.020465,0.028753,1.000000,-0.000009,0.00,0
2508,5.616,-3.251576,-0.303237,-3.251576,-0.303237,-3.231379,-0.322261,,,,-0.020197,0.019025,0.027746,1.000000,-0.000009,0.00,0
2509,5.617,-3.251576,-0.303237,-3.251576,-0.303237,-3.231379,-0.320821,,,,-0.020197,0.017585,0.026779,1.000000,-0.000009,0.00,0
2510,5.618,-3.251576,-0.303237,-3.251576,-0.303237,-3.231379,-0.319381,,,,-0.020197,0.016145,0.025857,1.000000,-0.000009,0.00,0
2511,5.619,-3.251576,-0.303237,-3.251576,-0.303237,-3.231379,-0.317941,,,,-0.020197,0.014705,0.024983,1.000000,-0.000009,0.00,0
2512,5.620,-3.251576,-0.303237,-3.251576,-0.303237,-3.231379,-0.316501,,,,-0.020197,0.013265,0.024163,1.000000,-0.000009,0.00,0
2513,5.621,-3.251576,-0.303237,-3.251576,-0.303237,-3.231379,-0.315061,,,,-0.020197,0.011825,0.023404,1.000000,-0.000009,0.00,0
2514,5.622,-3.251576,-0.303237,-3.251576,-0.303237,-3.231379,-0.313621,,,,-0.020197,0.010385,0.022710,1.000000,-0.000009,0.00,0
2515,5.624,-3.251576,-0.303237,-3.251576,-0.303237,-3.231379,-0.312181,,,,-0.020197,0.008945,0.022089,1.000000,-0.000009,0.00,0
2516,5.625,-3.251576,-0.303237,-3.251576,-0.303237,-3.231379,-0.310741,,,,-0.020197,0.007505,0.021546,1.000000,-0.000009,0.00,0
2517,5.626,-3.251576,-0.303237,-3.251576,-0.303237,-3.231379,-0.309301,,,,-0.020197,0.006065,0.021088,1.000000,-0.000009,0.00,0
2518,5.627,-3.251576,-0.303237,-3.251576,-0.303237,-3.231379,-0.307861,,,,-0.020197,0.004625,0.020720,1.000000,-0.000009,0.00,0
2519,5.628,-3.251576,-0.303237,-3.251576,-0.303237,-3.231379,-0.306421,,,,-0.020197,0.003185,0.020447,1.000000,-0.000009,0.00,0
2520,5.641,-3.239175,-0.278633,-3.200062,-0.287319,-3.231379,-0.304981,-0.007796,0.026348,0.027477,0.031318,0.017662,0.035955,1.000000,-0.000009,11.51,1
2521,5.642,-3.239175,-0.278633,-3.239175,-0.278633,-3.231379,-0.303541,,,,-0.007796,0.024908,0.026100,1.000000,-0.000009,0.00,0
2522,5.644,-3.239175,-0.278633,-3.239175,-0.278633,-3.231379,-0.302101,,,,-0.007796,0.023468,0.024729,1.000000,-0.000009,0.00,0
2523,5.645,-3.239175,-0.278633,-3.239175,-0.278633,-3.231379,-0.300661,,,,-0.007796,0.022028,0.023367,1.000000,-0.000009,0.00,0
2524,5.646,-3.239175,-0.278633,-3.239175,-0.278633,-3.231379,-0.299221,,,,-0.007796,0.020588,0.022015,1.000000,-0.000009,0.00,0
2525,5.647,-3.239175,-0.278633,-3.239175,-0.278633,-3.231379,-0.297781,,,,-0.007796,0.019148,0.020674,1.000000,-0.000009,0.00,0
2526,5.649,-3.239175,-0.278633,-3.239175,-0.278633,-3.231379,-0.296341,,,,-0.007796,0.017708,0.019348,1.000000,-0.000009,0.00,0
2527,5.650,-3.239175,-0.278633,-3.239175,-0.278633,-3.231379,-0.294901,,,,-0.007796,0.016268,0.018040,1.000000,-0.000009,0.00,0
2528,5.651,-3.239175,-0.278633,-3.239175,-0.278633,-3.231379,-0.293461,,,,-0.007796,0.014828,0.016753,1.000000,-0.000009,0.00,0
2529,5.652,-3.239175,-0.278633,-3.239175,-0.278633,-3.231379,-0.292021,,,,-0.007796,0.013388,0.015492,1.000000,-0.000009,0.00,0
2530,5.654,-3.239175,-0.278633,-3.239175,-0.278633,-3.231379,-0.290581,,,,-0.007796,0.011948,0.014266,1.000000,-0.000009,0.00,0
2531,5.655,-3.239175,-0.278633,-3.239175,-0.278633,-3.231379,-0.289141,,,,-0.007796,0.010508,0.013084,1.000000,-0.000009,0.00,0
2532,5.656,-3.239175,-0.278633,-3.239175,-0.278633,-3.231379,-0.287701,,,,-0.007796,0.009068,0.011958,1.000000,-0.000009,0.00,0
2533,5.657,-3.239175,-0.278633,-3.239175,-0.278633,-3.231379,-0.286261,,,,-0.007796,0.007628,0.010907,1.000000,-0.000009,0.00,0
2534,5.658,-3.239175,-0.278633,-3.239175,-0.278633,-3.231379,-0.284821,,,,-0.007796,0.006188,0.009953,1.000000,-0.000009,0.00,0
2535,5.670,-3.202439,-0.280498,-3.135646,-0.305818,-3.231379,-0.283381,0.028940,0.002883,0.029084,0.095733,-0.022437,0.098327,1.000000,-0.000009,11.51,1
2536,5.673,-3.202439,-0.280498,-3.202439,-0.280498,-3.231379,-0.281941,,,,0.028940,0.001443,0.028976,1.000000,-0.000009,0.00,0
2537,5.674,-3.202439,-0.280498,-3.202439,-0.280498,-3.231379,-0.280501,,,,0.028940,0.000003,0.028940,1.000000,-0.000009,0.00,0
2538,5.675,-3.202439,-0.280498,-3.202439,-0.280498,-3.231379,-0.279061,,,,0.028940,-0.001437,0.028976,1.000000,-0.000009,0.00,0
2539,5.676,-3.202439,-0.280498,-3.202439,-0.280498,-3.231379,-0.277621,,,,0.028940,-0.002877,0.029083,1.000000,-0.000009,0.00,0
2540,5.677,-3.202439,-0.280498,-3.202439,-0.280498,-3.231379,-0.276181,,,,0.028940,-0.004317,0.029260,1.000000,-0.000009,0.00,0
2541,5.679,-3.202439,-0.280498,-3.202439,-0.280498,-3.231379,-0.274741,,,,0.028940,-0.005757,0.029507,1.000000,-0.000009,0.00,0
2542,5.679,-3.202439,-0.280498,-3.202439,-0.280498,-3.231379,-0.273301,,,,0.028940,-0.007197,0.029822,1.000000,-0.000009,0.00,0
2543,5.680,-3.202439,-0.280498,-3.202439,-0.280498,-3.231379,-0.271861,,,,0.028940,-0.008637,0.030201,1.000000,-0.000009,0.00,0
2544,5.681,-3.202439,-0.280498,-3.202439,-0.280498,-3.231379,-0.270421,,,,0.028940,-0.010077,0.030644,1.000000,-0.000009,0.00,0
2545,5.683,-3.202439,-0.280498,-3.202439,-0.280498,-3.231379,-0.268981,,,,0.028940,-0.011517,0.031147,1.000000,-0.000009,0.00,0
2546,5.684,-3.202439,-0.280498,-3.202439,-0.280498,-3.231379,-0.267541,,,,0.028940,-0.012957,0.031708,1.000000,-0.000009,0.00,0
2547,5.686,-3.202439,-0.280498,-3.202439,-0.280498,-3.231379,-0.266101,,,,0.028940,-0.014397,0.032323,1.000000,-0.000009,0.00,0
2548,5.687,-3.202439,-0.280498,-3.202439,-0.280498,-3.231379,-0.264661,,,,0.028940,-0.015837,0.032990,1.000000,-0.000009,0.00,0
2549,5.688,-3.202439,-0.280498,-3.202439,-0.280498,-3.231379,-0.263221,,,,0.028940,-0.017277,0.033705,1.000000,-0.000009,0.00,0
2550,5.699,-3.178409,-0.281762,-3.199520,-0.252148,-3.231379,-0.261781,0.052970,-0.019981,0.056613,0.031860,0.009633,0.033284,1.000000,-0.000009,10.01,1
2551,5.701,-3.178409,-0.281762,-3.178409,-0.281762,-3.231379,-0.260341,,,,0.052970,-0.021421,0.057138,1.000000,-0.000009,0.00,0
2552,5.702,-3.178409,-0.281762,-3.178409,-0.281762,-3.231379,-0.258901,,,,0.052970,-0.022861,0.057693,1.000000,-0.000009,0.00,0
2553,5.704,-3.178409,-0.281762,-3.178409,-0.281762,-3.231379,-0.257461,,,,0.052970,-0.024301,0.058278,1.000000,-0.000009,0.00,0
2554,5.705,-3.178409,-0.281762,-3.178409,-0.281762,-3.231379,-0.256021,,,,0.052970,-0.025741,0.058893,1.000000,-0.000009,0.00,0
2555,5.706,-3.178409,-0.281762,-3.178409,-0.281762,-3.231379,-0.254581,,,,0.052970,-0.027181,0.059537,1.000000,-0.000009,0.00,0
2556,5.707,-3.178409,-0.281762,-3.178409,-0.281762,-3.231379,-0.253141,,,,0.052970,-0.028621,0.060208,1.000000,-0.000009,0.00,0
2557,5.708,-3.178409,-0.281762,-3.178409,-0.281762,-3.231379,-0.251701,,,,0.052970,-0.030061,0.060906,1.000000,-0.000009,0.00,0
2558,5.709,-3.178409,-0.281762,-3.178409,-0.281762,-3.231379,-0.250261,,,,0.052970,-0.031501,0.061629,1.000000,-0.000009,0.00,0
2559,5.710,-3.178409,-0.281762,-3.178409,-0.281762,-3.231379,-0.248821,,,,0.052970,-0.032941,0.062377,1.000000,-0.000009,0.00,0
2560,5.712,-3.178409,-0.281762,-3.178409,-0.281762,-3.231379,-0.247381,,,,0.052970,-0.034381,0.063150,1.000000,-0.000009,0.00,0
2561,5.714,-3.178409,-0.281762,-3.178409,-0.281762,-3.231379,-0.245941,,,,0.052970,-0.035821,0.063945,1.000000,-0.000009,0.00,0
2562,5.715,-3.178409,-0.281762,-3.178409,-0.281762,-3.231379,-0.244501,,,,0.052970,-0.037261,0.064763,1.000000,-0.000009,0.00,0
2563,5.716,-3.178409,-0.281762,-3.178409,-0.281762,-3.231379,-0.243061,,,,0.052970,-0.038701,0.065602,1.000000,-0.000009,0.00,0
2564,5.717,-3.178409,-0.281762,-3.178409,-0.281762,-3.231379,-0.241621,,,,0.052970,-0.040141,0.066461,1.000000,-0.000009,0.00,0
2565,5.729,-3.192889,-0.252044,-3.243501,-0.198166,-3.231379,-0.240181,0.038490,-0.011863,0.040277,-0.012122,0.042015,0.043729,1.000000,-0.000009,10.51,1
2566,5.731,-3.192889,-0.252044,-3.192889,-0.252044,-3.231379,-0.238741,,,,0.038490,-0.013303,0.040724,1.000000,-0.000009,0.00,0
2567,5.732,-3.192889,-0.252044,-3.192889,-0.252044,-3.231379,-0.237301,,,,0.038490,-0.014743,0.041217,1.000000,-0.000009,0.00,0
2568,5.734,-3.192889,-0.252044,-3.192889,-0.252044,-3.231379,-0.235861,,,,0.038490,-0.016183,0.041753,1.000000,-0.000009,0.00,0
2569,5.735,-3.192889,-0.252044,-3.192889,-0.252044,-3.231379,-0.234421,,,,0.038490,-0.017623,0.042332,1.000000,-0.000009,0.00,0
2570,5.736,-3.192889,-0.252044,-3.192889,-0.252044,-3.231379,-0.232981,,,,0.038490,-0.019063,0.042952,1.000000,-0.000009,0.00,0
2571,5.737,-3.192889,-0.252044,-3.192889,-0.252044,-3.231379,-0.231541,,,,0.038490,-0.020503,0.043610,1.000000,-0.000009,0.00,0
2572,5.738,-3.192889,-0.252044,-3.192889,-0.252044,-3.231379,-0.230101,,,,0.038490,-0.021943,0.044305,1.000000,-0.000009,0.00,0
2573,5.739,-3.192889,-0.252044,-3.192889,-0.252044,-3.231379,-0.228661,,,,0.038490,-0.023383,0.045036,1.000000,-0.000009,0.00,0
2574,5.740,-3.192889,-0.252044,-3.192889,-0.252044,-3.231379,-0.227221,,,,0.038490,-0.024823,0.045800,1.000000,-0.000009,0.00,0
2575,5.741,-3.192889,-0.252044,-3.192889,-0.252044,-3.231379,-0.225781,,,,0.038490,-0.026263,0.046596,1.000000,-0.000009,0.00,0
2576,5.743,-3.192889,-0.252044,-3.192889,-0.252044,-3.231379,-0.224341,,,,0.038490,-0.027703,0.047423,1.000000,-0.000009,0.00,0
2577,5.744,-3.192889,-0.252044,-3.192889,-0.252044,-3.231379,-0.222901,,,,0.038490,-0.029143,0.048278,1.000000,-0.000009,0.00,0
2578,5.745,-3.192889,-0.252044,-3.192889,-0.252044,-3.231379,-0.221461,,,,0.038490,-0.030583,0.049161,1.000000,-0.000009,0.00,0
2579,5.746,-3.192889,-0.252044,-3.192889,-0.252044,-3.231379,-0.220021,,,,0.038490,-0.032023,0.050069,1.000000,-0.000009,0.00,0
2580,5.758,-3.230205,-0.217444,-3.247593,-0.202019,-3.231379,-0.218581,0.001174,0.001137,0.001634,-0.016214,0.016562,0.023178,1.000000,-0.000009,11.01,1
2581,5.759,-3.230205,-0.217444,-3.230205,-0.217444,-3.231379,-0.217141,,,,0.001174,-0.000303,0.001213,1.000000,-0.000009,0.00,0
2582,5.760,-3.230205,-0.217444,-3.230205,-0.217444,-3.231379,-0.215701,,,,0.001174,-0.001743,0.002102,1.000000,-0.000009,0.00,0
2583,5.762,-3.230205,-0.217444,-3.230205,-0.217444,-3.231379,-0.214261,,,,0.001174,-0.003183,0.003393,1.000000,-0.000009,0.00,0
2584,5.763,-3.230205,-0.217444,-3.230205,-0.217444,-3.231379,-0.212821,,,,0.001174,-0.004623,0.004770,1.000000,-0.000009,0.00,0
2585,5.764,-3.230205,-0.217444,-3.230205,-0.217444,-3.231379,-0.211381,,,,0.001174,-0.006063,0.006176,1.000000,-0.000009,0.00,0
2586,5.765,-3.230205,-0.217444,-3.230205,-0.217444,-3.231379,-0.209941,,,,0.001174,-0.007503,0.007595,1.000000,-0.000009,0.00,0
2587,5.766,-3.230205,-0.217444,-3.230205,-0.217444,-3.231379,-0.208501,,,,0.001174,-0.008943,0.009020,1.000000,-0.000009,0.00,0
2588,5.767,-3.230205,-0.217444,-3.230205,-0.217444,-3.231379,-0.207061,,,,0.001174,-0.010383,0.010450,1.000000,-0.000009,0.00,0
2589,5.768,-3.230205,-0.217444,-3.230205,-0.217444,-3.231379,-0.205621,,,,0.001174,-0.011823,0.011881,1.000000,-0.000009,0.00,0
2590,5.769,-3.230205,-0.217444,-3.230205,-0.217444,-3.231379,-0.204181,,,,0.001174,-0.013263,0.013315,1.000000,-0.000009,0.00,0
2591,5.771,-3.230205,-0.217444,-3.230205,-0.217444,-3.231379,-0.202741,,,,0.001174,-0.014703,0.014750,1.000000,-0.000009,0.00,0
2592,5.772,-3.230205,-0.217444,-3.230205,-0.217444,-3.231379,-0.201301,,,,0.001174,-0.016143,0.016186,1.000000,-0.000009,0.00,0
2593,5.773,-3.230205,-0.217444,-3.230205,-0.217444,-3.231379,-0.199861,,,,0.001174,-0.017583,0.017623,1.000000,-0.000009,0.00,0
2594,5.774,-3.230205,-0.217444,-3.230205,-0.217444,-3.231379,-0.198421,,,,0.001174,-0.019023,0.019060,1.000000,-0.000009,0.00,0
2595,5.790,-3.219976,-0.226956,-3.168833,-0.280682,-3.231379,-0.196981,0.011403,-0.029975,0.032071,0.062546,-0.083701,0.104489,1.000000,-0.000009,11.51,1
2596,5.791,-3.219976,-0.226956,-3.219976,-0.226956,-3.231379,-0.195541,,,,0.011403,-0.031415,0.033420,1.000000,-0.000009,0.00,0
2597,5.792,-3.219976,-0.226956,-3.219976,-0.226956,-3.231379,-0.194101,,,,0.011403,-0.032855,0.034777,1.000000,-0.000009,0.00,0
2598,5.794,-3.219976,-0.226956,-3.219976,-0.226956,-3.231379,-0.192661,,,,0.011403,-0.034295,0.036141,1.000000,-0.000009,0.00,0
2599,5.796,-3.219976,-0.226956,-3.219976,-0.226956,-3.231379,-0.191221,,,,0.011403,-0.035735,0.037510,1.000000,-0.000009,0.00,0
2600,5.798,-3.219976,-0.226956,-3.219976,-0.226956,-3.231379,-0.189781,,,,0.011403,-0.037175,0.038884,1.000000,-0.000009,0.00,0
2601,5.799,-3.219976,-0.226956,-3.219976,-0.226956,-3.231379,-0.188341,,,,0.011403,-0.038615,0.040263,1.000000,-0.000009,0.00,0
2602,5.800,-3.219976,-0.226956,-3.219976,-0.226956,-3.231379,-0.186901,,,,0.011403,-0.040055,0.041646,1.000000,-0.000009,0.00,0
2603,5.801,-3.219976,-0.226956,-3.219976,-0.226956,-3.231379,-0.185461,,,,0.011403,-0.041495,0.043033,1.000000,-0.000009,0.00,0
2604,5.802,-3.219976,-0.226956,-3.219976,-0.226956,-3.231379,-0.184021,,,,0.011403,-0.042935,0.044423,1.000000,-0.000010,0.00,0
2605,5.804,-3.219976,-0.226956,-3.219976,-0.226956,-3.231379,-0.182581,,,,0.011403,-0.044375,0.045817,1.000000,-0.000010,0.00,0
2606,5.805,-3.219976,-0.226956,-3.219976,-0.226956,-3.231379,-0.181141,,,,0.011403,-0.045815,0.047213,1.000000,-0.000010,0.00,0
2607,5.806,-3.219976,-0.226956,-3.219976,-0.226956,-3.231379,-0.179701,,,,0.011403,-0.047255,0.048611,1.000000,-0.000010,0.00,0
2608,5.807,-3.219976,-0.226956,-3.219976,-0.226956,-3.231379,-0.178261,,,,0.011403,-0.048695,0.050012,1.000000,-0.000010,0.00,0
2609,5.808,-3.219976,-0.226956,-3.219976,-0.226956,-3.231379,-0.176821,,,,0.011403,-0.050135,0.051415,1.000000,-0.000010,0.00,0
2610,5.820,-3.166512,-0.264169,-3.083111,-0.309805,-3.231379,-0.175381,0.064867,-0.088788,0.109959,0.148268,-0.134424,0.200133,1.000000,-0.000010,11.52,1
2611,5.822,-3.166512,-0.264169,-3.166512,-0.264169,-3.231379,-0.173941,,,,0.064867,-0.090228,0.111125,1.000000,-0.000010,0.00,0
2612,5.823,-3.166512,-0.264169,-3.166512,-0.264169,-3.231379,-0.172501,,,,0.064867,-0.091668,0.112297,1.000000,-0.000010,0.00,0
2613,5.825,-3.166512,-0.264169,-3.166512,-0.264169,-3.231379,-0.171061,,,,0.064867,-0.093108,0.113476,1.000000,-0.000010,0.00,0
2614,5.826,-3.166512,-0.264169,-3.166512,-0.264169,-3.231379,-0.169621,,,,0.064867,-0.094548,0.114660,1.000000,-0.000010,0.00,0
2615,5.827,-3.166512,-0.264169,-3.166512,-0.264169,-3.231379,-0.168181,,,,0.064867,-0.095988,0.115850,1.000000,-0.000010,0.00,0
2616,5.828,-3.166512,-0.264169,-3.166512,-0.264169,-3.231379,-0.166741,,,,0.064867,-0.097428,0.117046,1.000000,-0.000010,0.00,0
2617,5.829,-3.166512,-0.264169,-3.166512,-0.264169,-3.231379,-0.165301,,,,0.064867,-0.098868,0.118248,1.000000,-0.000010,0.00,0
2618,5.831,-3.166512,-0.264169,-3.166512,-0.264169,-3.231379,-0.163861,,,,0.064867,-0.100308,0.119454,1.000000,-0.000010,0.00,0
2619,5.832,-3.166512,-0.264169,-3.166512,-0.264169,-3.231379,-0.162421,,,,0.064867,-0.101748,0.120666,1.000000,-0.000010,0.00,0
2620,5.833,-3.166512,-0.264169,-3.166512,-0.264169,-3.231379,-0.160981,,,,0.064867,-0.103188,0.121883,1.000000,-0.000010,0.00,0
2621,5.834,-3.166512,-0.264169,-3.166512,-0.264169,-3.231379,-0.159541,,,,0.064867,-0.104628,0.123104,1.000000,-0.000010,0.00,0
2622,5.835,-3.166512,-0.264169,-3.166512,-0.264169,-3.231379,-0.158101,,,,0.064867,-0.106068,0.124330,1.000000,-0.000010,0.00,0
2623,5.836,-3.166512,-0.264169,-3.166512,-0.264169,-3.231379,-0.156661,,,,0.064867,-0.107508,0.125561,1.000000,-0.000010,0.00,0
2624,5.838,-3.166512,-0.264169,-3.166512,-0.264169,-3.231379,-0.155221,,,,0.064867,-0.108948,0.126796,1.000000,-0.000010,0.00,0
2625,5.849,-3.152994,-0.264875,-3.207038,-0.204138,-3.231379,-0.153781,0.078385,-0.111094,0.135964,0.024341,-0.050357,0.055931,1.000000,-0.000010,9.51,1
2626,5.851,-3.152994,-0.264875,-3.152994,-0.264875,-3.231379,-0.152341,,,,0.078385,-0.112534,0.137143,1.000000,-0.000010,0.00,0
2627,5.852,-3.152994,-0.264875,-3.152994,-0.264875,-3.231379,-0.150901,,,,0.078385,-0.113974,0.138327,1.000000,-0.000010,0.00,0
2628,5.854,-3.152994,-0.264875,-3.152994,-0.264875,-3.231379,-0.149461,,,,0.078385,-0.115414,0.139516,1.000000,-0.000010,0.00,0
2629,5.855,-3.152994,-0.264875,-3.152994,-0.264875,-3.231379,-0.148021,,,,0.078385,-0.116854,0.140709,1.000000,-0.000010,0.00,0
2630,5.856,-3.152994,-0.264875,-3.152994,-0.264875,-3.231379,-0.146581,,,,0.078385,-0.118294,0.141907,1.000000,-0.000010,0.00,0
2631,5.857,-3.152994,-0.264875,-3.152994,-0.264875,-3.231379,-0.145141,,,,0.078385,-0.119734,0.143110,1.000000,-0.000010,0.00,0
2632,5.858,-3.152994,-0.264875,-3.152994,-0.264875,-3.231379,-0.143701,,,,0.078385,-0.121174,0.144317,1.000000,-0.000010,0.00,0
2633,5.859,-3.152994,-0.264875,-3.152994,-0.264875,-3.231379,-0.142261,,,,0.078385,-0.122614,0.145528,1.000000,-0.000010,0.00,0
2634,5.861,-3.152994,-0.264875,-3.152994,-0.264875,-3.231379,-0.140821,,,,0.078385,-0.124054,0.146743,1.000000,-0.000010,0.00,0
2635,5.862,-3.152994,-0.264875,-3.152994,-0.264875,-3.231379,-0.139381,,,,0.078385,-0.125494,0.147963,1.000000,-0.000010,0.00,0
2636,5.863,-3.152994,-0.264875,-3.152994,-0.264875,-3.231379,-0.137941,,,,0.078385,-0.126934,0.149186,1.000000,-0.000010,0.00,0
2637,5.864,-3.152994,-0.264875,-3.152994,-0.264875,-3.231379,-0.136501,,,,0.078385,-0.128374,0.150413,1.000000,-0.000010,0.00,0
2638,5.865,-3.152994,-0.264875,-3.152994,-0.264875,-3.231379,-0.135061,,,,0.078385,-0.129814,0.151644,1.000000,-0.000010,0.00,0
2639,5.866,-3.152994,-0.264875,-3.152994,-0.264875,-3.231379,-0.133621,,,,0.078385,-0.131254,0.152878,1.000000,-0.000010,0.00,0
2640,5.878,-3.175788,-0.225193,-3.237215,-0.161637,-3.231379,-0.132181,0.055591,-0.093012,0.108359,-0.005836,-0.029456,0.030029,1.000000,-0.000010,10.01,1
2641,5.881,-3.175788,-0.225193,-3.175788,-0.225193,-3.231379,-0.130741,,,,0.055591,-0.094452,0.109598,1.000000,-0.000010,0.00,0
2642,5.882,-3.175788,-0.225193,-3.175788,-0.225193,-3.231379,-0.129301,,,,0.055591,-0.095892,0.110841,1.000000,-0.000010,0.00,0
2643,5.883,-3.175788,-0.225193,-3.175788,-0.225193,-3.231379,-0.127861,,,,0.055591,-0.097332,0.112089,1.000000,-0.000010,0.00,0
2644,5.884,-3.175788,-0.225193,-3.175788,-0.225193,-3.231379,-0.126421,,,,0.055591,-0.098772,0.113342,1.000000,-0.000010,0.00,0
2645,5.886,-3.175788,-0.225193,-3.175788,-0.225193,-3.231379,-0.124981,,,,0.055591,-0.100212,0.114599,1.000000,-0.000010,0.00,0
2646,5.887,-3.175788,-0.225193,-3.175788,-0.225193,-3.231379,-0.123541,,,,0.055591,-0.101652,0.115860,1.000000,-0.000010,0.00,0
2647,5.888,-3.175788,-0.225193,-3.175788,-0.225193,-3.231379,-0.122101,,,,0.055591,-0.103092,0.117126,1.000000,-0.000010,0.00,0
2648,5.889,-3.175788,-0.225193,-3.175788,-0.225193,-3.231379,-0.120661,,,,0.055591,-0.104532,0.118395,1.000000,-0.000010,0.00,0
2649,5.891,-3.175788,-0.225193,-3.175788,-0.225193,-3.231379,-0.119221,,,,0.055591,-0.105972,0.119668,1.000000,-0.000010,0.00,0
2650,5.892,-3.175788,-0.225193,-3.175788,-0.225193,-3.231379,-0.117781,,,,0.055591,-0.107412,0.120945,1.000000,-0.000010,0.00,0
2651,5.892,-3.175788,-0.225193,-3.175788,-0.225193,-3.231379,-0.116341,,,,0.055591,-0.108852,0.122226,1.000000,-0.000010,0.00,0
2652,5.893,-3.175788,-0.225193,-3.175788,-0.225193,-3.231379,-0.114901,,,,0.055591,-0.110292,0.123510,1.000000,-0.000010,0.00,0
2653,5.895,-3.175788,-0.225193,-3.175788,-0.225193,-3.231379,-0.113461,,,,0.055591,-0.111732,0.124798,1.000000,-0.000010,0.00,0
2654,5.896,-3.175788,-0.225193,-3.175788,-0.225193,-3.231379,-0.112021,,,,0.055591,-0.113172,0.126089,1.000000,-0.000010,0.00,0
2655,5.908,-3.243088,-0.163807,-3.285010,-0.125646,-3.231379,-0.110581,-0.011708,-0.053226,0.054498,-0.053631,-0.015065,0.055707,1.000000,-0.000010,11.01,1
2656,5.911,-3.243088,-0.163807,-3.243088,-0.163807,-3.231379,-0.109141,,,,-0.011708,-0.054666,0.055906,1.000000,-0.000010,0.00,0
2657,5.912,-3.243088,-0.163807,-3.243088,-0.163807,-3.231379,-0.107701,,,,-0.011708,-0.056106,0.057315,1.000000,-0.000010,0.00,0
2658,5.913,-3.243088,-0.163807,-3.243088,-0.163807,-3.231379,-0.106261,,,,-0.011708,-0.057546,0.058725,1.000000,-0.000010,0.00,0
2659,5.914,-3.243088,-0.163807,-3.243088,-0.163807,-3.231379,-0.104821,,,,-0.011708,-0.058986,0.060137,1.000000,-0.000010,0.00,0
2660,5.916,-3.243088,-0.163807,-3.243088,-0.163807,-3.231379,-0.103381,,,,-0.011708,-0.060426,0.061550,1.000000,-0.000010,0.00,0
2661,5.917,-3.243088,-0.163807,-3.243088,-0.163807,-3.231379,-0.101941,,,,-0.011708,-0.061866,0.062964,1.000000,-0.000010,0.00,0
2662,5.918,-3.243088,-0.163807,-3.243088,-0.163807,-3.231379,-0.100501,,,,-0.011708,-0.063306,0.064379,1.000000,-0.000010,0.00,0
2663,5.919,-3.243088,-0.163807,-3.243088,-0.163807,-3.231379,-0.099061,,,,-0.011708,-0.064746,0.065796,1.000000,-0.000010,0.00,0
2664,5.920,-3.243088,-0.163807,-3.243088,-0.163807,-3.231379,-0.097621,,,,-0.011708,-0.066186,0.067213,1.000000,-0.000010,0.00,0
2665,5.921,-3.243088,-0.163807,-3.243088,-0.163807,-3.231379,-0.096181,,,,-0.011708,-0.067626,0.068632,1.000000,-0.000010,0.00,0
2666,5.922,-3.243088,-0.163807,-3.243088,-0.163807,-3.231379,-0.094741,,,,-0.011708,-0.069066,0.070051,1.000000,-0.000010,0.00,0
2667,5.923,-3.243088,-0.163807,-3.243088,-0.163807,-3.231379,-0.093301,,,,-0.011708,-0.070506,0.071471,1.000000,-0.000010,0.00,0
2668,5.924,-3.243088,-0.163807,-3.243088,-0.163807,-3.231379,-0.091861,,,,-0.011708,-0.071946,0.072892,1.000000,-0.000010,0.00,0
2669,5.925,-3.243088,-0.163807,-3.243088,-0.163807,-3.231379,-0.090421,,,,-0.011708,-0.073386,0.074314,1.000000,-0.000010,0.00,0
2670,5.937,-3.253093,-0.151449,-3.237052,-0.167064,-3.231379,-0.088981,-0.021713,-0.062468,0.066134,-0.005673,-0.078083,0.078289,1.000000,-0.000010,10.01,1
2671,5.940,-3.253093,-0.151449,-3.253093,-0.151449,-3.231379,-0.087541,,,,-0.021713,-0.063908,0.067496,1.000000,-0.000010,0.00,0
2672,5.941,-3.253093,-0.151449,-3.253093,-0.151449,-3.231379,-0.086101,,,,-0.021713,-0.065348,0.068861,1.000000,-0.000010,0.00,0
2673,5.942,-3.253093,-0.151449,-3.253093,-0.151449,-3.231379,-0.084661,,,,-0.021713,-0.066788,0.070229,1.000000,-0.000010,0.00,0
2674,5.944,-3.253093,-0.151449,-3.253093,-0.151449,-3.231379,-0.083221,,,,-0.021713,-0.068228,0.071600,1.000000,-0.000010,0.00,0
2675,5.945,-3.253093,-0.151449,-3.253093,-0.151449,-3.231379,-0.081781,,,,-0.021713,-0.069668,0.072973,1.000000,-0.000010,0.00,0
2676,5.946,-3.253093,-0.151449,-3.253093,-0.151449,-3.231379,-0.080341,,,,-0.021713,-0.071108,0.074349,1.000000,-0.000010,0.00,0
2677,5.947,-3.253093,-0.151449,-3.253093,-0.151449,-3.231379,-0.078901,,,,-0.021713,-0.072548,0.075728,1.000000,-0.000010,0.00,0
2678,5.947,-3.253093,-0.151449,-3.253093,-0.151449,-3.231379,-0.077461,,,,-0.021713,-0.073988,0.077108,1.000000,-0.000010,0.00,0
2679,5.949,-3.253093,-0.151449,-3.253093,-0.151449,-3.231379,-0.076021,,,,-0.021713,-0.075428,0.078491,1.000000,-0.000010,0.00,0
2680,5.950,-3.253093,-0.151449,-3.253093,-0.151449,-3.231379,-0.074581,,,,-0.021713,-0.076868,0.079876,1.000000,-0.000010,0.00,0
2681,5.951,-3.253093,-0.151449,-3.253093,-0.151449,-3.231379,-0.073141,,,,-0.021713,-0.078308,0.081262,1.000000,-0.000009,0.00,0
2682,5.952,-3.253093,-0.151449,-3.253093,-0.151449,-3.231379,-0.071701,,,,-0.021713,-0.079748,0.082651,1.000000,-0.000009,0.00,0
2683,5.953,-3.253093,-0.151449,-3.253093,-0.151449,-3.231379,-0.070261,,,,-0.021713,-0.081188,0.084041,1.000000,-0.000009,0.00,0
2684,5.955,-3.253093,-0.151449,-3.253093,-0.151449,-3.231379,-0.068821,,,,-0.021713,-0.082628,0.085433,1.000000,-0.000009,0.00,0
2685,5.966,-3.224283,-0.149716,-3.150785,-0.156437,-3.231379,-0.067381,0.007097,-0.082334,0.082640,0.080594,-0.089056,0.120110,1.000000,-0.000009,10.01,1
2686,5.968,-3.224283,-0.149716,-3.224283,-0.149716,-3.231379,-0.065941,,,,0.007097,-0.083774,0.084075,1.000000,-0.000009,0.00,0
2687,5.970,-3.224283,-0.149716,-3.224283,-0.149716,-3.231379,-0.064501,,,,0.007097,-0.085214,0.085509,1.000000,-0.000009,0.00,0
2688,5.972,-3.224283,-0.149716,-3.224283,-0.149716,-3.231379,-0.063061,,,,0.007097,-0.086654,0.086945,1.000000,-0.000009,0.00,0
2689,5.972,-3.224283,-0.149716,-3.224283,-0.149716,-3.231379,-0.061621,,,,0.007097,-0.088094,0.088380,1.000000,-0.000009,0.00,0
2690,5.974,-3.224283,-0.149716,-3.224283,-0.149716,-3.231380,-0.060181,,,,0.007097,-0.089534,0.089815,1.000000,-0.000009,0.00,0
2691,5.975,-3.224283,-0.149716,-3.224283,-0.149716,-3.231380,-0.058741,,,,0.007097,-0.090974,0.091251,1.000000,-0.000009,0.00,0
2692,5.976,-3.224283,-0.149716,-3.224283,-0.149716,-3.231380,-0.057301,,,,0.007097,-0.092414,0.092687,1.000000,-0.000009,0.00,0
2693,5.977,-3.224283,-0.149716,-3.224283,-0.149716,-3.231380,-0.055861,,,,0.007097,-0.093854,0.094122,1.000000,-0.000009,0.00,0
2694,5.978,-3.224283,-0.149716,-3.224283,-0.149716,-3.231380,-0.054421,,,,0.007097,-0.095294,0.095558,1.000000,-0.000009,0.00,0
2695,5.980,-3.224283,-0.149716,-3.224283,-0.149716,-3.231380,-0.052981,,,,0.007097,-0.096734,0.096994,1.000000,-0.000009,0.00,0
2696,5.981,-3.224283,-0.149716,-3.224283,-0.149716,-3.231380,-0.051541,,,,0.007097,-0.098174,0.098431,1.000000,-0.000009,0.00,0
2697,5.982,-3.224283,-0.149716,-3.224283,-0.149716,-3.231380,-0.050101,,,,0.007097,-0.099614,0.099867,1.000000,-0.000009,0.00,0
2698,5.983,-3.224283,-0.149716,-3.224283,-0.149716,-3.231380,-0.048661,,,,0.007097,-0.101054,0.101303,1.000000,-0.000009,0.00,0
2699,5.984,-3.224283,-0.149716,-3.224283,-0.149716,-3.231380,-0.047221,,,,0.007097,-0.102494,0.102740,1.000000,-0.000009,0.00,0
2700,5.995,-3.206753,-0.129016,-3.232420,-0.063547,-3.231380,-0.045781,0.024627,-0.083235,0.086802,-0.001040,-0.017766,0.017797,1.000000,-0.000009,10.01,1
2701,5.998,-3.206753,-0.129016,-3.206753,-0.129016,-3.231380,-0.044341,,,,0.024627,-0.084675,0.088184,1.000000,-0.000009,0.00,0
2702,6.000,-3.206753,-0.129016,-3.206753,-0.129016,-3.231380,-0.042901,,,,0.024627,-0.086115,0.089567,1.000000,-0.000009,0.00,0
2703,6.001,-3.206753,-0.129016,-3.206753,-0.129016,-3.231380,-0.041461,,,,0.024627,-0.087555,0.090953,1.000000,-0.000009,0.00,0
2704,6.002,-3.206753,-0.129016,-3.206753,-0.129016,-3.231380,-0.040021,,,,0.024627,-0.088995,0.092340,1.000000,-0.000009,0.00,0
2705,6.003,-3.206753,-0.129016,-3.206753,-0.129016,-3.231380,-0.038581,,,,0.024627,-0.090435,0.093728,1.000000,-0.000009,0.00,0
2706,6.004,-3.206753,-0.129016,-3.206753,-0.129016,-3.231380,-0.037141,,,,0.024627,-0.091875,0.095118,1.000000,-0.000009,0.00,0
2707,6.005,-3.206753,-0.129016,-3.206753,-0.129016,-3.231380,-0.035701,,,,0.024627,-0.093315,0.096510,1.000000,-0.000009,0.00,0
2708,6.006,-3.206753,-0.129016,-3.206753,-0.129016,-3.231380,-0.034261,,,,0.024627,-0.094755,0.097903,1.000000,-0.000009,0.00,0
2709,6.007,-3.206753,-0.129016,-3.206753,-0.129016,-3.231380,-0.032821,,,,0.024627,-0.096195,0.099297,1.000000,-0.000009,0.00,0
2710,6.008,-3.206753,-0.129016,-3.206753,-0.129016,-3.231380,-0.031381,,,,0.024627,-0.097635,0.100693,1.000000,-0.000009,0.00,0
2711,6.010,-3.206753,-0.129016,-3.206753,-0.129016,-3.231380,-0.029941,,,,0.024627,-0.099075,0.102090,1.000000,-0.000009,0.00,0
2712,6.011,-3.206753,-0.129016,-3.206753,-0.129016,-3.231380,-0.028501,,,,0.024627,-0.100515,0.103488,1.000000,-0.000009,0.00,0
2713,6.012,-3.206753,-0.129016,-3.206753,-0.129016,-3.231380,-0.027061,,,,0.024627,-0.101955,0.104887,1.000000,-0.000009,0.00,0
2714,6.012,-3.206753,-0.129016,-3.206753,-0.129016,-3.231380,-0.025621,,,,0.024627,-0.103395,0.106287,1.000000,-0.000009,0.00,0
2715,6.025,-3.207697,-0.088900,-3.239885,-0.046717,-3.231380,-0.024181,0.023683,-0.064719,0.068916,-0.008505,-0.022536,0.024087,1.000000,-0.000009,10.01,1
2716,6.027,-3.207697,-0.088900,-3.207697,-0.088900,-3.231380,-0.022741,,,,0.023683,-0.066159,0.070270,1.000000,-0.000009,0.00,0
2717,6.028,-3.207697,-0.088900,-3.207697,-0.088900,-3.231380,-0.021301,,,,0.023683,-0.067599,0.071628,1.000000,-0.000009,0.00,0
2718,6.029,-3.207697,-0.088900,-3.207697,-0.088900,-3.231380,-0.019861,,,,0.023683,-0.069039,0.072988,1.000000,-0.000009,0.00,0
2719,6.030,-3.207697,-0.088900,-3.207697,-0.088900,-3.231380,-0.018421,,,,0.023683,-0.070479,0.074352,1.000000,-0.000009,0.00,0
2720,6.031,-3.207697,-0.088900,-3.207697,-0.088900,-3.231379,-0.016981,,,,0.023683,-0.071919,0.075718,1.000000,-0.000009,0.00,0
2721,6.032,-3.207697,-0.088900,-3.207697,-0.088900,-3.231379,-0.015541,,,,0.023683,-0.073359,0.077087,1.000000,-0.000009,0.00,0
2722,6.034,-3.207697,-0.088900,-3.207697,-0.088900,-3.231379,-0.014101,,,,0.023683,-0.074799,0.078459,1.000000,-0.000009,0.00,0
2723,6.035,-3.207697,-0.088900,-3.207697,-0.088900,-3.231379,-0.012661,,,,0.023683,-0.076239,0.079833,1.000000,-0.000009,0.00,0
2724,6.036,-3.207697,-0.088900,-3.207697,-0.088900,-3.231379,-0.011221,,,,0.023683,-0.077679,0.081209,1.000000,-0.000009,0.00,0
2725,6.037,-3.207697,-0.088900,-3.207697,-0.088900,-3.231379,-0.009781,,,,0.023683,-0.079119,0.082588,1.000000,-0.000009,0.00,0
2726,6.039,-3.207697,-0.088900,-3.207697,-0.088900,-3.231379,-0.008341,,,,0.023683,-0.080559,0.083968,1.000000,-0.000009,0.00,0
2727,6.039,-3.207697,-0.088900,-3.207697,-0.088900,-3.231379,-0.006901,,,,0.023683,-0.081999,0.085351,1.000000,-0.000009,0.00,0
2728,6.040,-3.207697,-0.088900,-3.207697,-0.088900,-3.231379,-0.005461,,,,0.023683,-0.083439,0.086735,1.000000,-0.000009,0.00,0
2729,6.042,-3.207697,-0.088900,-3.207697,-0.088900,-3.231379,-0.004021,,,,0.023683,-0.084879,0.088121,1.000000,-0.000009,0.00,0
2730,6.053,-3.255515,-0.026708,-3.294242,0.030140,-3.231379,-0.002581,-0.024136,-0.024127,0.034127,-0.062863,0.032722,0.070869,1.000000,-0.000009,9.80,1
2731,6.055,-3.255515,-0.026708,-3.255515,-0.026708,-3.231379,-0.001141,,,,-0.024136,-0.025567,0.035160,1.000000,-0.000009,0.00,0
2732,6.056,-3.255515,-0.026708,-3.255515,-0.026708,-3.231379,0.000299,,,,-0.024136,-0.027007,0.036220,1.000000,-0.000009,0.00,0
2733,6.057,-3.255515,-0.026708,-3.255515,-0.026708,-3.231379,0.001739,,,,-0.024136,-0.028447,0.037306,1.000000,-0.000009,0.00,0
2734,6.058,-3.255515,-0.026708,-3.255515,-0.026708,-3.231379,0.003179,,,,-0.024136,-0.029887,0.038416,1.000000,-0.000009,0.00,0
2735,6.060,-3.255515,-0.026708,-3.255515,-0.026708,-3.231379,0.004619,,,,-0.024136,-0.031327,0.039546,1.000000,-0.000009,0.00,0
2736,6.061,-3.255515,-0.026708,-3.255515,-0.026708,-3.231379,0.006059,,,,-0.024136,-0.032767,0.040696,1.000000,-0.000009,0.00,0
2737,6.062,-3.255515,-0.026708,-3.255515,-0.026708,-3.231379,0.007499,,,,-0.024136,-0.034207,0.041865,1.000000,-0.000009,0.00,0
2738,6.063,-3.255515,-0.026708,-3.255515,-0.026708,-3.231379,0.008939,,,,-0.024136,-0.035647,0.043049,1.000000,-0.000009,0.00,0
2739,6.064,-3.255515,-0.026708,-3.255515,-0.026708,-3.231379,0.010379,,,,-0.024136,-0.037087,0.044249,1.000000,-0.000009,0.00,0
2740,6.065,-3.255515,-0.026708,-3.255515,-0.026708,-3.231379,0.011819,,,,-0.024136,-0.038527,0.045463,1.000000,-0.000009,0.00,0
2741,6.066,-3.255515,-0.026708,-3.255515,-0.026708,-3.231379,0.013259,,,,-0.024136,-0.039967,0.046689,1.000000,-0.000009,0.00,0
2742,6.067,-3.255515,-0.026708,-3.255515,-0.026708,-3.231379,0.014699,,,,-0.024136,-0.041407,0.047928,1.000000,-0.000009,0.00,0
2743,6.068,-3.255515,-0.026708,-3.255515,-0.026708,-3.231379,0.016139,,,,-0.024136,-0.042847,0.049177,1.000000,-0.000009,0.00,0
2744,6.070,-3.255515,-0.026708,-3.255515,-0.026708,-3.231379,0.017579,,,,-0.024136,-0.044287,0.050437,1.000000,-0.000009,0.00,0
2745,6.082,-3.242791,-0.012419,-3.194248,-0.020682,-3.231379,0.019019,-0.011412,-0.031438,0.033445,0.037132,-0.039701,0.054359,1.000000,-0.000009,11.01,1
2746,6.083,-3.242791,-0.012419,-3.242791,-0.012419,-3.231379,0.020459,,,,-0.011412,-0.032878,0.034803,1.000000,-0.000009,0.00,0
2747,6.088,-3.242791,-0.012419,-3.242791,-0.012419,-3.231379,0.021899,,,,-0.011412,-0.034318,0.036166,1.000000,-0.000009,0.00,0
2748,6.090,-3.242791,-0.012419,-3.242791,-0.012419,-3.231379,0.023339,,,,-0.011412,-0.035758,0.037535,1.000000,-0.000009,0.00,0
2749,6.091,-3.242791,-0.012419,-3.242791,-0.012419,-3.231379,0.024779,,,,-0.011412,-0.037198,0.038909,1.000000,-0.000009,0.00,0
2750,6.092,-3.242791,-0.012419,-3.242791,-0.012419,-3.231379,0.026219,,,,-0.011412,-0.038638,0.040288,1.000000,-0.000009,0.00,0
2751,6.093,-3.242791,-0.012419,-3.242791,-0.012419,-3.231379,0.027659,,,,-0.011412,-0.040078,0.041671,1.000000,-0.000009,0.00,0
2752,6.095,-3.242791,-0.012419,-3.242791,-0.012419,-3.231379,0.029099,,,,-0.011412,-0.041518,0.043058,1.000000,-0.000009,0.00,0
2753,6.096,-3.242791,-0.012419,-3.242791,-0.012419,-3.231379,0.030539,,,,-0.011412,-0.042958,0.044448,1.000000,-0.000009,0.00,0
2754,6.097,-3.242791,-0.012419,-3.242791,-0.012419,-3.231379,0.031979,,,,-0.011412,-0.044398,0.045841,1.000000,-0.000009,0.00,0
2755,6.098,-3.242791,-0.012419,-3.242791,-0.012419,-3.231379,0.033419,,,,-0.011412,-0.045838,0.047238,1.000000,-0.000009,0.00,0
2756,6.100,-3.242791,-0.012419,-3.242791,-0.012419,-3.231379,0.034859,,,,-0.011412,-0.047278,0.048636,1.000000,-0.000009,0.00,0
2757,6.102,-3.242791,-0.012419,-3.242791,-0.012419,-3.231379,0.036299,,,,-0.011412,-0.048718,0.050037,1.000000,-0.000009,0.00,0
2758,6.103,-3.242791,-0.012419,-3.242791,-0.012419,-3.231379,0.037739,,,,-0.011412,-0.050158,0.051440,1.000000,-0.000009,0.00,0
2759,6.104,-3.242791,-0.012419,-3.242791,-0.012419,-3.231379,0.039179,,,,-0.011412,-0.051598,0.052845,1.000000,-0.000009,0.00,0
2760,6.116,-3.194416,-0.032995,-3.094757,-0.108443,-3.231379,0.040619,0.036963,-0.073614,0.082373,0.136622,-0.149062,0.202201,1.000000,-0.000009,10.51,1
2761,6.117,-3.194416,-0.032995,-3.194416,-0.032995,-3.231379,0.042059,,,,0.036963,-0.075054,0.083662,1.000000,-0.000009,0.00,0
2762,6.119,-3.194416,-0.032995,-3.194416,-0.032995,-3.231379,0.043499,,,,0.036963,-0.076494,0.084956,1.000000,-0.000009,0.00,0
2763,6.120,-3.194416,-0.032995,-3.194416,-0.032995,-3.231379,0.044939,,,,0.036963,-0.077934,0.086255,1.000000,-0.000009,0.00,0
2764,6.121,-3.194416,-0.032995,-3.194416,-0.032995,-3.231379,0.046379,,,,0.036963,-0.079374,0.087558,1.000000,-0.000009,0.00,0
2765,6.123,-3.194416,-0.032995,-3.194416,-0.032995,-3.231379,0.047819,,,,0.036963,-0.080814,0.088866,1.000000,-0.000009,0.00,0
2766,6.124,-3.194416,-0.032995,-3.194416,-0.032995,-3.231379,0.049259,,,,0.036963,-0.082254,0.090177,1.000000,-0.000009,0.00,0
2767,6.125,-3.194416,-0.032995,-3.194416,-0.032995,-3.231379,0.050699,,,,0.036963,-0.083694,0.091493,1.000000,-0.000009,0.00,0
2768,6.126,-3.194416,-0.032995,-3.194416,-0.032995,-3.231379,0.052139,,,,0.036963,-0.085134,0.092812,1.000000,-0.000009,0.00,0
2769,6.127,-3.194416,-0.032995,-3.194416,-0.032995,-3.231379,0.053579,,,,0.036963,-0.086574,0.094134,1.000000,-0.000009,0.00,0
2770,6.128,-3.194416,-0.032995,-3.194416,-0.032995,-3.231379,0.055019,,,,0.036963,-0.088014,0.095460,1.000000,-0.000009,0.00,0
2771,6.130,-3.194416,-0.032995,-3.194416,-0.032995,-3.231379,0.056459,,,,0.036963,-0.089454,0.096790,1.000000,-0.000009,0.00,0
2772,6.131,-3.194416,-0.032995,-3.194416,-0.032995,-3.231379,0.057899,,,,0.036963,-0.090894,0.098122,1.000000,-0.000009,0.00,0
2773,6.132,-3.194416,-0.032995,-3.194416,-0.032995,-3.231379,0.059339,,,,0.036963,-0.092334,0.099458,1.000000,-0.000009,0.00,0
2774,6.133,-3.194416,-0.032995,-3.194416,-0.032995,-3.231379,0.060779,,,,0.036963,-0.093774,0.100796,1.000000,-0.000009,0.00,0
2775,6.145,-3.162332,-0.038444,-3.197991,0.013792,-3.231379,0.062219,0.069047,-0.100663,0.122068,0.033388,-0.048427,0.058821,1.000000,-0.000009,11.01,1
2776,6.147,-3.162332,-0.038444,-3.162332,-0.038444,-3.231379,0.063659,,,,0.069047,-0.102103,0.123258,1.000000,-0.000009,0.00,0
2777,6.149,-3.162332,-0.038444,-3.162332,-0.038444,-3.231379,0.065099,,,,0.069047,-0.103543,0.124454,1.000000,-0.000009,0.00,0
2778,6.150,-3.162332,-0.038444,-3.162332,-0.038444,-3.231379,0.066539,,,,0.069047,-0.104983,0.125654,1.000000,-0.000009,0.00,0
2779,6.151,-3.162332,-0.038444,-3.162332,-0.038444,-3.231379,0.067979,,,,0.069047,-0.106423,0.126860,1.000000,-0.000009,0.00,0
2780,6.152,-3.162332,-0.038444,-3.162332,-0.038444,-3.231379,0.069419,,,,0.069047,-0.107863,0.128070,1.000000,-0.000009,0.00,0
2781,6.153,-3.162332,-0.038444,-3.162332,-0.038444,-3.231379,0.070859,,,,0.069047,-0.109303,0.129285,1.000000,-0.000009,0.00,0
2782,6.154,-3.162332,-0.038444,-3.162332,-0.038444,-3.231379,0.072299,,,,0.069047,-0.110743,0.130505,1.000000,-0.000009,0.00,0
2783,6.155,-3.162332,-0.038444,-3.162332,-0.038444,-3.231379,0.073739,,,,0.069047,-0.112183,0.131729,1.000000,-0.000009,0.00,0
2784,6.156,-3.162332,-0.038444,-3.162332,-0.038444,-3.231379,0.075179,,,,0.069047,-0.113623,0.132958,1.000000,-0.000009,0.00,0
2785,6.157,-3.162332,-0.038444,-3.162332,-0.038444,-3.231379,0.076619,,,,0.069047,-0.115063,0.134190,1.000000,-0.000009,0.00,0
2786,6.158,-3.162332,-0.038444,-3.162332,-0.038444,-3.231379,0.078059,,,,0.069047,-0.116503,0.135427,1.000000,-0.000009,0.00,0
2787,6.160,-3.162332,-0.038444,-3.162332,-0.038444,-3.231379,0.079499,,,,0.069047,-0.117943,0.136668,1.000000,-0.000009,0.00,0
2788,6.161,-3.162332,-0.038444,-3.162332,-0.038444,-3.231379,0.080939,,,,0.069047,-0.119383,0.137912,1.000000,-0.000009,0.00,0
2789,6.162,-3.162332,-0.038444,-3.162332,-0.038444,-3.231379,0.082379,,,,0.069047,-0.120823,0.139161,1.000000,-0.000009,0.00,0
2790,6.174,-3.181239,-0.009826,-3.250970,0.065171,-3.231379,0.083819,0.050140,-0.093645,0.106224,-0.019591,-0.018648,0.027047,1.000000,-0.000009,10.01,1
2791,6.176,-3.181239,-0.009826,-3.181239,-0.009826,-3.231379,0.085259,,,,0.050140,-0.095085,0.107495,1.000000,-0.000009,0.00,0
2792,6.177,-3.181239,-0.009826,-3.181239,-0.009826,-3.231379,0.086699,,,,0.050140,-0.096525,0.108771,1.000000,-0.000009,0.00,0
2793,6.178,-3.181239,-0.009826,-3.181239,-0.009826,-3.231379,0.088139,,,,0.050140,-0.097965,0.110051,1.000000,-0.000009,0.00,0
2794,6.180,-3.181239,-0.009826,-3.181239,-0.009826,-3.231379,0.089579,,,,0.050140,-0.099405,0.111335,1.000000,-0.000009,0.00,0
2795,6.181,-3.181239,-0.009826,-3.181239,-0.009826,-3.231379,0.091019,,,,0.050140,-0.100845,0.112622,1.000000,-0.000009,0.00,0
2796,6.182,-3.181239,-0.009826,-3.181239,-0.009826,-3.231379,0.092459,,,,0.050140,-0.102285,0.113914,1.000000,-0.000009,0.00,0
2797,6.183,-3.181239,-0.009826,-3.181239,-0.009826,-3.231379,0.093899,,,,0.050140,-0.103725,0.115208,1.000000,-0.000009,0.00,0
2798,6.184,-3.181239,-0.009826,-3.181239,-0.009826,-3.231379,0.095339,,,,0.050140,-0.105165,0.116507,1.000000,-0.000009,0.00,0
2799,6.185,-3.181239,-0.009826,-3.181239,-0.009826,-3.231379,0.096779,,,,0.050140,-0.106605,0.117808,1.000000,-0.000009,0.00,0
2800,6.186,-3.181239,-0.009826,-3.181239,-0.009826,-3.231379,0.098219,,,,0.050140,-0.108045,0.119113,1.000000,-0.000009,0.00,0
2801,6.187,-3.181239,-0.009826,-3.181239,-0.009826,-3.231379,0.099659,,,,0.050140,-0.109485,0.120420,1.000000,-0.000009,0.00,0
2802,6.188,-3.181239,-0.009826,-3.181239,-0.009826,-3.231379,0.101099,,,,0.050140,-0.110925,0.121731,1.000000,-0.000009,0.00,0
2803,6.190,-3.181239,-0.009826,-3.181239,-0.009826,-3.231379,0.102539,,,,0.050140,-0.112365,0.123045,1.000000,-0.000009,0.00,0
2804,6.191,-3.181239,-0.009826,-3.181239,-0.009826,-3.231379,0.103979,,,,0.050140,-0.113805,0.124361,1.000000,-0.000009,0.00,0
2805,6.202,-3.243359,0.070446,-3.281115,0.132373,-3.231379,0.105419,-0.011980,-0.034973,0.036968,-0.049736,0.026954,0.056570,1.000000,-0.000009,10.01,1
2806,6.204,-3.243359,0.070446,-3.243359,0.070446,-3.231379,0.106859,,,,-0.011980,-0.036413,0.038333,1.000000,-0.000009,0.00,0
2807,6.205,-3.243359,0.070446,-3.243359,0.070446,-3.231379,0.108299,,,,-0.011980,-0.037853,0.039704,1.000000,-0.000009,0.00,0
2808,6.207,-3.243359,0.070446,-3.243359,0.070446,-3.231379,0.109739,,,,-0.011980,-0.039293,0.041079,1.000000,-0.000009,0.00,0
2809,6.208,-3.243359,0.070446,-3.243359,0.070446,-3.231379,0.111179,,,,-0.011980,-0.040733,0.042459,1.000000,-0.000009,0.00,0
2810,6.210,-3.243359,0.070446,-3.243359,0.070446,-3.231379,0.112619,,,,-0.011980,-0.042174,0.043842,1.000000,-0.000009,0.00,0
2811,6.211,-3.243359,0.070446,-3.243359,0.070446,-3.231379,0.114059,,,,-0.011980,-0.043614,0.045229,1.000000,-0.000009,0.00,0
2812,6.212,-3.243359,0.070446,-3.243359,0.070446,-3.231379,0.115499,,,,-0.011980,-0.045054,0.046619,1.000000,-0.000009,0.00,0
2813,6.212,-3.243359,0.070446,-3.243359,0.070446,-3.231379,0.116939,,,,-0.011980,-0.046494,0.048012,1.000000,-0.000009,0.00,0
2814,6.215,-3.243359,0.070446,-3.243359,0.070446,-3.231379,0.118379,,,,-0.011980,-0.047934,0.049408,1.000000,-0.000009,0.00,0
2815,6.216,-3.243359,0.070446,-3.243359,0.070446,-3.231379,0.119819,,,,-0.011980,-0.049374,0.050806,1.000000,-0.000009,0.00,0
2816,6.217,-3.243359,0.070446,-3.243359,0.070446,-3.231379,0.121259,,,,-0.011980,-0.050814,0.052207,1.000000,-0.000009,0.00,0
2817,6.218,-3.243359,0.070446,-3.243359,0.070446,-3.231379,0.122699,,,,-0.011980,-0.052254,0.053609,1.000000,-0.000009,0.00,0
2818,6.219,-3.243359,0.070446,-3.243359,0.070446,-3.231379,0.124139,,,,-0.011980,-0.053694,0.055014,1.000000,-0.000009,0.00,0
2819,6.220,-3.243359,0.070446,-3.243359,0.070446,-3.231379,0.125579,,,,-0.011980,-0.055134,0.056420,1.000000,-0.000009,0.00,0
2820,6.232,-3.256146,0.107461,-3.236355,0.124840,-3.231379,0.127019,-0.024767,-0.019558,0.031558,-0.004976,-0.002179,0.005432,1.000000,-0.000009,11.01,1
2821,6.235,-3.256146,0.107461,-3.256146,0.107461,-3.231379,0.128459,,,,-0.024767,-0.020998,0.032470,1.000000,-0.000009,0.00,0
2822,6.236,-3.256146,0.107461,-3.256146,0.107461,-3.231379,0.129899,,,,-0.024767,-0.022438,0.033420,1.000000,-0.000009,0.00,0
2823,6.237,-3.256146,0.107461,-3.256146,0.107461,-3.231379,0.131339,,,,-0.024767,-0.023878,0.034403,1.000000,-0.000010,0.00,0
2824,6.239,-3.256146,0.107461,-3.256146,0.107461,-3.231379,0.132779,,,,-0.024767,-0.025318,0.035418,1.000000,-0.000010,0.00,0
2825,6.239,-3.256146,0.107461,-3.256146,0.107461,-3.231379,0.134219,,,,-0.024767,-0.026758,0.036461,1.000000,-0.000010,0.00,0
2826,6.241,-3.256146,0.107461,-3.256146,0.107461,-3.231379,0.135659,,,,-0.024767,-0.028198,0.037530,1.000000,-0.000010,0.00,0
2827,6.242,-3.256146,0.107461,-3.256146,0.107461,-3.231379,0.137099,,,,-0.024767,-0.029638,0.038624,1.000000,-0.000010,0.00,0
2828,6.243,-3.256146,0.107461,-3.256146,0.107461,-3.231379,0.138539,,,,-0.024767,-0.031078,0.039740,1.000000,-0.000010,0.00,0
2829,6.244,-3.256146,0.107461,-3.256146,0.107461,-3.231379,0.139979,,,,-0.024767,-0.032518,0.040876,1.000000,-0.000010,0.00,0
2830,6.246,-3.256146,0.107461,-3.256146,0.107461,-3.231379,0.141419,,,,-0.024767,-0.033958,0.042030,1.000000,-0.000010,0.00,0
2831,6.247,-3.256146,0.107461,-3.256146,0.107461,-3.231379,0.142859,,,,-0.024767,-0.035398,0.043202,1.000000,-0.000010,0.00,0
2832,6.248,-3.256146,0.107461,-3.256146,0.107461,-3.231379,0.144299,,,,-0.024767,-0.036838,0.044390,1.000000,-0.000010,0.00,0
2833,6.249,-3.256146,0.107461,-3.256146,0.107461,-3.231379,0.145739,,,,-0.024767,-0.038278,0.045592,1.000000,-0.000010,0.00,0
2834,6.249,-3.256146,0.107461,-3.256146,0.107461,-3.231379,0.147179,,,,-0.024767,-0.039718,0.046807,1.000000,-0.000010,0.00,0
2835,6.261,-3.231597,0.108332,-3.177321,0.067782,-3.231379,0.148619,-0.000218,-0.040287,0.040288,0.054058,-0.080837,0.097246,1.000000,-0.000010,11.01,1
2836,6.264,-3.231597,0.108332,-3.231597,0.108332,-3.231379,0.150059,,,,-0.000218,-0.041727,0.041728,1.000000,-0.000010,0.00,0
2837,6.265,-3.231597,0.108332,-3.231597,0.108332,-3.231379,0.151499,,,,-0.000218,-0.043167,0.043168,1.000000,-0.000010,0.00,0
2838,6.266,-3.231597,0.108332,-3.231597,0.108332,-3.231379,0.152939,,,,-0.000218,-0.044607,0.044608,1.000000,-0.000010,0.00,0
2839,6.267,-3.231597,0.108332,-3.231597,0.108332,-3.231379,0.154379,,,,-0.000218,-0.046047,0.046048,1.000000,-0.000010,0.00,0
2840,6.269,-3.231597,0.108332,-3.231597,0.108332,-3.231379,0.155819,,,,-0.000218,-0.047487,0.047488,1.000000,-0.000010,0.00,0
2841,6.269,-3.231597,0.108332,-3.231597,0.108332,-3.231379,0.157259,,,,-0.000218,-0.048927,0.048928,1.000000,-0.000010,0.00,0
2842,6.270,-3.231597,0.108332,-3.231597,0.108332,-3.231379,0.158699,,,,-0.000218,-0.050367,0.050368,1.000000,-0.000010,0.00,0
2843,6.272,-3.231597,0.108332,-3.231597,0.108332,-3.231379,0.160139,,,,-0.000218,-0.051807,0.051808,1.000000,-0.000010,0.00,0
2844,6.272,-3.231597,0.108332,-3.231597,0.108332,-3.231379,0.161579,,,,-0.000218,-0.053247,0.053248,1.000000,-0.000010,0.00,0
2845,6.274,-3.231597,0.108332,-3.231597,0.108332,-3.231379,0.163019,,,,-0.000218,-0.054687,0.054688,1.000000,-0.000010,0.00,0
2846,6.276,-3.231597,0.108332,-3.231597,0.108332,-3.231379,0.164459,,,,-0.000218,-0.056127,0.056128,1.000000,-0.000010,0.00,0
2847,6.277,-3.231597,0.108332,-3.231597,0.108332,-3.231379,0.165899,,,,-0.000218,-0.057567,0.057568,1.000000,-0.000010,0.00,0
2848,6.278,-3.231597,0.108332,-3.231597,0.108332,-3.231379,0.167339,,,,-0.000218,-0.059007,0.059008,1.000000,-0.000010,0.00,0
2849,6.279,-3.231597,0.108332,-3.231597,0.108332,-3.231379,0.168779,,,,-0.000218,-0.060447,0.060448,1.000000,-0.000010,0.00,0
2850,6.290,-3.237594,0.122830,-3.299106,0.175868,-3.231379,0.170219,-0.006215,-0.047389,0.047795,-0.067727,0.005648,0.067962,1.000000,-0.000010,10.01,1
2851,6.293,-3.237594,0.122830,-3.237594,0.122830,-3.231379,0.171659,,,,-0.006215,-0.048829,0.049223,1.000000,-0.000010,0.00,0
2852,6.294,-3.237594,0.122830,-3.237594,0.122830,-3.231379,0.173099,,,,-0.006215,-0.050269,0.050652,1.000000,-0.000010,0.00,0
2853,6.295,-3.237594,0.122830,-3.237594,0.122830,-3.231379,0.174539,,,,-0.006215,-0.051709,0.052081,1.000000,-0.000010,0.00,0
2854,6.296,-3.237594,0.122830,-3.237594,0.122830,-3.231379,0.175979,,,,-0.006215,-0.053149,0.053511,1.000000,-0.000010,0.00,0
2855,6.298,-3.237594,0.122830,-3.237594,0.122830,-3.231379,0.177419,,,,-0.006215,-0.054589,0.054942,1.000000,-0.000010,0.00,0
2856,6.298,-3.237594,0.122830,-3.237594,0.122830,-3.231379,0.178859,,,,-0.006215,-0.056029,0.056373,1.000000,-0.000010,0.00,0
2857,6.300,-3.237594,0.122830,-3.237594,0.122830,-3.231379,0.180299,,,,-0.006215,-0.057469,0.057804,1.000000,-0.000010,0.00,0
2858,6.301,-3.237594,0.122830,-3.237594,0.122830,-3.231379,0.181739,,,,-0.006215,-0.058909,0.059236,1.000000,-0.000010,0.00,0
2859,6.302,-3.237594,0.122830,-3.237594,0.122830,-3.231379,0.183179,,,,-0.006215,-0.060349,0.060668,1.000000,-0.000010,0.00,0
2860,6.303,-3.237594,0.122830,-3.237594,0.122830,-3.231379,0.184619,,,,-0.006215,-0.061789,0.062101,1.000000,-0.000010,0.00,0
2861,6.304,-3.237594,0.122830,-3.237594,0.122830,-3.231379,0.186059,,,,-0.006215,-0.063229,0.063534,1.000000,-0.000010,0.00,0
2862,6.305,-3.237594,0.122830,-3.237594,0.122830,-3.231379,0.187499,,,,-0.006215,-0.064669,0.064967,1.000000,-0.000010,0.00,0
2863,6.307,-3.237594,0.122830,-3.237594,0.122830,-3.231379,0.188939,,,,-0.006215,-0.066109,0.066401,1.000000,-0.000010,0.00,0
2864,6.308,-3.237594,0.122830,-3.237594,0.122830,-3.231379,0.190379,,,,-0.006215,-0.067549,0.067834,1.000000,-0.000010,0.00,0
2865,6.320,-3.254066,0.149973,-3.285771,0.206270,-3.231379,0.191819,-0.022687,-0.041846,0.047600,-0.054392,0.014451,0.056279,1.000000,-0.000010,10.06,1
2866,6.323,-3.254066,0.149973,-3.254066,0.149973,-3.231379,0.193259,,,,-0.022687,-0.043286,0.048871,1.000000,-0.000010,0.00,0
2867,6.324,-3.254066,0.149973,-3.254066,0.149973,-3.231379,0.194699,,,,-0.022687,-0.044726,0.050151,1.000000,-0.000010,0.00,0
2868,6.325,-3.254066,0.149973,-3.254066,0.149973,-3.231379,0.196139,,,,-0.022687,-0.046166,0.051439,1.000000,-0.000010,0.00,0
2869,6.326,-3.254066,0.149973,-3.254066,0.149973,-3.231379,0.197579,,,,-0.022687,-0.047606,0.052735,1.000000,-0.000010,0.00,0
2870,6.327,-3.254066,0.149973,-3.254066,0.149973,-3.231379,0.199019,,,,-0.022687,-0.049046,0.054039,1.000000,-0.000010,0.00,0
2871,6.328,-3.254066,0.149973,-3.254066,0.149973,-3.231379,0.200459,,,,-0.022687,-0.050486,0.055349,1.000000,-0.000010,0.00,0
2872,6.330,-3.254066,0.149973,-3.254066,0.149973,-3.231379,0.201899,,,,-0.022687,-0.051926,0.056666,1.000000,-0.000010,0.00,0
2873,6.331,-3.254066,0.149973,-3.254066,0.149973,-3.231379,0.203339,,,,-0.022687,-0.053366,0.057988,1.000000,-0.000010,0.00,0
2874,6.332,-3.254066,0.149973,-3.254066,0.149973,-3.231379,0.204779,,,,-0.022687,-0.054806,0.059316,1.000000,-0.000010,0.00,0
2875,6.333,-3.254066,0.149973,-3.254066,0.149973,-3.231379,0.206219,,,,-0.022687,-0.056246,0.060649,1.000000,-0.000010,0.00,0
2876,6.334,-3.254066,0.149973,-3.254066,0.149973,-3.231379,0.207659,,,,-0.022687,-0.057686,0.061987,1.000000,-0.000010,0.00,0
2877,6.335,-3.254066,0.149973,-3.254066,0.149973,-3.231379,0.209099,,,,-0.022687,-0.059126,0.063329,1.000000,-0.000010,0.00,0
2878,6.336,-3.254066,0.149973,-3.254066,0.149973,-3.231379,0.210539,,,,-0.022687,-0.060566,0.064675,1.000000,-0.000010,0.00,0
2879,6.337,-3.254066,0.149973,-3.254066,0.149973,-3.231379,0.211979,,,,-0.022687,-0.062006,0.066026,1.000000,-0.000010,0.00,0
2880,6.349,-3.279165,0.205421,-3.252619,0.234125,-3.231379,0.213419,-0.047786,-0.007998,0.048451,-0.021240,0.020706,0.029662,1.000000,-0.000010,10.51,1
2881,6.351,-3.279165,0.205421,-3.279165,0.205421,-3.230542,0.214859,,,,-0.048623,-0.009438,0.049531,1.000000,-0.000010,0.00,0
2882,6.352,-3.279165,0.205421,-3.279165,0.205421,-3.229655,0.216299,,,,-0.049510,-0.010878,0.050691,1.000000,-0.000010,0.00,0
2883,6.354,-3.279165,0.205421,-3.279165,0.205421,-3.228761,0.217739,,,,-0.050405,-0.012318,0.051888,1.000000,-0.000010,0.00,0
2884,6.355,-3.279165,0.205421,-3.279165,0.205421,-3.227867,0.219179,,,,-0.051299,-0.013758,0.053112,1.000000,-0.000010,0.00,0
2885,6.356,-3.279165,0.205421,-3.279165,0.205421,-3.226974,0.220619,,,,-0.052191,-0.015198,0.054359,1.000000,-0.000010,0.00,0
2886,6.357,-3.279165,0.205421,-3.279165,0.205421,-3.226082,0.222059,,,,-0.053083,-0.016638,0.055629,1.000000,-0.000010,0.00,0
2887,6.358,-3.279165,0.205421,-3.279165,0.205421,-3.225192,0.223499,,,,-0.053973,-0.018078,0.056921,1.000000,-0.000010,0.00,0
2888,6.360,-3.279165,0.205421,-3.279165,0.205421,-3.224302,0.224939,,,,-0.054863,-0.019518,0.058232,1.000000,-0.000010,0.00,0
2889,6.361,-3.279165,0.205421,-3.279165,0.205421,-3.223413,0.226379,,,,-0.055752,-0.020958,0.059561,1.000000,-0.000010,0.00,0
2890,6.362,-3.279165,0.205421,-3.279165,0.205421,-3.222524,0.227819,,,,-0.056641,-0.022398,0.060909,1.000000,-0.000010,0.00,0
2891,6.363,-3.279165,0.205421,-3.279165,0.205421,-3.221636,0.229259,,,,-0.057529,-0.023838,0.062272,1.000000,-0.000010,0.00,0
2892,6.364,-3.279165,0.205421,-3.279165,0.205421,-3.220748,0.230699,,,,-0.058417,-0.025278,0.063651,1.000000,-0.000010,0.00,0
2893,6.365,-3.279165,0.205421,-3.279165,0.205421,-3.219861,0.232139,,,,-0.059304,-0.026718,0.065045,1.000000,-0.000010,0.00,0
2894,6.366,-3.279165,0.205421,-3.279165,0.205421,-3.218973,0.233579,,,,-0.060192,-0.028158,0.066453,1.000000,-0.000010,0.00,0
2895,6.378,-3.226337,0.211801,-3.140620,0.195009,-3.218086,0.235019,-0.008251,-0.023218,0.024640,0.077466,-0.040010,0.087188,1.000000,-0.000010,11.01,1
2896,6.381,-3.226337,0.211801,-3.226337,0.211801,-3.218036,0.236459,,,,-0.008301,-0.024658,0.026017,1.000000,-0.000010,0.00,0
2897,6.382,-3.226337,0.211801,-3.226337,0.211801,-3.218037,0.237899,,,,-0.008300,-0.026098,0.027386,1.000000,-0.000010,0.00,0
2898,6.384,-3.226337,0.211801,-3.226337,0.211801,-3.218044,0.239339,,,,-0.008293,-0.027538,0.028759,1.000000,-0.000010,0.00,0
2899,6.388,-3.226337,0.211801,-3.226337,0.211801,-3.218051,0.240779,,,,-0.008286,-0.028978,0.030139,1.000000,-0.000010,0.00,0
2900,6.389,-3.226337,0.211801,-3.226337,0.211801,-3.218057,0.242219,,,,-0.008280,-0.030418,0.031525,1.000000,-0.000010,0.00,0
2901,6.390,-3.226337,0.211801,-3.226337,0.211801,-3.218062,0.243659,,,,-0.008275,-0.031858,0.032915,1.000000,-0.000009,0.00,0
2902,6.391,-3.226337,0.211801,-3.226337,0.211801,-3.218065,0.245099,,,,-0.008271,-0.033298,0.034310,1.000000,-0.000009,0.00,0
2903,6.392,-3.226337,0.211801,-3.226337,0.211801,-3.218068,0.246539,,,,-0.008268,-0.034738,0.035708,1.000000,-0.000009,0.00,0
2904,6.392,-3.226337,0.211801,-3.226337,0.211801,-3.218071,0.247979,,,,-0.008266,-0.036178,0.037110,1.000000,-0.000009,0.00,0
2905,6.394,-3.226337,0.211801,-3.226337,0.211801,-3.218073,0.249419,,,,-0.008264,-0.037618,0.038515,1.000000,-0.000009,0.00,0
2906,6.396,-3.226337,0.211801,-3.226337,0.211801,-3.218074,0.250859,,,,-0.008263,-0.039058,0.039922,1.000000,-0.000009,0.00,0
2907,6.397,-3.226337,0.211801,-3.226337,0.211801,-3.218075,0.252299,,,,-0.008261,-0.040498,0.041332,1.000000,-0.000009,0.00,0
2908,6.399,-3.226337,0.211801,-3.226337,0.211801,-3.218076,0.253739,,,,-0.008260,-0.041938,0.042744,1.000000,-0.000009,0.00,0
2909,6.400,-3.226337,0.211801,-3.226337,0.211801,-3.218077,0.255179,,,,-0.008260,-0.043378,0.044157,1.000000,-0.000009,0.00,0
2910,6.412,-3.156693,0.207793,-3.076839,0.194246,-3.218078,0.256619,0.061385,-0.048826,0.078435,0.141238,-0.062373,0.154397,1.000000,-0.000009,11.01,1
2911,6.414,-3.156693,0.207793,-3.156693,0.207793,-3.218078,0.258059,,,,0.061385,-0.050266,0.079340,1.000000,-0.000009,0.00,0
2912,6.415,-3.156693,0.207793,-3.156693,0.207793,-3.218078,0.259499,,,,0.061386,-0.051706,0.080260,1.000000,-0.000009,0.00,0
2913,6.416,-3.156693,0.207793,-3.156693,0.207793,-3.218079,0.260939,,,,0.061386,-0.053146,0.081195,1.000000,-0.000009,0.00,0
2914,6.418,-3.156693,0.207793,-3.156693,0.207793,-3.218079,0.262379,,,,0.061386,-0.054586,0.082145,1.000000,-0.000009,0.00,0
2915,6.419,-3.156693,0.207793,-3.156693,0.207793,-3.218079,0.263819,,,,0.061386,-0.056026,0.083109,1.000000,-0.000009,0.00,0
2916,6.421,-3.156693,0.207793,-3.156693,0.207793,-3.218079,0.265259,,,,0.061386,-0.057466,0.084087,1.000000,-0.000009,0.00,0
2917,6.422,-3.156693,0.207793,-3.156693,0.207793,-3.218079,0.266699,,,,0.061387,-0.058906,0.085078,1.000000,-0.000009,0.00,0
2918,6.423,-3.156693,0.207793,-3.156693,0.207793,-3.218079,0.268139,,,,0.061387,-0.060346,0.086081,1.000000,-0.000009,0.00,0
2919,6.424,-3.156693,0.207793,-3.156693,0.207793,-3.218079,0.269579,,,,0.061387,-0.061786,0.087097,1.000000,-0.000009,0.00,0
2920,6.425,-3.156693,0.207793,-3.156693,0.207793,-3.218080,0.271019,,,,0.061387,-0.063226,0.088124,1.000000,-0.000009,0.00,0
2921,6.426,-3.156693,0.207793,-3.156693,0.207793,-3.218080,0.272459,,,,0.061387,-0.064666,0.089163,1.000000,-0.000009,0.00,0
2922,6.427,-3.156693,0.207793,-3.156693,0.207793,-3.218080,0.273899,,,,0.061387,-0.066106,0.090213,1.000000,-0.000009,0.00,0
2923,6.429,-3.156693,0.207793,-3.156693,0.207793,-3.218080,0.275339,,,,0.061387,-0.067546,0.091273,1.000000,-0.000009,0.00,0
2924,6.430,-3.156693,0.207793,-3.156693,0.207793,-3.218080,0.276779,,,,0.061387,-0.068986,0.092344,1.000000,-0.000009,0.00,0
2925,6.442,-3.127715,0.228069,-3.165685,0.294952,-3.218080,0.278219,0.090365,-0.050150,0.103348,0.052395,0.016733,0.055002,1.000000,-0.000009,10.51,1
2926,6.444,-3.127715,0.228069,-3.127715,0.228069,-3.218844,0.279659,,,,0.091129,-0.051590,0.104719,1.000000,-0.000009,0.00,0
2927,6.446,-3.127715,0.228069,-3.127715,0.228069,-3.219654,0.281099,,,,0.091939,-0.053030,0.106137,1.000000,-0.000009,0.00,0
2928,6.447,-3.127715,0.228069,-3.127715,0.228069,-3.220471,0.282539,,,,0.092756,-0.054470,0.107567,1.000000,-0.000009,0.00,0
2929,6.448,-3.127715,0.228069,-3.127715,0.228069,-3.221287,0.283979,,,,0.093572,-0.055910,0.109003,1.000000,-0.000009,0.00,0
2930,6.449,-3.127715,0.228069,-3.127715,0.228069,-3.222102,0.285419,,,,0.094387,-0.057350,0.110445,1.000000,-0.000009,0.00,0
2931,6.450,-3.127715,0.228069,-3.127715,0.228069,-3.222916,0.286859,,,,0.095202,-0.058790,0.111891,1.000000,-0.000009,0.00,0
2932,6.451,-3.127715,0.228069,-3.127715,0.228069,-3.223730,0.288299,,,,0.096015,-0.060230,0.113342,1.000000,-0.000009,0.00,0
2933,6.452,-3.127715,0.228069,-3.127715,0.228069,-3.224542,0.289739,,,,0.096827,-0.061670,0.114798,1.000000,-0.000009,0.00,0
2934,6.454,-3.127715,0.228069,-3.127715,0.228069,-3.225354,0.291179,,,,0.097639,-0.063110,0.116259,1.000000,-0.000009,0.00,0
2935,6.455,-3.127715,0.228069,-3.127715,0.228069,-3.226165,0.292619,,,,0.098450,-0.064550,0.117725,1.000000,-0.000009,0.00,0
2936,6.456,-3.127715,0.228069,-3.127715,0.228069,-3.226976,0.294059,,,,0.099261,-0.065990,0.119195,1.000000,-0.000009,0.00,0
2937,6.457,-3.127715,0.228069,-3.127715,0.228069,-3.227787,0.295499,,,,0.100072,-0.067430,0.120670,1.000000,-0.000009,0.00,0
2938,6.458,-3.127715,0.228069,-3.127715,0.228069,-3.228597,0.296939,,,,0.100882,-0.068870,0.122149,1.000000,-0.000009,0.00,0
2939,6.459,-3.127715,0.228069,-3.127715,0.228069,-3.229408,0.298379,,,,0.101693,-0.070310,0.123632,1.000000,-0.000009,0.00,0
2940,6.470,-3.145486,0.268472,-3.193934,0.316217,-3.230218,0.299819,0.084732,-0.031347,0.090344,0.036284,0.016398,0.039817,1.000000,-0.000009,10.01,1
2941,6.472,-3.145486,0.268472,-3.145486,0.268472,-3.230263,0.301259,,,,0.084777,-0.032787,0.090897,1.000000,-0.000009,0.00,0
2942,6.475,-3.145486,0.268472,-3.145486,0.268472,-3.230263,0.302699,,,,0.084777,-0.034227,0.091426,1.000000,-0.000009,0.00,0
2943,6.476,-3.145486,0.268472,-3.145486,0.268472,-3.230256,0.304139,,,,0.084770,-0.035667,0.091968,1.000000,-0.000009,0.00,0
2944,6.477,-3.145486,0.268472,-3.145486,0.268472,-3.230250,0.305579,,,,0.084764,-0.037107,0.092530,1.000000,-0.000009,0.00,0
2945,6.478,-3.145486,0.268472,-3.145486,0.268472,-3.230244,0.307019,,,,0.084758,-0.038547,0.093112,1.000000,-0.000009,0.00,0
2946,6.479,-3.145486,0.268472,-3.145486,0.268472,-3.230240,0.308459,,,,0.084754,-0.039987,0.093714,1.000000,-0.000009,0.00,0
2947,6.480,-3.145486,0.268472,-3.145486,0.268472,-3.230237,0.309899,,,,0.084751,-0.041427,0.094334,1.000000,-0.000009,0.00,0
2948,6.481,-3.145486,0.268472,-3.145486,0.268472,-3.230234,0.311339,,,,0.084748,-0.042867,0.094973,1.000000,-0.000009,0.00,0
2949,6.483,-3.145486,0.268472,-3.145486,0.268472,-3.230232,0.312779,,,,0.084746,-0.044307,0.095629,1.000000,-0.000009,0.00,0
2950,6.484,-3.145486,0.268472,-3.145486,0.268472,-3.230230,0.314219,,,,0.084744,-0.045747,0.096303,1.000000,-0.000009,0.00,0
2951,6.485,-3.145486,0.268472,-3.145486,0.268472,-3.230229,0.315659,,,,0.084743,-0.047187,0.096995,1.000000,-0.000009,0.00,0
2952,6.487,-3.145486,0.268472,-3.145486,0.268472,-3.230228,0.317099,,,,0.084741,-0.048627,0.097702,1.000000,-0.000009,0.00,0
2953,6.488,-3.145486,0.268472,-3.145486,0.268472,-3.230227,0.318539,,,,0.084741,-0.050067,0.098426,1.000000,-0.000009,0.00,0
2954,6.489,-3.145486,0.268472,-3.145486,0.268472,-3.230226,0.319979,,,,0.084740,-0.051507,0.099166,1.000000,-0.000009,0.00,0
2955,6.500,-3.192715,0.305498,-3.218524,0.305325,-3.230226,0.321419,0.037511,-0.015921,0.040750,0.011701,-0.016094,0.019898,1.000000,-0.000009,10.01,1
2956,6.502,-3.192715,0.305498,-3.192715,0.305498,-3.230225,0.322859,,,,0.037510,-0.017361,0.041333,1.000000,-0.000009,0.00,0
2957,6.504,-3.192715,0.305498,-3.192715,0.305498,-3.230225,0.324299,,,,0.037510,-0.018801,0.041958,1.000000,-0.000009,0.00,0
2958,6.506,-3.192715,0.305498,-3.192715,0.305498,-3.230225,0.325739,,,,0.037510,-0.020241,0.042623,1.000000,-0.000009,0.00,0
2959,6.507,-3.192715,0.305498,-3.192715,0.305498,-3.230224,0.327179,,,,0.037510,-0.021681,0.043325,1.000000,-0.000009,0.00,0
2960,6.508,-3.192715,0.305498,-3.192715,0.305498,-3.230224,0.328619,,,,0.037509,-0.023121,0.044063,1.000000,-0.000009,0.00,0
2961,6.509,-3.192715,0.305498,-3.192715,0.305498,-3.230224,0.330059,,,,0.037509,-0.024561,0.044835,1.000000,-0.000009,0.00,0
2962,6.510,-3.192715,0.305498,-3.192715,0.305498,-3.230224,0.331499,,,,0.037509,-0.026001,0.045640,1.000000,-0.000009,0.00,0
2963,6.512,-3.192715,0.305498,-3.192715,0.305498,-3.230224,0.332939,,,,0.037509,-0.027441,0.046475,1.000000,-0.000009,0.00,0
2964,6.514,-3.192715,0.305498,-3.192715,0.305498,-3.230224,0.334379,,,,0.037509,-0.028881,0.047340,1.000000,-0.000009,0.00,0
2965,6.515,-3.192715,0.305498,-3.192715,0.305498,-3.230224,0.335819,,,,0.037509,-0.030321,0.048232,1.000000,-0.000009,0.00,0
2966,6.516,-3.192715,0.305498,-3.192715,0.305498,-3.230224,0.337259,,,,0.037509,-0.031761,0.049150,1.000000,-0.000009,0.00,0
2967,6.517,-3.192715,0.305498,-3.192715,0.305498,-3.230224,0.338699,,,,0.037509,-0.033201,0.050092,1.000000,-0.000009,0.00,0
2968,6.518,-3.192715,0.305498,-3.192715,0.305498,-3.230224,0.340139,,,,0.037509,-0.034641,0.051058,1.000000,-0.000009,0.00,0
2969,6.519,-3.192715,0.305498,-3.192715,0.305498,-3.230224,0.341579,,,,0.037509,-0.036081,0.052046,1.000000,-0.000009,0.00,0
2970,6.532,-3.186742,0.313129,-3.147766,0.317844,-3.230224,0.343019,0.043482,-0.029890,0.052765,0.082458,-0.025175,0.086215,1.000000,-0.000009,10.51,1
2971,6.534,-3.186742,0.313129,-3.186742,0.313129,-3.230223,0.344459,,,,0.043482,-0.031330,0.053593,1.000000,-0.000009,0.00,0
2972,6.535,-3.186742,0.313129,-3.186742,0.313129,-3.230223,0.345899,,,,0.043482,-0.032770,0.054448,1.000000,-0.000009,0.00,0
2973,6.536,-3.186742,0.313129,-3.186742,0.313129,-3.230223,0.347339,,,,0.043482,-0.034210,0.055326,1.000000,-0.000009,0.00,0
2974,6.537,-3.186742,0.313129,-3.186742,0.313129,-3.230223,0.348779,,,,0.043482,-0.035650,0.056228,1.000000,-0.000009,0.00,0
2975,6.538,-3.186742,0.313129,-3.186742,0.313129,-3.230223,0.350219,,,,0.043482,-0.037090,0.057152,1.000000,-0.000009,0.00,0
2976,6.540,-3.186742,0.313129,-3.186742,0.313129,-3.230223,0.351659,,,,0.043482,-0.038530,0.058097,1.000000,-0.000009,0.00,0
2977,6.542,-3.186742,0.313129,-3.186742,0.313129,-3.230223,0.353099,,,,0.043482,-0.039970,0.059062,1.000000,-0.000009,0.00,0
2978,6.543,-3.186742,0.313129,-3.186742,0.313129,-3.230223,0.354539,,,,0.043482,-0.041410,0.060046,1.000000,-0.000009,0.00,0
2979,6.544,-3.186742,0.313129,-3.186742,0.313129,-3.230223,0.355979,,,,0.043482,-0.042850,0.061048,1.000000,-0.000009,0.00,0
2980,6.546,-3.186742,0.313129,-3.186742,0.313129,-3.230223,0.357419,,,,0.043482,-0.044290,0.062067,1.000000,-0.000009,0.00,0
2981,6.547,-3.186742,0.313129,-3.186742,0.313129,-3.230223,0.358859,,,,0.043482,-0.045730,0.063102,1.000000,-0.000009,0.00,0
2982,6.548,-3.186742,0.313129,-3.186742,0.313129,-3.230223,0.360299,,,,0.043482,-0.047170,0.064154,1.000000,-0.000009,0.00,0
2983,6.549,-3.186742,0.313129,-3.186742,0.313129,-3.230223,0.361739,,,,0.043482,-0.048610,0.065220,1.000000,-0.000009,0.00,0
2984,6.550,-3.186742,0.313129,-3.186742,0.313129,-3.230223,0.363179,,,,0.043482,-0.050050,0.066300,1.000000,-0.000009,0.00,0
2985,6.562,-3.164151,0.322365,-3.126164,0.343927,-3.230223,0.364619,0.066072,-0.042254,0.078427,0.104059,-0.020692,0.106096,1.000000,-0.000009,10.50,1
2986,6.565,-3.164151,0.322365,-3.164151,0.322365,-3.230223,0.366059,,,,0.066072,-0.043694,0.079213,1.000000,-0.000009,0.00,0
2987,6.566,-3.164151,0.322365,-3.164151,0.322365,-3.230223,0.367499,,,,0.066072,-0.045134,0.080016,1.000000,-0.000009,0.00,0
2988,6.567,-3.164151,0.322365,-3.164151,0.322365,-3.230223,0.368939,,,,0.066072,-0.046574,0.080837,1.000000,-0.000009,0.00,0
2989,6.568,-3.164151,0.322365,-3.164151,0.322365,-3.230223,0.370379,,,,0.066072,-0.048014,0.081675,1.000000,-0.000009,0.00,0
2990,6.569,-3.164151,0.322365,-3.164151,0.322365,-3.230223,0.371819,,,,0.066072,-0.049454,0.082530,1.000000,-0.000009,0.00,0
2991,6.571,-3.164151,0.322365,-3.164151,0.322365,-3.230223,0.373259,,,,0.066072,-0.050894,0.083401,1.000000,-0.000009,0.00,0
2992,6.572,-3.164151,0.322365,-3.164151,0.322365,-3.230223,0.374699,,,,0.066072,-0.052334,0.084287,1.000000,-0.000009,0.00,0
2993,6.574,-3.164151,0.322365,-3.164151,0.322365,-3.230223,0.376139,,,,0.066072,-0.053774,0.085189,1.000000,-0.000009,0.00,0
2994,6.575,-3.164151,0.322365,-3.164151,0.322365,-3.230223,0.377579,,,,0.066072,-0.055214,0.086105,1.000000,-0.000009,0.00,0
2995,6.576,-3.164151,0.322365,-3.164151,0.322365,-3.230223,0.379019,,,,0.066072,-0.056654,0.087035,1.000000,-0.000009,0.00,0
2996,6.578,-3.164151,0.322365,-3.164151,0.322365,-3.230223,0.380459,,,,0.066072,-0.058094,0.087979,1.000000,-0.000009,0.00,0
2997,6.579,-3.164151,0.322365,-3.164151,0.322365,-3.230223,0.381899,,,,0.066072,-0.059534,0.088937,1.000000,-0.000009,0.00,0
2998,6.581,-3.164151,0.322365,-3.164151,0.322365,-3.230223,0.383339,,,,0.066072,-0.060974,0.089907,1.000000,-0.000009,0.00,0
2999,6.583,-3.164151,0.322365,-3.164151,0.322365,-3.230223,0.384779,,,,0.066072,-0.062414,0.090890,1.000000,-0.000009,0.00,0
3000,6.595,-3.167311,0.356426,-3.228003,0.407505,-3.230223,0.386219,0.062912,-0.029794,0.069610,0.002220,0.021286,0.021402,1.000000,-0.000009,11.01,1
3001,6.596,-3.167311,0.356426,-3.167311,0.356426,-3.230223,0.387659,,,,0.062912,-0.031234,0.070239,1.000000,-0.000009,0.00,0
3002,6.597,-3.167311,0.356426,-3.167311,0.356426,-3.230223,0.389099,,,,0.062912,-0.032674,0.070891,1.000000,-0.000009,0.00,0
3003,6.598,-3.167311,0.356426,-3.167311,0.356426,-3.230223,0.390539,,,,0.062912,-0.034114,0.071566,1.000000,-0.000009,0.00,0
3004,6.601,-3.167311,0.356426,-3.167311,0.356426,-3.230223,0.391979,,,,0.062912,-0.035554,0.072263,1.000000,-0.000009,0.00,0
3005,6.602,-3.167311,0.356426,-3.167311,0.356426,-3.230223,0.393419,,,,0.062912,-0.036994,0.072983,1.000000,-0.000009,0.00,0
3006,6.602,-3.167311,0.356426,-3.167311,0.356426,-3.230223,0.394859,,,,0.062912,-0.038434,0.073723,1.000000,-0.000009,0.00,0
3007,6.603,-3.167311,0.356426,-3.167311,0.356426,-3.230223,0.396299,,,,0.062912,-0.039874,0.074484,1.000000,-0.000009,0.00,0
3008,6.605,-3.167311,0.356426,-3.167311,0.356426,-3.230223,0.397739,,,,0.062912,-0.041314,0.075265,1.000000,-0.000009,0.00,0
3009,6.606,-3.167311,0.356426,-3.167311,0.356426,-3.230223,0.399179,,,,0.062912,-0.042754,0.076065,1.000000,-0.000009,0.00,0
3010,6.607,-3.167311,0.356426,-3.167311,0.356426,-3.230223,0.400619,,,,0.062912,-0.044194,0.076883,1.000000,-0.000009,0.00,0
3011,6.608,-3.167311,0.356426,-3.167311,0.356426,-3.230223,0.402059,,,,0.062912,-0.045634,0.077720,1.000000,-0.000009,0.00,0
3012,6.610,-3.167311,0.356426,-3.167311,0.356426,-3.230223,0.403499,,,,0.062912,-0.047074,0.078574,1.000000,-0.000009,0.00,0
3013,6.612,-3.167311,0.356426,-3.167311,0.356426,-3.230223,0.404939,,,,0.062912,-0.048514,0.079445,1.000000,-0.000009,0.00,0
3014,6.613,-3.167311,0.356426,-3.167311,0.356426,-3.230223,0.406379,,,,0.062912,-0.049954,0.080333,1.000000,-0.000009,0.00,0
3015,6.625,-3.195201,0.393378,-3.231435,0.428702,-3.230223,0.407819,0.035022,-0.014441,0.037883,-0.001212,0.020883,0.020918,1.000000,-0.000009,11.01,1
3016,6.627,-3.195201,0.393378,-3.195201,0.393378,-3.230223,0.409259,,,,0.035022,-0.015881,0.038455,1.000000,-0.000009,0.00,0
3017,6.628,-3.195201,0.393378,-3.195201,0.393378,-3.230223,0.410699,,,,0.035022,-0.017321,0.039071,1.000000,-0.000009,0.00,0
3018,6.630,-3.195201,0.393378,-3.195201,0.393378,-3.230223,0.412139,,,,0.035022,-0.018761,0.039731,1.000000,-0.000009,0.00,0
3019,6.631,-3.195201,0.393378,-3.195201,0.393378,-3.230223,0.413579,,,,0.035022,-0.020201,0.040431,1.000000,-0.000009,0.00,0
3020,6.632,-3.195201,0.393378,-3.195201,0.393378,-3.230223,0.415019,,,,0.035022,-0.021641,0.041169,1.000000,-0.000009,0.00,0
3021,6.633,-3.195201,0.393378,-3.195201,0.393378,-3.230223,0.416459,,,,0.035022,-0.023081,0.041944,1.000000,-0.000009,0.00,0
3022,6.634,-3.195201,0.393378,-3.195201,0.393378,-3.230223,0.417899,,,,0.035022,-0.024521,0.042753,1.000000,-0.000009,0.00,0
3023,6.635,-3.195201,0.393378,-3.195201,0.393378,-3.230223,0.419339,,,,0.035022,-0.025961,0.043595,1.000000,-0.000009,0.00,0
3024,6.636,-3.195201,0.393378,-3.195201,0.393378,-3.230223,0.420779,,,,0.035022,-0.027401,0.044468,1.000000,-0.000009,0.00,0
3025,6.637,-3.195201,0.393378,-3.195201,0.393378,-3.230223,0.422219,,,,0.035022,-0.028841,0.045369,1.000000,-0.000009,0.00,0
3026,6.638,-3.195201,0.393378,-3.195201,0.393378,-3.230223,0.423659,,,,0.035022,-0.030281,0.046298,1.000000,-0.000009,0.00,0
3027,6.640,-3.195201,0.393378,-3.195201,0.393378,-3.230223,0.425099,,,,0.035022,-0.031721,0.047252,1.000000,-0.000009,0.00,0
3028,6.641,-3.195201,0.393378,-3.195201,0.393378,-3.230223,0.426539,,,,0.035022,-0.033161,0.048231,1.000000,-0.000009,0.00,0
3029,6.642,-3.195201,0.393378,-3.195201,0.393378,-3.230223,0.427979,,,,0.035022,-0.034601,0.049232,1.000000,-0.000009,0.00,0
3030,6.654,-3.222733,0.430797,-3.208762,0.456183,-3.230223,0.429419,0.007490,0.001377,0.007615,0.021461,0.026763,0.034305,1.000000,-0.000009,11.01,1
3031,6.656,-3.222733,0.430797,-3.222733,0.430797,-3.230223,0.430859,,,,0.007490,-0.000063,0.007490,1.000000,-0.000009,0.00,0
3032,6.658,-3.222733,0.430797,-3.222733,0.430797,-3.230223,0.432299,,,,0.007490,-0.001503,0.007639,1.000000,-0.000009,0.00,0
3033,6.658,-3.222733,0.430797,-3.222733,0.430797,-3.230223,0.433739,,,,0.007490,-0.002943,0.008047,1.000000,-0.000009,0.00,0
3034,6.660,-3.222733,0.430797,-3.222733,0.430797,-3.230223,0.435179,,,,0.007490,-0.004383,0.008678,1.000000,-0.000009,0.00,0
3035,6.662,-3.222733,0.430797,-3.222733,0.430797,-3.230223,0.436619,,,,0.007490,-0.005823,0.009487,1.000000,-0.000009,0.00,0
3036,6.663,-3.222733,0.430797,-3.222733,0.430797,-3.230223,0.438059,,,,0.007490,-0.007263,0.010433,1.000000,-0.000009,0.00,0
3037,6.664,-3.222733,0.430797,-3.222733,0.430797,-3.230223,0.439499,,,,0.007490,-0.008703,0.011482,1.000000,-0.000009,0.00,0
3038,6.665,-3.222733,0.430797,-3.222733,0.430797,-3.230223,0.440939,,,,0.007490,-0.010143,0.012608,1.000000,-0.000009,0.00,0
3039,6.666,-3.222733,0.430797,-3.222733,0.430797,-3.230223,0.442379,,,,0.007490,-0.011583,0.013793,1.000000,-0.000009,0.00,0
3040,6.667,-3.222733,0.430797,-3.222733,0.430797,-3.230223,0.443819,,,,0.007490,-0.013023,0.015023,1.000000,-0.000010,0.00,0
3041,6.668,-3.222733,0.430797,-3.222733,0.430797,-3.230223,0.445259,,,,0.007490,-0.014463,0.016287,1.000000,-0.000010,0.00,0
3042,6.670,-3.222733,0.430797,-3.222733,0.430797,-3.230223,0.446699,,,,0.007490,-0.015903,0.017578,1.000000,-0.000010,0.00,0
3043,6.671,-3.222733,0.430797,-3.222733,0.430797,-3.230223,0.448139,,,,0.007490,-0.017343,0.018891,1.000000,-0.000010,0.00,0
3044,6.672,-3.222733,0.430797,-3.222733,0.430797,-3.230223,0.449579,,,,0.007490,-0.018783,0.020221,1.000000,-0.000010,0.00,0
3045,6.684,-3.199313,0.438717,-3.157742,0.431266,-3.230223,0.451019,0.030910,-0.012302,0.033268,0.072481,-0.019753,0.075124,1.000000,-0.000010,11.01,1
3046,6.686,-3.199313,0.438717,-3.199313,0.438717,-3.230223,0.452459,,,,0.030910,-0.013742,0.033827,1.000000,-0.000010,0.00,0
3047,6.692,-3.199313,0.438717,-3.199313,0.438717,-3.230223,0.453899,,,,0.030910,-0.015182,0.034438,1.000000,-0.000010,0.00,0
3048,6.692,-3.199313,0.438717,-3.199313,0.438717,-3.230223,0.455339,,,,0.030910,-0.016622,0.035096,1.000000,-0.000010,0.00,0
3049,6.695,-3.199313,0.438717,-3.199313,0.438717,-3.230223,0.456779,,,,0.030910,-0.018062,0.035801,1.000000,-0.000010,0.00,0
3050,6.696,-3.199313,0.438717,-3.199313,0.438717,-3.230223,0.458219,,,,0.030910,-0.019502,0.036548,1.000000,-0.000010,0.00,0
3051,6.697,-3.199313,0.438717,-3.199313,0.438717,-3.230223,0.459659,,,,0.030910,-0.020942,0.037337,1.000000,-0.000010,0.00,0
3052,6.698,-3.199313,0.438717,-3.199313,0.438717,-3.230223,0.461099,,,,0.030910,-0.022382,0.038163,1.000000,-0.000010,0.00,0
3053,6.699,-3.199313,0.438717,-3.199313,0.438717,-3.230223,0.462539,,,,0.030910,-0.023822,0.039025,1.000000,-0.000010,0.00,0
3054,6.700,-3.199313,0.438717,-3.199313,0.438717,-3.230223,0.463979,,,,0.030910,-0.025262,0.039920,1.000000,-0.000010,0.00,0
3055,6.701,-3.199313,0.438717,-3.199313,0.438717,-3.230223,0.465419,,,,0.030910,-0.026702,0.040847,1.000000,-0.000010,0.00,0
3056,6.702,-3.199313,0.438717,-3.199313,0.438717,-3.230223,0.466859,,,,0.030910,-0.028142,0.041802,1.000000,-0.000010,0.00,0
3057,6.705,-3.199313,0.438717,-3.199313,0.438717,-3.230223,0.468299,,,,0.030910,-0.029582,0.042785,1.000000,-0.000010,0.00,0
3058,6.706,-3.199313,0.438717,-3.199313,0.438717,-3.230223,0.469739,,,,0.030910,-0.031022,0.043793,1.000000,-0.000010,0.00,0
3059,6.707,-3.199313,0.438717,-3.199313,0.438717,-3.230223,0.471179,,,,0.030910,-0.032462,0.044825,1.000000,-0.000010,0.00,0
3060,6.719,-3.185059,0.443804,-3.188673,0.443964,-3.230223,0.472619,0.045164,-0.028815,0.053573,0.041550,-0.028656,0.050473,1.000000,-0.000010,11.52,1
3061,6.720,-3.185059,0.443804,-3.185059,0.443804,-3.230223,0.474059,,,,0.045164,-0.030255,0.054361,1.000000,-0.000010,0.00,0
3062,6.721,-3.185059,0.443804,-3.185059,0.443804,-3.230223,0.475499,,,,0.045164,-0.031695,0.055176,1.000000,-0.000010,0.00,0
3063,6.723,-3.185059,0.443804,-3.185059,0.443804,-3.230223,0.476939,,,,0.045164,-0.033135,0.056015,1.000000,-0.000010,0.00,0
3064,6.724,-3.185059,0.443804,-3.185059,0.443804,-3.230223,0.478379,,,,0.045164,-0.034575,0.056879,1.000000,-0.000010,0.00,0
3065,6.725,-3.185059,0.443804,-3.185059,0.443804,-3.230223,0.479819,,,,0.045164,-0.036015,0.057766,1.000000,-0.000010,0.00,0
3066,6.726,-3.185059,0.443804,-3.185059,0.443804,-3.230223,0.481259,,,,0.045164,-0.037455,0.058674,1.000000,-0.000010,0.00,0
3067,6.728,-3.185059,0.443804,-3.185059,0.443804,-3.230223,0.482699,,,,0.045164,-0.038895,0.059604,1.000000,-0.000010,0.00,0
3068,6.730,-3.185059,0.443804,-3.185059,0.443804,-3.230223,0.484139,,,,0.045164,-0.040335,0.060553,1.000000,-0.000010,0.00,0
3069,6.731,-3.185059,0.443804,-3.185059,0.443804,-3.230223,0.485579,,,,0.045164,-0.041775,0.061522,1.000000,-0.000010,0.00,0
3070,6.732,-3.185059,0.443804,-3.185059,0.443804,-3.230223,0.487019,,,,0.045164,-0.043215,0.062509,1.000000,-0.000010,0.00,0
3071,6.733,-3.185059,0.443804,-3.185059,0.443804,-3.230223,0.488459,,,,0.045164,-0.044655,0.063513,1.000000,-0.000010,0.00,0
3072,6.734,-3.185059,0.443804,-3.185059,0.443804,-3.230223,0.489899,,,,0.045164,-0.046095,0.064533,1.000000,-0.000010,0.00,0
3073,6.736,-3.185059,0.443804,-3.185059,0.443804,-3.230223,0.491339,,,,0.045164,-0.047535,0.065570,1.000000,-0.000010,0.00,0
3074,6.737,-3.185059,0.443804,-3.185059,0.443804,-3.230223,0.492779,,,,0.045164,-0.048975,0.066621,1.000000,-0.000010,0.00,0
3075,6.749,-3.203999,0.461011,-3.265583,0.507804,-3.230223,0.494219,0.026224,-0.033208,0.042314,-0.035360,0.013585,0.037879,1.000000,-0.000010,10.53,1
3076,6.751,-3.203999,0.461011,-3.203999,0.461011,-3.230223,0.495659,,,,0.026224,-0.034648,0.043453,1.000000,-0.000010,0.00,0
3077,6.752,-3.203999,0.461011,-3.203999,0.461011,-3.230223,0.497099,,,,0.026224,-0.036088,0.044610,1.000000,-0.000010,0.00,0
3078,6.753,-3.203999,0.461011,-3.203999,0.461011,-3.230223,0.498539,,,,0.026224,-0.037528,0.045783,1.000000,-0.000010,0.00,0
3079,6.754,-3.203999,0.461011,-3.203999,0.461011,-3.230223,0.499979,,,,0.026224,-0.038968,0.046970,1.000000,-0.000010,0.00,0
3080,6.755,-3.203999,0.461011,-3.203999,0.461011,-3.230223,0.501419,,,,0.026224,-0.040408,0.048172,1.000000,-0.000010,0.00,0
3081,6.756,-3.203999,0.461011,-3.203999,0.461011,-3.230223,0.502859,,,,0.026224,-0.041848,0.049386,1.000000,-0.000010,0.00,0
3082,6.758,-3.203999,0.461011,-3.203999,0.461011,-3.230223,0.504299,,,,0.026224,-0.043288,0.050612,1.000000,-0.000010,0.00,0
3083,6.758,-3.203999,0.461011,-3.203999,0.461011,-3.230223,0.505739,,,,0.026224,-0.044728,0.051849,1.000000,-0.000010,0.00,0
3084,6.761,-3.203999,0.461011,-3.203999,0.461011,-3.230223,0.507179,,,,0.026224,-0.046168,0.053096,1.000000,-0.000010,0.00,0
3085,6.762,-3.203999,0.461011,-3.203999,0.461011,-3.230223,0.508619,,,,0.026224,-0.047608,0.054353,1.000000,-0.000010,0.00,0
3086,6.763,-3.203999,0.461011,-3.203999,0.461011,-3.230223,0.510059,,,,0.026224,-0.049048,0.055618,1.000000,-0.000010,0.00,0
3087,6.764,-3.203999,0.461011,-3.203999,0.461011,-3.230223,0.511499,,,,0.026224,-0.050488,0.056892,1.000000,-0.000010,0.00,0
3088,6.765,-3.203999,0.461011,-3.203999,0.461011,-3.230223,0.512939,,,,0.026224,-0.051928,0.058174,1.000000,-0.000010,0.00,0
3089,6.766,-3.203999,0.461011,-3.203999,0.461011,-3.230223,0.514379,,,,0.026224,-0.053368,0.059463,1.000000,-0.000010,0.00,0
3090,6.777,-3.250794,0.497205,-3.298127,0.539848,-3.230223,0.515819,-0.020571,-0.018614,0.027742,-0.067903,0.024029,0.072029,1.000000,-0.000010,10.01,1
3091,6.780,-3.250794,0.497205,-3.250794,0.497205,-3.230223,0.517259,,,,-0.020571,-0.020054,0.028728,1.000000,-0.000010,0.00,0
3092,6.781,-3.250794,0.497205,-3.250794,0.497205,-3.230223,0.518699,,,,-0.020571,-0.021494,0.029751,1.000000,-0.000010,0.00,0
3093,6.782,-3.250794,0.497205,-3.250794,0.497205,-3.230223,0.520139,,,,-0.020571,-0.022934,0.030808,1.000000,-0.000010,0.00,0
3094,6.783,-3.250794,0.497205,-3.250794,0.497205,-3.230223,0.521579,,,,-0.020571,-0.024374,0.031894,1.000000,-0.000010,0.00,0
3095,6.784,-3.250794,0.497205,-3.250794,0.497205,-3.230223,0.523019,,,,-0.020571,-0.025814,0.033008,1.000000,-0.000010,0.00,0
3096,6.785,-3.250794,0.497205,-3.250794,0.497205,-3.230223,0.524459,,,,-0.020571,-0.027254,0.034146,1.000000,-0.000010,0.00,0
3097,6.786,-3.250794,0.497205,-3.250794,0.497205,-3.230223,0.525899,,,,-0.020571,-0.028694,0.035306,1.000000,-0.000010,0.00,0
3098,6.787,-3.250794,0.497205,-3.250794,0.497205,-3.230223,0.527339,,,,-0.020571,-0.030134,0.036486,1.000000,-0.000010,0.00,0
3099,6.788,-3.250794,0.497205,-3.250794,0.497205,-3.230224,0.528779,,,,-0.020571,-0.031574,0.037684,1.000000,-0.000010,0.00,0
3100,6.790,-3.250794,0.497205,-3.250794,0.497205,-3.230224,0.530219,,,,-0.020571,-0.033014,0.038898,1.000000,-0.000010,0.00,0
3101,6.791,-3.250794,0.497205,-3.250794,0.497205,-3.230224,0.531659,,,,-0.020571,-0.034454,0.040128,1.000000,-0.000010,0.00,0
3102,6.792,-3.250794,0.497205,-3.250794,0.497205,-3.230224,0.533099,,,,-0.020571,-0.035894,0.041371,1.000000,-0.000010,0.00,0
3103,6.793,-3.250794,0.497205,-3.250794,0.497205,-3.230224,0.534539,,,,-0.020571,-0.037334,0.042626,1.000000,-0.000010,0.00,0
3104,6.794,-3.250794,0.497205,-3.250794,0.497205,-3.230224,0.535979,,,,-0.020571,-0.038774,0.043893,1.000000,-0.000010,0.00,0
3105,6.806,-3.277321,0.530728,-3.268254,0.544532,-3.230224,0.537419,-0.047098,-0.006691,0.047571,-0.038030,0.007113,0.038690,1.000000,-0.000010,10.01,1
3106,6.808,-3.277321,0.530728,-3.277321,0.530728,-3.229406,0.538859,,,,-0.047915,-0.008131,0.048600,1.000000,-0.000010,0.00,0
3107,6.810,-3.277321,0.530728,-3.277321,0.530728,-3.228539,0.540299,,,,-0.048782,-0.009571,0.049712,1.000000,-0.000010,0.00,0
3108,6.812,-3.277321,0.530728,-3.277321,0.530728,-3.227666,0.541739,,,,-0.049655,-0.011011,0.050861,1.000000,-0.000010,0.00,0
3109,6.812,-3.277321,0.530728,-3.277321,0.530728,-3.226793,0.543179,,,,-0.050528,-0.012451,0.052040,1.000000,-0.000010,0.00,0
3110,6.813,-3.277321,0.530728,-3.277321,0.530728,-3.225921,0.544619,,,,-0.051400,-0.013891,0.053244,1.000000,-0.000010,0.00,0
3111,6.815,-3.277321,0.530728,-3.277321,0.530728,-3.225050,0.546059,,,,-0.052271,-0.015331,0.054473,1.000000,-0.000010,0.00,0
3112,6.817,-3.277321,0.530728,-3.277321,0.530728,-3.224180,0.547499,,,,-0.053141,-0.016771,0.055725,1.000000,-0.000010,0.00,0
3113,6.818,-3.277321,0.530728,-3.277321,0.530728,-3.223311,0.548939,,,,-0.054010,-0.018211,0.056998,1.000000,-0.000010,0.00,0
3114,6.819,-3.277321,0.530728,-3.277321,0.530728,-3.222443,0.550379,,,,-0.054878,-0.019651,0.058291,1.000000,-0.000010,0.00,0
3115,6.820,-3.277321,0.530728,-3.277321,0.530728,-3.221575,0.551819,,,,-0.055746,-0.021091,0.059603,1.000000,-0.000010,0.00,0
3116,6.821,-3.277321,0.530728,-3.277321,0.530728,-3.220707,0.553259,,,,-0.056614,-0.022531,0.060932,1.000000,-0.000010,0.00,0
3117,6.822,-3.277321,0.530728,-3.277321,0.530728,-3.219840,0.554699,,,,-0.057481,-0.023971,0.062279,1.000000,-0.000010,0.00,0
3118,6.823,-3.277321,0.530728,-3.277321,0.530728,-3.218973,0.556139,,,,-0.058348,-0.025411,0.063641,1.000000,-0.000009,0.00,0
3119,6.824,-3.277321,0.530728,-3.277321,0.530728,-3.218107,0.557579,,,,-0.059214,-0.026851,0.065018,1.000000,-0.000009,0.00,0
3120,6.837,-3.260951,0.519091,-3.216474,0.472894,-3.217240,0.559019,-0.043711,-0.039928,0.059202,0.000766,-0.086126,0.086129,1.000000,-0.000009,11.01,1
3121,6.840,-3.260951,0.519091,-3.260951,0.519091,-3.217191,0.560459,,,,-0.043760,-0.041368,0.060218,1.000000,-0.000009,0.00,0
3122,6.842,-3.260951,0.519091,-3.260951,0.519091,-3.217192,0.561899,,,,-0.043760,-0.042808,0.061216,1.000000,-0.000009,0.00,0
3123,6.843,-3.260951,0.519091,-3.260951,0.519091,-3.217199,0.563339,,,,-0.043753,-0.044248,0.062227,1.000000,-0.000009,0.00,0
3124,6.844,-3.260951,0.519091,-3.260951,0.519091,-3.217206,0.564779,,,,-0.043746,-0.045688,0.063254,1.000000,-0.000009,0.00,0
3125,6.845,-3.260951,0.519091,-3.260951,0.519091,-3.217211,0.566219,,,,-0.043740,-0.047128,0.064298,1.000000,-0.000009,0.00,0
3126,6.847,-3.260951,0.519091,-3.260951,0.519091,-3.217216,0.567659,,,,-0.043735,-0.048568,0.065358,1.000000,-0.000009,0.00,0
3127,6.848,-3.260951,0.519091,-3.260951,0.519091,-3.217220,0.569099,,,,-0.043732,-0.050008,0.066432,1.000000,-0.000009,0.00,0
3128,6.849,-3.260951,0.519091,-3.260951,0.519091,-3.217223,0.570539,,,,-0.043729,-0.051448,0.067521,1.000000,-0.000009,0.00,0
3129,6.849,-3.260951,0.519091,-3.260951,0.519091,-3.217225,0.571979,,,,-0.043726,-0.052888,0.068623,1.000000,-0.000009,0.00,0
3130,6.851,-3.260951,0.519091,-3.260951,0.519091,-3.217227,0.573419,,,,-0.043724,-0.054328,0.069738,1.000000,-0.000009,0.00,0
3131,6.852,-3.260951,0.519091,-3.260951,0.519091,-3.217228,0.574859,,,,-0.043723,-0.055768,0.070864,1.000000,-0.000009,0.00,0
3132,6.852,-3.260951,0.519091,-3.260951,0.519091,-3.217229,0.576299,,,,-0.043722,-0.057208,0.072003,1.000000,-0.000009,0.00,0
3133,6.854,-3.260951,0.519091,-3.260951,0.519091,-3.217230,0.577739,,,,-0.043721,-0.058648,0.073151,1.000000,-0.000009,0.00,0
3134,6.855,-3.260951,0.519091,-3.260951,0.519091,-3.217231,0.579179,,,,-0.043720,-0.060088,0.074310,1.000000,-0.000009,0.00,0
3135,6.868,-3.216947,0.524098,-3.166113,0.554867,-3.217232,0.580619,0.000285,-0.056522,0.056522,0.051119,-0.025752,0.057239,1.000000,-0.000009,10.51,1
3136,6.869,-3.216947,0.524098,-3.216947,0.524098,-3.217232,0.582059,,,,0.000285,-0.057962,0.057962,1.000000,-0.000009,0.00,0
3137,6.871,-3.216947,0.524098,-3.216947,0.524098,-3.217232,0.583499,,,,0.000286,-0.059402,0.059402,1.000000,-0.000009,0.00,0
3138,6.872,-3.216947,0.524098,-3.216947,0.524098,-3.217233,0.584939,,,,0.000286,-0.060842,0.060842,1.000000,-0.000009,0.00,0
3139,6.873,-3.216947,0.524098,-3.216947,0.524098,-3.217233,0.586379,,,,0.000286,-0.062282,0.062282,1.000000,-0.000009,0.00,0
3140,6.874,-3.216947,0.524098,-3.216947,0.524098,-3.217233,0.587819,,,,0.000286,-0.063722,0.063722,1.000000,-0.000009,0.00,0
3141,6.876,-3.216947,0.524098,-3.216947,0.524098,-3.217233,0.589259,,,,0.000287,-0.065162,0.065162,1.000000,-0.000009,0.00,0
3142,6.877,-3.216947,0.524098,-3.216947,0.524098,-3.217233,0.590699,,,,0.000287,-0.066602,0.066602,1.000000,-0.000009,0.00,0
3143,6.878,-3.216947,0.524098,-3.216947,0.524098,-3.217233,0.592139,,,,0.000287,-0.068042,0.068042,1.000000,-0.000009,0.00,0
3144,6.880,-3.216947,0.524098,-3.216947,0.524098,-3.217233,0.593579,,,,0.000287,-0.069482,0.069482,1.000000,-0.000009,0.00,0
3145,6.881,-3.216947,0.524098,-3.216947,0.524098,-3.217234,0.595019,,,,0.000287,-0.070922,0.070922,1.000000,-0.000009,0.00,0
3146,6.882,-3.216947,0.524098,-3.216947,0.524098,-3.217234,0.596459,,,,0.000287,-0.072362,0.072362,1.000000,-0.000009,0.00,0
3147,6.883,-3.216947,0.524098,-3.216947,0.524098,-3.217234,0.597899,,,,0.000287,-0.073802,0.073802,1.000000,-0.000009,0.00,0
3148,6.885,-3.216947,0.524098,-3.216947,0.524098,-3.217234,0.599339,,,,0.000287,-0.075242,0.075242,1.000000,-0.000009,0.00,0
3149,6.886,-3.216947,0.524098,-3.216947,0.524098,-3.217234,0.600779,,,,0.000287,-0.076682,0.076682,1.000000,-0.000009,0.00,0
3150,6.898,-3.197041,0.543352,-3.208536,0.602295,-3.217234,0.602219,0.020193,-0.058867,0.062234,0.008698,0.000076,0.008698,1.000000,-0.000009,11.01,1
3151,6.900,-3.197041,0.543352,-3.197041,0.543352,-3.217234,0.603659,,,,0.020193,-0.060307,0.063598,1.000000,-0.000009,0.00,0
3152,6.901,-3.197041,0.543352,-3.197041,0.543352,-3.217234,0.605099,,,,0.020193,-0.061747,0.064965,1.000000,-0.000009,0.00,0
3153,6.902,-3.197041,0.543352,-3.197041,0.543352,-3.217234,0.606539,,,,0.020193,-0.063187,0.066335,1.000000,-0.000009,0.00,0
3154,6.903,-3.197041,0.543352,-3.197041,0.543352,-3.217234,0.607979,,,,0.020193,-0.064627,0.067708,1.000000,-0.000009,0.00,0
3155,6.904,-3.197041,0.543352,-3.197041,0.543352,-3.217234,0.609419,,,,0.020193,-0.066067,0.069084,1.000000,-0.000009,0.00,0
3156,6.905,-3.197041,0.543352,-3.197041,0.543352,-3.217234,0.610859,,,,0.020193,-0.067507,0.070463,1.000000,-0.000009,0.00,0
3157,6.906,-3.197041,0.543352,-3.197041,0.543352,-3.217234,0.612299,,,,0.020193,-0.068947,0.071843,1.000000,-0.000009,0.00,0
3158,6.907,-3.197041,0.543352,-3.197041,0.543352,-3.217234,0.613739,,,,0.020193,-0.070387,0.073226,1.000000,-0.000009,0.00,0
3159,6.908,-3.197041,0.543352,-3.197041,0.543352,-3.217234,0.615179,,,,0.020193,-0.071827,0.074612,1.000000,-0.000009,0.00,0
3160,6.909,-3.197041,0.543352,-3.197041,0.543352,-3.217234,0.616619,,,,0.020193,-0.073267,0.075999,1.000000,-0.000009,0.00,0
3161,6.910,-3.197041,0.543352,-3.197041,0.543352,-3.217234,0.618059,,,,0.020193,-0.074707,0.077388,1.000000,-0.000009,0.00,0
3162,6.912,-3.197041,0.543352,-3.197041,0.543352,-3.217234,0.619499,,,,0.020193,-0.076147,0.078779,1.000000,-0.000009,0.00,0
3163,6.913,-3.197041,0.543352,-3.197041,0.543352,-3.217234,0.620939,,,,0.020193,-0.077587,0.080172,1.000000,-0.000009,0.00,0
3164,6.914,-3.197041,0.543352,-3.197041,0.543352,-3.217234,0.622379,,,,0.020193,-0.079027,0.081566,1.000000,-0.000009,0.00,0
3165,6.926,-3.199636,0.584160,-3.224259,0.595318,-3.217234,0.623819,0.017598,-0.039659,0.043388,-0.007025,-0.028501,0.029354,1.000000,-0.000009,10.51,1
3166,6.928,-3.199636,0.584160,-3.199636,0.584160,-3.217234,0.625259,,,,0.017598,-0.041099,0.044708,1.000000,-0.000009,0.00,0
3167,6.929,-3.199636,0.584160,-3.199636,0.584160,-3.217234,0.626699,,,,0.017598,-0.042539,0.046035,1.000000,-0.000009,0.00,0
3168,6.930,-3.199636,0.584160,-3.199636,0.584160,-3.217234,0.628139,,,,0.017598,-0.043979,0.047369,1.000000,-0.000009,0.00,0
3169,6.931,-3.199636,0.584160,-3.199636,0.584160,-3.217234,0.629579,,,,0.017598,-0.045419,0.048709,1.000000,-0.000009,0.00,0
3170,6.932,-3.199636,0.584160,-3.199636,0.584160,-3.217234,0.631019,,,,0.017598,-0.046859,0.050055,1.000000,-0.000009,0.00,0
3171,6.934,-3.199636,0.584160,-3.199636,0.584160,-3.217234,0.632459,,,,0.017598,-0.048299,0.051405,1.000000,-0.000009,0.00,0
3172,6.936,-3.199636,0.584160,-3.199636,0.584160,-3.217234,0.633899,,,,0.017598,-0.049739,0.052760,1.000000,-0.000009,0.00,0
3173,6.937,-3.199636,0.584160,-3.199636,0.584160,-3.217234,0.635339,,,,0.017598,-0.051179,0.054120,1.000000,-0.000009,0.00,0
3174,6.938,-3.199636,0.584160,-3.199636,0.584160,-3.217234,0.636779,,,,0.017598,-0.052619,0.055484,1.000000,-0.000009,0.00,0
3175,6.939,-3.199636,0.584160,-3.199636,0.584160,-3.217234,0.638219,,,,0.017598,-0.054059,0.056851,1.000000,-0.000009,0.00,0
3176,6.940,-3.199636,0.584160,-3.199636,0.584160,-3.217234,0.639659,,,,0.017598,-0.055499,0.058222,1.000000,-0.000009,0.00,0
3177,6.942,-3.199636,0.584160,-3.199636,0.584160,-3.217234,0.641099,,,,0.017598,-0.056939,0.059597,1.000000,-0.000009,0.00,0
3178,6.943,-3.199636,0.584160,-3.199636,0.584160,-3.217234,0.642539,,,,0.017598,-0.058379,0.060974,1.000000,-0.000009,0.00,0
3179,6.944,-3.199636,0.584160,-3.199636,0.584160,-3.217234,0.643979,,,,0.017598,-0.059819,0.062354,1.000000,-0.000009,0.00,0
3180,6.956,-3.198020,0.604685,-3.161267,0.616442,-3.217234,0.645419,0.019213,-0.040734,0.045038,0.055967,-0.028977,0.063023,1.000000,-0.000009,10.01,1
3181,6.958,-3.198020,0.604685,-3.198020,0.604685,-3.217234,0.646859,,,,0.019213,-0.042174,0.046344,1.000000,-0.000009,0.00,0
3182,6.959,-3.198020,0.604685,-3.198020,0.604685,-3.217234,0.648299,,,,0.019213,-0.043614,0.047659,1.000000,-0.000009,0.00,0
3183,6.960,-3.198020,0.604685,-3.198020,0.604685,-3.217234,0.649739,,,,0.019213,-0.045054,0.048980,1.000000,-0.000009,0.00,0
3184,6.962,-3.198020,0.604685,-3.198020,0.604685,-3.217234,0.651179,,,,0.019213,-0.046494,0.050308,1.000000,-0.000009,0.00,0
3185,6.962,-3.198020,0.604685,-3.198020,0.604685,-3.217233,0.652619,,,,0.019213,-0.047934,0.051641,1.000000,-0.000009,0.00,0
3186,6.964,-3.198020,0.604685,-3.198020,0.604685,-3.217233,0.654059,,,,0.019213,-0.049374,0.052981,1.000000,-0.000009,0.00,0
3187,6.965,-3.198020,0.604685,-3.198020,0.604685,-3.217233,0.655499,,,,0.019213,-0.050814,0.054325,1.000000,-0.000009,0.00,0
3188,6.967,-3.198020,0.604685,-3.198020,0.604685,-3.217233,0.656939,,,,0.019213,-0.052254,0.055674,1.000000,-0.000009,0.00,0
3189,6.968,-3.198020,0.604685,-3.198020,0.604685,-3.217233,0.658379,,,,0.019213,-0.053694,0.057028,1.000000,-0.000009,0.00,0
3190,6.969,-3.198020,0.604685,-3.198020,0.604685,-3.217233,0.659819,,,,0.019213,-0.055134,0.058386,1.000000,-0.000009,0.00,0
3191,6.971,-3.198020,0.604685,-3.198020,0.604685,-3.217233,0.661259,,,,0.019213,-0.056574,0.059748,1.000000,-0.000009,0.00,0
3192,6.972,-3.198020,0.604685,-3.198020,0.604685,-3.217233,0.662699,,,,0.019213,-0.058014,0.061113,1.000000,-0.000009,0.00,0
3193,6.972,-3.198020,0.604685,-3.198020,0.604685,-3.217233,0.664139,,,,0.019213,-0.059454,0.062482,1.000000,-0.000009,0.00,0
3194,6.974,-3.198020,0.604685,-3.198020,0.604685,-3.217233,0.665579,,,,0.019213,-0.060894,0.063853,1.000000,-0.000009,0.00,0
3195,6.986,-3.183011,0.600448,-3.163507,0.589583,-3.217233,0.667019,0.034223,-0.066572,0.074853,0.053727,-0.077437,0.094250,1.000000,-0.000009,10.52,1
3196,6.988,-3.183011,0.600448,-3.183011,0.600448,-3.217233,0.668459,,,,0.034223,-0.068012,0.076136,1.000000,-0.000009,0.00,0
3197,6.992,-3.183011,0.600448,-3.183011,0.600448,-3.217233,0.669899,,,,0.034223,-0.069452,0.077425,1.000000,-0.000009,0.00,0
3198,6.993,-3.183011,0.600448,-3.183011,0.600448,-3.217233,0.671339,,,,0.034223,-0.070892,0.078720,1.000000,-0.000009,0.00,0
3199,6.995,-3.183011,0.600448,-3.183011,0.600448,-3.217233,0.672779,,,,0.034223,-0.072332,0.080019,1.000000,-0.000009,0.00,0
3200,6.996,-3.183011,0.600448,-3.183011,0.600448,-3.217233,0.674219,,,,0.034223,-0.073772,0.081323,1.000000,-0.000009,0.00,0
3201,6.998,-3.183011,0.600448,-3.183011,0.600448,-3.217233,0.675659,,,,0.034223,-0.075212,0.082631,1.000000,-0.000009,0.00,0
3202,6.999,-3.183011,0.600448,-3.183011,0.600448,-3.217233,0.677099,,,,0.034223,-0.076652,0.083944,1.000000,-0.000009,0.00,0
3203,7.000,-3.183011,0.600448,-3.183011,0.600448,-3.217233,0.678539,,,,0.034223,-0.078092,0.085261,1.000000,-0.000009,0.00,0
3204,7.001,-3.183011,0.600448,-3.183011,0.600448,-3.217233,0.679979,,,,0.034223,-0.079532,0.086582,1.000000,-0.000009,0.00,0
3205,7.002,-3.183011,0.600448,-3.183011,0.600448,-3.217233,0.681419,,,,0.034223,-0.080972,0.087907,1.000000,-0.000009,0.00,0
3206,7.003,-3.183011,0.600448,-3.183011,0.600448,-3.217233,0.682859,,,,0.034223,-0.082412,0.089235,1.000000,-0.000009,0.00,0
3207,7.005,-3.183011,0.600448,-3.183011,0.600448,-3.217233,0.684299,,,,0.034223,-0.083852,0.090566,1.000000,-0.000009,0.00,0
3208,7.007,-3.183011,0.600448,-3.183011,0.600448,-3.217233,0.685739,,,,0.034223,-0.085292,0.091901,1.000000,-0.000009,0.00,0
3209,7.008,-3.183011,0.600448,-3.183011,0.600448,-3.217233,0.687179,,,,0.034223,-0.086732,0.093239,1.000000,-0.000009,0.00,0
3210,7.020,-3.146501,0.601747,-3.114729,0.599217,-3.217233,0.688619,0.070732,-0.086872,0.112026,0.102504,-0.089403,0.136014,1.000000,-0.000009,11.02,1
3211,7.021,-3.146501,0.601747,-3.146501,0.601747,-3.217233,0.690059,,,,0.070732,-0.088312,0.113146,1.000000,-0.000009,0.00,0
3212,7.023,-3.146501,0.601747,-3.146501,0.601747,-3.217233,0.691499,,,,0.070732,-0.089752,0.114274,1.000000,-0.000009,0.00,0
3213,7.024,-3.146501,0.601747,-3.146501,0.601747,-3.217233,0.692939,,,,0.070732,-0.091192,0.115408,1.000000,-0.000009,0.00,0
3214,7.025,-3.146501,0.601747,-3.146501,0.601747,-3.217233,0.694379,,,,0.070732,-0.092632,0.116550,1.000000,-0.000009,0.00,0
3215,7.026,-3.146501,0.601747,-3.146501,0.601747,-3.217233,0.695819,,,,0.070732,-0.094072,0.117697,1.000000,-0.000009,0.00,0
3216,7.027,-3.146501,0.601747,-3.146501,0.601747,-3.217233,0.697259,,,,0.070732,-0.095512,0.118851,1.000000,-0.000009,0.00,0
3217,7.028,-3.146501,0.601747,-3.146501,0.601747,-3.217233,0.698699,,,,0.070732,-0.096952,0.120012,1.000000,-0.000009,0.00,0
3218,7.030,-3.146501,0.601747,-3.146501,0.601747,-3.217233,0.700139,,,,0.070732,-0.098392,0.121178,1.000000,-0.000009,0.00,0
3219,7.031,-3.146501,0.601747,-3.146501,0.601747,-3.217233,0.701579,,,,0.070732,-0.099832,0.122350,1.000000,-0.000009,0.00,0
3220,7.032,-3.146501,0.601747,-3.146501,0.601747,-3.217233,0.703019,,,,0.070732,-0.101272,0.123528,1.000000,-0.000009,0.00,0
3221,7.033,-3.146501,0.601747,-3.146501,0.601747,-3.217233,0.704459,,,,0.070732,-0.102712,0.124711,1.000000,-0.000009,0.00,0
3222,7.034,-3.146501,0.601747,-3.146501,0.601747,-3.217233,0.705899,,,,0.070732,-0.104152,0.125900,1.000000,-0.000009,0.00,0
3223,7.035,-3.146501,0.601747,-3.146501,0.601747,-3.217233,0.707339,,,,0.070732,-0.105592,0.127094,1.000000,-0.000009,0.00,0
3224,7.036,-3.146501,0.601747,-3.146501,0.601747,-3.217233,0.708779,,,,0.070732,-0.107032,0.128292,1.000000,-0.000009,0.00,0
3225,7.047,-3.152519,0.628453,-3.179320,0.696561,-3.217233,0.710219,0.064715,-0.081766,0.104277,0.037914,-0.013658,0.040299,1.000000,-0.000009,10.01,1
3226,7.050,-3.152519,0.628453,-3.152519,0.628453,-3.217233,0.711659,,,,0.064715,-0.083206,0.105410,1.000000,-0.000009,0.00,0
3227,7.052,-3.152519,0.628453,-3.152519,0.628453,-3.217233,0.713099,,,,0.064715,-0.084646,0.106550,1.000000,-0.000009,0.00,0
3228,7.053,-3.152519,0.628453,-3.152519,0.628453,-3.217233,0.714539,,,,0.064715,-0.086086,0.107698,1.000000,-0.000009,0.00,0
3229,7.054,-3.152519,0.628453,-3.152519,0.628453,-3.217233,0.715979,,,,0.064715,-0.087526,0.108852,1.000000,-0.000009,0.00,0
3230,7.055,-3.152519,0.628453,-3.152519,0.628453,-3.217233,0.717419,,,,0.064715,-0.088966,0.110013,1.000000,-0.000009,0.00,0
3231,7.057,-3.152519,0.628453,-3.152519,0.628453,-3.217233,0.718859,,,,0.064715,-0.090406,0.111181,1.000000,-0.000009,0.00,0
3232,7.058,-3.152519,0.628453,-3.152519,0.628453,-3.217233,0.720299,,,,0.064715,-0.091846,0.112355,1.000000,-0.000009,0.00,0
3233,7.060,-3.152519,0.628453,-3.152519,0.628453,-3.217233,0.721739,,,,0.064715,-0.093286,0.113535,1.000000,-0.000009,0.00,0
3234,7.061,-3.152519,0.628453,-3.152519,0.628453,-3.217233,0.723179,,,,0.064715,-0.094726,0.114721,1.000000,-0.000009,0.00,0
3235,7.062,-3.152519,0.628453,-3.152519,0.628453,-3.217233,0.724619,,,,0.064715,-0.096166,0.115913,1.000000,-0.000009,0.00,0
3236,7.063,-3.152519,0.628453,-3.152519,0.628453,-3.217233,0.726059,,,,0.064715,-0.097606,0.117111,1.000000,-0.000009,0.00,0
3237,7.064,-3.152519,0.628453,-3.152519,0.628453,-3.217233,0.727499,,,,0.064715,-0.099046,0.118313,1.000000,-0.000009,0.00,0
3238,7.066,-3.152519,0.628453,-3.152519,0.628453,-3.217233,0.728939,,,,0.064715,-0.100486,0.119522,1.000000,-0.000009,0.00,0
3239,7.067,-3.152519,0.628453,-3.152519,0.628453,-3.217233,0.730379,,,,0.064715,-0.101926,0.120735,1.000000,-0.000009,0.00,0
3240,7.081,-3.166821,0.665192,-3.206412,0.699797,-3.217233,0.731819,0.050413,-0.066628,0.083551,0.010821,-0.032022,0.033801,1.000000,-0.000009,11.02,1
3241,7.082,-3.166821,0.665192,-3.166821,0.665192,-3.217233,0.733259,,,,0.050413,-0.068068,0.084703,1.000000,-0.000009,0.00,0
3242,7.083,-3.166821,0.665192,-3.166821,0.665192,-3.217233,0.734699,,,,0.050413,-0.069508,0.085865,1.000000,-0.000009,0.00,0
3243,7.084,-3.166821,0.665192,-3.166821,0.665192,-3.217233,0.736139,,,,0.050413,-0.070948,0.087035,1.000000,-0.000009,0.00,0
3244,7.086,-3.166821,0.665192,-3.166821,0.665192,-3.217233,0.737579,,,,0.050413,-0.072388,0.088212,1.000000,-0.000009,0.00,0
3245,7.088,-3.166821,0.665192,-3.166821,0.665192,-3.217233,0.739019,,,,0.050413,-0.073828,0.089398,1.000000,-0.000009,0.00,0
3246,7.090,-3.166821,0.665192,-3.166821,0.665192,-3.217233,0.740459,,,,0.050413,-0.075268,0.090591,1.000000,-0.000009,0.00,0
3247,7.091,-3.166821,0.665192,-3.166821,0.665192,-3.217233,0.741899,,,,0.050413,-0.076708,0.091791,1.000000,-0.000009,0.00,0
3248,7.092,-3.166821,0.665192,-3.166821,0.665192,-3.217233,0.743339,,,,0.050413,-0.078148,0.092997,1.000000,-0.000009,0.00,0
3249,7.093,-3.166821,0.665192,-3.166821,0.665192,-3.217233,0.744779,,,,0.050413,-0.079588,0.094211,1.000000,-0.000009,0.00,0
3250,7.095,-3.166821,0.665192,-3.166821,0.665192,-3.217233,0.746219,,,,0.050413,-0.081028,0.095430,1.000000,-0.000009,0.00,0
3251,7.096,-3.166821,0.665192,-3.166821,0.665192,-3.217233,0.747659,,,,0.050413,-0.082468,0.096656,1.000000,-0.000009,0.00,0
3252,7.097,-3.166821,0.665192,-3.166821,0.665192,-3.217233,0.749099,,,,0.050413,-0.083908,0.097887,1.000000,-0.000009,0.00,0
3253,7.098,-3.166821,0.665192,-3.166821,0.665192,-3.217233,0.750539,,,,0.050413,-0.085348,0.099124,1.000000,-0.000009,0.00,0
3254,7.100,-3.166821,0.665192,-3.166821,0.665192,-3.217233,0.751979,,,,0.050413,-0.086788,0.100367,1.000000,-0.000009,0.00,0
3255,7.112,-3.206494,0.696588,-3.233750,0.693405,-3.217233,0.753419,0.010739,-0.056832,0.057837,-0.016517,-0.060014,0.062246,1.000000,-0.000009,10.01,1
3256,7.114,-3.206494,0.696588,-3.206494,0.696588,-3.217233,0.754859,,,,0.010739,-0.058272,0.059253,1.000000,-0.000009,0.00,0
3257,7.116,-3.206494,0.696588,-3.206494,0.696588,-3.217233,0.756299,,,,0.010739,-0.059712,0.060670,1.000000,-0.000009,0.00,0
3258,7.117,-3.206494,0.696588,-3.206494,0.696588,-3.217233,0.757739,,,,0.010739,-0.061152,0.062087,1.000000,-0.000009,0.00,0
3259,7.119,-3.206494,0.696588,-3.206494,0.696588,-3.217233,0.759179,,,,0.010739,-0.062592,0.063506,1.000000,-0.000009,0.00,0
3260,7.120,-3.206494,0.696588,-3.206494,0.696588,-3.217233,0.760619,,,,0.010739,-0.064032,0.064926,1.000000,-0.000009,0.00,0
3261,7.121,-3.206494,0.696588,-3.206494,0.696588,-3.217233,0.762059,,,,0.010739,-0.065472,0.066347,1.000000,-0.000009,0.00,0
3262,7.122,-3.206494,0.696588,-3.206494,0.696588,-3.217233,0.763499,,,,0.010739,-0.066912,0.067768,1.000000,-0.000009,0.00,0
3263,7.124,-3.206494,0.696588,-3.206494,0.696588,-3.217233,0.764939,,,,0.010739,-0.068352,0.069190,1.000000,-0.000009,0.00,0
3264,7.125,-3.206494,0.696588,-3.206494,0.696588,-3.217233,0.766379,,,,0.010739,-0.069792,0.070613,1.000000,-0.000009,0.00,0
3265,7.126,-3.206494,0.696588,-3.206494,0.696588,-3.217233,0.767819,,,,0.010739,-0.071232,0.072037,1.000000,-0.000009,0.00,0
3266,7.127,-3.206494,0.696588,-3.206494,0.696588,-3.217233,0.769259,,,,0.010739,-0.072672,0.073461,1.000000,-0.000009,0.00,0
3267,7.128,-3.206494,0.696588,-3.206494,0.696588,-3.217233,0.770699,,,,0.010739,-0.074112,0.074886,1.000000,-0.000009,0.00,0
3268,7.129,-3.206494,0.696588,-3.206494,0.696588,-3.217233,0.772139,,,,0.010739,-0.075552,0.076311,1.000000,-0.000009,0.00,0
3269,7.130,-3.206494,0.696588,-3.206494,0.696588,-3.217233,0.773579,,,,0.010739,-0.076992,0.077737,1.000000,-0.000009,0.00,0
3270,7.142,-3.210576,0.692332,-3.191565,0.683793,-3.217233,0.775019,0.006657,-0.082688,0.082955,0.025669,-0.091227,0.094769,1.000000,-0.000009,10.50,1
3271,7.145,-3.210576,0.692332,-3.210576,0.692332,-3.217233,0.776459,,,,0.006657,-0.084128,0.084391,1.000000,-0.000010,0.00,0
3272,7.147,-3.210576,0.692332,-3.210576,0.692332,-3.217233,0.777899,,,,0.006657,-0.085568,0.085826,1.000000,-0.000010,0.00,0
3273,7.148,-3.210576,0.692332,-3.210576,0.692332,-3.217233,0.779339,,,,0.006657,-0.087008,0.087262,1.000000,-0.000010,0.00,0
3274,7.149,-3.210576,0.692332,-3.210576,0.692332,-3.217233,0.780779,,,,0.006657,-0.088448,0.088698,1.000000,-0.000010,0.00,0
3275,7.150,-3.210576,0.692332,-3.210576,0.692332,-3.217233,0.782219,,,,0.006657,-0.089888,0.090134,1.000000,-0.000010,0.00,0
3276,7.151,-3.210576,0.692332,-3.210576,0.692332,-3.217233,0.783659,,,,0.006657,-0.091328,0.091570,1.000000,-0.000010,0.00,0
3277,7.152,-3.210576,0.692332,-3.210576,0.692332,-3.217233,0.785099,,,,0.006657,-0.092768,0.093006,1.000000,-0.000010,0.00,0
3278,7.154,-3.210576,0.692332,-3.210576,0.692332,-3.217233,0.786539,,,,0.006657,-0.094208,0.094443,1.000000,-0.000010,0.00,0
3279,7.155,-3.210576,0.692332,-3.210576,0.692332,-3.217233,0.787979,,,,0.006657,-0.095648,0.095879,1.000000,-0.000010,0.00,0
3280,7.156,-3.210576,0.692332,-3.210576,0.692332,-3.217233,0.789419,,,,0.006657,-0.097088,0.097316,1.000000,-0.000010,0.00,0
3281,7.157,-3.210576,0.692332,-3.210576,0.692332,-3.217233,0.790859,,,,0.006658,-0.098528,0.098752,1.000000,-0.000010,0.00,0
3282,7.158,-3.210576,0.692332,-3.210576,0.692332,-3.217233,0.792299,,,,0.006658,-0.099968,0.100189,1.000000,-0.000010,0.00,0
3283,7.159,-3.210576,0.692332,-3.210576,0.692332,-3.217233,0.793739,,,,0.006658,-0.101408,0.101626,1.000000,-0.000010,0.00,0
3284,7.161,-3.210576,0.692332,-3.210576,0.692332,-3.217233,0.795179,,,,0.006658,-0.102848,0.103063,1.000000,-0.000010,0.00,0
3285,7.173,-3.194592,0.693821,-3.158462,0.704265,-3.217233,0.796619,0.022641,-0.102799,0.105262,0.058772,-0.092355,0.109469,1.000000,-0.000010,10.01,1
3286,7.175,-3.194592,0.693821,-3.194592,0.693821,-3.217233,0.798059,,,,0.022641,-0.104239,0.106669,1.000000,-0.000010,0.00,0
3287,7.176,-3.194592,0.693821,-3.194592,0.693821,-3.217233,0.799499,,,,0.022641,-0.105679,0.108077,1.000000,-0.000010,0.00,0
3288,7.177,-3.194592,0.693821,-3.194592,0.693821,-3.217233,0.800939,,,,0.022641,-0.107119,0.109485,1.000000,-0.000010,0.00,0
3289,7.178,-3.194592,0.693821,-3.194592,0.693821,-3.217233,0.802379,,,,0.022641,-0.108559,0.110894,1.000000,-0.000010,0.00,0
3290,7.179,-3.194592,0.693821,-3.194592,0.693821,-3.217233,0.803819,,,,0.022641,-0.109999,0.112305,1.000000,-0.000010,0.00,0
3291,7.181,-3.194592,0.693821,-3.194592,0.693821,-3.217233,0.805259,,,,0.022641,-0.111439,0.113715,1.000000,-0.000010,0.00,0
3292,7.182,-3.194592,0.693821,-3.194592,0.693821,-3.217233,0.806699,,,,0.022641,-0.112879,0.115127,1.000000,-0.000010,0.00,0
3293,7.184,-3.194592,0.693821,-3.194592,0.693821,-3.217233,0.808139,,,,0.022641,-0.114319,0.116539,1.000000,-0.000010,0.00,0
3294,7.185,-3.194592,0.693821,-3.194592,0.693821,-3.217233,0.809579,,,,0.022641,-0.115759,0.117952,1.000000,-0.000010,0.00,0
3295,7.186,-3.194592,0.693821,-3.194592,0.693821,-3.217233,0.811019,,,,0.022641,-0.117199,0.119366,1.000000,-0.000010,0.00,0
3296,7.187,-3.194592,0.693821,-3.194592,0.693821,-3.217233,0.812459,,,,0.022641,-0.118639,0.120780,1.000000,-0.000010,0.00,0
3297,7.188,-3.194592,0.693821,-3.194592,0.693821,-3.217233,0.813899,,,,0.022641,-0.120079,0.122194,1.000000,-0.000010,0.00,0
3298,7.189,-3.194592,0.693821,-3.194592,0.693821,-3.217233,0.815339,,,,0.022641,-0.121519,0.123610,1.000000,-0.000010,0.00,0
3299,7.191,-3.194592,0.693821,-3.194592,0.693821,-3.217233,0.816779,,,,0.022641,-0.122959,0.125026,1.000000,-0.000010,0.00,0
3300,7.203,-3.202974,0.734804,-3.258896,0.816353,-3.217233,0.818219,0.014259,-0.083416,0.084626,-0.041663,-0.001866,0.041704,1.000000,-0.000010,10.01,1
3301,7.205,-3.202974,0.734804,-3.202974,0.734804,-3.217233,0.819659,,,,0.014259,-0.084856,0.086045,1.000000,-0.000010,0.00,0
3302,7.206,-3.202974,0.734804,-3.202974,0.734804,-3.217233,0.821099,,,,0.014259,-0.086296,0.087466,1.000000,-0.000010,0.00,0
3303,7.207,-3.202974,0.734804,-3.202974,0.734804,-3.217233,0.822539,,,,0.014259,-0.087736,0.088887,1.000000,-0.000010,0.00,0
3304,7.208,-3.202974,0.734804,-3.202974,0.734804,-3.217233,0.823979,,,,0.014259,-0.089176,0.090309,1.000000,-0.000010,0.00,0
3305,7.209,-3.202974,0.734804,-3.202974,0.734804,-3.217233,0.825419,,,,0.014259,-0.090616,0.091731,1.000000,-0.000010,0.00,0
3306,7.211,-3.202974,0.734804,-3.202974,0.734804,-3.217234,0.826859,,,,0.014259,-0.092056,0.093154,1.000000,-0.000010,0.00,0
3307,7.212,-3.202974,0.734804,-3.202974,0.734804,-3.217234,0.828299,,,,0.014259,-0.093496,0.094577,1.000000,-0.000010,0.00,0
3308,7.213,-3.202974,0.734804,-3.202974,0.734804,-3.217234,0.829739,,,,0.014259,-0.094936,0.096001,1.000000,-0.000010,0.00,0
3309,7.214,-3.202974,0.734804,-3.202974,0.734804,-3.217234,0.831179,,,,0.014259,-0.096376,0.097425,1.000000,-0.000010,0.00,0
3310,7.215,-3.202974,0.734804,-3.202974,0.734804,-3.217234,0.832619,,,,0.014259,-0.097816,0.098850,1.000000,-0.000010,0.00,0
3311,7.216,-3.202974,0.734804,-3.202974,0.734804,-3.217234,0.834059,,,,0.014259,-0.099256,0.100275,1.000000,-0.000010,0.00,0
3312,7.217,-3.202974,0.734804,-3.202974,0.734804,-3.217234,0.835499,,,,0.014259,-0.100696,0.101700,1.000000,-0.000010,0.00,0
3313,7.218,-3.202974,0.734804,-3.202974,0.734804,-3.217234,0.836939,,,,0.014259,-0.102136,0.103126,1.000000,-0.000010,0.00,0
3314,7.219,-3.202974,0.734804,-3.202974,0.734804,-3.217234,0.838379,,,,0.014259,-0.103576,0.104553,1.000000,-0.000010,0.00,0
3315,7.232,-3.224027,0.784989,-3.254724,0.834349,-3.217234,0.839819,-0.006794,-0.054830,0.055250,-0.037491,-0.005470,0.037888,1.000000,-0.000010,11.01,1
3316,7.234,-3.224027,0.784989,-3.224027,0.784989,-3.217234,0.841259,,,,-0.006794,-0.056270,0.056679,1.000000,-0.000010,0.00,0
3317,7.235,-3.224027,0.784989,-3.224027,0.784989,-3.217234,0.842699,,,,-0.006794,-0.057710,0.058109,1.000000,-0.000010,0.00,0
3318,7.236,-3.224027,0.784989,-3.224027,0.784989,-3.217234,0.844139,,,,-0.006794,-0.059150,0.059539,1.000000,-0.000010,0.00,0
3319,7.237,-3.224027,0.784989,-3.224027,0.784989,-3.217234,0.845579,,,,-0.006794,-0.060590,0.060970,1.000000,-0.000010,0.00,0
3320,7.238,-3.224027,0.784989,-3.224027,0.784989,-3.217234,0.847019,,,,-0.006794,-0.062030,0.062401,1.000000,-0.000010,0.00,0
3321,7.240,-3.224027,0.784989,-3.224027,0.784989,-3.217234,0.848459,,,,-0.006794,-0.063470,0.063833,1.000000,-0.000010,0.00,0
3322,7.241,-3.224027,0.784989,-3.224027,0.784989,-3.217234,0.849899,,,,-0.006794,-0.064910,0.065265,1.000000,-0.000010,0.00,0
3323,7.242,-3.224027,0.784989,-3.224027,0.784989,-3.217234,0.851339,,,,-0.006794,-0.066350,0.066697,1.000000,-0.000010,0.00,0
3324,7.243,-3.224027,0.784989,-3.224027,0.784989,-3.217234,0.852779,,,,-0.006794,-0.067790,0.068130,1.000000,-0.000010,0.00,0
3325,7.244,-3.224027,0.784989,-3.224027,0.784989,-3.217234,0.854219,,,,-0.006794,-0.069230,0.069563,1.000000,-0.000010,0.00,0
3326,7.245,-3.224027,0.784989,-3.224027,0.784989,-3.217234,0.855659,,,,-0.006794,-0.070670,0.070996,1.000000,-0.000010,0.00,0
3327,7.246,-3.224027,0.784989,-3.224027,0.784989,-3.217234,0.857099,,,,-0.006794,-0.072110,0.072430,1.000000,-0.000010,0.00,0
3328,7.247,-3.224027,0.784989,-3.224027,0.784989,-3.217234,0.858539,,,,-0.006794,-0.073550,0.073863,1.000000,-0.000010,0.00,0
3329,7.249,-3.224027,0.784989,-3.224027,0.784989,-3.217234,0.859979,,,,-0.006794,-0.074990,0.075297,1.000000,-0.000010,0.00,0
3330,7.261,-3.271455,0.834265,-3.300745,0.852094,-3.217234,0.861419,-0.054221,-0.027154,0.060641,-0.083512,-0.009325,0.084031,1.000000,-0.000010,10.51,1
3331,7.263,-3.271455,0.834265,-3.271455,0.834265,-3.216478,0.862859,,,,-0.054977,-0.028594,0.061968,1.000000,-0.000010,0.00,0
3332,7.264,-3.271455,0.834265,-3.271455,0.834265,-3.215677,0.864299,,,,-0.055778,-0.030034,0.063350,1.000000,-0.000010,0.00,0
3333,7.266,-3.271455,0.834265,-3.271455,0.834265,-3.214870,0.865739,,,,-0.056585,-0.031474,0.064749,1.000000,-0.000010,0.00,0
3334,7.267,-3.271455,0.834265,-3.271455,0.834265,-3.214063,0.867179,,,,-0.057392,-0.032914,0.066160,1.000000,-0.000010,0.00,0
3335,7.268,-3.271455,0.834265,-3.271455,0.834265,-3.213257,0.868619,,,,-0.058198,-0.034354,0.067581,1.000000,-0.000010,0.00,0
3336,7.270,-3.271455,0.834265,-3.271455,0.834265,-3.212453,0.870059,,,,-0.059003,-0.035794,0.069011,1.000000,-0.000009,0.00,0
3337,7.271,-3.271455,0.834265,-3.271455,0.834265,-3.211649,0.871499,,,,-0.059806,-0.037234,0.070450,1.000000,-0.000009,0.00,0
3338,7.272,-3.271455,0.834265,-3.271455,0.834265,-3.210846,0.872939,,,,-0.060609,-0.038674,0.071897,1.000000,-0.000009,0.00,0
3339,7.272,-3.271455,0.834265,-3.271455,0.834265,-3.210043,0.874379,,,,-0.061412,-0.040114,0.073352,1.000000,-0.000009,0.00,0
3340,7.274,-3.271455,0.834265,-3.271455,0.834265,-3.209241,0.875819,,,,-0.062214,-0.041554,0.074815,1.000000,-0.000009,0.00,0
3341,7.275,-3.271455,0.834265,-3.271455,0.834265,-3.208439,0.877259,,,,-0.063016,-0.042994,0.076285,1.000000,-0.000009,0.00,0
3342,7.276,-3.271455,0.834265,-3.271455,0.834265,-3.207638,0.878699,,,,-0.063817,-0.044434,0.077762,1.000000,-0.000009,0.00,0
3343,7.277,-3.271455,0.834265,-3.271455,0.834265,-3.206837,0.880139,,,,-0.064618,-0.045874,0.079246,1.000000,-0.000009,0.00,0
3344,7.278,-3.271455,0.834265,-3.271455,0.834265,-3.206036,0.881579,,,,-0.065419,-0.047314,0.080736,1.000000,-0.000009,0.00,0
3345,7.290,-3.270724,0.841606,-3.256702,0.838375,-3.205235,0.883019,-0.065488,-0.041413,0.077484,-0.051467,-0.044644,0.068131,1.000000,-0.000009,10.01,1
3346,7.292,-3.270724,0.841606,-3.270724,0.841606,-3.204442,0.884459,,,,-0.066281,-0.042853,0.078928,1.000000,-0.000009,0.00,0
3347,7.296,-3.270724,0.841606,-3.270724,0.841606,-3.203650,0.885899,,,,-0.067074,-0.044293,0.080379,1.000000,-0.000009,0.00,0
3348,7.297,-3.270724,0.841606,-3.270724,0.841606,-3.202857,0.887339,,,,-0.067866,-0.045733,0.081837,1.000000,-0.000009,0.00,0
3349,7.298,-3.270724,0.841606,-3.270724,0.841606,-3.202065,0.888779,,,,-0.068658,-0.047173,0.083302,1.000000,-0.000009,0.00,0
3350,7.300,-3.270724,0.841606,-3.270724,0.841606,-3.201273,0.890219,,,,-0.069451,-0.048613,0.084774,1.000000,-0.000009,0.00,0
3351,7.301,-3.270724,0.841606,-3.270724,0.841606,-3.200481,0.891659,,,,-0.070243,-0.050053,0.086252,1.000000,-0.000009,0.00,0
3352,7.302,-3.270724,0.841606,-3.270724,0.841606,-3.199689,0.893099,,,,-0.071035,-0.051493,0.087735,1.000000,-0.000009,0.00,0
3353,7.303,-3.270724,0.841606,-3.270724,0.841606,-3.198896,0.894539,,,,-0.071827,-0.052933,0.089225,1.000000,-0.000009,0.00,0
3354,7.304,-3.270724,0.841606,-3.270724,0.841606,-3.198104,0.895979,,,,-0.072619,-0.054373,0.090719,1.000000,-0.000009,0.00,0
3355,7.306,-3.270724,0.841606,-3.270724,0.841606,-3.197312,0.897419,,,,-0.073411,-0.055813,0.092219,1.000000,-0.000009,0.00,0
3356,7.307,-3.270724,0.841606,-3.270724,0.841606,-3.196520,0.898859,,,,-0.074204,-0.057253,0.093723,1.000000,-0.000009,0.00,0
3357,7.308,-3.270724,0.841606,-3.270724,0.841606,-3.195728,0.900299,,,,-0.074996,-0.058693,0.095233,1.000000,-0.000009,0.00,0
3358,7.311,-3.270724,0.841606,-3.270724,0.841606,-3.194936,0.901739,,,,-0.075788,-0.060133,0.096746,1.000000,-0.000009,0.00,0
3359,7.312,-3.270724,0.841606,-3.270724,0.841606,-3.194144,0.903179,,,,-0.076580,-0.061573,0.098264,1.000000,-0.000009,0.00,0
3360,7.324,-3.235798,0.850666,-3.149945,0.861529,-3.193352,0.904619,-0.042446,-0.053953,0.068649,0.043407,-0.043090,0.061163,1.000000,-0.000009,11.01,1
3361,7.325,-3.235798,0.850666,-3.235798,0.850666,-3.193307,0.906059,,,,-0.042490,-0.055393,0.069813,1.000000,-0.000009,0.00,0
3362,7.326,-3.235798,0.850666,-3.235798,0.850666,-3.193308,0.907499,,,,-0.042490,-0.056833,0.070961,1.000000,-0.000009,0.00,0
3363,7.327,-3.235798,0.850666,-3.235798,0.850666,-3.193315,0.908939,,,,-0.042483,-0.058273,0.072115,1.000000,-0.000009,0.00,0
3364,7.330,-3.235798,0.850666,-3.235798,0.850666,-3.193321,0.910379,,,,-0.042476,-0.059713,0.073280,1.000000,-0.000009,0.00,0
3365,7.331,-3.235798,0.850666,-3.235798,0.850666,-3.193327,0.911819,,,,-0.042471,-0.061153,0.074455,1.000000,-0.000009,0.00,0
3366,7.332,-3.235798,0.850666,-3.235798,0.850666,-3.193331,0.913259,,,,-0.042467,-0.062593,0.075639,1.000000,-0.000009,0.00,0
3367,7.333,-3.235798,0.850666,-3.235798,0.850666,-3.193335,0.914699,,,,-0.042463,-0.064033,0.076833,1.000000,-0.000009,0.00,0
3368,7.334,-3.235798,0.850666,-3.235798,0.850666,-3.193337,0.916139,,,,-0.042460,-0.065473,0.078036,1.000000,-0.000009,0.00,0
3369,7.335,-3.235798,0.850666,-3.235798,0.850666,-3.193339,0.917579,,,,-0.042458,-0.066913,0.079247,1.000000,-0.000009,0.00,0
3370,7.336,-3.235798,0.850666,-3.235798,0.850666,-3.193341,0.919019,,,,-0.042456,-0.068353,0.080466,1.000000,-0.000009,0.00,0
3371,7.337,-3.235798,0.850666,-3.235798,0.850666,-3.193343,0.920459,,,,-0.042455,-0.069793,0.081692,1.000000,-0.000009,0.00,0
3372,7.338,-3.235798,0.850666,-3.235798,0.850666,-3.193344,0.921899,,,,-0.042454,-0.071233,0.082925,1.000000,-0.000009,0.00,0
3373,7.340,-3.235798,0.850666,-3.235798,0.850666,-3.193344,0.923339,,,,-0.042453,-0.072673,0.084165,1.000000,-0.000009,0.00,0
3374,7.341,-3.235798,0.850666,-3.235798,0.850666,-3.193345,0.924779,,,,-0.042453,-0.074113,0.085411,1.000000,-0.000009,0.00,0
3375,7.353,-3.218576,0.882770,-3.249081,0.948406,-3.193346,0.926219,-0.025230,-0.043450,0.050244,-0.055735,0.022186,0.059988,1.000000,-0.000009,11.02,1
3376,7.355,-3.218576,0.882770,-3.218576,0.882770,-3.193346,0.927544,,,,-0.025230,-0.044774,0.051393,1.000000,-0.000009,0.00,0
3377,7.356,-3.218576,0.882770,-3.218576,0.882770,-3.193346,0.928858,,,,-0.025229,-0.046088,0.052541,1.000000,-0.000009,0.00,0
3378,7.357,-3.218576,0.882770,-3.218576,0.882770,-3.193347,0.930169,,,,-0.025229,-0.047399,0.053695,1.000000,-0.000009,0.00,0
3379,7.358,-3.218576,0.882770,-3.218576,0.882770,-3.193347,0.931480,,,,-0.025229,-0.048710,0.054856,1.000000,-0.000009,0.00,0
3380,7.360,-3.218576,0.882770,-3.218576,0.882770,-3.193347,0.932791,,,,-0.025229,-0.050021,0.056023,1.000000,-0.000009,0.00,0
3381,7.361,-3.218576,0.882770,-3.218576,0.882770,-3.193347,0.934103,,,,-0.025229,-0.051333,0.057197,1.000000,-0.000009,0.00,0
3382,7.362,-3.218576,0.882770,-3.218576,0.882770,-3.193347,0.935415,,,,-0.025228,-0.052645,0.058378,1.000000,-0.000009,0.00,0
3383,7.363,-3.218576,0.882770,-3.218576,0.882770,-3.193347,0.936727,,,,-0.025228,-0.053957,0.059564,1.000000,-0.000009,0.00,0
3384,7.364,-3.218576,0.882770,-3.218576,0.882770,-3.193347,0.938039,,,,-0.025228,-0.055269,0.060755,1.000000,-0.000009,0.00,0
3385,7.365,-3.218576,0.882770,-3.218576,0.882770,-3.193347,0.939352,,,,-0.025228,-0.056582,0.061951,1.000000,-0.000009,0.00,0
3386,7.366,-3.218576,0.882770,-3.218576,0.882770,-3.193347,0.940664,,,,-0.025228,-0.057894,0.063152,1.000000,-0.000009,0.00,0
3387,7.367,-3.218576,0.882770,-3.218576,0.882770,-3.193347,0.941977,,,,-0.025228,-0.059207,0.064358,1.000000,-0.000009,0.00,0
3388,7.368,-3.218576,0.882770,-3.218576,0.882770,-3.193347,0.943290,,,,-0.025228,-0.060520,0.065568,1.000000,-0.000009,0.00,0
3389,7.370,-3.218576,0.882770,-3.218576,0.882770,-3.193348,0.944602,,,,-0.025228,-0.061833,0.066781,1.000000,-0.000009,0.00,0
3390,7.382,-3.200229,0.934201,-3.201662,0.992670,-3.193348,0.945915,-0.006882,-0.011714,0.013586,-0.008315,0.046754,0.047488,1.000000,-0.000009,11.51,1
3391,7.384,-3.200229,0.934201,-3.200229,0.934201,-3.193348,0.947228,,,,-0.006882,-0.013027,0.014733,1.000000,-0.000009,0.00,0
3392,7.385,-3.200229,0.934201,-3.200229,0.934201,-3.192293,0.946048,,,,-0.007937,-0.011847,0.014260,1.000000,-0.000014,0.00,0
3393,7.386,-3.200229,0.934201,-3.200229,0.934201,-3.191170,0.944617,,,,-0.009060,-0.010416,0.013805,1.000000,-0.000014,0.00,0
3394,7.387,-3.200229,0.934201,-3.200229,0.934201,-3.190037,0.943139,,,,-0.010192,-0.008937,0.013556,1.000000,-0.000014,0.00,0
3395,7.388,-3.200229,0.934201,-3.200229,0.934201,-3.188905,0.941657,,,,-0.011324,-0.007456,0.013558,1.000000,-0.000014,0.00,0
3396,7.390,-3.200229,0.934201,-3.200229,0.934201,-3.187775,0.940182,,,,-0.012454,-0.005981,0.013816,1.000000,-0.000015,0.00,0
3397,7.391,-3.200229,0.934201,-3.200229,0.934201,-3.186646,0.938714,,,,-0.013583,-0.004512,0.014313,1.000000,-0.000015,0.00,0
3398,7.392,-3.200229,0.934201,-3.200229,0.934201,-3.185519,0.937251,,,,-0.014711,-0.003050,0.015023,1.000000,-0.000016,0.00,0
3399,7.393,-3.200229,0.934201,-3.200229,0.934201,-3.184392,0.935793,,,,-0.015837,-0.001592,0.015917,1.000000,-0.000016,0.00,0
3400,7.394,-3.200229,0.934201,-3.200229,0.934201,-3.183267,0.934339,,,,-0.016963,-0.000138,0.016963,1.000000,-0.000016,0.00,0
3401,7.396,-3.200229,0.934201,-3.200229,0.934201,-3.182142,0.932888,,,,-0.018088,0.001313,0.018135,1.000000,-0.000016,0.00,0
3402,7.397,-3.200229,0.934201,-3.200229,0.934201,-3.181017,0.931439,,,,-0.019212,0.002762,0.019410,1.000000,-0.000016,0.00,0
3403,7.398,-3.200229,0.934201,-3.200229,0.934201,-3.179893,0.929992,,,,-0.020336,0.004209,0.020767,1.000000,-0.000016,0.00,0
3404,7.398,-3.200229,0.934201,-3.200229,0.934201,-3.178769,0.928547,,,,-0.021460,0.005655,0.022192,1.000000,-0.000017,0.00,0
3405,7.411,-3.229516,0.968022,-3.237804,0.962990,-3.177646,0.927102,-0.051870,0.040920,0.066067,-0.060158,0.035888,0.070050,1.000000,-0.000017,11.01,1
3406,7.414,-3.229516,0.968022,-3.229516,0.968022,-3.176223,0.925659,,,,-0.053293,0.042363,0.068079,1.000000,-0.000017,0.00,0
3407,7.415,-3.229516,0.968022,-3.229516,0.968022,-3.174782,0.924216,,,,-0.054734,0.043806,0.070105,1.000000,-0.000017,0.00,0
3408,7.416,-3.229516,0.968022,-3.229516,0.968022,-3.173339,0.922774,,,,-0.056177,0.045248,0.072133,1.000000,-0.000017,0.00,0
3409,7.417,-3.229516,0.968022,-3.229516,0.968022,-3.171896,0.921332,,,,-0.057620,0.046689,0.074162,1.000000,-0.000017,0.00,0
3410,7.418,-3.229516,0.968022,-3.229516,0.968022,-3.170453,0.919891,,,,-0.059062,0.048131,0.076190,1.000000,-0.000017,0.00,0
3411,7.419,-3.229516,0.968022,-3.229516,0.968022,-3.169011,0.918450,,,,-0.060504,0.049572,0.078219,1.000000,-0.000017,0.00,0
3412,7.421,-3.229516,0.968022,-3.229516,0.968022,-3.167570,0.917009,,,,-0.061946,0.051013,0.080247,1.000000,-0.000017,0.00,0
3413,7.422,-3.229516,0.968022,-3.229516,0.968022,-3.166129,0.915569,,,,-0.063387,0.052453,0.082276,1.000000,-0.000017,0.00,0
3414,7.423,-3.229516,0.968022,-3.229516,0.968022,-3.164688,0.914128,,,,-0.064828,0.053894,0.084304,1.000000,-0.000017,0.00,0
3415,7.424,-3.229516,0.968022,-3.229516,0.968022,-3.163247,0.912688,,,,-0.066269,0.055334,0.086333,1.000000,-0.000017,0.00,0
3416,7.426,-3.229516,0.968022,-3.229516,0.968022,-3.161806,0.911247,,,,-0.067710,0.056775,0.088363,1.000000,-0.000017,0.00,0
3417,7.426,-3.229516,0.968022,-3.229516,0.968022,-3.160366,0.909807,,,,-0.069150,0.058215,0.090392,1.000000,-0.000017,0.00,0
3418,7.428,-3.229516,0.968022,-3.229516,0.968022,-3.158925,0.908367,,,,-0.070590,0.059655,0.092422,1.000000,-0.000017,0.00,0
3419,7.429,-3.229516,0.968022,-3.229516,0.968022,-3.157485,0.906927,,,,-0.072031,0.061095,0.094451,1.000000,-0.000017,0.00,0
3420,7.440,-3.209414,0.950889,-3.188777,0.897008,-3.156045,0.905486,-0.053370,0.045403,0.070070,-0.032732,-0.008478,0.033812,1.000000,-0.000017,10.01,1
3421,7.443,-3.209414,0.950889,-3.209414,0.950889,-3.154807,0.904046,,,,-0.054607,0.046843,0.071946,1.000000,-0.000017,0.00,0
3422,7.445,-3.209414,0.950889,-3.209414,0.950889,-3.153582,0.902606,,,,-0.055833,0.048283,0.073814,1.000000,-0.000017,0.00,0
3423,7.446,-3.209414,0.950889,-3.209414,0.950889,-3.152358,0.901166,,,,-0.057056,0.049723,0.075682,1.000000,-0.000017,0.00,0
3424,7.447,-3.209414,0.950889,-3.209414,0.950889,-3.151134,0.899726,,,,-0.058280,0.051163,0.077552,1.000000,-0.000017,0.00,0
3425,7.448,-3.209414,0.950889,-3.209414,0.950889,-3.149910,0.898286,,,,-0.059504,0.052603,0.079422,1.000000,-0.000017,0.00,0
3426,7.449,-3.209414,0.950889,-3.209414,0.950889,-3.148686,0.896846,,,,-0.060729,0.054043,0.081294,1.000000,-0.000017,0.00,0
3427,7.450,-3.209414,0.950889,-3.209414,0.950889,-3.147461,0.895406,,,,-0.061953,0.055483,0.083166,1.000000,-0.000017,0.00,0
3428,7.451,-3.209414,0.950889,-3.209414,0.950889,-3.146237,0.893966,,,,-0.063178,0.056923,0.085039,1.000000,-0.000017,0.00,0
3429,7.452,-3.209414,0.950889,-3.209414,0.950889,-3.145012,0.892526,,,,-0.064403,0.058363,0.086914,1.000000,-0.000017,0.00,0
3430,7.454,-3.209414,0.950889,-3.209414,0.950889,-3.143787,0.891086,,,,-0.065628,0.059803,0.088789,1.000000,-0.000017,0.00,0
3431,7.455,-3.209414,0.950889,-3.209414,0.950889,-3.142562,0.889646,,,,-0.066853,0.061243,0.090665,1.000000,-0.000017,0.00,0
3432,7.456,-3.209414,0.950889,-3.209414,0.950889,-3.141337,0.888206,,,,-0.068078,0.062683,0.092541,1.000000,-0.000017,0.00,0
3433,7.458,-3.209414,0.950889,-3.209414,0.950889,-3.140111,0.886766,,,,-0.069303,0.064123,0.094418,1.000000,-0.000017,0.00,0
3434,7.459,-3.209414,0.950889,-3.209414,0.950889,-3.138886,0.885326,,,,-0.070528,0.065563,0.096296,1.000000,-0.000017,0.00,0
3435,7.470,-3.180068,0.904660,-3.113623,0.853981,-3.137661,0.883886,-0.042407,0.020774,0.047222,0.024038,-0.029904,0.038368,1.000000,-0.000017,10.01,1
3436,7.472,-3.180068,0.904660,-3.180068,0.904660,-3.136746,0.882446,,,,-0.043322,0.022214,0.048686,1.000000,-0.000017,0.00,0
3437,7.475,-3.180068,0.904660,-3.180068,0.904660,-3.135849,0.881006,,,,-0.044219,0.023654,0.050148,1.000000,-0.000017,0.00,0
3438,7.476,-3.180068,0.904660,-3.180068,0.904660,-3.134955,0.879566,,,,-0.045113,0.025094,0.051622,1.000000,-0.000017,0.00,0
3439,7.478,-3.180068,0.904660,-3.180068,0.904660,-3.134061,0.878126,,,,-0.046007,0.026534,0.053110,1.000000,-0.000017,0.00,0
3440,7.479,-3.180068,0.904660,-3.180068,0.904660,-3.133167,0.876686,,,,-0.046901,0.027974,0.054610,1.000000,-0.000017,0.00,0
3441,7.479,-3.180068,0.904660,-3.180068,0.904660,-3.132272,0.875246,,,,-0.047796,0.029414,0.056122,1.000000,-0.000017,0.00,0
3442,7.481,-3.180068,0.904660,-3.180068,0.904660,-3.131377,0.873806,,,,-0.048691,0.030854,0.057644,1.000000,-0.000017,0.00,0
3443,7.482,-3.180068,0.904660,-3.180068,0.904660,-3.130481,0.872366,,,,-0.049587,0.032294,0.059176,1.000000,-0.000017,0.00,0
3444,7.484,-3.180068,0.904660,-3.180068,0.904660,-3.129585,0.870926,,,,-0.050483,0.033734,0.060717,1.000000,-0.000017,0.00,0
3445,7.485,-3.180068,0.904660,-3.180068,0.904660,-3.128689,0.869486,,,,-0.051379,0.035174,0.062266,1.000000,-0.000017,0.00,0
3446,7.486,-3.180068,0.904660,-3.180068,0.904660,-3.127793,0.868046,,,,-0.052275,0.036614,0.063822,1.000000,-0.000017,0.00,0
3447,7.487,-3.180068,0.904660,-3.180068,0.904660,-3.126897,0.866606,,,,-0.053171,0.038054,0.065386,1.000000,-0.000017,0.00,0
3448,7.488,-3.180068,0.904660,-3.180068,0.904660,-3.126000,0.865166,,,,-0.054068,0.039494,0.066956,1.000000,-0.000017,0.00,0
3449,7.489,-3.180068,0.904660,-3.180068,0.904660,-3.125104,0.863726,,,,-0.054964,0.040934,0.068532,1.000000,-0.000017,0.00,0
3450,7.502,-3.161898,0.871589,-3.183294,0.863777,-3.124207,0.862286,-0.037690,0.009303,0.038821,-0.059086,0.001492,0.059105,1.000000,-0.000017,11.01,1
3451,7.504,-3.161898,0.871589,-3.161898,0.871589,-3.124157,0.860846,,,,-0.037740,0.010743,0.039239,1.000000,-0.000017,0.00,0
3452,7.505,-3.161898,0.871589,-3.161898,0.871589,-3.124158,0.859406,,,,-0.037739,0.012183,0.039657,1.000000,-0.000017,0.00,0
3453,7.506,-3.161898,0.871589,-3.161898,0.871589,-3.124166,0.857966,,,,-0.037732,0.013623,0.040116,1.000000,-0.000017,0.00,0
3454,7.507,-3.161898,0.871589,-3.161898,0.871589,-3.124174,0.856526,,,,-0.037724,0.015063,0.040620,1.000000,-0.000017,0.00,0
3455,7.509,-3.161898,0.871589,-3.161898,0.871589,-3.124180,0.855086,,,,-0.037718,0.016503,0.041170,1.000000,-0.000017,0.00,0
3456,7.510,-3.161898,0.871589,-3.161898,0.871589,-3.124185,0.853646,,,,-0.037713,0.017943,0.041764,1.000000,-0.000017,0.00,0
3457,7.511,-3.161898,0.871589,-3.161898,0.871589,-3.124189,0.852206,,,,-0.037709,0.019383,0.042399,1.000000,-0.000017,0.00,0
3458,7.512,-3.161898,0.871589,-3.161898,0.871589,-3.124192,0.850766,,,,-0.037706,0.020823,0.043073,1.000000,-0.000017,0.00,0
3459,7.514,-3.161898,0.871589,-3.161898,0.871589,-3.124195,0.849326,,,,-0.037703,0.022263,0.043786,1.000000,-0.000017,0.00,0
3460,7.516,-3.161898,0.871589,-3.161898,0.871589,-3.124197,0.847886,,,,-0.037701,0.023703,0.044533,1.000000,-0.000017,0.00,0
3461,7.516,-3.161898,0.871589,-3.161898,0.871589,-3.124198,0.846446,,,,-0.037700,0.025143,0.045315,1.000000,-0.000017,0.00,0
3462,7.517,-3.161898,0.871589,-3.161898,0.871589,-3.124199,0.845006,,,,-0.037698,0.026583,0.046128,1.000000,-0.000017,0.00,0
3463,7.518,-3.161898,0.871589,-3.161898,0.871589,-3.124200,0.843566,,,,-0.037697,0.028023,0.046972,1.000000,-0.000017,0.00,0
3464,7.520,-3.161898,0.871589,-3.161898,0.871589,-3.124201,0.842126,,,,-0.037697,0.029463,0.047845,1.000000,-0.000017,0.00,0
3465,7.531,-3.157875,0.849861,-3.176709,0.831823,-3.124202,0.840686,-0.033674,0.009175,0.034901,-0.052508,-0.008862,0.053250,1.000000,-0.000017,10.51,1
3466,7.534,-3.157875,0.849861,-3.157875,0.849861,-3.124202,0.839246,,,,-0.033673,0.010615,0.035307,1.000000,-0.000017,0.00,0
3467,7.536,-3.157875,0.849861,-3.157875,0.849861,-3.124203,0.837806,,,,-0.033673,0.012055,0.035766,1.000000,-0.000017,0.00,0
3468,7.537,-3.157875,0.849861,-3.157875,0.849861,-3.124203,0.836366,,,,-0.033672,0.013495,0.036276,1.000000,-0.000017,0.00,0
3469,7.538,-3.157875,0.849861,-3.157875,0.849861,-3.124203,0.834926,,,,-0.033672,0.014935,0.036836,1.000000,-0.000017,0.00,0
3470,7.539,-3.157875,0.849861,-3.157875,0.849861,-3.124203,0.833486,,,,-0.033672,0.016375,0.037443,1.000000,-0.000017,0.00,0
3471,7.540,-3.157875,0.849861,-3.157875,0.849861,-3.124203,0.832046,,,,-0.033672,0.017815,0.038094,1.000000,-0.000017,0.00,0
3472,7.542,-3.157875,0.849861,-3.157875,0.849861,-3.124204,0.830606,,,,-0.033672,0.019255,0.038788,1.000000,-0.000017,0.00,0
3473,7.543,-3.157875,0.849861,-3.157875,0.849861,-3.124204,0.829166,,,,-0.033672,0.020695,0.039523,1.000000,-0.000017,0.00,0
3474,7.545,-3.157875,0.849861,-3.157875,0.849861,-3.124204,0.827726,,,,-0.033672,0.022135,0.040296,1.000000,-0.000017,0.00,0
3475,7.546,-3.157875,0.849861,-3.157875,0.849861,-3.124204,0.826286,,,,-0.033671,0.023575,0.041104,1.000000,-0.000017,0.00,0
3476,7.547,-3.157875,0.849861,-3.157875,0.849861,-3.124204,0.824846,,,,-0.033671,0.025015,0.041947,1.000000,-0.000017,0.00,0
3477,7.548,-3.157875,0.849861,-3.157875,0.849861,-3.124204,0.823406,,,,-0.033671,0.026455,0.042821,1.000000,-0.000017,0.00,0
3478,7.549,-3.157875,0.849861,-3.157875,0.849861,-3.124204,0.821966,,,,-0.033671,0.027895,0.043725,1.000000,-0.000017,0.00,0
3479,7.550,-3.157875,0.849861,-3.157875,0.849861,-3.124204,0.820526,,,,-0.033671,0.029335,0.044658,1.000000,-0.000017,0.00,0
3480,7.563,-3.153672,0.838006,-3.101014,0.818418,-3.124204,0.819086,-0.029468,0.018920,0.035020,0.023190,-0.000668,0.023200,1.000000,-0.000017,11.01,1
3481,7.565,-3.153672,0.838006,-3.153672,0.838006,-3.124204,0.817646,,,,-0.029468,0.020360,0.035818,1.000000,-0.000017,0.00,0
3482,7.566,-3.153672,0.838006,-3.153672,0.838006,-3.124204,0.816206,,,,-0.029468,0.021800,0.036656,1.000000,-0.000017,0.00,0
3483,7.567,-3.153672,0.838006,-3.153672,0.838006,-3.124204,0.814766,,,,-0.029468,0.023240,0.037530,1.000000,-0.000017,0.00,0
3484,7.568,-3.153672,0.838006,-3.153672,0.838006,-3.124204,0.813326,,,,-0.029468,0.024680,0.038438,1.000000,-0.000017,0.00,0
3485,7.571,-3.153672,0.838006,-3.153672,0.838006,-3.124204,0.811886,,,,-0.029468,0.026120,0.039378,1.000000,-0.000017,0.00,0
3486,7.572,-3.153672,0.838006,-3.153672,0.838006,-3.124204,0.810446,,,,-0.029468,0.027560,0.040348,1.000000,-0.000017,0.00,0
3487,7.574,-3.153672,0.838006,-3.153672,0.838006,-3.124204,0.809006,,,,-0.029468,0.029000,0.041345,1.000000,-0.000017,0.00,0
3488,7.575,-3.153672,0.838006,-3.153672,0.838006,-3.124204,0.807566,,,,-0.029468,0.030440,0.042367,1.000000,-0.000017,0.00,0
3489,7.576,-3.153672,0.838006,-3.153672,0.838006,-3.124204,0.806126,,,,-0.029468,0.031880,0.043414,1.000000,-0.000017,0.00,0
3490,7.577,-3.153672,0.838006,-3.153672,0.838006,-3.124204,0.804686,,,,-0.029468,0.033320,0.044482,1.000000,-0.000016,0.00,0
3491,7.578,-3.153672,0.838006,-3.153672,0.838006,-3.124204,0.803246,,,,-0.029468,0.034760,0.045571,1.000000,-0.000016,0.00,0
3492,7.579,-3.153672,0.838006,-3.153672,0.838006,-3.124204,0.801806,,,,-0.029468,0.036200,0.046678,1.000000,-0.000016,0.00,0
3493,7.580,-3.153672,0.838006,-3.153672,0.838006,-3.124204,0.800366,,,,-0.029468,0.037640,0.047804,1.000000,-0.000016,0.00,0
3494,7.581,-3.153672,0.838006,-3.153672,0.838006,-3.124204,0.798926,,,,-0.029468,0.039080,0.048946,1.000000,-0.000016,0.00,0
3495,7.593,-3.127051,0.795054,-3.103431,0.734920,-3.124204,0.797486,-0.002847,-0.002432,0.003745,0.020773,-0.062566,0.065924,1.000000,-0.000016,10.51,1
3496,7.596,-3.127051,0.795054,-3.127051,0.795054,-3.124204,0.796046,,,,-0.002847,-0.000992,0.003015,1.000000,-0.000016,0.00,0
3497,7.602,-3.127051,0.795054,-3.127051,0.795054,-3.124204,0.794606,,,,-0.002847,0.000448,0.002882,1.000000,-0.000016,0.00,0
3498,7.602,-3.127051,0.795054,-3.127051,0.795054,-3.124204,0.793166,,,,-0.002847,0.001888,0.003416,1.000000,-0.000016,0.00,0
3499,7.603,-3.127051,0.795054,-3.127051,0.795054,-3.124204,0.791726,,,,-0.002847,0.003328,0.004380,1.000000,-0.000016,0.00,0
3500,7.604,-3.127051,0.795054,-3.127051,0.795054,-3.124204,0.790286,,,,-0.002847,0.004768,0.005553,1.000000,-0.000016,0.00,0
3501,7.606,-3.127051,0.795054,-3.127051,0.795054,-3.124204,0.788846,,,,-0.002847,0.006208,0.006830,1.000000,-0.000016,0.00,0
3502,7.607,-3.127051,0.795054,-3.127051,0.795054,-3.124204,0.787406,,,,-0.002847,0.007648,0.008161,1.000000,-0.000016,0.00,0
3503,7.608,-3.127051,0.795054,-3.127051,0.795054,-3.124204,0.785966,,,,-0.002847,0.009088,0.009523,1.000000,-0.000016,0.00,0
3504,7.610,-3.127051,0.795054,-3.127051,0.795054,-3.124204,0.784526,,,,-0.002847,0.010528,0.010906,1.000000,-0.000016,0.00,0
3505,7.611,-3.127051,0.795054,-3.127051,0.795054,-3.124204,0.783086,,,,-0.002847,0.011968,0.012302,1.000000,-0.000016,0.00,0
3506,7.612,-3.127051,0.795054,-3.127051,0.795054,-3.124204,0.781646,,,,-0.002847,0.013408,0.013707,1.000000,-0.000016,0.00,0
3507,7.614,-3.127051,0.795054,-3.127051,0.795054,-3.124204,0.780206,,,,-0.002847,0.014848,0.015118,1.000000,-0.000016,0.00,0
3508,7.615,-3.127051,0.795054,-3.127051,0.795054,-3.124204,0.778766,,,,-0.002847,0.016288,0.016535,1.000000,-0.000016,0.00,0
3509,7.617,-3.127051,0.795054,-3.127051,0.795054,-3.124204,0.777326,,,,-0.002847,0.017728,0.017955,1.000000,-0.000016,0.00,0
3510,7.629,-3.079330,0.737304,-3.033545,0.658574,-3.124204,0.775886,0.044874,-0.038582,0.059180,0.090659,-0.117312,0.148260,1.000000,-0.000016,11.01,1
3511,7.630,-3.079330,0.737304,-3.079330,0.737304,-3.124204,0.774446,,,,0.044874,-0.037142,0.058251,1.000000,-0.000016,0.00,0
3512,7.631,-3.079330,0.737304,-3.079330,0.737304,-3.124204,0.773006,,,,0.044874,-0.035702,0.057344,1.000000,-0.000016,0.00,0
3513,7.634,-3.079330,0.737304,-3.079330,0.737304,-3.124204,0.771566,,,,0.044874,-0.034262,0.056458,1.000000,-0.000016,0.00,0
3514,7.635,-3.079330,0.737304,-3.079330,0.737304,-3.124204,0.770126,,,,0.044874,-0.032822,0.055596,1.000000,-0.000016,0.00,0
3515,7.636,-3.079330,0.737304,-3.079330,0.737304,-3.124204,0.768686,,,,0.044874,-0.031382,0.054759,1.000000,-0.000016,0.00,0
3516,7.637,-3.079330,0.737304,-3.079330,0.737304,-3.124204,0.767246,,,,0.044874,-0.029942,0.053946,1.000000,-0.000016,0.00,0
3517,7.638,-3.079330,0.737304,-3.079330,0.737304,-3.124204,0.765806,,,,0.044874,-0.028502,0.053160,1.000000,-0.000016,0.00,0
3518,7.639,-3.079330,0.737304,-3.079330,0.737304,-3.124204,0.764366,,,,0.044874,-0.027062,0.052402,1.000000,-0.000016,0.00,0
3519,7.640,-3.079330,0.737304,-3.079330,0.737304,-3.124204,0.762926,,,,0.044874,-0.025622,0.051674,1.000000,-0.000016,0.00,0
3520,7.641,-3.079330,0.737304,-3.079330,0.737304,-3.124204,0.761486,,,,0.044874,-0.024182,0.050975,1.000000,-0.000016,0.00,0
3521,7.643,-3.079330,0.737304,-3.079330,0.737304,-3.124204,0.760046,,,,0.044874,-0.022742,0.050308,1.000000,-0.000016,0.00,0
3522,7.644,-3.079330,0.737304,-3.079330,0.737304,-3.124204,0.758606,,,,0.044874,-0.021302,0.049673,1.000000,-0.000016,0.00,0
3523,7.646,-3.079330,0.737304,-3.079330,0.737304,-3.124204,0.757166,,,,0.044874,-0.019862,0.049073,1.000000,-0.000016,0.00,0
3524,7.647,-3.079330,0.737304,-3.079330,0.737304,-3.124204,0.755726,,,,0.044874,-0.018422,0.048508,1.000000,-0.000016,0.00,0
3525,7.659,-3.081881,0.711118,-3.108667,0.739860,-3.124204,0.754286,0.042323,-0.043168,0.060454,0.015537,-0.014426,0.021202,1.000000,-0.000016,11.01,1
3526,7.661,-3.081881,0.711118,-3.081881,0.711118,-3.124204,0.752846,,,,0.042323,-0.041728,0.059434,1.000000,-0.000016,0.00,0
3527,7.662,-3.081881,0.711118,-3.081881,0.711118,-3.124204,0.751406,,,,0.042323,-0.040288,0.058432,1.000000,-0.000016,0.00,0
3528,7.664,-3.081881,0.711118,-3.081881,0.711118,-3.124204,0.749966,,,,0.042323,-0.038848,0.057449,1.000000,-0.000016,0.00,0
3529,7.665,-3.081881,0.711118,-3.081881,0.711118,-3.124204,0.748526,,,,0.042323,-0.037408,0.056485,1.000000,-0.000016,0.00,0
3530,7.666,-3.081881,0.711118,-3.081881,0.711118,-3.124204,0.747086,,,,0.042323,-0.035968,0.055542,1.000000,-0.000016,0.00,0
3531,7.667,-3.081881,0.711118,-3.081881,0.711118,-3.124204,0.745646,,,,0.042323,-0.034528,0.054621,1.000000,-0.000016,0.00,0
3532,7.668,-3.081881,0.711118,-3.081881,0.711118,-3.124204,0.744206,,,,0.042323,-0.033088,0.053722,1.000000,-0.000016,0.00,0
3533,7.669,-3.081881,0.711118,-3.081881,0.711118,-3.124204,0.742766,,,,0.042323,-0.031648,0.052847,1.000000,-0.000016,0.00,0
3534,7.670,-3.081881,0.711118,-3.081881,0.711118,-3.124204,0.741326,,,,0.042323,-0.030208,0.051998,1.000000,-0.000016,0.00,0
3535,7.671,-3.081881,0.711118,-3.081881,0.711118,-3.124204,0.739886,,,,0.042323,-0.028768,0.051174,1.000000,-0.000016,0.00,0
3536,7.672,-3.081881,0.711118,-3.081881,0.711118,-3.124204,0.738446,,,,0.042323,-0.027328,0.050379,1.000000,-0.000016,0.00,0
3537,7.674,-3.081881,0.711118,-3.081881,0.711118,-3.124204,0.737006,,,,0.042323,-0.025888,0.049613,1.000000,-0.000016,0.00,0
3538,7.675,-3.081881,0.711118,-3.081881,0.711118,-3.124204,0.735566,,,,0.042323,-0.024448,0.048877,1.000000,-0.000016,0.00,0
3539,7.677,-3.081881,0.711118,-3.081881,0.711118,-3.124204,0.734126,,,,0.042323,-0.023008,0.048173,1.000000,-0.000016,0.00,0
3540,7.689,-3.082279,0.702853,-3.104624,0.710125,-3.124204,0.732686,0.041925,-0.029833,0.051456,0.019580,-0.022561,0.029872,1.000000,-0.000016,11.01,1
3541,7.690,-3.082279,0.702853,-3.082279,0.702853,-3.124204,0.731246,,,,0.041925,-0.028393,0.050635,1.000000,-0.000016,0.00,0
3542,7.691,-3.082279,0.702853,-3.082279,0.702853,-3.124204,0.729806,,,,0.041925,-0.026953,0.049841,1.000000,-0.000016,0.00,0
3543,7.692,-3.082279,0.702853,-3.082279,0.702853,-3.124204,0.728366,,,,0.041925,-0.025513,0.049078,1.000000,-0.000016,0.00,0
3544,7.694,-3.082279,0.702853,-3.082279,0.702853,-3.124204,0.726926,,,,0.041925,-0.024073,0.048345,1.000000,-0.000016,0.00,0
3545,7.696,-3.082279,0.702853,-3.082279,0.702853,-3.124204,0.725486,,,,0.041925,-0.022633,0.047644,1.000000,-0.000016,0.00,0
3546,7.697,-3.082279,0.702853,-3.082279,0.702853,-3.124204,0.724046,,,,0.041925,-0.021193,0.046977,1.000000,-0.000016,0.00,0
3547,7.698,-3.082279,0.702853,-3.082279,0.702853,-3.124204,0.722606,,,,0.041925,-0.019753,0.046345,1.000000,-0.000016,0.00,0
3548,7.699,-3.082279,0.702853,-3.082279,0.702853,-3.124204,0.721166,,,,0.041925,-0.018313,0.045750,1.000000,-0.000016,0.00,0
3549,7.700,-3.082279,0.702853,-3.082279,0.702853,-3.124204,0.719726,,,,0.041925,-0.016873,0.045193,1.000000,-0.000017,0.00,0
3550,7.701,-3.082279,0.702853,-3.082279,0.702853,-3.124204,0.718286,,,,0.041925,-0.015433,0.044675,1.000000,-0.000017,0.00,0
3551,7.702,-3.082279,0.702853,-3.082279,0.702853,-3.124204,0.716846,,,,0.041925,-0.013993,0.044199,1.000000,-0.000017,0.00,0
3552,7.704,-3.082279,0.702853,-3.082279,0.702853,-3.124204,0.715406,,,,0.041925,-0.012553,0.043764,1.000000,-0.000017,0.00,0
3553,7.705,-3.082279,0.702853,-3.082279,0.702853,-3.124204,0.713966,,,,0.041925,-0.011113,0.043373,1.000000,-0.000017,0.00,0
3554,7.706,-3.082279,0.702853,-3.082279,0.702853,-3.124204,0.712526,,,,0.041925,-0.009673,0.043026,1.000000,-0.000017,0.00,0
3555,7.718,-3.084683,0.724715,-3.040757,0.724159,-3.124204,0.711086,0.039521,0.013629,0.041805,0.083447,0.013073,0.084464,1.000000,-0.000017,10.52,1
3556,7.720,-3.084683,0.724715,-3.084683,0.724715,-3.124204,0.709646,,,,0.039521,0.015069,0.042297,1.000000,-0.000017,0.00,0
3557,7.722,-3.084683,0.724715,-3.084683,0.724715,-3.124204,0.708206,,,,0.039521,0.016509,0.042831,1.000000,-0.000017,0.00,0
3558,7.723,-3.084683,0.724715,-3.084683,0.724715,-3.124204,0.706766,,,,0.039521,0.017949,0.043406,1.000000,-0.000017,0.00,0
3559,7.724,-3.084683,0.724715,-3.084683,0.724715,-3.124204,0.705326,,,,0.039521,0.019389,0.044021,1.000000,-0.000017,0.00,0
3560,7.725,-3.084683,0.724715,-3.084683,0.724715,-3.124204,0.703886,,,,0.039521,0.020829,0.044674,1.000000,-0.000017,0.00,0
3561,7.727,-3.084683,0.724715,-3.084683,0.724715,-3.124204,0.702446,,,,0.039521,0.022269,0.045363,1.000000,-0.000017,0.00,0
3562,7.728,-3.084683,0.724715,-3.084683,0.724715,-3.124204,0.701006,,,,0.039521,0.023709,0.046087,1.000000,-0.000017,0.00,0
3563,7.729,-3.084683,0.724715,-3.084683,0.724715,-3.124204,0.699566,,,,0.039521,0.025149,0.046844,1.000000,-0.000017,0.00,0
3564,7.730,-3.084683,0.724715,-3.084683,0.724715,-3.124204,0.698126,,,,0.039521,0.026589,0.047633,1.000000,-0.000017,0.00,0
3565,7.731,-3.084683,0.724715,-3.084683,0.724715,-3.124204,0.696686,,,,0.039521,0.028029,0.048451,1.000000,-0.000017,0.00,0
3566,7.732,-3.084683,0.724715,-3.084683,0.724715,-3.124204,0.695246,,,,0.039521,0.029469,0.049298,1.000000,-0.000017,0.00,0
3567,7.734,-3.084683,0.724715,-3.084683,0.724715,-3.124204,0.693806,,,,0.039521,0.030909,0.050172,1.000000,-0.000017,0.00,0
3568,7.735,-3.084683,0.724715,-3.084683,0.724715,-3.124204,0.692366,,,,0.039521,0.032349,0.051072,1.000000,-0.000017,0.00,0
3569,7.736,-3.084683,0.724715,-3.084683,0.724715,-3.124204,0.690926,,,,0.039521,0.033788,0.051996,1.000000,-0.000017,0.00,0
3570,7.748,-3.056397,0.689254,-3.023809,0.633479,-3.124204,0.689486,0.067807,-0.000232,0.067807,0.100395,-0.056007,0.114961,1.000000,-0.000017,11.01,1
3571,7.750,-3.056397,0.689254,-3.056397,0.689254,-3.124204,0.688046,,,,0.067807,0.001208,0.067818,1.000000,-0.000017,0.00,0
3572,7.751,-3.056397,0.689254,-3.056397,0.689254,-3.124204,0.686606,,,,0.067807,0.002648,0.067858,1.000000,-0.000017,0.00,0
3573,7.752,-3.056397,0.689254,-3.056397,0.689254,-3.124204,0.685166,,,,0.067807,0.004088,0.067930,1.000000,-0.000017,0.00,0
3574,7.754,-3.056397,0.689254,-3.056397,0.689254,-3.124204,0.683726,,,,0.067807,0.005528,0.068032,1.000000,-0.000017,0.00,0
3575,7.755,-3.056397,0.689254,-3.056397,0.689254,-3.124204,0.682286,,,,0.067807,0.006968,0.068164,1.000000,-0.000017,0.00,0
3576,7.756,-3.056397,0.689254,-3.056397,0.689254,-3.124204,0.680846,,,,0.067807,0.008408,0.068326,1.000000,-0.000017,0.00,0
3577,7.757,-3.056397,0.689254,-3.056397,0.689254,-3.124204,0.679406,,,,0.067807,0.009848,0.068518,1.000000,-0.000017,0.00,0
3578,7.758,-3.056397,0.689254,-3.056397,0.689254,-3.124204,0.677966,,,,0.067807,0.011288,0.068740,1.000000,-0.000017,0.00,0
3579,7.759,-3.056397,0.689254,-3.056397,0.689254,-3.124204,0.676526,,,,0.067807,0.012728,0.068991,1.000000,-0.000017,0.00,0
3580,7.760,-3.056397,0.689254,-3.056397,0.689254,-3.124204,0.675086,,,,0.067807,0.014168,0.069271,1.000000,-0.000017,0.00,0
3581,7.761,-3.056397,0.689254,-3.056397,0.689254,-3.124204,0.673646,,,,0.067807,0.015608,0.069580,1.000000,-0.000017,0.00,0
3582,7.762,-3.056397,0.689254,-3.056397,0.689254,-3.124204,0.672206,,,,0.067807,0.017048,0.069917,1.000000,-0.000017,0.00,0
3583,7.764,-3.056397,0.689254,-3.056397,0.689254,-3.124204,0.670766,,,,0.067807,0.018488,0.070282,1.000000,-0.000017,0.00,0
3584,7.765,-3.056397,0.689254,-3.056397,0.689254,-3.124204,0.669326,,,,0.067807,0.019928,0.070674,1.000000,-0.000017,0.00,0
3585,7.776,-3.025332,0.655014,-3.011431,0.607406,-3.124204,0.667886,0.098871,-0.012872,0.099706,0.112773,-0.060481,0.127968,1.000000,-0.000017,10.51,1
3586,7.778,-3.025332,0.655014,-3.025332,0.655014,-3.124993,0.666446,,,,0.099661,-0.011432,0.100314,1.000000,-0.000017,0.00,0
3587,7.780,-3.025332,0.655014,-3.025332,0.655014,-3.125830,0.665006,,,,0.100498,-0.009992,0.100993,1.000000,-0.000017,0.00,0
3588,7.781,-3.025332,0.655014,-3.025332,0.655014,-3.126674,0.663566,,,,0.101341,-0.008552,0.101702,1.000000,-0.000017,0.00,0
3589,7.782,-3.025332,0.655014,-3.025332,0.655014,-3.127517,0.662126,,,,0.102185,-0.007112,0.102432,1.000000,-0.000017,0.00,0
3590,7.784,-3.025332,0.655014,-3.025332,0.655014,-3.128359,0.660686,,,,0.103027,-0.005672,0.103183,1.000000,-0.000017,0.00,0
3591,7.785,-3.025332,0.655014,-3.025332,0.655014,-3.129200,0.659246,,,,0.103868,-0.004232,0.103954,1.000000,-0.000017,0.00,0
3592,7.786,-3.025332,0.655014,-3.025332,0.655014,-3.130040,0.657806,,,,0.104707,-0.002792,0.104745,1.000000,-0.000017,0.00,0
3593,7.787,-3.025332,0.655014,-3.025332,0.655014,-3.130879,0.656366,,,,0.105547,-0.001352,0.105555,1.000000,-0.000017,0.00,0
3594,7.788,-3.025332,0.655014,-3.025332,0.655014,-3.131718,0.654926,,,,0.106385,0.000088,0.106385,1.000000,-0.000017,0.00,0
3595,7.789,-3.025332,0.655014,-3.025332,0.655014,-3.132556,0.653486,,,,0.107223,0.001528,0.107234,1.000000,-0.000017,0.00,0
3596,7.790,-3.025332,0.655014,-3.025332,0.655014,-3.133393,0.652046,,,,0.108061,0.002968,0.108102,1.000000,-0.000017,0.00,0
3597,7.791,-3.025332,0.655014,-3.025332,0.655014,-3.134231,0.650606,,,,0.108898,0.004408,0.108988,1.000000,-0.000017,0.00,0
3598,7.793,-3.025332,0.655014,-3.025332,0.655014,-3.135068,0.649166,,,,0.109736,0.005848,0.109891,1.000000,-0.000017,0.00,0
3599,7.794,-3.025332,0.655014,-3.025332,0.655014,-3.135905,0.647726,,,,0.110573,0.007288,0.110813,1.000000,-0.000017,0.00,0
3600,7.806,-3.045972,0.629224,-3.102675,0.646788,-3.136742,0.646286,0.090770,-0.017062,0.092360,0.034067,0.000502,0.034070,1.000000,-0.000017,11.01,1
3601,7.808,-3.045972,0.629224,-3.045972,0.629224,-3.136789,0.644846,,,,0.090817,-0.015622,0.092151,1.000000,-0.000017,0.00,0
3602,7.809,-3.045972,0.629224,-3.045972,0.629224,-3.136789,0.643406,,,,0.090817,-0.014182,0.091918,1.000000,-0.000017,0.00,0
3603,7.811,-3.045972,0.629224,-3.045972,0.629224,-3.136782,0.641966,,,,0.090810,-0.012742,0.091700,1.000000,-0.000017,0.00,0
3604,7.812,-3.045972,0.629224,-3.045972,0.629224,-3.136775,0.640526,,,,0.090804,-0.011302,0.091504,1.000000,-0.000017,0.00,0
3605,7.813,-3.045972,0.629224,-3.045972,0.629224,-3.136770,0.639086,,,,0.090798,-0.009862,0.091332,1.000000,-0.000017,0.00,0
3606,7.814,-3.045972,0.629224,-3.045972,0.629224,-3.136765,0.637646,,,,0.090793,-0.008422,0.091183,1.000000,-0.000017,0.00,0
3607,7.816,-3.045972,0.629224,-3.045972,0.629224,-3.136761,0.636206,,,,0.090790,-0.006982,0.091058,1.000000,-0.000017,0.00,0
3608,7.817,-3.045972,0.629224,-3.045972,0.629224,-3.136759,0.634766,,,,0.090787,-0.005542,0.090956,1.000000,-0.000017,0.00,0
3609,7.818,-3.045972,0.629224,-3.045972,0.629224,-3.136756,0.633326,,,,0.090785,-0.004102,0.090877,1.000000,-0.000017,0.00,0
3610,7.819,-3.045972,0.629224,-3.045972,0.629224,-3.136755,0.631886,,,,0.090783,-0.002662,0.090822,1.000000,-0.000017,0.00,0
3611,7.820,-3.045972,0.629224,-3.045972,0.629224,-3.136753,0.630446,,,,0.090782,-0.001222,0.090790,1.000000,-0.000017,0.00,0
3612,7.821,-3.045972,0.629224,-3.045972,0.629224,-3.136752,0.629006,,,,0.090781,0.000218,0.090781,1.000000,-0.000017,0.00,0
3613,7.822,-3.045972,0.629224,-3.045972,0.629224,-3.136751,0.627566,,,,0.090780,0.001658,0.090795,1.000000,-0.000017,0.00,0
3614,7.823,-3.045972,0.629224,-3.045972,0.629224,-3.136751,0.626126,,,,0.090779,0.003098,0.090832,1.000000,-0.000017,0.00,0
3615,7.835,-3.071741,0.627921,-3.101117,0.629569,-3.136750,0.624686,0.065009,0.003235,0.065089,0.035633,0.004883,0.035966,1.000000,-0.000017,10.01,1
3616,7.838,-3.071741,0.627921,-3.071741,0.627921,-3.136750,0.623246,,,,0.065009,0.004675,0.065176,1.000000,-0.000017,0.00,0
3617,7.839,-3.071741,0.627921,-3.071741,0.627921,-3.136749,0.621806,,,,0.065008,0.006115,0.065295,1.000000,-0.000017,0.00,0
3618,7.841,-3.071741,0.627921,-3.071741,0.627921,-3.136749,0.620366,,,,0.065008,0.007555,0.065445,1.000000,-0.000017,0.00,0
3619,7.842,-3.071741,0.627921,-3.071741,0.627921,-3.136749,0.618926,,,,0.065008,0.008995,0.065627,1.000000,-0.000017,0.00,0
3620,7.843,-3.071741,0.627921,-3.071741,0.627921,-3.136749,0.617486,,,,0.065008,0.010435,0.065840,1.000000,-0.000017,0.00,0
3621,7.844,-3.071741,0.627921,-3.071741,0.627921,-3.136749,0.616046,,,,0.065007,0.011875,0.066083,1.000000,-0.000017,0.00,0
3622,7.845,-3.071741,0.627921,-3.071741,0.627921,-3.136748,0.614606,,,,0.065007,0.013315,0.066357,1.000000,-0.000017,0.00,0
3623,7.846,-3.071741,0.627921,-3.071741,0.627921,-3.136748,0.613166,,,,0.065007,0.014755,0.066661,1.000000,-0.000017,0.00,0
3624,7.847,-3.071741,0.627921,-3.071741,0.627921,-3.136748,0.611726,,,,0.065007,0.016195,0.066994,1.000000,-0.000017,0.00,0
3625,7.849,-3.071741,0.627921,-3.071741,0.627921,-3.136748,0.610286,,,,0.065007,0.017635,0.067357,1.000000,-0.000017,0.00,0
3626,7.850,-3.071741,0.627921,-3.071741,0.627921,-3.136748,0.608846,,,,0.065007,0.019075,0.067748,1.000000,-0.000017,0.00,0
3627,7.851,-3.071741,0.627921,-3.071741,0.627921,-3.136748,0.607406,,,,0.065007,0.020515,0.068167,1.000000,-0.000017,0.00,0
3628,7.852,-3.071741,0.627921,-3.071741,0.627921,-3.136748,0.605966,,,,0.065007,0.021955,0.068614,1.000000,-0.000017,0.00,0
3629,7.854,-3.071741,0.627921,-3.071741,0.627921,-3.136748,0.604526,,,,0.065007,0.023395,0.069089,1.000000,-0.000017,0.00,0
3630,7.867,-3.095007,0.610297,-3.081228,0.554533,-3.136748,0.603086,0.041741,0.007211,0.042359,0.055520,-0.048553,0.073755,1.000000,-0.000017,11.01,1
3631,7.868,-3.095007,0.610297,-3.095007,0.610297,-3.136748,0.601646,,,,0.041741,0.008651,0.042628,1.000000,-0.000017,0.00,0
3632,7.869,-3.095007,0.610297,-3.095007,0.610297,-3.136748,0.600206,,,,0.041741,0.010091,0.042944,1.000000,-0.000017,0.00,0
3633,7.871,-3.095007,0.610297,-3.095007,0.610297,-3.136748,0.598766,,,,0.041741,0.011531,0.043305,1.000000,-0.000017,0.00,0
3634,7.872,-3.095007,0.610297,-3.095007,0.610297,-3.136748,0.597326,,,,0.041741,0.012971,0.043710,1.000000,-0.000017,0.00,0
3635,7.873,-3.095007,0.610297,-3.095007,0.610297,-3.136748,0.595886,,,,0.041741,0.014411,0.044159,1.000000,-0.000017,0.00,0
3636,7.875,-3.095007,0.610297,-3.095007,0.610297,-3.136748,0.594446,,,,0.041741,0.015851,0.044649,1.000000,-0.000017,0.00,0
3637,7.876,-3.095007,0.610297,-3.095007,0.610297,-3.136748,0.593006,,,,0.041741,0.017291,0.045181,1.000000,-0.000017,0.00,0
3638,7.877,-3.095007,0.610297,-3.095007,0.610297,-3.136748,0.591566,,,,0.041741,0.018731,0.045751,1.000000,-0.000017,0.00,0
3639,7.879,-3.095007,0.610297,-3.095007,0.610297,-3.136748,0.590126,,,,0.041741,0.020171,0.046359,1.000000,-0.000017,0.00,0
3640,7.880,-3.095007,0.610297,-3.095007,0.610297,-3.136748,0.588686,,,,0.041741,0.021611,0.047004,1.000000,-0.000017,0.00,0
3641,7.881,-3.095007,0.610297,-3.095007,0.610297,-3.136748,0.587246,,,,0.041741,0.023051,0.047683,1.000000,-0.000017,0.00,0
3642,7.882,-3.095007,0.610297,-3.095007,0.610297,-3.136748,0.585806,,,,0.041741,0.024491,0.048396,1.000000,-0.000017,0.00,0
3643,7.884,-3.095007,0.610297,-3.095007,0.610297,-3.136748,0.584366,,,,0.041741,0.025931,0.049140,1.000000,-0.000017,0.00,0
3644,7.885,-3.095007,0.610297,-3.095007,0.610297,-3.136748,0.582926,,,,0.041741,0.027371,0.049915,1.000000,-0.000017,0.00,0
3645,7.896,-3.096631,0.576557,-3.107547,0.545567,-3.136748,0.581486,0.040117,-0.004929,0.040419,0.029201,-0.035919,0.046291,1.000000,-0.000017,10.01,1
3646,7.898,-3.096631,0.576557,-3.096631,0.576557,-3.136748,0.580046,,,,0.040117,-0.003489,0.040269,1.000000,-0.000017,0.00,0
3647,7.902,-3.096631,0.576557,-3.096631,0.576557,-3.136748,0.578606,,,,0.040117,-0.002049,0.040170,1.000000,-0.000017,0.00,0
3648,7.904,-3.096631,0.576557,-3.096631,0.576557,-3.136748,0.577166,,,,0.040117,-0.000609,0.040122,1.000000,-0.000017,0.00,0
3649,7.905,-3.096631,0.576557,-3.096631,0.576557,-3.136748,0.575726,,,,0.040117,0.000831,0.040126,1.000000,-0.000017,0.00,0
3650,7.906,-3.096631,0.576557,-3.096631,0.576557,-3.136748,0.574286,,,,0.040117,0.002271,0.040182,1.000000,-0.000017,0.00,0
3651,7.908,-3.096631,0.576557,-3.096631,0.576557,-3.136748,0.572846,,,,0.040117,0.003711,0.040289,1.000000,-0.000017,0.00,0
3652,7.908,-3.096631,0.576557,-3.096631,0.576557,-3.136748,0.571406,,,,0.040117,0.005151,0.040447,1.000000,-0.000017,0.00,0
3653,7.910,-3.096631,0.576557,-3.096631,0.576557,-3.136748,0.569966,,,,0.040117,0.006591,0.040655,1.000000,-0.000017,0.00,0
3654,7.912,-3.096631,0.576557,-3.096631,0.576557,-3.136748,0.568526,,,,0.040117,0.008031,0.040913,1.000000,-0.000017,0.00,0
3655,7.913,-3.096631,0.576557,-3.096631,0.576557,-3.136748,0.567086,,,,0.040117,0.009471,0.041220,1.000000,-0.000017,0.00,0
3656,7.914,-3.096631,0.576557,-3.096631,0.576557,-3.136748,0.565646,,,,0.040117,0.010911,0.041575,1.000000,-0.000017,0.00,0
3657,7.916,-3.096631,0.576557,-3.096631,0.576557,-3.136748,0.564206,,,,0.040117,0.012351,0.041975,1.000000,-0.000017,0.00,0
3658,7.918,-3.096631,0.576557,-3.096631,0.576557,-3.136748,0.562766,,,,0.040117,0.013791,0.042422,1.000000,-0.000017,0.00,0
3659,7.920,-3.096631,0.576557,-3.096631,0.576557,-3.136748,0.561326,,,,0.040117,0.015231,0.042911,1.000000,-0.000017,0.00,0
3660,7.932,-3.065761,0.541187,-3.008507,0.523460,-3.136748,0.559886,0.070988,-0.018699,0.073409,0.128241,-0.036425,0.133314,1.000000,-0.000017,10.50,1
3661,7.933,-3.065761,0.541187,-3.065761,0.541187,-3.136748,0.558446,,,,0.070988,-0.017259,0.073055,1.000000,-0.000017,0.00,0
3662,7.934,-3.065761,0.541187,-3.065761,0.541187,-3.136748,0.557006,,,,0.070988,-0.015819,0.072729,1.000000,-0.000017,0.00,0
3663,7.937,-3.065761,0.541187,-3.065761,0.541187,-3.136748,0.555566,,,,0.070988,-0.014379,0.072429,1.000000,-0.000017,0.00,0
3664,7.938,-3.065761,0.541187,-3.065761,0.541187,-3.136748,0.554126,,,,0.070988,-0.012939,0.072157,1.000000,-0.000017,0.00,0
3665,7.940,-3.065761,0.541187,-3.065761,0.541187,-3.136748,0.552686,,,,0.070988,-0.011499,0.071913,1.000000,-0.000017,0.00,0
3666,7.941,-3.065761,0.541187,-3.065761,0.541187,-3.136748,0.551246,,,,0.070988,-0.010059,0.071697,1.000000,-0.000017,0.00,0
3667,7.942,-3.065761,0.541187,-3.065761,0.541187,-3.136748,0.549806,,,,0.070988,-0.008619,0.071509,1.000000,-0.000017,0.00,0
3668,7.944,-3.065761,0.541187,-3.065761,0.541187,-3.136748,0.548366,,,,0.070988,-0.007179,0.071350,1.000000,-0.000017,0.00,0
3669,7.945,-3.065761,0.541187,-3.065761,0.541187,-3.136748,0.546926,,,,0.070988,-0.005739,0.071219,1.000000,-0.000017,0.00,0
3670,7.947,-3.065761,0.541187,-3.065761,0.541187,-3.136748,0.545486,,,,0.070988,-0.004299,0.071118,1.000000,-0.000017,0.00,0
3671,7.947,-3.065761,0.541187,-3.065761,0.541187,-3.136748,0.544046,,,,0.070988,-0.002859,0.071045,1.000000,-0.000017,0.00,0
3672,7.950,-3.065761,0.541187,-3.065761,0.541187,-3.136748,0.542606,,,,0.070988,-0.001419,0.071002,1.000000,-0.000017,0.00,0
3673,7.951,-3.065761,0.541187,-3.065761,0.541187,-3.136748,0.541166,,,,0.070988,0.000021,0.070988,1.000000,-0.000017,0.00,0
3674,7.952,-3.065761,0.541187,-3.065761,0.541187,-3.136748,0.539726,,,,0.070988,0.001461,0.071003,1.000000,-0.000017,0.00,0
3675,7.963,-3.092799,0.540270,-3.162345,0.551783,-3.136748,0.538286,0.043949,0.001985,0.043994,-0.025597,0.013498,0.028938,1.000000,-0.000017,11.52,1
3676,7.965,-3.092799,0.540270,-3.092799,0.540270,-3.136748,0.536846,,,,0.043949,0.003425,0.044082,1.000000,-0.000017,0.00,0
3677,7.966,-3.092799,0.540270,-3.092799,0.540270,-3.136748,0.535406,,,,0.043949,0.004865,0.044217,1.000000,-0.000017,0.00,0
3678,7.967,-3.092799,0.540270,-3.092799,0.540270,-3.136748,0.533966,,,,0.043949,0.006305,0.044399,1.000000,-0.000017,0.00,0
3679,7.968,-3.092799,0.540270,-3.092799,0.540270,-3.136748,0.532526,,,,0.043949,0.007745,0.044626,1.000000,-0.000017,0.00,0
3680,7.970,-3.092799,0.540270,-3.092799,0.540270,-3.136748,0.531086,,,,0.043949,0.009185,0.044898,1.000000,-0.000017,0.00,0
3681,7.971,-3.092799,0.540270,-3.092799,0.540270,-3.136748,0.529646,,,,0.043949,0.010625,0.045215,1.000000,-0.000017,0.00,0
3682,7.972,-3.092799,0.540270,-3.092799,0.540270,-3.136748,0.528206,,,,0.043949,0.012065,0.045575,1.000000,-0.000017,0.00,0
3683,7.973,-3.092799,0.540270,-3.092799,0.540270,-3.136748,0.526766,,,,0.043949,0.013505,0.045977,1.000000,-0.000017,0.00,0
3684,7.974,-3.092799,0.540270,-3.092799,0.540270,-3.136748,0.525326,,,,0.043949,0.014945,0.046420,1.000000,-0.000017,0.00,0
3685,7.975,-3.092799,0.540270,-3.092799,0.540270,-3.136748,0.523886,,,,0.043949,0.016385,0.046904,1.000000,-0.000017,0.00,0
3686,7.976,-3.092799,0.540270,-3.092799,0.540270,-3.136748,0.522446,,,,0.043949,0.017825,0.047426,1.000000,-0.000017,0.00,0
3687,7.977,-3.092799,0.540270,-3.092799,0.540270,-3.136748,0.521006,,,,0.043949,0.019265,0.047986,1.000000,-0.000017,0.00,0
3688,7.978,-3.092799,0.540270,-3.092799,0.540270,-3.136748,0.519566,,,,0.043949,0.020705,0.048582,1.000000,-0.000017,0.00,0
3689,7.980,-3.092799,0.540270,-3.092799,0.540270,-3.136748,0.518126,,,,0.043949,0.022145,0.049213,1.000000,-0.000017,0.00,0
3690,7.992,-3.122436,0.538966,-3.196455,0.541654,-3.136748,0.516686,0.014313,0.022280,0.026481,-0.059707,0.024968,0.064717,1.000000,-0.000017,11.01,1
3691,7.994,-3.122436,0.538966,-3.122436,0.538966,-3.136748,0.515246,,,,0.014313,0.023720,0.027704,1.000000,-0.000017,0.00,0
3692,7.995,-3.122436,0.538966,-3.122436,0.538966,-3.136748,0.513806,,,,0.014313,0.025160,0.028946,1.000000,-0.000017,0.00,0
3693,7.996,-3.122436,0.538966,-3.122436,0.538966,-3.136748,0.512366,,,,0.014313,0.026600,0.030206,1.000000,-0.000017,0.00,0
3694,7.997,-3.122436,0.538966,-3.122436,0.538966,-3.136748,0.510926,,,,0.014313,0.028040,0.031482,1.000000,-0.000017,0.00,0
3695,7.998,-3.122436,0.538966,-3.122436,0.538966,-3.136748,0.509486,,,,0.014313,0.029480,0.032771,1.000000,-0.000017,0.00,0
3696,8.000,-3.122436,0.538966,-3.122436,0.538966,-3.136748,0.508046,,,,0.014313,0.030920,0.034072,1.000000,-0.000017,0.00,0
3697,8.001,-3.122436,0.538966,-3.122436,0.538966,-3.136748,0.506606,,,,0.014313,0.032360,0.035384,1.000000,-0.000017,0.00,0
3698,8.002,-3.122436,0.538966,-3.122436,0.538966,-3.136748,0.505166,,,,0.014313,0.033800,0.036706,1.000000,-0.000017,0.00,0
3699,8.003,-3.122436,0.538966,-3.122436,0.538966,-3.136748,0.503726,,,,0.014313,0.035240,0.038036,1.000000,-0.000017,0.00,0
3700,8.004,-3.122436,0.538966,-3.122436,0.538966,-3.136748,0.502286,,,,0.014313,0.036680,0.039374,1.000000,-0.000017,0.00,0
3701,8.005,-3.122436,0.538966,-3.122436,0.538966,-3.136748,0.500846,,,,0.014313,0.038120,0.040719,1.000000,-0.000017,0.00,0
3702,8.007,-3.122436,0.538966,-3.122436,0.538966,-3.136748,0.499406,,,,0.014313,0.039560,0.042070,1.000000,-0.000017,0.00,0
3703,8.008,-3.122436,0.538966,-3.122436,0.538966,-3.136748,0.497966,,,,0.014313,0.041000,0.043427,1.000000,-0.000017,0.00,0
3704,8.008,-3.122436,0.538966,-3.122436,0.538966,-3.136748,0.496526,,,,0.014313,0.042440,0.044789,1.000000,-0.000017,0.00,0
3705,8.021,-3.175881,0.523630,-3.168842,0.477452,-3.136748,0.495086,-0.039132,0.028544,0.048437,-0.032094,-0.017634,0.036619,1.000000,-0.000017,11.52,1
3706,8.023,-3.175881,0.523630,-3.175881,0.523630,-3.135946,0.493646,,,,-0.039935,0.029984,0.049938,1.000000,-0.000017,0.00,0
3707,8.024,-3.175881,0.523630,-3.175881,0.523630,-3.135095,0.492206,,,,-0.040785,0.031424,0.051487,1.000000,-0.000017,0.00,0
3708,8.025,-3.175881,0.523630,-3.175881,0.523630,-3.134238,0.490766,,,,-0.041642,0.032864,0.053049,1.000000,-0.000017,0.00,0
3709,8.026,-3.175881,0.523630,-3.175881,0.523630,-3.133381,0.489326,,,,-0.042499,0.034304,0.054617,1.000000,-0.000017,0.00,0
3710,8.028,-3.175881,0.523630,-3.175881,0.523630,-3.132526,0.487886,,,,-0.043355,0.035744,0.056190,1.000000,-0.000017,0.00,0
3711,8.030,-3.175881,0.523630,-3.175881,0.523630,-3.131671,0.486446,,,,-0.044210,0.037184,0.057768,1.000000,-0.000017,0.00,0
3712,8.031,-3.175881,0.523630,-3.175881,0.523630,-3.130817,0.485006,,,,-0.045063,0.038624,0.059351,1.000000,-0.000017,0.00,0
3713,8.032,-3.175881,0.523630,-3.175881,0.523630,-3.129965,0.483566,,,,-0.045916,0.040064,0.060938,1.000000,-0.000017,0.00,0
3714,8.032,-3.175881,0.523630,-3.175881,0.523630,-3.129112,0.482126,,,,-0.046768,0.041504,0.062529,1.000000,-0.000017,0.00,0
3715,8.034,-3.175881,0.523630,-3.175881,0.523630,-3.128261,0.480686,,,,-0.047620,0.042944,0.064124,1.000000,-0.000017,0.00,0
3716,8.035,-3.175881,0.523630,-3.175881,0.523630,-3.127409,0.479246,,,,-0.048471,0.044384,0.065722,1.000000,-0.000017,0.00,0
3717,8.036,-3.175881,0.523630,-3.175881,0.523630,-3.126558,0.477806,,,,-0.049322,0.045824,0.067324,1.000000,-0.000017,0.00,0
3718,8.037,-3.175881,0.523630,-3.175881,0.523630,-3.125708,0.476366,,,,-0.050173,0.047264,0.068929,1.000000,-0.000017,0.00,0
3719,8.038,-3.175881,0.523630,-3.175881,0.523630,-3.124857,0.474926,,,,-0.051024,0.048704,0.070537,1.000000,-0.000017,0.00,0
3720,8.050,-3.155176,0.485495,-3.100231,0.437378,-3.124007,0.473486,-0.031170,0.012009,0.033403,0.023776,-0.036108,0.043232,1.000000,-0.000017,10.01,1
3721,8.052,-3.155176,0.485495,-3.155176,0.485495,-3.123959,0.472046,,,,-0.031218,0.013449,0.033991,1.000000,-0.000017,0.00,0
3722,8.054,-3.155176,0.485495,-3.155176,0.485495,-3.123959,0.470606,,,,-0.031217,0.014889,0.034586,1.000000,-0.000017,0.00,0
3723,8.056,-3.155176,0.485495,-3.155176,0.485495,-3.123966,0.469166,,,,-0.031210,0.016329,0.035224,1.000000,-0.000017,0.00,0
3724,8.057,-3.155176,0.485495,-3.155176,0.485495,-3.123973,0.467726,,,,-0.031203,0.017769,0.035908,1.000000,-0.000017,0.00,0
3725,8.058,-3.155176,0.485495,-3.155176,0.485495,-3.123978,0.466286,,,,-0.031198,0.019209,0.036637,1.000000,-0.000017,0.00,0
3726,8.059,-3.155176,0.485495,-3.155176,0.485495,-3.123983,0.464846,,,,-0.031193,0.020649,0.037409,1.000000,-0.000017,0.00,0
3727,8.060,-3.155176,0.485495,-3.155176,0.485495,-3.123987,0.463406,,,,-0.031190,0.022089,0.038219,1.000000,-0.000017,0.00,0
3728,8.061,-3.155176,0.485495,-3.155176,0.485495,-3.123989,0.461966,,,,-0.031187,0.023529,0.039067,1.000000,-0.000017,0.00,0
3729,8.062,-3.155176,0.485495,-3.155176,0.485495,-3.123992,0.460526,,,,-0.031184,0.024969,0.039949,1.000000,-0.000017,0.00,0
3730,8.064,-3.155176,0.485495,-3.155176,0.485495,-3.123994,0.459086,,,,-0.031183,0.026409,0.040863,1.000000,-0.000017,0.00,0
3731,8.065,-3.155176,0.485495,-3.155176,0.485495,-3.123995,0.457646,,,,-0.031181,0.027849,0.041807,1.000000,-0.000017,0.00,0
3732,8.066,-3.155176,0.485495,-3.155176,0.485495,-3.123996,0.456206,,,,-0.031180,0.029289,0.042779,1.000000,-0.000017,0.00,0
3733,8.067,-3.155176,0.485495,-3.155176,0.485495,-3.123997,0.454766,,,,-0.031179,0.030729,0.043777,1.000000,-0.000017,0.00,0
3734,8.068,-3.155176,0.485495,-3.155176,0.485495,-3.123998,0.453326,,,,-0.031179,0.032169,0.044799,1.000000,-0.000017,0.00,0
3735,8.080,-3.093967,0.450547,-3.012828,0.436813,-3.123998,0.451886,0.030031,-0.001338,0.030061,0.111170,-0.015073,0.112187,1.000000,-0.000017,11.51,1
3736,8.083,-3.093967,0.450547,-3.093967,0.450547,-3.123999,0.450446,,,,0.030032,0.000102,0.030032,1.000000,-0.000017,0.00,0
3737,8.084,-3.093967,0.450547,-3.093967,0.450547,-3.123999,0.449006,,,,0.030032,0.001542,0.030072,1.000000,-0.000017,0.00,0
3738,8.085,-3.093967,0.450547,-3.093967,0.450547,-3.123999,0.447566,,,,0.030033,0.002982,0.030180,1.000000,-0.000017,0.00,0
3739,8.086,-3.093967,0.450547,-3.093967,0.450547,-3.123999,0.446126,,,,0.030033,0.004422,0.030357,1.000000,-0.000017,0.00,0
3740,8.087,-3.093967,0.450547,-3.093967,0.450547,-3.124000,0.444686,,,,0.030033,0.005862,0.030600,1.000000,-0.000017,0.00,0
3741,8.089,-3.093967,0.450547,-3.093967,0.450547,-3.124000,0.443246,,,,0.030033,0.007302,0.030908,1.000000,-0.000017,0.00,0
3742,8.089,-3.093967,0.450547,-3.093967,0.450547,-3.124000,0.441806,,,,0.030033,0.008742,0.031280,1.000000,-0.000017,0.00,0
3743,8.091,-3.093967,0.450547,-3.093967,0.450547,-3.124000,0.440366,,,,0.030033,0.010182,0.031712,1.000000,-0.000017,0.00,0
3744,8.092,-3.093967,0.450547,-3.093967,0.450547,-3.124000,0.438926,,,,0.030033,0.011622,0.032204,1.000000,-0.000017,0.00,0
3745,8.092,-3.093967,0.450547,-3.093967,0.450547,-3.124000,0.437486,,,,0.030033,0.013062,0.032751,1.000000,-0.000017,0.00,0
3746,8.095,-3.093967,0.450547,-3.093967,0.450547,-3.124000,0.436046,,,,0.030033,0.014502,0.033351,1.000000,-0.000017,0.00,0
3747,8.096,-3.093967,0.450547,-3.093967,0.450547,-3.124000,0.434606,,,,0.030033,0.015942,0.034002,1.000000,-0.000017,0.00,0
3748,8.097,-3.093967,0.450547,-3.093967,0.450547,-3.124000,0.433166,,,,0.030033,0.017382,0.034701,1.000000,-0.000017,0.00,0
3749,8.098,-3.093967,0.450547,-3.093967,0.450547,-3.124000,0.431726,,,,0.030033,0.018822,0.035444,1.000000,-0.000017,0.00,0
3750,8.109,-3.055770,0.446350,-3.054253,0.464859,-3.124000,0.430286,0.068230,0.016064,0.070096,0.069748,0.034573,0.077846,1.000000,-0.000017,10.01,1
3751,8.112,-3.055770,0.446350,-3.055770,0.446350,-3.124000,0.428846,,,,0.068230,0.017504,0.070440,1.000000,-0.000017,0.00,0
3752,8.112,-3.055770,0.446350,-3.055770,0.446350,-3.124000,0.427406,,,,0.068230,0.018944,0.070811,1.000000,-0.000017,0.00,0
3753,8.114,-3.055770,0.446350,-3.055770,0.446350,-3.124000,0.425966,,,,0.068230,0.020384,0.071210,1.000000,-0.000017,0.00,0
3754,8.116,-3.055770,0.446350,-3.055770,0.446350,-3.124000,0.424526,,,,0.068230,0.021824,0.071635,1.000000,-0.000017,0.00,0
3755,8.117,-3.055770,0.446350,-3.055770,0.446350,-3.124000,0.423086,,,,0.068230,0.023264,0.072087,1.000000,-0.000017,0.00,0
3756,8.118,-3.055770,0.446350,-3.055770,0.446350,-3.124000,0.421646,,,,0.068230,0.024704,0.072565,1.000000,-0.000017,0.00,0
3757,8.119,-3.055770,0.446350,-3.055770,0.446350,-3.124000,0.420206,,,,0.068230,0.026144,0.073067,1.000000,-0.000017,0.00,0
3758,8.119,-3.055770,0.446350,-3.055770,0.446350,-3.124000,0.418766,,,,0.068230,0.027584,0.073595,1.000000,-0.000017,0.00,0
3759,8.120,-3.055770,0.446350,-3.055770,0.446350,-3.124000,0.417326,,,,0.068230,0.029024,0.074147,1.000000,-0.000017,0.00,0
3760,8.121,-3.055770,0.446350,-3.055770,0.446350,-3.124000,0.415886,,,,0.068230,0.030464,0.074722,1.000000,-0.000017,0.00,0
3761,8.122,-3.055770,0.446350,-3.055770,0.446350,-3.124000,0.414446,,,,0.068230,0.031904,0.075321,1.000000,-0.000017,0.00,0
3762,8.123,-3.055770,0.446350,-3.055770,0.446350,-3.124000,0.413006,,,,0.068230,0.033344,0.075942,1.000000,-0.000017,0.00,0
3763,8.124,-3.055770,0.446350,-3.055770,0.446350,-3.124000,0.411566,,,,0.068230,0.034784,0.076585,1.000000,-0.000017,0.00,0
3764,8.125,-3.055770,0.446350,-3.055770,0.446350,-3.124000,0.410126,,,,0.068230,0.036224,0.077250,1.000000,-0.000017,0.00,0
3765,8.137,-3.050671,0.443904,-3.084931,0.430040,-3.124000,0.408686,0.073330,0.035218,0.081348,0.039069,0.021354,0.044524,1.000000,-0.000017,11.01,1
3766,8.139,-3.050671,0.443904,-3.050671,0.443904,-3.124000,0.407246,,,,0.073330,0.036658,0.081982,1.000000,-0.000017,0.00,0
3767,8.141,-3.050671,0.443904,-3.050671,0.443904,-3.124000,0.405806,,,,0.073330,0.038098,0.082636,1.000000,-0.000017,0.00,0
3768,8.142,-3.050671,0.443904,-3.050671,0.443904,-3.124000,0.404366,,,,0.073330,0.039538,0.083310,1.000000,-0.000017,0.00,0
3769,8.143,-3.050671,0.443904,-3.050671,0.443904,-3.124000,0.402926,,,,0.073330,0.040978,0.084003,1.000000,-0.000017,0.00,0
3770,8.144,-3.050671,0.443904,-3.050671,0.443904,-3.124000,0.401486,,,,0.073330,0.042418,0.084714,1.000000,-0.000017,0.00,0
3771,8.145,-3.050671,0.443904,-3.050671,0.443904,-3.124000,0.400046,,,,0.073330,0.043858,0.085444,1.000000,-0.000017,0.00,0
3772,8.147,-3.050671,0.443904,-3.050671,0.443904,-3.124000,0.398606,,,,0.073330,0.045298,0.086192,1.000000,-0.000017,0.00,0
3773,8.147,-3.050671,0.443904,-3.050671,0.443904,-3.124000,0.397166,,,,0.073330,0.046738,0.086958,1.000000,-0.000017,0.00,0
3774,8.149,-3.050671,0.443904,-3.050671,0.443904,-3.124000,0.395726,,,,0.073330,0.048178,0.087740,1.000000,-0.000017,0.00,0
3775,8.150,-3.050671,0.443904,-3.050671,0.443904,-3.124000,0.394286,,,,0.073330,0.049618,0.088539,1.000000,-0.000017,0.00,0
3776,8.151,-3.050671,0.443904,-3.050671,0.443904,-3.124000,0.392846,,,,0.073330,0.051058,0.089354,1.000000,-0.000017,0.00,0
3777,8.152,-3.050671,0.443904,-3.050671,0.443904,-3.124000,0.391406,,,,0.073330,0.052498,0.090185,1.000000,-0.000017,0.00,0
3778,8.154,-3.050671,0.443904,-3.050671,0.443904,-3.124000,0.389966,,,,0.073330,0.053938,0.091030,1.000000,-0.000017,0.00,0
3779,8.155,-3.050671,0.443904,-3.050671,0.443904,-3.124000,0.388526,,,,0.073330,0.055378,0.091891,1.000000,-0.000017,0.00,0
3780,8.168,-3.089608,0.426813,-3.129642,0.385542,-3.124000,0.387086,0.034392,0.039728,0.052546,-0.005641,-0.001544,0.005849,1.000000,-0.000017,11.01,1
3781,8.169,-3.089608,0.426813,-3.089608,0.426813,-3.124000,0.385646,,,,0.034392,0.041168,0.053643,1.000000,-0.000017,0.00,0
3782,8.171,-3.089608,0.426813,-3.089608,0.426813,-3.124000,0.384206,,,,0.034392,0.042608,0.054756,1.000000,-0.000017,0.00,0
3783,8.172,-3.089608,0.426813,-3.089608,0.426813,-3.124000,0.382766,,,,0.034392,0.044048,0.055884,1.000000,-0.000017,0.00,0
3784,8.173,-3.089608,0.426813,-3.089608,0.426813,-3.124000,0.381326,,,,0.034392,0.045488,0.057025,1.000000,-0.000017,0.00,0
3785,8.175,-3.089608,0.426813,-3.089608,0.426813,-3.124000,0.379886,,,,0.034392,0.046928,0.058181,1.000000,-0.000017,0.00,0
3786,8.177,-3.089608,0.426813,-3.089608,0.426813,-3.124000,0.378446,,,,0.034392,0.048368,0.059348,1.000000,-0.000017,0.00,0
3787,8.178,-3.089608,0.426813,-3.089608,0.426813,-3.124000,0.377006,,,,0.034392,0.049807,0.060527,1.000000,-0.000017,0.00,0
3788,8.179,-3.089608,0.426813,-3.089608,0.426813,-3.124000,0.375566,,,,0.034392,0.051247,0.061718,1.000000,-0.000017,0.00,0
3789,8.180,-3.089608,0.426813,-3.089608,0.426813,-3.124000,0.374126,,,,0.034392,0.052687,0.062919,1.000000,-0.000017,0.00,0
3790,8.181,-3.089608,0.426813,-3.089608,0.426813,-3.124000,0.372686,,,,0.034392,0.054127,0.064129,1.000000,-0.000017,0.00,0
3791,8.182,-3.089608,0.426813,-3.089608,0.426813,-3.124000,0.371246,,,,0.034392,0.055567,0.065349,1.000000,-0.000017,0.00,0
3792,8.183,-3.089608,0.426813,-3.089608,0.426813,-3.124000,0.369806,,,,0.034392,0.057007,0.066578,1.000000,-0.000017,0.00,0
3793,8.185,-3.089608,0.426813,-3.089608,0.426813,-3.124000,0.368366,,,,0.034392,0.058447,0.067815,1.000000,-0.000017,0.00,0
3794,8.186,-3.089608,0.426813,-3.089608,0.426813,-3.124000,0.366926,,,,0.034392,0.059887,0.069060,1.000000,-0.000017,0.00,0
3795,8.197,-3.100373,0.384156,-3.086546,0.336888,-3.124000,0.365486,0.023627,0.018671,0.030114,0.037454,-0.028598,0.047124,1.000000,-0.000017,10.01,1
3796,8.200,-3.100373,0.384156,-3.100373,0.384156,-3.124000,0.364046,,,,0.023627,0.020111,0.031027,1.000000,-0.000017,0.00,0
3797,8.205,-3.100373,0.384156,-3.100373,0.384156,-3.124000,0.362606,,,,0.023627,0.021551,0.031979,1.000000,-0.000017,0.00,0
3798,8.206,-3.100373,0.384156,-3.100373,0.384156,-3.124000,0.361166,,,,0.023627,0.022991,0.032967,1.000000,-0.000017,0.00,0
3799,8.208,-3.100373,0.384156,-3.100373,0.384156,-3.124000,0.359726,,,,0.023627,0.024431,0.033987,1.000000,-0.000017,0.00,0
3800,8.209,-3.100373,0.384156,-3.100373,0.384156,-3.124000,0.358286,,,,0.023627,0.025871,0.035036,1.000000,-0.000017,0.00,0
3801,8.211,-3.100373,0.384156,-3.100373,0.384156,-3.124000,0.356846,,,,0.023627,0.027311,0.036112,1.000000,-0.000017,0.00,0
3802,8.212,-3.100373,0.384156,-3.100373,0.384156,-3.124000,0.355406,,,,0.023627,0.028751,0.037213,1.000000,-0.000017,0.00,0
3803,8.213,-3.100373,0.384156,-3.100373,0.384156,-3.124000,0.353966,,,,0.023627,0.030191,0.038337,1.000000,-0.000017,0.00,0
3804,8.214,-3.100373,0.384156,-3.100373,0.384156,-3.124000,0.352526,,,,0.023627,0.031631,0.039481,1.000000,-0.000017,0.00,0
3805,8.216,-3.100373,0.384156,-3.100373,0.384156,-3.124000,0.351086,,,,0.023627,0.033071,0.040644,1.000000,-0.000017,0.00,0
3806,8.218,-3.100373,0.384156,-3.100373,0.384156,-3.124000,0.349646,,,,0.023627,0.034511,0.041824,1.000000,-0.000017,0.00,0
3807,8.219,-3.100373,0.384156,-3.100373,0.384156,-3.124000,0.348206,,,,0.023627,0.035951,0.043019,1.000000,-0.000017,0.00,0
3808,8.220,-3.100373,0.384156,-3.100373,0.384156,-3.124000,0.346766,,,,0.023627,0.037391,0.044230,1.000000,-0.000017,0.00,0
3809,8.221,-3.100373,0.384156,-3.100373,0.384156,-3.124000,0.345326,,,,0.023627,0.038831,0.045454,1.000000,-0.000017,0.00,0
3810,8.233,-3.077260,0.335886,-3.015592,0.285227,-3.124000,0.343886,0.046740,-0.008000,0.047420,0.108408,-0.058659,0.123261,1.000000,-0.000017,11.01,1
3811,8.234,-3.077260,0.335886,-3.077260,0.335886,-3.124000,0.342446,,,,0.046740,-0.006560,0.047198,1.000000,-0.000017,0.00,0
3812,8.236,-3.077260,0.335886,-3.077260,0.335886,-3.124000,0.341006,,,,0.046740,-0.005120,0.047020,1.000000,-0.000017,0.00,0
3813,8.237,-3.077260,0.335886,-3.077260,0.335886,-3.124000,0.339566,,,,0.046740,-0.003680,0.046885,1.000000,-0.000017,0.00,0
3814,8.238,-3.077260,0.335886,-3.077260,0.335886,-3.124000,0.338126,,,,0.046740,-0.002240,0.046794,1.000000,-0.000017,0.00,0
3815,8.240,-3.077260,0.335886,-3.077260,0.335886,-3.124000,0.336686,,,,0.046740,-0.000800,0.046747,1.000000,-0.000017,0.00,0
3816,8.241,-3.077260,0.335886,-3.077260,0.335886,-3.124000,0.335246,,,,0.046740,0.000640,0.046745,1.000000,-0.000017,0.00,0
3817,8.242,-3.077260,0.335886,-3.077260,0.335886,-3.124000,0.333806,,,,0.046740,0.002080,0.046786,1.000000,-0.000017,0.00,0
3818,8.243,-3.077260,0.335886,-3.077260,0.335886,-3.124000,0.332366,,,,0.046740,0.003520,0.046873,1.000000,-0.000017,0.00,0
3819,8.244,-3.077260,0.335886,-3.077260,0.335886,-3.124000,0.330926,,,,0.046740,0.004960,0.047003,1.000000,-0.000017,0.00,0
3820,8.245,-3.077260,0.335886,-3.077260,0.335886,-3.124000,0.329486,,,,0.046740,0.006400,0.047176,1.000000,-0.000017,0.00,0
3821,8.246,-3.077260,0.335886,-3.077260,0.335886,-3.124000,0.328046,,,,0.046740,0.007840,0.047393,1.000000,-0.000017,0.00,0
3822,8.247,-3.077260,0.335886,-3.077260,0.335886,-3.124000,0.326606,,,,0.046740,0.009280,0.047652,1.000000,-0.000017,0.00,0
3823,8.249,-3.077260,0.335886,-3.077260,0.335886,-3.124000,0.325166,,,,0.046740,0.010720,0.047954,1.000000,-0.000017,0.00,0
3824,8.250,-3.077260,0.335886,-3.077260,0.335886,-3.124000,0.323726,,,,0.046740,0.012160,0.048296,1.000000,-0.000017,0.00,0
3825,8.262,-3.055984,0.332203,-3.065813,0.374494,-3.124000,0.322286,0.068016,0.009917,0.068736,0.058187,0.052208,0.078176,1.000000,-0.000017,11.01,1
3826,8.265,-3.055984,0.332203,-3.055984,0.332203,-3.124000,0.320846,,,,0.068016,0.011357,0.068958,1.000000,-0.000017,0.00,0
3827,8.266,-3.055984,0.332203,-3.055984,0.332203,-3.124000,0.319406,,,,0.068016,0.012797,0.069210,1.000000,-0.000017,0.00,0
3828,8.267,-3.055984,0.332203,-3.055984,0.332203,-3.124000,0.317966,,,,0.068016,0.014237,0.069491,1.000000,-0.000017,0.00,0
3829,8.268,-3.055984,0.332203,-3.055984,0.332203,-3.124000,0.316526,,,,0.068016,0.015677,0.069800,1.000000,-0.000017,0.00,0
3830,8.270,-3.055984,0.332203,-3.055984,0.332203,-3.124000,0.315086,,,,0.068016,0.017117,0.070137,1.000000,-0.000017,0.00,0
3831,8.271,-3.055984,0.332203,-3.055984,0.332203,-3.124000,0.313646,,,,0.068016,0.018557,0.070503,1.000000,-0.000017,0.00,0
3832,8.272,-3.055984,0.332203,-3.055984,0.332203,-3.124000,0.312206,,,,0.068016,0.019997,0.070895,1.000000,-0.000017,0.00,0
3833,8.273,-3.055984,0.332203,-3.055984,0.332203,-3.124000,0.310766,,,,0.068016,0.021437,0.071315,1.000000,-0.000017,0.00,0
3834,8.274,-3.055984,0.332203,-3.055984,0.332203,-3.124000,0.309326,,,,0.068016,0.022877,0.071761,1.000000,-0.000017,0.00,0
3835,8.275,-3.055984,0.332203,-3.055984,0.332203,-3.124000,0.307886,,,,0.068016,0.024317,0.072233,1.000000,-0.000017,0.00,0
3836,8.276,-3.055984,0.332203,-3.055984,0.332203,-3.124000,0.306446,,,,0.068016,0.025757,0.072730,1.000000,-0.000017,0.00,0
3837,8.277,-3.055984,0.332203,-3.055984,0.332203,-3.124000,0.305006,,,,0.068016,0.027197,0.073252,1.000000,-0.000017,0.00,0
3838,8.278,-3.055984,0.332203,-3.055984,0.332203,-3.124000,0.303566,,,,0.068016,0.028637,0.073799,1.000000,-0.000017,0.00,0
3839,8.280,-3.055984,0.332203,-3.055984,0.332203,-3.124000,0.302126,,,,0.068016,0.030077,0.074370,1.000000,-0.000017,0.00,0
3840,8.293,-3.061066,0.315963,-3.101794,0.288167,-3.124000,0.300686,0.062934,0.015277,0.064761,0.022206,-0.012519,0.025491,1.000000,-0.000017,11.01,1
3841,8.294,-3.061066,0.315963,-3.061066,0.315963,-3.124000,0.299246,,,,0.062934,0.016717,0.065116,1.000000,-0.000017,0.00,0
3842,8.295,-3.061066,0.315963,-3.061066,0.315963,-3.124000,0.297806,,,,0.062934,0.018157,0.065500,1.000000,-0.000017,0.00,0
3843,8.297,-3.061066,0.315963,-3.061066,0.315963,-3.124000,0.296366,,,,0.062934,0.019597,0.065914,1.000000,-0.000017,0.00,0
3844,8.298,-3.061066,0.315963,-3.061066,0.315963,-3.124000,0.294926,,,,0.062934,0.021037,0.066357,1.000000,-0.000017,0.00,0
3845,8.300,-3.061066,0.315963,-3.061066,0.315963,-3.124000,0.293486,,,,0.062934,0.022477,0.066827,1.000000,-0.000017,0.00,0
3846,8.301,-3.061066,0.315963,-3.061066,0.315963,-3.124000,0.292046,,,,0.062934,0.023917,0.067325,1.000000,-0.000017,0.00,0
3847,8.302,-3.061066,0.315963,-3.061066,0.315963,-3.124000,0.290606,,,,0.062934,0.025357,0.067850,1.000000,-0.000017,0.00,0
3848,8.303,-3.061066,0.315963,-3.061066,0.315963,-3.124000,0.289166,,,,0.062934,0.026797,0.068401,1.000000,-0.000017,0.00,0
3849,8.305,-3.061066,0.315963,-3.061066,0.315963,-3.124000,0.287726,,,,0.062934,0.028237,0.068978,1.000000,-0.000017,0.00,0
3850,8.306,-3.061066,0.315963,-3.061066,0.315963,-3.124000,0.286286,,,,0.062934,0.029677,0.069580,1.000000,-0.000017,0.00,0
3851,8.307,-3.061066,0.315963,-3.061066,0.315963,-3.124000,0.284846,,,,0.062934,0.031117,0.070206,1.000000,-0.000017,0.00,0
3852,8.308,-3.061066,0.315963,-3.061066,0.315963,-3.124000,0.283406,,,,0.062934,0.032557,0.070856,1.000000,-0.000017,0.00,0
3853,8.310,-3.061066,0.315963,-3.061066,0.315963,-3.124000,0.281966,,,,0.062934,0.033997,0.071529,1.000000,-0.000017,0.00,0
3854,8.311,-3.061066,0.315963,-3.061066,0.315963,-3.124000,0.280526,,,,0.062934,0.035437,0.072225,1.000000,-0.000017,0.00,0
3855,8.322,-3.091338,0.304095,-3.106408,0.249622,-3.124000,0.279086,0.032662,0.025009,0.041137,0.017592,-0.029463,0.034316,1.000000,-0.000017,10.51,1
3856,8.325,-3.091338,0.304095,-3.091338,0.304095,-3.124000,0.277646,,,,0.032662,0.026449,0.042028,1.000000,-0.000017,0.00,0
3857,8.326,-3.091338,0.304095,-3.091338,0.304095,-3.124000,0.276206,,,,0.032662,0.027889,0.042948,1.000000,-0.000017,0.00,0
3858,8.327,-3.091338,0.304095,-3.091338,0.304095,-3.124000,0.274766,,,,0.032662,0.029329,0.043897,1.000000,-0.000017,0.00,0
3859,8.328,-3.091338,0.304095,-3.091338,0.304095,-3.124000,0.273326,,,,0.032662,0.030769,0.044872,1.000000,-0.000017,0.00,0
3860,8.330,-3.091338,0.304095,-3.091338,0.304095,-3.124000,0.271886,,,,0.032662,0.032209,0.045871,1.000000,-0.000017,0.00,0
3861,8.332,-3.091338,0.304095,-3.091338,0.304095,-3.124000,0.270446,,,,0.032662,0.033649,0.046894,1.000000,-0.000017,0.00,0
3862,8.332,-3.091338,0.304095,-3.091338,0.304095,-3.124000,0.269006,,,,0.032662,0.035089,0.047938,1.000000,-0.000017,0.00,0
3863,8.333,-3.091338,0.304095,-3.091338,0.304095,-3.124000,0.267566,,,,0.032662,0.036529,0.049001,1.000000,-0.000017,0.00,0
3864,8.335,-3.091338,0.304095,-3.091338,0.304095,-3.124000,0.266126,,,,0.032662,0.037969,0.050084,1.000000,-0.000017,0.00,0
3865,8.336,-3.091338,0.304095,-3.091338,0.304095,-3.124000,0.264686,,,,0.032662,0.039409,0.051184,1.000000,-0.000017,0.00,0
3866,8.337,-3.091338,0.304095,-3.091338,0.304095,-3.124000,0.263246,,,,0.032662,0.040849,0.052301,1.000000,-0.000017,0.00,0
3867,8.338,-3.091338,0.304095,-3.091338,0.304095,-3.124000,0.261806,,,,0.032662,0.042289,0.053433,1.000000,-0.000017,0.00,0
3868,8.340,-3.091338,0.304095,-3.091338,0.304095,-3.124000,0.260366,,,,0.032662,0.043729,0.054580,1.000000,-0.000017,0.00,0
3869,8.341,-3.091338,0.304095,-3.091338,0.304095,-3.124000,0.258926,,,,0.032662,0.045169,0.055741,1.000000,-0.000017,0.00,0
3870,8.355,-3.067909,0.268934,-2.995524,0.269012,-3.124000,0.257486,0.056091,0.011448,0.057247,0.128476,0.011527,0.128992,1.000000,-0.000017,11.12,1
3871,8.356,-3.067909,0.268934,-3.067909,0.268934,-3.124000,0.256046,,,,0.056091,0.012888,0.057553,1.000000,-0.000017,0.00,0
3872,8.357,-3.067909,0.268934,-3.067909,0.268934,-3.124000,0.254606,,,,0.056091,0.014328,0.057892,1.000000,-0.000017,0.00,0
3873,8.359,-3.067909,0.268934,-3.067909,0.268934,-3.124000,0.253166,,,,0.056091,0.015768,0.058265,1.000000,-0.000017,0.00,0
3874,8.359,-3.067909,0.268934,-3.067909,0.268934,-3.124000,0.251726,,,,0.056091,0.017208,0.058671,1.000000,-0.000017,0.00,0
3875,8.360,-3.067909,0.268934,-3.067909,0.268934,-3.124000,0.250286,,,,0.056091,0.018648,0.059110,1.000000,-0.000017,0.00,0
3876,8.362,-3.067909,0.268934,-3.067909,0.268934,-3.124000,0.248846,,,,0.056091,0.020088,0.059580,1.000000,-0.000017,0.00,0
3877,8.364,-3.067909,0.268934,-3.067909,0.268934,-3.124000,0.247406,,,,0.056091,0.021528,0.060081,1.000000,-0.000017,0.00,0
3878,8.366,-3.067909,0.268934,-3.067909,0.268934,-3.124000,0.245966,,,,0.056091,0.022968,0.060612,1.000000,-0.000017,0.00,0
3879,8.367,-3.067909,0.268934,-3.067909,0.268934,-3.124000,0.244526,,,,0.056091,0.024408,0.061172,1.000000,-0.000017,0.00,0
3880,8.368,-3.067909,0.268934,-3.067909,0.268934,-3.124000,0.243086,,,,0.056091,0.025848,0.061760,1.000000,-0.000017,0.00,0
3881,8.369,-3.067909,0.268934,-3.067909,0.268934,-3.124000,0.241646,,,,0.056091,0.027288,0.062377,1.000000,-0.000017,0.00,0
3882,8.370,-3.067909,0.268934,-3.067909,0.268934,-3.124000,0.240206,,,,0.056091,0.028728,0.063020,1.000000,-0.000017,0.00,0
3883,8.372,-3.067909,0.268934,-3.067909,0.268934,-3.124000,0.238766,,,,0.056091,0.030168,0.063689,1.000000,-0.000017,0.00,0
3884,8.372,-3.067909,0.268934,-3.067909,0.268934,-3.124000,0.237326,,,,0.056091,0.031608,0.064384,1.000000,-0.000017,0.00,0
3885,8.385,-3.033471,0.232338,-2.998480,0.178380,-3.124000,0.235886,0.090529,-0.003547,0.090599,0.125520,-0.057505,0.138066,1.000000,-0.000017,10.01,1
3886,8.388,-3.033471,0.232338,-3.033471,0.232338,-3.124000,0.234446,,,,0.090529,-0.002107,0.090554,1.000000,-0.000017,0.00,0
3887,8.389,-3.033471,0.232338,-3.033471,0.232338,-3.124000,0.233006,,,,0.090529,-0.000667,0.090532,1.000000,-0.000017,0.00,0
3888,8.389,-3.033471,0.232338,-3.033471,0.232338,-3.124000,0.231566,,,,0.090529,0.000773,0.090533,1.000000,-0.000017,0.00,0
3889,8.391,-3.033471,0.232338,-3.033471,0.232338,-3.124000,0.230126,,,,0.090529,0.002213,0.090556,1.000000,-0.000017,0.00,0
3890,8.392,-3.033471,0.232338,-3.033471,0.232338,-3.124000,0.228686,,,,0.090529,0.003653,0.090603,1.000000,-0.000017,0.00,0
3891,8.392,-3.033471,0.232338,-3.033471,0.232338,-3.124000,0.227246,,,,0.090529,0.005093,0.090672,1.000000,-0.000017,0.00,0
3892,8.395,-3.033471,0.232338,-3.033471,0.232338,-3.124000,0.225806,,,,0.090529,0.006533,0.090765,1.000000,-0.000017,0.00,0
3893,8.396,-3.033471,0.232338,-3.033471,0.232338,-3.124000,0.224366,,,,0.090529,0.007973,0.090880,1.000000,-0.000017,0.00,0
3894,8.397,-3.033471,0.232338,-3.033471,0.232338,-3.124000,0.222926,,,,0.090529,0.009413,0.091017,1.000000,-0.000017,0.00,0
3895,8.398,-3.033471,0.232338,-3.033471,0.232338,-3.124000,0.221486,,,,0.090529,0.010853,0.091177,1.000000,-0.000017,0.00,0
3896,8.399,-3.033471,0.232338,-3.033471,0.232338,-3.124000,0.220046,,,,0.090529,0.012293,0.091360,1.000000,-0.000017,0.00,0
3897,8.399,-3.033471,0.232338,-3.033471,0.232338,-3.124000,0.218606,,,,0.090529,0.013733,0.091565,1.000000,-0.000017,0.00,0
3898,8.400,-3.033471,0.232338,-3.033471,0.232338,-3.124000,0.217165,,,,0.090529,0.015173,0.091792,1.000000,-0.000017,0.00,0
3899,8.401,-3.033471,0.232338,-3.033471,0.232338,-3.124000,0.215725,,,,0.090529,0.016613,0.092041,1.000000,-0.000017,0.00,0
3900,8.414,-3.020122,0.224628,-3.066361,0.226492,-3.124000,0.214285,0.103878,0.010343,0.104392,0.057639,0.012206,0.058917,1.000000,-0.000017,10.51,1
3901,8.416,-3.020122,0.224628,-3.020122,0.224628,-3.124845,0.212845,,,,0.104723,0.011783,0.105384,1.000000,-0.000017,0.00,0
3902,8.417,-3.020122,0.224628,-3.020122,0.224628,-3.125740,0.211405,,,,0.105618,0.013223,0.106443,1.000000,-0.000017,0.00,0
3903,8.418,-3.020122,0.224628,-3.020122,0.224628,-3.126642,0.209965,,,,0.106521,0.014663,0.107525,1.000000,-0.000017,0.00,0
3904,8.419,-3.020122,0.224628,-3.020122,0.224628,-3.127545,0.208525,,,,0.107423,0.016103,0.108623,1.000000,-0.000017,0.00,0
3905,8.420,-3.020122,0.224628,-3.020122,0.224628,-3.128445,0.207085,,,,0.108324,0.017543,0.109735,1.000000,-0.000017,0.00,0
3906,8.421,-3.020122,0.224628,-3.020122,0.224628,-3.129345,0.205645,,,,0.109223,0.018983,0.110860,1.000000,-0.000017,0.00,0
3907,8.422,-3.020122,0.224628,-3.020122,0.224628,-3.130244,0.204205,,,,0.110122,0.020423,0.111999,1.000000,-0.000017,0.00,0
3908,8.423,-3.020122,0.224628,-3.020122,0.224628,-3.131141,0.202765,,,,0.111019,0.021863,0.113152,1.000000,-0.000017,0.00,0
3909,8.424,-3.020122,0.224628,-3.020122,0.224628,-3.132038,0.201325,,,,0.111917,0.023303,0.114317,1.000000,-0.000017,0.00,0
3910,8.425,-3.020122,0.224628,-3.020122,0.224628,-3.132935,0.199885,,,,0.112813,0.024743,0.115495,1.000000,-0.000017,0.00,0
3911,8.427,-3.020122,0.224628,-3.020122,0.224628,-3.133831,0.198445,,,,0.113709,0.026183,0.116685,1.000000,-0.000017,0.00,0
3912,8.428,-3.020122,0.224628,-3.020122,0.224628,-3.134727,0.197005,,,,0.114605,0.027623,0.117887,1.000000,-0.000017,0.00,0
3913,8.429,-3.020122,0.224628,-3.020122,0.224628,-3.135623,0.195565,,,,0.115501,0.029063,0.119101,1.000000,-0.000017,0.00,0
3914,8.431,-3.020122,0.224628,-3.020122,0.224628,-3.136518,0.194125,,,,0.116396,0.030503,0.120327,1.000000,-0.000017,0.00,0
3915,8.443,-3.071834,0.197064,-3.150660,0.186320,-3.137413,0.192685,0.065579,0.004379,0.065725,-0.013247,-0.006365,0.014697,1.000000,-0.000017,9.58,1
3916,8.446,-3.071834,0.197064,-3.071834,0.197064,-3.137464,0.191245,,,,0.065630,0.005819,0.065887,1.000000,-0.000017,0.00,0
3917,8.447,-3.071834,0.197064,-3.071834,0.197064,-3.137463,0.189805,,,,0.065629,0.007259,0.066030,1.000000,-0.000017,0.00,0
3918,8.448,-3.071834,0.197064,-3.071834,0.197064,-3.137456,0.188365,,,,0.065622,0.008699,0.066196,1.000000,-0.000017,0.00,0
3919,8.449,-3.071834,0.197064,-3.071834,0.197064,-3.137449,0.186925,,,,0.065615,0.010139,0.066394,1.000000,-0.000017,0.00,0
3920,8.450,-3.071834,0.197064,-3.071834,0.197064,-3.137443,0.185485,,,,0.065609,0.011579,0.066623,1.000000,-0.000017,0.00,0
3921,8.451,-3.071834,0.197064,-3.071834,0.197064,-3.137438,0.184045,,,,0.065604,0.013019,0.066883,1.000000,-0.000017,0.00,0
3922,8.452,-3.071834,0.197064,-3.071834,0.197064,-3.137434,0.182605,,,,0.065600,0.014459,0.067175,1.000000,-0.000017,0.00,0
3923,8.453,-3.071834,0.197064,-3.071834,0.197064,-3.137431,0.181165,,,,0.065597,0.015899,0.067496,1.000000,-0.000017,0.00,0
3924,8.454,-3.071834,0.197064,-3.071834,0.197064,-3.137429,0.179725,,,,0.065595,0.017339,0.067848,1.000000,-0.000017,0.00,0
3925,8.456,-3.071834,0.197064,-3.071834,0.197064,-3.137427,0.178285,,,,0.065593,0.018779,0.068228,1.000000,-0.000017,0.00,0
3926,8.457,-3.071834,0.197064,-3.071834,0.197064,-3.137425,0.176845,,,,0.065592,0.020219,0.068637,1.000000,-0.000017,0.00,0
3927,8.458,-3.071834,0.197064,-3.071834,0.197064,-3.137424,0.175405,,,,0.065590,0.021659,0.069074,1.000000,-0.000017,0.00,0
3928,8.459,-3.071834,0.197064,-3.071834,0.197064,-3.137423,0.173965,,,,0.065589,0.023099,0.069538,1.000000,-0.000017,0.00,0
3929,8.461,-3.071834,0.197064,-3.071834,0.197064,-3.137423,0.172525,,,,0.065589,0.024539,0.070029,1.000000,-0.000017,0.00,0
3930,8.474,-3.119277,0.200084,-3.140810,0.187439,-3.137422,0.171085,0.018145,0.028998,0.034207,-0.003388,0.016353,0.016701,1.000000,-0.000017,11.02,1
3931,8.475,-3.119277,0.200084,-3.119277,0.200084,-3.137421,0.169645,,,,0.018144,0.030438,0.035436,1.000000,-0.000017,0.00,0
3932,8.476,-3.119277,0.200084,-3.119277,0.200084,-3.137421,0.168205,,,,0.018144,0.031878,0.036680,1.000000,-0.000017,0.00,0
3933,8.477,-3.119277,0.200084,-3.119277,0.200084,-3.137421,0.166765,,,,0.018144,0.033318,0.037938,1.000000,-0.000017,0.00,0
3934,8.478,-3.119277,0.200084,-3.119277,0.200084,-3.137421,0.165325,,,,0.018144,0.034758,0.039209,1.000000,-0.000017,0.00,0
3935,8.481,-3.119277,0.200084,-3.119277,0.200084,-3.137420,0.163885,,,,0.018143,0.036198,0.040491,1.000000,-0.000017,0.00,0
3936,8.482,-3.119277,0.200084,-3.119277,0.200084,-3.137420,0.162445,,,,0.018143,0.037638,0.041783,1.000000,-0.000017,0.00,0
3937,8.483,-3.119277,0.200084,-3.119277,0.200084,-3.137420,0.161005,,,,0.018143,0.039078,0.043084,1.000000,-0.000017,0.00,0
3938,8.484,-3.119277,0.200084,-3.119277,0.200084,-3.137420,0.159565,,,,0.018143,0.040518,0.044395,1.000000,-0.000017,0.00,0
3939,8.485,-3.119277,0.200084,-3.119277,0.200084,-3.137420,0.158125,,,,0.018143,0.041958,0.045713,1.000000,-0.000017,0.00,0
3940,8.486,-3.119277,0.200084,-3.119277,0.200084,-3.137420,0.156685,,,,0.018143,0.043398,0.047038,1.000000,-0.000017,0.00,0
3941,8.488,-3.119277,0.200084,-3.119277,0.200084,-3.137420,0.155245,,,,0.018143,0.044838,0.048370,1.000000,-0.000017,0.00,0
3942,8.488,-3.119277,0.200084,-3.119277,0.200084,-3.137420,0.153805,,,,0.018143,0.046278,0.049707,1.000000,-0.000017,0.00,0
3943,8.490,-3.119277,0.200084,-3.119277,0.200084,-3.137420,0.152365,,,,0.018143,0.047718,0.051051,1.000000,-0.000017,0.00,0
3944,8.491,-3.119277,0.200084,-3.119277,0.200084,-3.137420,0.150925,,,,0.018143,0.049158,0.052399,1.000000,-0.000017,0.00,0
3945,8.503,-3.148285,0.159346,-3.153385,0.104280,-3.137420,0.149485,-0.010865,0.009861,0.014673,-0.015965,-0.045206,0.047942,1.000000,-0.000017,11.51,1
3946,8.505,-3.148285,0.159346,-3.148285,0.159346,-3.137420,0.148045,,,,-0.010865,0.011301,0.015677,1.000000,-0.000017,0.00,0
3947,8.510,-3.148285,0.159346,-3.148285,0.159346,-3.137420,0.146605,,,,-0.010865,0.012741,0.016745,1.000000,-0.000017,0.00,0
3948,8.512,-3.148285,0.159346,-3.148285,0.159346,-3.137420,0.145166,,,,-0.010865,0.014181,0.017865,1.000000,-0.000017,0.00,0
3949,8.512,-3.148285,0.159346,-3.148285,0.159346,-3.137420,0.143726,,,,-0.010865,0.015621,0.019028,1.000000,-0.000017,0.00,0
3950,8.515,-3.148285,0.159346,-3.148285,0.159346,-3.137420,0.142286,,,,-0.010865,0.017061,0.020227,1.000000,-0.000017,0.00,0
3951,8.516,-3.148285,0.159346,-3.148285,0.159346,-3.137420,0.140846,,,,-0.010865,0.018501,0.021455,1.000000,-0.000017,0.00,0
3952,8.517,-3.148285,0.159346,-3.148285,0.159346,-3.137420,0.139406,,,,-0.010865,0.019941,0.022709,1.000000,-0.000017,0.00,0
3953,8.518,-3.148285,0.159346,-3.148285,0.159346,-3.137420,0.137966,,,,-0.010865,0.021381,0.023983,1.000000,-0.000017,0.00,0
3954,8.519,-3.148285,0.159346,-3.148285,0.159346,-3.137420,0.136526,,,,-0.010865,0.022821,0.025275,1.000000,-0.000017,0.00,0
3955,8.520,-3.148285,0.159346,-3.148285,0.159346,-3.137420,0.135086,,,,-0.010865,0.024261,0.026583,1.000000,-0.000016,0.00,0
3956,8.522,-3.148285,0.159346,-3.148285,0.159346,-3.137420,0.133646,,,,-0.010865,0.025701,0.027903,1.000000,-0.000016,0.00,0
3957,8.524,-3.148285,0.159346,-3.148285,0.159346,-3.137420,0.132206,,,,-0.010865,0.027141,0.029235,1.000000,-0.000016,0.00,0
3958,8.525,-3.148285,0.159346,-3.148285,0.159346,-3.137420,0.130766,,,,-0.010865,0.028581,0.030576,1.000000,-0.000016,0.00,0
3959,8.526,-3.148285,0.159346,-3.148285,0.159346,-3.137420,0.129326,,,,-0.010865,0.030021,0.031927,1.000000,-0.000016,0.00,0
3960,8.538,-3.112361,0.106092,-3.042887,0.026558,-3.137420,0.127886,0.025059,-0.021793,0.033210,0.094533,-0.101327,0.138577,1.000000,-0.000016,11.01,1
3961,8.539,-3.112361,0.106092,-3.112361,0.106092,-3.137420,0.126446,,,,0.025059,-0.020353,0.032283,1.000000,-0.000016,0.00,0
3962,8.539,-3.112361,0.106092,-3.112361,0.106092,-3.137420,0.125006,,,,0.025059,-0.018913,0.031395,1.000000,-0.000016,0.00,0
3963,8.541,-3.112361,0.106092,-3.112361,0.106092,-3.137420,0.123566,,,,0.025059,-0.017473,0.030549,1.000000,-0.000016,0.00,0
3964,8.542,-3.112361,0.106092,-3.112361,0.106092,-3.137420,0.122126,,,,0.025059,-0.016033,0.029749,1.000000,-0.000016,0.00,0
3965,8.544,-3.112361,0.106092,-3.112361,0.106092,-3.137420,0.120686,,,,0.025059,-0.014593,0.028999,1.000000,-0.000016,0.00,0
3966,8.546,-3.112361,0.106092,-3.112361,0.106092,-3.137420,0.119246,,,,0.025059,-0.013153,0.028301,1.000000,-0.000016,0.00,0
3967,8.547,-3.112361,0.106092,-3.112361,0.106092,-3.137420,0.117806,,,,0.025059,-0.011713,0.027661,1.000000,-0.000016,0.00,0
3968,8.548,-3.112361,0.106092,-3.112361,0.106092,-3.137420,0.116366,,,,0.025059,-0.010273,0.027083,1.000000,-0.000016,0.00,0
3969,8.549,-3.112361,0.106092,-3.112361,0.106092,-3.137420,0.114926,,,,0.025059,-0.008833,0.026570,1.000000,-0.000016,0.00,0
3970,8.550,-3.112361,0.106092,-3.112361,0.106092,-3.137420,0.113486,,,,0.025059,-0.007393,0.026127,1.000000,-0.000016,0.00,0
3971,8.551,-3.112361,0.106092,-3.112361,0.106092,-3.137420,0.112046,,,,0.025059,-0.005953,0.025756,1.000000,-0.000016,0.00,0
3972,8.552,-3.112361,0.106092,-3.112361,0.106092,-3.137420,0.110606,,,,0.025059,-0.004513,0.025462,1.000000,-0.000016,0.00,0
3973,8.554,-3.112361,0.106092,-3.112361,0.106092,-3.137420,0.109166,,,,0.025059,-0.003073,0.025247,1.000000,-0.000016,0.00,0
3974,8.556,-3.112361,0.106092,-3.112361,0.106092,-3.137420,0.107726,,,,0.025059,-0.001633,0.025112,1.000000,-0.000016,0.00,0
3975,8.567,-3.111690,0.069505,-3.138797,0.077676,-3.137420,0.106286,0.025730,-0.036781,0.044887,-0.001378,-0.028609,0.028642,1.000000,-0.000016,10.01,1
3976,8.570,-3.111690,0.069505,-3.111690,0.069505,-3.137420,0.104846,,,,0.025730,-0.035341,0.043715,1.000000,-0.000016,0.00,0
3977,8.571,-3.111690,0.069505,-3.111690,0.069505,-3.137420,0.103406,,,,0.025730,-0.033901,0.042559,1.000000,-0.000016,0.00,0
3978,8.572,-3.111690,0.069505,-3.111690,0.069505,-3.137420,0.101966,,,,0.025730,-0.032461,0.041421,1.000000,-0.000016,0.00,0
3979,8.574,-3.111690,0.069505,-3.111690,0.069505,-3.137420,0.100526,,,,0.025730,-0.031021,0.040303,1.000000,-0.000016,0.00,0
3980,8.576,-3.111690,0.069505,-3.111690,0.069505,-3.137420,0.099086,,,,0.025730,-0.029581,0.039205,1.000000,-0.000016,0.00,0
3981,8.577,-3.111690,0.069505,-3.111690,0.069505,-3.137420,0.097646,,,,0.025730,-0.028141,0.038130,1.000000,-0.000017,0.00,0
3982,8.578,-3.111690,0.069505,-3.111690,0.069505,-3.137420,0.096206,,,,0.025730,-0.026701,0.037080,1.000000,-0.000017,0.00,0
3983,8.579,-3.111690,0.069505,-3.111690,0.069505,-3.137420,0.094766,,,,0.025730,-0.025261,0.036057,1.000000,-0.000017,0.00,0
3984,8.580,-3.111690,0.069505,-3.111690,0.069505,-3.137420,0.093326,,,,0.025730,-0.023821,0.035064,1.000000,-0.000017,0.00,0
3985,8.581,-3.111690,0.069505,-3.111690,0.069505,-3.137420,0.091886,,,,0.025730,-0.022381,0.034102,1.000000,-0.000017,0.00,0
3986,8.583,-3.111690,0.069505,-3.111690,0.069505,-3.137420,0.090446,,,,0.025730,-0.020941,0.033174,1.000000,-0.000017,0.00,0
3987,8.584,-3.111690,0.069505,-3.111690,0.069505,-3.137420,0.089006,,,,0.025730,-0.019501,0.032285,1.000000,-0.000017,0.00,0
3988,8.585,-3.111690,0.069505,-3.111690,0.069505,-3.137420,0.087566,,,,0.025730,-0.018061,0.031436,1.000000,-0.000017,0.00,0
3989,8.587,-3.111690,0.069505,-3.111690,0.069505,-3.137420,0.086126,,,,0.025730,-0.016621,0.030631,1.000000,-0.000017,0.00,0
3990,8.599,-3.131222,0.056896,-3.211982,0.066454,-3.137420,0.084686,0.006198,-0.027789,0.028472,-0.074562,-0.018232,0.076759,1.000000,-0.000017,10.01,1
3991,8.600,-3.131222,0.056896,-3.131222,0.056896,-3.137420,0.083246,,,,0.006198,-0.026349,0.027069,1.000000,-0.000017,0.00,0
3992,8.602,-3.131222,0.056896,-3.131222,0.056896,-3.137420,0.081806,,,,0.006198,-0.024909,0.025669,1.000000,-0.000017,0.00,0
3993,8.602,-3.131222,0.056896,-3.131222,0.056896,-3.137420,0.080366,,,,0.006198,-0.023470,0.024274,1.000000,-0.000017,0.00,0
3994,8.605,-3.131222,0.056896,-3.131222,0.056896,-3.137420,0.078926,,,,0.006198,-0.022030,0.022885,1.000000,-0.000017,0.00,0
3995,8.607,-3.131222,0.056896,-3.131222,0.056896,-3.137420,0.077486,,,,0.006198,-0.020590,0.021502,1.000000,-0.000017,0.00,0
3996,8.608,-3.131222,0.056896,-3.131222,0.056896,-3.137420,0.076046,,,,0.006198,-0.019150,0.020128,1.000000,-0.000017,0.00,0
3997,8.609,-3.131222,0.056896,-3.131222,0.056896,-3.137420,0.074606,,,,0.006198,-0.017710,0.018763,1.000000,-0.000017,0.00,0
3998,8.610,-3.131222,0.056896,-3.131222,0.056896,-3.137420,0.073166,,,,0.006198,-0.016270,0.017410,1.000000,-0.000017,0.00,0
3999,8.612,-3.131222,0.056896,-3.131222,0.056896,-3.137420,0.071726,,,,0.006198,-0.014830,0.016073,1.000000,-0.000017,0.00,0
4000,8.612,-3.131222,0.056896,-3.131222,0.056896,-3.137420,0.070286,,,,0.006198,-0.013390,0.014754,1.000000,-0.000017,0.00,0
4001,8.615,-3.131222,0.056896,-3.131222,0.056896,-3.137420,0.068846,,,,0.006198,-0.011950,0.013461,1.000000,-0.000017,0.00,0
4002,8.616,-3.131222,0.056896,-3.131222,0.056896,-3.137420,0.067406,,,,0.006198,-0.010510,0.012201,1.000000,-0.000017,0.00,0
4003,8.617,-3.131222,0.056896,-3.131222,0.056896,-3.137420,0.065966,,,,0.006198,-0.009070,0.010985,1.000000,-0.000017,0.00,0
4004,8.618,-3.131222,0.056896,-3.131222,0.056896,-3.137420,0.064526,,,,0.006198,-0.007630,0.009830,1.000000,-0.000017,0.00,0
4005,8.630,-3.163589,0.070515,-3.139988,0.067413,-3.137420,0.063086,-0.026169,0.007429,0.027203,-0.002568,0.004328,0.005032,1.000000,-0.000017,11.01,1
4006,8.632,-3.163589,0.070515,-3.163589,0.070515,-3.137420,0.061646,,,,-0.026169,0.008869,0.027631,1.000000,-0.000017,0.00,0
4007,8.635,-3.163589,0.070515,-3.163589,0.070515,-3.137420,0.060206,,,,-0.026169,0.010309,0.028126,1.000000,-0.000017,0.00,0
4008,8.636,-3.163589,0.070515,-3.163589,0.070515,-3.137420,0.058766,,,,-0.026169,0.011749,0.028686,1.000000,-0.000017,0.00,0
4009,8.637,-3.163589,0.070515,-3.163589,0.070515,-3.137420,0.057326,,,,-0.026169,0.013189,0.029305,1.000000,-0.000017,0.00,0
4010,8.638,-3.163589,0.070515,-3.163589,0.070515,-3.137420,0.055886,,,,-0.026169,0.014629,0.029980,1.000000,-0.000017,0.00,0
4011,8.639,-3.163589,0.070515,-3.163589,0.070515,-3.137420,0.054446,,,,-0.026169,0.016069,0.030709,1.000000,-0.000017,0.00,0
4012,8.640,-3.163589,0.070515,-3.163589,0.070515,-3.137420,0.053006,,,,-0.026169,0.017509,0.031486,1.000000,-0.000017,0.00,0
4013,8.641,-3.163589,0.070515,-3.163589,0.070515,-3.137420,0.051566,,,,-0.026169,0.018949,0.032309,1.000000,-0.000017,0.00,0
4014,8.643,-3.163589,0.070515,-3.163589,0.070515,-3.137420,0.050126,,,,-0.026169,0.020389,0.033174,1.000000,-0.000017,0.00,0
4015,8.644,-3.163589,0.070515,-3.163589,0.070515,-3.137420,0.048686,,,,-0.026169,0.021829,0.034078,1.000000,-0.000017,0.00,0
4016,8.645,-3.163589,0.070515,-3.163589,0.070515,-3.137420,0.047246,,,,-0.026169,0.023269,0.035018,1.000000,-0.000017,0.00,0
4017,8.646,-3.163589,0.070515,-3.163589,0.070515,-3.137420,0.045806,,,,-0.026169,0.024709,0.035991,1.000000,-0.000017,0.00,0
4018,8.648,-3.163589,0.070515,-3.163589,0.070515,-3.137420,0.044366,,,,-0.026169,0.026149,0.036994,1.000000,-0.000017,0.00,0
4019,8.649,-3.163589,0.070515,-3.163589,0.070515,-3.137420,0.042926,,,,-0.026169,0.027589,0.038026,1.000000,-0.000017,0.00,0
4020,8.661,-3.148787,0.037395,-3.094393,-0.021683,-3.137420,0.041486,-0.011368,-0.004091,0.012082,0.043027,-0.063169,0.076430,1.000000,-0.000017,10.01,1
4021,8.662,-3.148787,0.037395,-3.148787,0.037395,-3.137420,0.040046,,,,-0.011368,-0.002651,0.011673,1.000000,-0.000017,0.00,0
4022,8.664,-3.148787,0.037395,-3.148787,0.037395,-3.137420,0.038606,,,,-0.011368,-0.001211,0.011432,1.000000,-0.000017,0.00,0
4023,8.665,-3.148787,0.037395,-3.148787,0.037395,-3.137420,0.037166,,,,-0.011368,0.000229,0.011370,1.000000,-0.000017,0.00,0
4024,8.666,-3.148787,0.037395,-3.148787,0.037395,-3.137420,0.035726,,,,-0.011368,0.001669,0.011490,1.000000,-0.000017,0.00,0
4025,8.667,-3.148787,0.037395,-3.148787,0.037395,-3.137420,0.034286,,,,-0.011368,0.003109,0.011785,1.000000,-0.000017,0.00,0
4026,8.669,-3.148787,0.037395,-3.148787,0.037395,-3.137420,0.032846,,,,-0.011368,0.004549,0.012244,1.000000,-0.000017,0.00,0
4027,8.670,-3.148787,0.037395,-3.148787,0.037395,-3.137420,0.031406,,,,-0.011368,0.005989,0.012849,1.000000,-0.000017,0.00,0
4028,8.671,-3.148787,0.037395,-3.148787,0.037395,-3.137420,0.029966,,,,-0.011368,0.007429,0.013580,1.000000,-0.000017,0.00,0
4029,8.672,-3.148787,0.037395,-3.148787,0.037395,-3.137420,0.028526,,,,-0.011368,0.008869,0.014418,1.000000,-0.000017,0.00,0
4030,8.674,-3.148787,0.037395,-3.148787,0.037395,-3.137420,0.027086,,,,-0.011368,0.010309,0.015346,1.000000,-0.000017,0.00,0
4031,8.675,-3.148787,0.037395,-3.148787,0.037395,-3.137420,0.025646,,,,-0.011368,0.011749,0.016348,1.000000,-0.000017,0.00,0
4032,8.676,-3.148787,0.037395,-3.148787,0.037395,-3.137420,0.024206,,,,-0.011368,0.013189,0.017412,1.000000,-0.000017,0.00,0
4033,8.677,-3.148787,0.037395,-3.148787,0.037395,-3.137420,0.022766,,,,-0.011368,0.014629,0.018527,1.000000,-0.000017,0.00,0
4034,8.679,-3.148787,0.037395,-3.148787,0.037395,-3.137420,0.021326,,,,-0.011368,0.016069,0.019684,1.000000,-0.000017,0.00,0
4035,8.691,-3.078480,-0.019992,-3.001059,-0.105705,-3.137420,0.019886,0.058940,-0.039877,0.071162,0.136360,-0.125591,0.185384,1.000000,-0.000017,11.08,1
4036,8.693,-3.078480,-0.019992,-3.078480,-0.019992,-3.137420,0.018446,,,,0.058940,-0.038437,0.070365,1.000000,-0.000017,0.00,0
4037,8.694,-3.078480,-0.019992,-3.078480,-0.019992,-3.137420,0.017006,,,,0.058940,-0.036997,0.069589,1.000000,-0.000017,0.00,0
4038,8.695,-3.078480,-0.019992,-3.078480,-0.019992,-3.137420,0.015566,,,,0.058940,-0.035557,0.068835,1.000000,-0.000017,0.00,0
4039,8.696,-3.078480,-0.019992,-3.078480,-0.019992,-3.137420,0.014126,,,,0.058940,-0.034117,0.068102,1.000000,-0.000017,0.00,0
4040,8.698,-3.078480,-0.019992,-3.078480,-0.019992,-3.137420,0.012686,,,,0.058940,-0.032677,0.067392,1.000000,-0.000017,0.00,0
4041,8.699,-3.078480,-0.019992,-3.078480,-0.019992,-3.137420,0.011246,,,,0.058940,-0.031237,0.066706,1.000000,-0.000017,0.00,0
4042,8.700,-3.078480,-0.019992,-3.078480,-0.019992,-3.137420,0.009806,,,,0.058940,-0.029797,0.066044,1.000000,-0.000017,0.00,0
4043,8.701,-3.078480,-0.019992,-3.078480,-0.019992,-3.137420,0.008366,,,,0.058940,-0.028357,0.065406,1.000000,-0.000017,0.00,0
4044,8.702,-3.078480,-0.019992,-3.078480,-0.019992,-3.137420,0.006926,,,,0.058940,-0.026917,0.064795,1.000000,-0.000017,0.00,0
4045,8.703,-3.078480,-0.019992,-3.078480,-0.019992,-3.137420,0.005486,,,,0.058940,-0.025477,0.064210,1.000000,-0.000017,0.00,0
4046,8.704,-3.078480,-0.019992,-3.078480,-0.019992,-3.137420,0.004046,,,,0.058940,-0.024037,0.063653,1.000000,-0.000017,0.00,0
4047,8.706,-3.078480,-0.019992,-3.078480,-0.019992,-3.137420,0.002606,,,,0.058940,-0.022597,0.063123,1.000000,-0.000017,0.00,0
4048,8.707,-3.078480,-0.019992,-3.078480,-0.019992,-3.137420,0.001166,,,,0.058940,-0.021157,0.062622,1.000000,-0.000017,0.00,0
4049,8.708,-3.078480,-0.019992,-3.078480,-0.019992,-3.137420,-0.000274,,,,0.058940,-0.019717,0.062150,1.000000,-0.000017,0.00,0
4050,8.720,-3.072844,-0.056689,-3.123079,-0.042680,-3.137420,-0.001714,0.064576,-0.054975,0.084808,0.014340,-0.040966,0.043404,1.000000,-0.000017,10.02,1
4051,8.722,-3.072844,-0.056689,-3.072844,-0.056689,-3.137420,-0.003154,,,,0.064576,-0.053535,0.083881,1.000000,-0.000017,0.00,0
4052,8.724,-3.072844,-0.056689,-3.072844,-0.056689,-3.137420,-0.004594,,,,0.064576,-0.052095,0.082970,1.000000,-0.000017,0.00,0
4053,8.725,-3.072844,-0.056689,-3.072844,-0.056689,-3.137420,-0.006034,,,,0.064576,-0.050655,0.082073,1.000000,-0.000017,0.00,0
4054,8.726,-3.072844,-0.056689,-3.072844,-0.056689,-3.137420,-0.007474,,,,0.064576,-0.049215,0.081192,1.000000,-0.000017,0.00,0
4055,8.727,-3.072844,-0.056689,-3.072844,-0.056689,-3.137420,-0.008914,,,,0.064576,-0.047775,0.080328,1.000000,-0.000017,0.00,0
4056,8.728,-3.072844,-0.056689,-3.072844,-0.056689,-3.137420,-0.010354,,,,0.064576,-0.046335,0.079480,1.000000,-0.000017,0.00,0
4057,8.729,-3.072844,-0.056689,-3.072844,-0.056689,-3.137420,-0.011794,,,,0.064576,-0.044895,0.078649,1.000000,-0.000017,0.00,0
4058,8.730,-3.072844,-0.056689,-3.072844,-0.056689,-3.137420,-0.013234,,,,0.064576,-0.043455,0.077836,1.000000,-0.000017,0.00,0
4059,8.731,-3.072844,-0.056689,-3.072844,-0.056689,-3.137420,-0.014674,,,,0.064576,-0.042015,0.077041,1.000000,-0.000017,0.00,0
4060,8.732,-3.072844,-0.056689,-3.072844,-0.056689,-3.137420,-0.016114,,,,0.064576,-0.040575,0.076265,1.000000,-0.000017,0.00,0
4061,8.733,-3.072844,-0.056689,-3.072844,-0.056689,-3.137420,-0.017554,,,,0.064576,-0.039135,0.075509,1.000000,-0.000017,0.00,0
4062,8.734,-3.072844,-0.056689,-3.072844,-0.056689,-3.137420,-0.018994,,,,0.064576,-0.037695,0.074773,1.000000,-0.000017,0.00,0
4063,8.735,-3.072844,-0.056689,-3.072844,-0.056689,-3.137420,-0.020434,,,,0.064576,-0.036255,0.074057,1.000000,-0.000017,0.00,0
4064,8.737,-3.072844,-0.056689,-3.072844,-0.056689,-3.137420,-0.021874,,,,0.064576,-0.034815,0.073363,1.000000,-0.000017,0.00,0
4065,8.749,-3.080276,-0.068765,-3.116691,-0.057909,-3.137420,-0.023314,0.057143,-0.045451,0.073014,0.020729,-0.034595,0.040330,1.000000,-0.000017,10.51,1
4066,8.751,-3.080276,-0.068765,-3.080276,-0.068765,-3.137420,-0.024754,,,,0.057143,-0.044011,0.072127,1.000000,-0.000017,0.00,0
4067,8.752,-3.080276,-0.068765,-3.080276,-0.068765,-3.137420,-0.026194,,,,0.057143,-0.042571,0.071257,1.000000,-0.000017,0.00,0
4068,8.753,-3.080276,-0.068765,-3.080276,-0.068765,-3.137420,-0.027634,,,,0.057143,-0.041131,0.070406,1.000000,-0.000017,0.00,0
4069,8.754,-3.080276,-0.068765,-3.080276,-0.068765,-3.137420,-0.029074,,,,0.057143,-0.039691,0.069575,1.000000,-0.000017,0.00,0
4070,8.756,-3.080276,-0.068765,-3.080276,-0.068765,-3.137420,-0.030514,,,,0.057143,-0.038251,0.068764,1.000000,-0.000017,0.00,0
4071,8.757,-3.080276,-0.068765,-3.080276,-0.068765,-3.137420,-0.031954,,,,0.057143,-0.036811,0.067973,1.000000,-0.000017,0.00,0
4072,8.758,-3.080276,-0.068765,-3.080276,-0.068765,-3.137420,-0.033394,,,,0.057143,-0.035371,0.067204,1.000000,-0.000017,0.00,0
4073,8.760,-3.080276,-0.068765,-3.080276,-0.068765,-3.137420,-0.034834,,,,0.057143,-0.033931,0.066458,1.000000,-0.000017,0.00,0
4074,8.761,-3.080276,-0.068765,-3.080276,-0.068765,-3.137420,-0.036274,,,,0.057143,-0.032490,0.065734,1.000000,-0.000017,0.00,0
4075,8.762,-3.080276,-0.068765,-3.080276,-0.068765,-3.137420,-0.037714,,,,0.057143,-0.031050,0.065034,1.000000,-0.000017,0.00,0
4076,8.763,-3.080276,-0.068765,-3.080276,-0.068765,-3.137420,-0.039154,,,,0.057143,-0.029610,0.064359,1.000000,-0.000017,0.00,0
4077,8.764,-3.080276,-0.068765,-3.080276,-0.068765,-3.137420,-0.040594,,,,0.057143,-0.028170,0.063710,1.000000,-0.000017,0.00,0
4078,8.765,-3.080276,-0.068765,-3.080276,-0.068765,-3.137420,-0.042034,,,,0.057143,-0.026730,0.063086,1.000000,-0.000017,0.00,0
4079,8.766,-3.080276,-0.068765,-3.080276,-0.068765,-3.137420,-0.043474,,,,0.057143,-0.025290,0.062490,1.000000,-0.000017,0.00,0
4080,8.778,-3.132147,-0.043523,-3.156671,-0.029980,-3.137420,-0.044914,0.005273,0.001391,0.005453,-0.019251,0.014935,0.024365,1.000000,-0.000017,11.01,1
4081,8.781,-3.132147,-0.043523,-3.132147,-0.043523,-3.137420,-0.046354,,,,0.005273,0.002831,0.005985,1.000000,-0.000017,0.00,0
4082,8.782,-3.132147,-0.043523,-3.132147,-0.043523,-3.137420,-0.047794,,,,0.005273,0.004271,0.006786,1.000000,-0.000017,0.00,0
4083,8.783,-3.132147,-0.043523,-3.132147,-0.043523,-3.137420,-0.049234,,,,0.005273,0.005711,0.007773,1.000000,-0.000017,0.00,0
4084,8.784,-3.132147,-0.043523,-3.132147,-0.043523,-3.137420,-0.050674,,,,0.005273,0.007151,0.008885,1.000000,-0.000017,0.00,0
4085,8.785,-3.132147,-0.043523,-3.132147,-0.043523,-3.137420,-0.052114,,,,0.005273,0.008591,0.010080,1.000000,-0.000017,0.00,0
4086,8.786,-3.132147,-0.043523,-3.132147,-0.043523,-3.137420,-0.053554,,,,0.005273,0.010031,0.011333,1.000000,-0.000017,0.00,0
4087,8.787,-3.132147,-0.043523,-3.132147,-0.043523,-3.137420,-0.054994,,,,0.005273,0.011471,0.012625,1.000000,-0.000017,0.00,0
4088,8.788,-3.132147,-0.043523,-3.132147,-0.043523,-3.137420,-0.056434,,,,0.005273,0.012911,0.013947,1.000000,-0.000017,0.00,0
4089,8.790,-3.132147,-0.043523,-3.132147,-0.043523,-3.137420,-0.057874,,,,0.005273,0.014351,0.015289,1.000000,-0.000017,0.00,0
4090,8.791,-3.132147,-0.043523,-3.132147,-0.043523,-3.137420,-0.059314,,,,0.005273,0.015791,0.016648,1.000000,-0.000017,0.00,0
4091,8.792,-3.132147,-0.043523,-3.132147,-0.043523,-3.137420,-0.060754,,,,0.005273,0.017231,0.018020,1.000000,-0.000017,0.00,0
4092,8.793,-3.132147,-0.043523,-3.132147,-0.043523,-3.137420,-0.062194,,,,0.005273,0.018671,0.019402,1.000000,-0.000017,0.00,0
4093,8.794,-3.132147,-0.043523,-3.132147,-0.043523,-3.137420,-0.063634,,,,0.005273,0.020111,0.020791,1.000000,-0.000017,0.00,0
4094,8.795,-3.132147,-0.043523,-3.132147,-0.043523,-3.137420,-0.065074,,,,0.005273,0.021551,0.022187,1.000000,-0.000017,0.00,0
4095,8.807,-3.111806,-0.054005,-3.062057,-0.074128,-3.137420,-0.066514,0.025613,0.012509,0.028505,0.075362,-0.007613,0.075746,1.000000,-0.000017,10.01,1
4096,8.810,-3.111806,-0.054005,-3.111806,-0.054005,-3.137420,-0.067954,,,,0.025613,0.013949,0.029166,1.000000,-0.000017,0.00,0
4097,8.815,-3.111806,-0.054005,-3.111806,-0.054005,-3.137420,-0.069394,,,,0.025613,0.015389,0.029881,1.000000,-0.000017,0.00,0
4098,8.817,-3.111806,-0.054005,-3.111806,-0.054005,-3.137420,-0.070834,,,,0.025613,0.016829,0.030647,1.000000,-0.000017,0.00,0
4099,8.818,-3.111806,-0.054005,-3.111806,-0.054005,-3.137420,-0.072275,,,,0.025613,0.018269,0.031461,1.000000,-0.000017,0.00,0
4100,8.819,-3.111806,-0.054005,-3.111806,-0.054005,-3.137420,-0.073715,,,,0.025613,0.019709,0.032319,1.000000,-0.000017,0.00,0
4101,8.820,-3.111806,-0.054005,-3.111806,-0.054005,-3.137420,-0.075155,,,,0.025613,0.021149,0.033216,1.000000,-0.000017,0.00,0
4102,8.821,-3.111806,-0.054005,-3.111806,-0.054005,-3.137420,-0.076595,,,,0.025613,0.022589,0.034151,1.000000,-0.000017,0.00,0
4103,8.822,-3.111806,-0.054005,-3.111806,-0.054005,-3.137420,-0.078035,,,,0.025614,0.024029,0.035121,1.000000,-0.000017,0.00,0
4104,8.823,-3.111806,-0.054005,-3.111806,-0.054005,-3.137420,-0.079475,,,,0.025614,0.025469,0.036121,1.000000,-0.000017,0.00,0
4105,8.824,-3.111806,-0.054005,-3.111806,-0.054005,-3.137420,-0.080915,,,,0.025614,0.026909,0.037150,1.000000,-0.000017,0.00,0
4106,8.825,-3.111806,-0.054005,-3.111806,-0.054005,-3.137420,-0.082355,,,,0.025614,0.028349,0.038206,1.000000,-0.000017,0.00,0
4107,8.827,-3.111806,-0.054005,-3.111806,-0.054005,-3.137420,-0.083795,,,,0.025614,0.029789,0.039287,1.000000,-0.000017,0.00,0
4108,8.828,-3.111806,-0.054005,-3.111806,-0.054005,-3.137420,-0.085235,,,,0.025614,0.031229,0.040390,1.000000,-0.000017,0.00,0
4109,8.830,-3.111806,-0.054005,-3.111806,-0.054005,-3.137420,-0.086675,,,,0.025614,0.032669,0.041513,1.000000,-0.000017,0.00,0
4110,8.842,-3.074103,-0.075918,-3.003582,-0.123645,-3.137420,-0.088115,0.063317,0.012197,0.064481,0.133838,-0.035531,0.138474,1.000000,-0.000017,10.01,1
4111,8.843,-3.074103,-0.075918,-3.074103,-0.075918,-3.137420,-0.089555,,,,0.063317,0.013637,0.064768,1.000000,-0.000017,0.00,0
4112,8.846,-3.074103,-0.075918,-3.074103,-0.075918,-3.137420,-0.090995,,,,0.063317,0.015077,0.065087,1.000000,-0.000017,0.00,0
4113,8.847,-3.074103,-0.075918,-3.074103,-0.075918,-3.137420,-0.092435,,,,0.063317,0.016517,0.065435,1.000000,-0.000017,0.00,0
4114,8.849,-3.074103,-0.075918,-3.074103,-0.075918,-3.137420,-0.093875,,,,0.063317,0.017957,0.065814,1.000000,-0.000017,0.00,0
4115,8.850,-3.074103,-0.075918,-3.074103,-0.075918,-3.137420,-0.095315,,,,0.063317,0.019397,0.066221,1.000000,-0.000017,0.00,0
4116,8.850,-3.074103,-0.075918,-3.074103,-0.075918,-3.137420,-0.096755,,,,0.063317,0.020837,0.066657,1.000000,-0.000017,0.00,0
4117,8.852,-3.074103,-0.075918,-3.074103,-0.075918,-3.137420,-0.098195,,,,0.063317,0.022277,0.067121,1.000000,-0.000017,0.00,0
4118,8.853,-3.074103,-0.075918,-3.074103,-0.075918,-3.137420,-0.099635,,,,0.063317,0.023717,0.067613,1.000000,-0.000017,0.00,0
4119,8.854,-3.074103,-0.075918,-3.074103,-0.075918,-3.137420,-0.101075,,,,0.063317,0.025157,0.068131,1.000000,-0.000017,0.00,0
4120,8.855,-3.074103,-0.075918,-3.074103,-0.075918,-3.137420,-0.102515,,,,0.063317,0.026597,0.068676,1.000000,-0.000017,0.00,0
4121,8.856,-3.074103,-0.075918,-3.074103,-0.075918,-3.137420,-0.103955,,,,0.063317,0.028037,0.069246,1.000000,-0.000017,0.00,0
4122,8.857,-3.074103,-0.075918,-3.074103,-0.075918,-3.137420,-0.105395,,,,0.063317,0.029477,0.069842,1.000000,-0.000017,0.00,0
4123,8.858,-3.074103,-0.075918,-3.074103,-0.075918,-3.137420,-0.106835,,,,0.063317,0.030917,0.070462,1.000000,-0.000017,0.00,0
4124,8.860,-3.074103,-0.075918,-3.074103,-0.075918,-3.137420,-0.108275,,,,0.063317,0.032357,0.071105,1.000000,-0.000017,0.00,0
4125,8.872,-3.040805,-0.113909,-3.056775,-0.143954,-3.137420,-0.109715,0.096615,-0.004194,0.096706,0.080645,-0.034239,0.087612,1.000000,-0.000017,11.02,1
4126,8.874,-3.040805,-0.113909,-3.040805,-0.113909,-3.137420,-0.111155,,,,0.096615,-0.002754,0.096654,1.000000,-0.000017,0.00,0
4127,8.875,-3.040805,-0.113909,-3.040805,-0.113909,-3.137420,-0.112595,,,,0.096615,-0.001314,0.096624,1.000000,-0.000017,0.00,0
4128,8.876,-3.040805,-0.113909,-3.040805,-0.113909,-3.137420,-0.114035,,,,0.096615,0.000126,0.096615,1.000000,-0.000017,0.00,0
4129,8.877,-3.040805,-0.113909,-3.040805,-0.113909,-3.137420,-0.115475,,,,0.096615,0.001566,0.096628,1.000000,-0.000017,0.00,0
4130,8.878,-3.040805,-0.113909,-3.040805,-0.113909,-3.137420,-0.116915,,,,0.096615,0.003006,0.096662,1.000000,-0.000017,0.00,0
4131,8.880,-3.040805,-0.113909,-3.040805,-0.113909,-3.137420,-0.118355,,,,0.096615,0.004446,0.096717,1.000000,-0.000017,0.00,0
4132,8.881,-3.040805,-0.113909,-3.040805,-0.113909,-3.137420,-0.119795,,,,0.096615,0.005886,0.096794,1.000000,-0.000017,0.00,0
4133,8.882,-3.040805,-0.113909,-3.040805,-0.113909,-3.137420,-0.121235,,,,0.096615,0.007326,0.096892,1.000000,-0.000017,0.00,0
4134,8.883,-3.040805,-0.113909,-3.040805,-0.113909,-3.137420,-0.122675,,,,0.096615,0.008766,0.097012,1.000000,-0.000017,0.00,0
4135,8.884,-3.040805,-0.113909,-3.040805,-0.113909,-3.137420,-0.124115,,,,0.096615,0.010206,0.097153,1.000000,-0.000017,0.00,0
4136,8.885,-3.040805,-0.113909,-3.040805,-0.113909,-3.137420,-0.125555,,,,0.096615,0.011646,0.097314,1.000000,-0.000017,0.00,0
4137,8.887,-3.040805,-0.113909,-3.040805,-0.113909,-3.137420,-0.126995,,,,0.096615,0.013086,0.097497,1.000000,-0.000017,0.00,0
4138,8.888,-3.040805,-0.113909,-3.040805,-0.113909,-3.137420,-0.128435,,,,0.096615,0.014526,0.097701,1.000000,-0.000017,0.00,0
4139,8.888,-3.040805,-0.113909,-3.040805,-0.113909,-3.137420,-0.129875,,,,0.096615,0.015966,0.097925,1.000000,-0.000017,0.00,0
4140,8.901,-3.048339,-0.140499,-3.084660,-0.153899,-3.137420,-0.131315,0.089081,-0.009185,0.089553,0.052760,-0.022585,0.057390,1.000000,-0.000017,11.01,1
4141,8.904,-3.048339,-0.140499,-3.048339,-0.140499,-3.137420,-0.132755,,,,0.089081,-0.007745,0.089417,1.000000,-0.000017,0.00,0
4142,8.905,-3.048339,-0.140499,-3.048339,-0.140499,-3.137420,-0.134195,,,,0.089081,-0.006305,0.089304,1.000000,-0.000017,0.00,0
4143,8.906,-3.048339,-0.140499,-3.048339,-0.140499,-3.137420,-0.135635,,,,0.089081,-0.004865,0.089214,1.000000,-0.000017,0.00,0
4144,8.907,-3.048339,-0.140499,-3.048339,-0.140499,-3.137420,-0.137075,,,,0.089081,-0.003425,0.089147,1.000000,-0.000017,0.00,0
4145,8.908,-3.048339,-0.140499,-3.048339,-0.140499,-3.137420,-0.138515,,,,0.089081,-0.001985,0.089103,1.000000,-0.000017,0.00,0
4146,8.909,-3.048339,-0.140499,-3.048339,-0.140499,-3.137420,-0.139955,,,,0.089081,-0.000545,0.089082,1.000000,-0.000017,0.00,0
4147,8.910,-3.048339,-0.140499,-3.048339,-0.140499,-3.137420,-0.141395,,,,0.089081,0.000895,0.089085,1.000000,-0.000017,0.00,0
4148,8.911,-3.048339,-0.140499,-3.048339,-0.140499,-3.137420,-0.142835,,,,0.089081,0.002335,0.089111,1.000000,-0.000017,0.00,0
4149,8.912,-3.048339,-0.140499,-3.048339,-0.140499,-3.137420,-0.144275,,,,0.089081,0.003775,0.089161,1.000000,-0.000017,0.00,0
4150,8.914,-3.048339,-0.140499,-3.048339,-0.140499,-3.137420,-0.145715,,,,0.089081,0.005215,0.089233,1.000000,-0.000017,0.00,0
4151,8.915,-3.048339,-0.140499,-3.048339,-0.140499,-3.137420,-0.147155,,,,0.089081,0.006655,0.089329,1.000000,-0.000017,0.00,0
4152,8.916,-3.048339,-0.140499,-3.048339,-0.140499,-3.137420,-0.148595,,,,0.089081,0.008095,0.089448,1.000000,-0.000017,0.00,0
4153,8.917,-3.048339,-0.140499,-3.048339,-0.140499,-3.137420,-0.150035,,,,0.089081,0.009535,0.089590,1.000000,-0.000017,0.00,0
4154,8.918,-3.048339,-0.140499,-3.048339,-0.140499,-3.137420,-0.151475,,,,0.089081,0.010975,0.089754,1.000000,-0.000017,0.00,0
4155,8.930,-3.094521,-0.149612,-3.142128,-0.150983,-3.137420,-0.152915,0.042898,0.003303,0.043025,-0.004709,0.001931,0.005089,1.000000,-0.000017,11.01,1
4156,8.932,-3.094521,-0.149612,-3.094521,-0.149612,-3.137420,-0.154355,,,,0.042898,0.004743,0.043160,1.000000,-0.000017,0.00,0
4157,8.934,-3.094521,-0.149612,-3.094521,-0.149612,-3.137420,-0.155795,,,,0.042898,0.006183,0.043342,1.000000,-0.000017,0.00,0
4158,8.935,-3.094521,-0.149612,-3.094521,-0.149612,-3.137420,-0.157235,,,,0.042898,0.007623,0.043570,1.000000,-0.000017,0.00,0
4159,8.936,-3.094521,-0.149612,-3.094521,-0.149612,-3.137420,-0.158675,,,,0.042898,0.009063,0.043845,1.000000,-0.000017,0.00,0
4160,8.937,-3.094521,-0.149612,-3.094521,-0.149612,-3.137420,-0.160115,,,,0.042898,0.010503,0.044165,1.000000,-0.000017,0.00,0
4161,8.938,-3.094521,-0.149612,-3.094521,-0.149612,-3.137420,-0.161555,,,,0.042898,0.011943,0.044530,1.000000,-0.000017,0.00,0
4162,8.939,-3.094521,-0.149612,-3.094521,-0.149612,-3.137420,-0.162995,,,,0.042898,0.013383,0.044937,1.000000,-0.000017,0.00,0
4163,8.940,-3.094521,-0.149612,-3.094521,-0.149612,-3.137420,-0.164435,,,,0.042898,0.014823,0.045387,1.000000,-0.000017,0.00,0
4164,8.941,-3.094521,-0.149612,-3.094521,-0.149612,-3.137420,-0.165875,,,,0.042898,0.016263,0.045878,1.000000,-0.000017,0.00,0
4165,8.942,-3.094521,-0.149612,-3.094521,-0.149612,-3.137420,-0.167315,,,,0.042898,0.017703,0.046407,1.000000,-0.000017,0.00,0
4166,8.944,-3.094521,-0.149612,-3.094521,-0.149612,-3.137420,-0.168755,,,,0.042898,0.019143,0.046976,1.000000,-0.000017,0.00,0
4167,8.945,-3.094521,-0.149612,-3.094521,-0.149612,-3.137420,-0.170195,,,,0.042898,0.020583,0.047581,1.000000,-0.000017,0.00,0
4168,8.946,-3.094521,-0.149612,-3.094521,-0.149612,-3.137420,-0.171635,,,,0.042898,0.022023,0.048221,1.000000,-0.000017,0.00,0
4169,8.947,-3.094521,-0.149612,-3.094521,-0.149612,-3.137420,-0.173075,,,,0.042898,0.023463,0.048895,1.000000,-0.000017,0.00,0
4170,8.959,-3.091616,-0.174614,-3.048060,-0.218960,-3.137420,-0.174515,0.045803,-0.000100,0.045803,0.089360,-0.044446,0.099803,1.000000,-0.000017,10.02,1
4171,8.961,-3.091616,-0.174614,-3.091616,-0.174614,-3.137420,-0.175955,,,,0.045803,0.001340,0.045823,1.000000,-0.000017,0.00,0
4172,8.962,-3.091616,-0.174614,-3.091616,-0.174614,-3.137420,-0.177395,,,,0.045803,0.002780,0.045888,1.000000,-0.000017,0.00,0
4173,8.964,-3.091616,-0.174614,-3.091616,-0.174614,-3.137420,-0.178835,,,,0.045803,0.004220,0.045997,1.000000,-0.000016,0.00,0
4174,8.965,-3.091616,-0.174614,-3.091616,-0.174614,-3.137420,-0.180275,,,,0.045803,0.005660,0.046152,1.000000,-0.000016,0.00,0
4175,8.966,-3.091616,-0.174614,-3.091616,-0.174614,-3.137420,-0.181715,,,,0.045803,0.007100,0.046350,1.000000,-0.000016,0.00,0
4176,8.967,-3.091616,-0.174614,-3.091616,-0.174614,-3.137420,-0.183155,,,,0.045803,0.008540,0.046593,1.000000,-0.000016,0.00,0
4177,8.968,-3.091616,-0.174614,-3.091616,-0.174614,-3.137420,-0.184595,,,,0.045803,0.009980,0.046878,1.000000,-0.000016,0.00,0
4178,8.969,-3.091616,-0.174614,-3.091616,-0.174614,-3.137420,-0.186035,,,,0.045803,0.011420,0.047206,1.000000,-0.000016,0.00,0
4179,8.970,-3.091616,-0.174614,-3.091616,-0.174614,-3.137420,-0.187475,,,,0.045803,0.012860,0.047574,1.000000,-0.000016,0.00,0
4180,8.971,-3.091616,-0.174614,-3.091616,-0.174614,-3.137420,-0.188915,,,,0.045803,0.014300,0.047984,1.000000,-0.000016,0.00,0
4181,8.972,-3.091616,-0.174614,-3.091616,-0.174614,-3.137420,-0.190355,,,,0.045803,0.015740,0.048432,1.000000,-0.000016,0.00,0
4182,8.974,-3.091616,-0.174614,-3.091616,-0.174614,-3.137420,-0.191795,,,,0.045803,0.017180,0.048919,1.000000,-0.000016,0.00,0
4183,8.976,-3.091616,-0.174614,-3.091616,-0.174614,-3.137420,-0.193235,,,,0.045803,0.018620,0.049443,1.000000,-0.000016,0.00,0
4184,8.977,-3.091616,-0.174614,-3.091616,-0.174614,-3.137420,-0.194674,,,,0.045803,0.020060,0.050004,1.000000,-0.000016,0.00,0
4185,8.989,-3.060842,-0.201384,-2.992338,-0.234208,-3.137420,-0.196114,0.076578,-0.005269,0.076759,0.145082,-0.038093,0.150000,1.000000,-0.000016,11.01,1
4186,8.990,-3.060842,-0.201384,-3.060842,-0.201384,-3.137420,-0.197554,,,,0.076578,-0.003829,0.076674,1.000000,-0.000016,0.00,0
4187,8.992,-3.060842,-0.201384,-3.060842,-0.201384,-3.137420,-0.198994,,,,0.076578,-0.002389,0.076615,1.000000,-0.000016,0.00,0
4188,8.992,-3.060842,-0.201384,-3.060842,-0.201384,-3.137420,-0.200434,,,,0.076578,-0.000949,0.076584,1.000000,-0.000016,0.00,0
4189,8.994,-3.060842,-0.201384,-3.060842,-0.201384,-3.137420,-0.201874,,,,0.076578,0.000491,0.076579,1.000000,-0.000016,0.00,0
4190,8.996,-3.060842,-0.201384,-3.060842,-0.201384,-3.137420,-0.203314,,,,0.076578,0.001931,0.076602,1.000000,-0.000016,0.00,0
4191,8.997,-3.060842,-0.201384,-3.060842,-0.201384,-3.137420,-0.204754,,,,0.076578,0.003371,0.076652,1.000000,-0.000016,0.00,0
4192,8.998,-3.060842,-0.201384,-3.060842,-0.201384,-3.137420,-0.206194,,,,0.076578,0.004811,0.076729,1.000000,-0.000016,0.00,0
4193,8.999,-3.060842,-0.201384,-3.060842,-0.201384,-3.137420,-0.207634,,,,0.076578,0.006251,0.076833,1.000000,-0.000016,0.00,0
4194,9.000,-3.060842,-0.201384,-3.060842,-0.201384,-3.137420,-0.209074,,,,0.076578,0.007691,0.076963,1.000000,-0.000016,0.00,0
4195,9.001,-3.060842,-0.201384,-3.060842,-0.201384,-3.137420,-0.210514,,,,0.076578,0.009131,0.077120,1.000000,-0.000016,0.00,0
4196,9.002,-3.060842,-0.201384,-3.060842,-0.201384,-3.137420,-0.211954,,,,0.076578,0.010571,0.077304,1.000000,-0.000016,0.00,0
4197,9.003,-3.060842,-0.201384,-3.060842,-0.201384,-3.137420,-0.213394,,,,0.076578,0.012011,0.077514,1.000000,-0.000016,0.00,0
4198,9.004,-3.060842,-0.201384,-3.060842,-0.201384,-3.137420,-0.214834,,,,0.076578,0.013451,0.077750,1.000000,-0.000016,0.00,0
4199,9.005,-3.060842,-0.201384,-3.060842,-0.201384,-3.137420,-0.216274,,,,0.076578,0.014891,0.078012,1.000000,-0.000017,0.00,0
4200,9.018,-3.057572,-0.227434,-3.132318,-0.229134,-3.137420,-0.217714,0.079847,-0.009720,0.080437,0.005102,-0.011419,0.012507,1.000000,-0.000017,11.01,1
4201,9.020,-3.057572,-0.227434,-3.057572,-0.227434,-3.137420,-0.219154,,,,0.079847,-0.008280,0.080276,1.000000,-0.000017,0.00,0
4202,9.021,-3.057572,-0.227434,-3.057572,-0.227434,-3.137420,-0.220594,,,,0.079847,-0.006840,0.080140,1.000000,-0.000017,0.00,0
4203,9.022,-3.057572,-0.227434,-3.057572,-0.227434,-3.137420,-0.222034,,,,0.079847,-0.005400,0.080030,1.000000,-0.000017,0.00,0
4204,9.023,-3.057572,-0.227434,-3.057572,-0.227434,-3.137420,-0.223474,,,,0.079847,-0.003960,0.079946,1.000000,-0.000017,0.00,0
4205,9.024,-3.057572,-0.227434,-3.057572,-0.227434,-3.137420,-0.224914,,,,0.079847,-0.002520,0.079887,1.000000,-0.000017,0.00,0
4206,9.025,-3.057572,-0.227434,-3.057572,-0.227434,-3.137420,-0.226354,,,,0.079847,-0.001080,0.079855,1.000000,-0.000017,0.00,0
4207,9.026,-3.057572,-0.227434,-3.057572,-0.227434,-3.137420,-0.227794,,,,0.079847,0.000360,0.079848,1.000000,-0.000017,0.00,0
4208,9.027,-3.057572,-0.227434,-3.057572,-0.227434,-3.137420,-0.229234,,,,0.079847,0.001800,0.079868,1.000000,-0.000017,0.00,0
4209,9.028,-3.057572,-0.227434,-3.057572,-0.227434,-3.137420,-0.230674,,,,0.079847,0.003240,0.079913,1.000000,-0.000017,0.00,0
4210,9.030,-3.057572,-0.227434,-3.057572,-0.227434,-3.137420,-0.232114,,,,0.079847,0.004680,0.079985,1.000000,-0.000017,0.00,0
4211,9.031,-3.057572,-0.227434,-3.057572,-0.227434,-3.137420,-0.233554,,,,0.079847,0.006120,0.080082,1.000000,-0.000017,0.00,0
4212,9.032,-3.057572,-0.227434,-3.057572,-0.227434,-3.137420,-0.234994,,,,0.079847,0.007560,0.080205,1.000000,-0.000017,0.00,0
4213,9.033,-3.057572,-0.227434,-3.057572,-0.227434,-3.137420,-0.236434,,,,0.079847,0.009000,0.080353,1.000000,-0.000017,0.00,0
4214,9.034,-3.057572,-0.227434,-3.057572,-0.227434,-3.137420,-0.237874,,,,0.079847,0.010440,0.080527,1.000000,-0.000017,0.00,0
4215,9.046,-3.096429,-0.235517,-3.164630,-0.243209,-3.137420,-0.239314,0.040991,0.003798,0.041166,-0.027210,-0.003894,0.027488,1.000000,-0.000017,10.01,1
4216,9.049,-3.096429,-0.235517,-3.096429,-0.235517,-3.137420,-0.240754,,,,0.040991,0.005238,0.041324,1.000000,-0.000017,0.00,0
4217,9.050,-3.096429,-0.235517,-3.096429,-0.235517,-3.137420,-0.242194,,,,0.040991,0.006678,0.041531,1.000000,-0.000017,0.00,0
4218,9.051,-3.096429,-0.235517,-3.096429,-0.235517,-3.137420,-0.243634,,,,0.040991,0.008117,0.041787,1.000000,-0.000017,0.00,0
4219,9.052,-3.096429,-0.235517,-3.096429,-0.235517,-3.137420,-0.245074,,,,0.040991,0.009557,0.042090,1.000000,-0.000017,0.00,0
4220,9.053,-3.096429,-0.235517,-3.096429,-0.235517,-3.137420,-0.246514,,,,0.040991,0.010997,0.042441,1.000000,-0.000017,0.00,0
4221,9.054,-3.096429,-0.235517,-3.096429,-0.235517,-3.137420,-0.247954,,,,0.040991,0.012437,0.042836,1.000000,-0.000017,0.00,0
4222,9.056,-3.096429,-0.235517,-3.096429,-0.235517,-3.137420,-0.249394,,,,0.040991,0.013877,0.043276,1.000000,-0.000017,0.00,0
4223,9.057,-3.096429,-0.235517,-3.096429,-0.235517,-3.137420,-0.250834,,,,0.040991,0.015317,0.043759,1.000000,-0.000017,0.00,0
4224,9.058,-3.096429,-0.235517,-3.096429,-0.235517,-3.137420,-0.252274,,,,0.040991,0.016757,0.044284,1.000000,-0.000017,0.00,0
4225,9.060,-3.096429,-0.235517,-3.096429,-0.235517,-3.137420,-0.253714,,,,0.040991,0.018197,0.044849,1.000000,-0.000017,0.00,0
4226,9.061,-3.096429,-0.235517,-3.096429,-0.235517,-3.137420,-0.255154,,,,0.040991,0.019637,0.045452,1.000000,-0.000017,0.00,0
4227,9.062,-3.096429,-0.235517,-3.096429,-0.235517,-3.137420,-0.256594,,,,0.040991,0.021077,0.046092,1.000000,-0.000017,0.00,0
4228,9.063,-3.096429,-0.235517,-3.096429,-0.235517,-3.137420,-0.258034,,,,0.040991,0.022517,0.046768,1.000000,-0.000017,0.00,0
4229,9.064,-3.096429,-0.235517,-3.096429,-0.235517,-3.137420,-0.259474,,,,0.040991,0.023957,0.047479,1.000000,-0.000017,0.00,0
4230,9.077,-3.173215,-0.231747,-3.222696,-0.222898,-3.137420,-0.260914,-0.035795,0.029168,0.046174,-0.085277,0.038017,0.093367,1.000000,-0.000017,11.01,1
4231,9.078,-3.173215,-0.231747,-3.173215,-0.231747,-3.136645,-0.262354,,,,-0.036569,0.030608,0.047688,1.000000,-0.000017,0.00,0
4232,9.080,-3.173215,-0.231747,-3.173215,-0.231747,-3.135825,-0.263794,,,,-0.037390,0.032048,0.049245,1.000000,-0.000017,0.00,0
4233,9.081,-3.173215,-0.231747,-3.173215,-0.231747,-3.134998,-0.265234,,,,-0.038217,0.033488,0.050813,1.000000,-0.000017,0.00,0
4234,9.082,-3.173215,-0.231747,-3.173215,-0.231747,-3.134171,-0.266674,,,,-0.039044,0.034928,0.052387,1.000000,-0.000017,0.00,0
4235,9.083,-3.173215,-0.231747,-3.173215,-0.231747,-3.133345,-0.268114,,,,-0.039869,0.036368,0.053965,1.000000,-0.000017,0.00,0
4236,9.085,-3.173215,-0.231747,-3.173215,-0.231747,-3.132521,-0.269554,,,,-0.040694,0.037808,0.055547,1.000000,-0.000017,0.00,0
4237,9.086,-3.173215,-0.231747,-3.173215,-0.231747,-3.131697,-0.270994,,,,-0.041518,0.039248,0.057132,1.000000,-0.000017,0.00,0
4238,9.087,-3.173215,-0.231747,-3.173215,-0.231747,-3.130874,-0.272434,,,,-0.042340,0.040688,0.058721,1.000000,-0.000017,0.00,0
4239,9.088,-3.173215,-0.231747,-3.173215,-0.231747,-3.130052,-0.273874,,,,-0.043163,0.042128,0.060314,1.000000,-0.000017,0.00,0
4240,9.090,-3.173215,-0.231747,-3.173215,-0.231747,-3.129230,-0.275314,,,,-0.043985,0.043568,0.061909,1.000000,-0.000017,0.00,0
4241,9.091,-3.173215,-0.231747,-3.173215,-0.231747,-3.128409,-0.276754,,,,-0.044806,0.045008,0.063508,1.000000,-0.000017,0.00,0
4242,9.092,-3.173215,-0.231747,-3.173215,-0.231747,-3.127588,-0.278194,,,,-0.045627,0.046448,0.065109,1.000000,-0.000017,0.00,0
4243,9.093,-3.173215,-0.231747,-3.173215,-0.231747,-3.126767,-0.279634,,,,-0.046448,0.047888,0.066713,1.000000,-0.000017,0.00,0
4244,9.094,-3.173215,-0.231747,-3.173215,-0.231747,-3.125946,-0.281074,,,,-0.047269,0.049328,0.068319,1.000000,-0.000017,0.00,0
4245,9.106,-3.169958,-0.254928,-3.122549,-0.298679,-3.125125,-0.282514,-0.044833,0.027586,0.052640,0.002576,-0.016165,0.016369,1.000000,-0.000017,11.01,1
4246,9.108,-3.169958,-0.254928,-3.169958,-0.254928,-3.125079,-0.283954,,,,-0.044879,0.029026,0.053447,1.000000,-0.000017,0.00,0
4247,9.110,-3.169958,-0.254928,-3.169958,-0.254928,-3.125080,-0.285394,,,,-0.044879,0.030466,0.054243,1.000000,-0.000017,0.00,0
4248,9.116,-3.169958,-0.254928,-3.169958,-0.254928,-3.125086,-0.286834,,,,-0.044872,0.031906,0.055059,1.000000,-0.000017,0.00,0
4249,9.117,-3.169958,-0.254928,-3.169958,-0.254928,-3.125093,-0.288274,,,,-0.044866,0.033346,0.055900,1.000000,-0.000017,0.00,0
4250,9.118,-3.169958,-0.254928,-3.169958,-0.254928,-3.125098,-0.289714,,,,-0.044860,0.034786,0.056767,1.000000,-0.000017,0.00,0
4251,9.120,-3.169958,-0.254928,-3.169958,-0.254928,-3.125103,-0.291154,,,,-0.044856,0.036226,0.057657,1.000000,-0.000017,0.00,0
4252,9.120,-3.169958,-0.254928,-3.169958,-0.254928,-3.125106,-0.292594,,,,-0.044852,0.037666,0.058570,1.000000,-0.000017,0.00,0
4253,9.122,-3.169958,-0.254928,-3.169958,-0.254928,-3.125109,-0.294034,,,,-0.044849,0.039106,0.059504,1.000000,-0.000017,0.00,0
4254,9.123,-3.169958,-0.254928,-3.169958,-0.254928,-3.125111,-0.295474,,,,-0.044847,0.040546,0.060458,1.000000,-0.000017,0.00,0
4255,9.124,-3.169958,-0.254928,-3.169958,-0.254928,-3.125113,-0.296914,,,,-0.044845,0.041986,0.061432,1.000000,-0.000017,0.00,0
4256,9.125,-3.169958,-0.254928,-3.169958,-0.254928,-3.125114,-0.298354,,,,-0.044844,0.043426,0.062424,1.000000,-0.000017,0.00,0
4257,9.127,-3.169958,-0.254928,-3.169958,-0.254928,-3.125115,-0.299794,,,,-0.044843,0.044866,0.063434,1.000000,-0.000017,0.00,0
4258,9.128,-3.169958,-0.254928,-3.169958,-0.254928,-3.125116,-0.301234,,,,-0.044842,0.046306,0.064460,1.000000,-0.000017,0.00,0
4259,9.130,-3.169958,-0.254928,-3.169958,-0.254928,-3.125117,-0.302674,,,,-0.044841,0.047746,0.065501,1.000000,-0.000017,0.00,0
4260,9.142,-3.109283,-0.286420,-2.982603,-0.337683,-3.125117,-0.304114,0.015835,0.017694,0.023745,0.142515,-0.033568,0.146415,1.000000,-0.000017,11.01,1
4261,9.144,-3.109283,-0.286420,-3.109283,-0.286420,-3.125118,-0.305554,,,,0.015835,0.019134,0.024837,1.000000,-0.000017,0.00,0
4262,9.146,-3.109283,-0.286420,-3.109283,-0.286420,-3.125118,-0.306994,,,,0.015835,0.020574,0.025963,1.000000,-0.000017,0.00,0
4263,9.147,-3.109283,-0.286420,-3.109283,-0.286420,-3.125118,-0.308434,,,,0.015836,0.022014,0.027118,1.000000,-0.000017,0.00,0
4264,9.149,-3.109283,-0.286420,-3.109283,-0.286420,-3.125119,-0.309874,,,,0.015836,0.023454,0.028300,1.000000,-0.000017,0.00,0
4265,9.149,-3.109283,-0.286420,-3.109283,-0.286420,-3.125119,-0.311314,,,,0.015836,0.024894,0.029504,1.000000,-0.000017,0.00,0
4266,9.151,-3.109283,-0.286420,-3.109283,-0.286420,-3.125119,-0.312754,,,,0.015836,0.026334,0.030729,1.000000,-0.000017,0.00,0
4267,9.152,-3.109283,-0.286420,-3.109283,-0.286420,-3.125119,-0.314194,,,,0.015836,0.027774,0.031972,1.000000,-0.000017,0.00,0
4268,9.152,-3.109283,-0.286420,-3.109283,-0.286420,-3.125119,-0.315634,,,,0.015836,0.029214,0.033231,1.000000,-0.000017,0.00,0
4269,9.154,-3.109283,-0.286420,-3.109283,-0.286420,-3.125119,-0.317074,,,,0.015836,0.030654,0.034503,1.000000,-0.000017,0.00,0
4270,9.156,-3.109283,-0.286420,-3.109283,-0.286420,-3.125119,-0.318514,,,,0.015836,0.032094,0.035789,1.000000,-0.000017,0.00,0
4271,9.157,-3.109283,-0.286420,-3.109283,-0.286420,-3.125119,-0.319954,,,,0.015837,0.033534,0.037086,1.000000,-0.000017,0.00,0
4272,9.158,-3.109283,-0.286420,-3.109283,-0.286420,-3.125119,-0.321394,,,,0.015837,0.034974,0.038393,1.000000,-0.000017,0.00,0
4273,9.159,-3.109283,-0.286420,-3.109283,-0.286420,-3.125119,-0.322834,,,,0.015837,0.036414,0.039709,1.000000,-0.000017,0.00,0
4274,9.160,-3.109283,-0.286420,-3.109283,-0.286420,-3.125119,-0.324274,,,,0.015837,0.037854,0.041034,1.000000,-0.000017,0.00,0
4275,9.172,-3.069744,-0.327147,-3.104081,-0.345080,-3.125119,-0.325714,0.055375,-0.001433,0.055394,0.021038,-0.019366,0.028594,1.000000,-0.000017,10.01,1
4276,9.174,-3.069744,-0.327147,-3.069744,-0.327147,-3.125119,-0.327154,,,,0.055375,0.000007,0.055375,1.000000,-0.000017,0.00,0
4277,9.176,-3.069744,-0.327147,-3.069744,-0.327147,-3.125119,-0.328594,,,,0.055375,0.001447,0.055394,1.000000,-0.000017,0.00,0
4278,9.177,-3.069744,-0.327147,-3.069744,-0.327147,-3.125119,-0.330034,,,,0.055375,0.002887,0.055450,1.000000,-0.000017,0.00,0
4279,9.178,-3.069744,-0.327147,-3.069744,-0.327147,-3.125119,-0.331474,,,,0.055375,0.004327,0.055544,1.000000,-0.000017,0.00,0
4280,9.179,-3.069744,-0.327147,-3.069744,-0.327147,-3.125119,-0.332914,,,,0.055375,0.005767,0.055675,1.000000,-0.000017,0.00,0
4281,9.180,-3.069744,-0.327147,-3.069744,-0.327147,-3.125119,-0.334354,,,,0.055375,0.007207,0.055842,1.000000,-0.000017,0.00,0
4282,9.181,-3.069744,-0.327147,-3.069744,-0.327147,-3.125119,-0.335794,,,,0.055375,0.008647,0.056046,1.000000,-0.000017,0.00,0
4283,9.183,-3.069744,-0.327147,-3.069744,-0.327147,-3.125119,-0.337234,,,,0.055375,0.010087,0.056287,1.000000,-0.000017,0.00,0
4284,9.184,-3.069744,-0.327147,-3.069744,-0.327147,-3.125119,-0.338674,,,,0.055375,0.011527,0.056562,1.000000,-0.000017,0.00,0
4285,9.185,-3.069744,-0.327147,-3.069744,-0.327147,-3.125119,-0.340114,,,,0.055375,0.012967,0.056873,1.000000,-0.000017,0.00,0
4286,9.186,-3.069744,-0.327147,-3.069744,-0.327147,-3.125119,-0.341554,,,,0.055375,0.014407,0.057219,1.000000,-0.000017,0.00,0
4287,9.188,-3.069744,-0.327147,-3.069744,-0.327147,-3.125119,-0.342994,,,,0.055375,0.015847,0.057598,1.000000,-0.000017,0.00,0
4288,9.189,-3.069744,-0.327147,-3.069744,-0.327147,-3.125119,-0.344434,,,,0.055375,0.017287,0.058011,1.000000,-0.000017,0.00,0
4289,9.189,-3.069744,-0.327147,-3.069744,-0.327147,-3.125119,-0.345874,,,,0.055375,0.018727,0.058456,1.000000,-0.000017,0.00,0
4290,9.201,-3.057159,-0.351983,-3.084794,-0.373186,-3.125119,-0.347314,0.067960,-0.004668,0.068120,0.040325,-0.025871,0.047911,1.000000,-0.000017,11.01,1
4291,9.204,-3.057159,-0.351983,-3.057159,-0.351983,-3.125119,-0.348754,,,,0.067960,-0.003228,0.068037,1.000000,-0.000017,0.00,0
4292,9.205,-3.057159,-0.351983,-3.057159,-0.351983,-3.125119,-0.350194,,,,0.067960,-0.001788,0.067984,1.000000,-0.000017,0.00,0
4293,9.206,-3.057159,-0.351983,-3.057159,-0.351983,-3.125119,-0.351634,,,,0.067960,-0.000348,0.067961,1.000000,-0.000017,0.00,0
4294,9.207,-3.057159,-0.351983,-3.057159,-0.351983,-3.125119,-0.353074,,,,0.067960,0.001092,0.067969,1.000000,-0.000017,0.00,0
4295,9.208,-3.057159,-0.351983,-3.057159,-0.351983,-3.125119,-0.354514,,,,0.067960,0.002532,0.068007,1.000000,-0.000017,0.00,0
4296,9.209,-3.057159,-0.351983,-3.057159,-0.351983,-3.125119,-0.355954,,,,0.067960,0.003972,0.068076,1.000000,-0.000017,0.00,0
4297,9.210,-3.057159,-0.351983,-3.057159,-0.351983,-3.125119,-0.357394,,,,0.067960,0.005412,0.068175,1.000000,-0.000017,0.00,0
4298,9.211,-3.057159,-0.351983,-3.057159,-0.351983,-3.125119,-0.358834,,,,0.067960,0.006852,0.068305,1.000000,-0.000017,0.00,0
4299,9.212,-3.057159,-0.351983,-3.057159,-0.351983,-3.125119,-0.360274,,,,0.067960,0.008292,0.068464,1.000000,-0.000017,0.00,0
4300,9.214,-3.057159,-0.351983,-3.057159,-0.351983,-3.125119,-0.361714,,,,0.067960,0.009732,0.068653,1.000000,-0.000017,0.00,0
4301,9.215,-3.057159,-0.351983,-3.057159,-0.351983,-3.125119,-0.363154,,,,0.067960,0.011172,0.068872,1.000000,-0.000017,0.00,0
4302,9.216,-3.057159,-0.351983,-3.057159,-0.351983,-3.125119,-0.364594,,,,0.067960,0.012612,0.069120,1.000000,-0.000017,0.00,0
4303,9.217,-3.057159,-0.351983,-3.057159,-0.351983,-3.125119,-0.366034,,,,0.067960,0.014052,0.069397,1.000000,-0.000017,0.00,0
4304,9.219,-3.057159,-0.351983,-3.057159,-0.351983,-3.125119,-0.367474,,,,0.067960,0.015492,0.069703,1.000000,-0.000017,0.00,0
4305,9.231,-3.103649,-0.345125,-3.122073,-0.317109,-3.125119,-0.368914,0.021470,0.023790,0.032045,0.003046,0.051806,0.051895,1.000000,-0.000017,10.51,1
4306,9.233,-3.103649,-0.345125,-3.103649,-0.345125,-3.125119,-0.370354,,,,0.021470,0.025230,0.033128,1.000000,-0.000017,0.00,0
4307,9.234,-3.103649,-0.345125,-3.103649,-0.345125,-3.125119,-0.371794,,,,0.021470,0.026670,0.034238,1.000000,-0.000017,0.00,0
4308,9.236,-3.103649,-0.345125,-3.103649,-0.345125,-3.125119,-0.373234,,,,0.021470,0.028110,0.035371,1.000000,-0.000017,0.00,0
4309,9.237,-3.103649,-0.345125,-3.103649,-0.345125,-3.125119,-0.374675,,,,0.021470,0.029550,0.036526,1.000000,-0.000017,0.00,0
4310,9.238,-3.103649,-0.345125,-3.103649,-0.345125,-3.125119,-0.376115,,,,0.021470,0.030990,0.037700,1.000000,-0.000017,0.00,0
4311,9.239,-3.103649,-0.345125,-3.103649,-0.345125,-3.125119,-0.377555,,,,0.021470,0.032430,0.038893,1.000000,-0.000017,0.00,0
4312,9.240,-3.103649,-0.345125,-3.103649,-0.345125,-3.125119,-0.378995,,,,0.021470,0.033870,0.040101,1.000000,-0.000017,0.00,0
4313,9.242,-3.103649,-0.345125,-3.103649,-0.345125,-3.125119,-0.380435,,,,0.021470,0.035310,0.041325,1.000000,-0.000017,0.00,0
4314,9.242,-3.103649,-0.345125,-3.103649,-0.345125,-3.125119,-0.381875,,,,0.021470,0.036750,0.042562,1.000000,-0.000017,0.00,0
4315,9.245,-3.103649,-0.345125,-3.103649,-0.345125,-3.125119,-0.383315,,,,0.021470,0.038190,0.043811,1.000000,-0.000017,0.00,0
4316,9.246,-3.103649,-0.345125,-3.103649,-0.345125,-3.125119,-0.384755,,,,0.021470,0.039630,0.045072,1.000000,-0.000017,0.00,0
4317,9.247,-3.103649,-0.345125,-3.103649,-0.345125,-3.125119,-0.386195,,,,0.021470,0.041070,0.046343,1.000000,-0.000017,0.00,0
4318,9.248,-3.103649,-0.345125,-3.103649,-0.345125,-3.125119,-0.387635,,,,0.021470,0.042510,0.047624,1.000000,-0.000017,0.00,0
4319,9.249,-3.103649,-0.345125,-3.103649,-0.345125,-3.125119,-0.389075,,,,0.021470,0.043950,0.048914,1.000000,-0.000017,0.00,0
4320,9.261,-3.091749,-0.364436,-3.068381,-0.403013,-3.125119,-0.390515,0.033370,0.026079,0.042352,0.056738,-0.012499,0.058098,1.000000,-0.000017,10.01,1
4321,9.262,-3.091749,-0.364436,-3.091749,-0.364436,-3.125119,-0.391955,,,,0.033370,0.027519,0.043253,1.000000,-0.000017,0.00,0
4322,9.265,-3.091749,-0.364436,-3.091749,-0.364436,-3.125120,-0.393395,,,,0.033370,0.028959,0.044183,1.000000,-0.000017,0.00,0
4323,9.266,-3.091749,-0.364436,-3.091749,-0.364436,-3.125120,-0.394835,,,,0.033370,0.030399,0.045140,1.000000,-0.000017,0.00,0
4324,9.267,-3.091749,-0.364436,-3.091749,-0.364436,-3.125120,-0.396275,,,,0.033370,0.031839,0.046122,1.000000,-0.000017,0.00,0
4325,9.268,-3.091749,-0.364436,-3.091749,-0.364436,-3.125120,-0.397715,,,,0.033370,0.033279,0.047128,1.000000,-0.000017,0.00,0
4326,9.270,-3.091749,-0.364436,-3.091749,-0.364436,-3.125120,-0.399155,,,,0.033370,0.034719,0.048155,1.000000,-0.000017,0.00,0
4327,9.271,-3.091749,-0.364436,-3.091749,-0.364436,-3.125120,-0.400595,,,,0.033370,0.036159,0.049204,1.000000,-0.000017,0.00,0
4328,9.272,-3.091749,-0.364436,-3.091749,-0.364436,-3.125120,-0.402035,,,,0.033370,0.037599,0.050272,1.000000,-0.000017,0.00,0
4329,9.275,-3.091749,-0.364436,-3.091749,-0.364436,-3.125120,-0.403475,,,,0.033370,0.039039,0.051357,1.000000,-0.000017,0.00,0
4330,9.276,-3.091749,-0.364436,-3.091749,-0.364436,-3.125120,-0.404915,,,,0.033370,0.040479,0.052460,1.000000,-0.000017,0.00,0
4331,9.277,-3.091749,-0.364436,-3.091749,-0.364436,-3.125120,-0.406355,,,,0.033370,0.041919,0.053579,1.000000,-0.000017,0.00,0
4332,9.278,-3.091749,-0.364436,-3.091749,-0.364436,-3.125120,-0.407795,,,,0.033370,0.043359,0.054713,1.000000,-0.000017,0.00,0
4333,9.279,-3.091749,-0.364436,-3.091749,-0.364436,-3.125120,-0.409235,,,,0.033370,0.044799,0.055861,1.000000,-0.000017,0.00,0
4334,9.280,-3.091749,-0.364436,-3.091749,-0.364436,-3.125120,-0.410675,,,,0.033370,0.046239,0.057023,1.000000,-0.000017,0.00,0
4335,9.291,-3.063903,-0.380219,-3.001253,-0.420535,-3.125120,-0.412115,0.061217,0.031896,0.069028,0.123867,-0.008420,0.124153,1.000000,-0.000017,10.01,1
4336,9.294,-3.063903,-0.380219,-3.063903,-0.380219,-3.125120,-0.413555,,,,0.061217,0.033336,0.069705,1.000000,-0.000017,0.00,0
4337,9.296,-3.063903,-0.380219,-3.063903,-0.380219,-3.125120,-0.414995,,,,0.061217,0.034776,0.070405,1.000000,-0.000017,0.00,0
4338,9.297,-3.063903,-0.380219,-3.063903,-0.380219,-3.125120,-0.416435,,,,0.061217,0.036216,0.071127,1.000000,-0.000017,0.00,0
4339,9.298,-3.063903,-0.380219,-3.063903,-0.380219,-3.125120,-0.417875,,,,0.061217,0.037656,0.071871,1.000000,-0.000017,0.00,0
4340,9.299,-3.063903,-0.380219,-3.063903,-0.380219,-3.125120,-0.419315,,,,0.061217,0.039096,0.072636,1.000000,-0.000017,0.00,0
4341,9.300,-3.063903,-0.380219,-3.063903,-0.380219,-3.125120,-0.420755,,,,0.061217,0.040536,0.073421,1.000000,-0.000017,0.00,0
4342,9.301,-3.063903,-0.380219,-3.063903,-0.380219,-3.125120,-0.422195,,,,0.061217,0.041976,0.074226,1.000000,-0.000017,0.00,0
4343,9.302,-3.063903,-0.380219,-3.063903,-0.380219,-3.125120,-0.423635,,,,0.061217,0.043416,0.075050,1.000000,-0.000017,0.00,0
4344,9.304,-3.063903,-0.380219,-3.063903,-0.380219,-3.125120,-0.425075,,,,0.061217,0.044856,0.075892,1.000000,-0.000017,0.00,0
4345,9.305,-3.063903,-0.380219,-3.063903,-0.380219,-3.125120,-0.426515,,,,0.061217,0.046296,0.076752,1.000000,-0.000017,0.00,0
4346,9.306,-3.063903,-0.380219,-3.063903,-0.380219,-3.125120,-0.427955,,,,0.061217,0.047736,0.077629,1.000000,-0.000017,0.00,0
4347,9.308,-3.063903,-0.380219,-3.063903,-0.380219,-3.125120,-0.429395,,,,0.061217,0.049176,0.078522,1.000000,-0.000017,0.00,0
4348,9.309,-3.063903,-0.380219,-3.063903,-0.380219,-3.125120,-0.430835,,,,0.061217,0.050616,0.079432,1.000000,-0.000017,0.00,0
4349,9.309,-3.063903,-0.380219,-3.063903,-0.380219,-3.125120,-0.432275,,,,0.061217,0.052056,0.080357,1.000000,-0.000017,0.00,0
4350,9.322,-3.065566,-0.433850,-3.127065,-0.478003,-3.125120,-0.433715,0.059553,-0.000136,0.059553,-0.001945,-0.044288,0.044331,1.000000,-0.000017,10.51,1
4351,9.324,-3.065566,-0.433850,-3.065566,-0.433850,-3.125120,-0.435155,,,,0.059553,0.001304,0.059568,1.000000,-0.000017,0.00,0
4352,9.325,-3.065566,-0.433850,-3.065566,-0.433850,-3.125120,-0.436595,,,,0.059553,0.002744,0.059617,1.000000,-0.000017,0.00,0
4353,9.326,-3.065566,-0.433850,-3.065566,-0.433850,-3.125120,-0.438035,,,,0.059553,0.004184,0.059700,1.000000,-0.000017,0.00,0
4354,9.328,-3.065566,-0.433850,-3.065566,-0.433850,-3.125120,-0.439475,,,,0.059553,0.005624,0.059818,1.000000,-0.000017,0.00,0
4355,9.329,-3.065566,-0.433850,-3.065566,-0.433850,-3.125120,-0.440915,,,,0.059553,0.007064,0.059971,1.000000,-0.000017,0.00,0
4356,9.330,-3.065566,-0.433850,-3.065566,-0.433850,-3.125120,-0.442355,,,,0.059553,0.008504,0.060157,1.000000,-0.000017,0.00,0
4357,9.332,-3.065566,-0.433850,-3.065566,-0.433850,-3.125120,-0.443795,,,,0.059553,0.009944,0.060378,1.000000,-0.000017,0.00,0
4358,9.333,-3.065566,-0.433850,-3.065566,-0.433850,-3.125120,-0.445235,,,,0.059553,0.011384,0.060632,1.000000,-0.000017,0.00,0
4359,9.334,-3.065566,-0.433850,-3.065566,-0.433850,-3.125120,-0.446675,,,,0.059553,0.012824,0.060919,1.000000,-0.000017,0.00,0
4360,9.335,-3.065566,-0.433850,-3.065566,-0.433850,-3.125120,-0.448115,,,,0.059553,0.014264,0.061238,1.000000,-0.000016,0.00,0
4361,9.336,-3.065566,-0.433850,-3.065566,-0.433850,-3.125120,-0.449555,,,,0.059553,0.015704,0.061589,1.000000,-0.000016,0.00,0
4362,9.338,-3.065566,-0.433850,-3.065566,-0.433850,-3.125120,-0.450995,,,,0.059553,0.017144,0.061972,1.000000,-0.000016,0.00,0
4363,9.339,-3.065566,-0.433850,-3.065566,-0.433850,-3.125120,-0.452435,,,,0.059553,0.018584,0.062386,1.000000,-0.000016,0.00,0
4364,9.339,-3.065566,-0.433850,-3.065566,-0.433850,-3.125120,-0.453875,,,,0.059553,0.020024,0.062830,1.000000,-0.000016,0.00,0
4365,9.352,-3.084124,-0.449249,-3.124053,-0.449210,-3.125120,-0.455315,0.040996,0.006065,0.041442,0.001067,0.006105,0.006197,1.000000,-0.000016,10.01,1
4366,9.354,-3.084124,-0.449249,-3.084124,-0.449249,-3.125120,-0.456755,,,,0.040996,0.007505,0.041677,1.000000,-0.000016,0.00,0
4367,9.355,-3.084124,-0.449249,-3.084124,-0.449249,-3.125120,-0.458195,,,,0.040996,0.008945,0.041961,1.000000,-0.000016,0.00,0
4368,9.356,-3.084124,-0.449249,-3.084124,-0.449249,-3.125120,-0.459635,,,,0.040996,0.010385,0.042291,1.000000,-0.000016,0.00,0
4369,9.357,-3.084124,-0.449249,-3.084124,-0.449249,-3.125120,-0.461075,,,,0.040996,0.011825,0.042668,1.000000,-0.000016,0.00,0
4370,9.358,-3.084124,-0.449249,-3.084124,-0.449249,-3.125120,-0.462515,,,,0.040996,0.013265,0.043089,1.000000,-0.000016,0.00,0
4371,9.361,-3.084124,-0.449249,-3.084124,-0.449249,-3.125120,-0.463955,,,,0.040996,0.014705,0.043554,1.000000,-0.000016,0.00,0
4372,9.362,-3.084124,-0.449249,-3.084124,-0.449249,-3.125120,-0.465395,,,,0.040996,0.016145,0.044061,1.000000,-0.000016,0.00,0
4373,9.364,-3.084124,-0.449249,-3.084124,-0.449249,-3.125120,-0.466835,,,,0.040996,0.017585,0.044609,1.000000,-0.000016,0.00,0
4374,9.365,-3.084124,-0.449249,-3.084124,-0.449249,-3.125120,-0.468275,,,,0.040996,0.019025,0.045196,1.000000,-0.000016,0.00,0
4375,9.366,-3.084124,-0.449249,-3.084124,-0.449249,-3.125120,-0.469715,,,,0.040996,0.020465,0.045820,1.000000,-0.000016,0.00,0
4376,9.367,-3.084124,-0.449249,-3.084124,-0.449249,-3.125120,-0.471155,,,,0.040996,0.021905,0.046481,1.000000,-0.000016,0.00,0
4377,9.369,-3.084124,-0.449249,-3.084124,-0.449249,-3.125120,-0.472595,,,,0.040996,0.023345,0.047177,1.000000,-0.000016,0.00,0
4378,9.370,-3.084124,-0.449249,-3.084124,-0.449249,-3.125120,-0.474035,,,,0.040996,0.024785,0.047906,1.000000,-0.000016,0.00,0
4379,9.372,-3.084124,-0.449249,-3.084124,-0.449249,-3.125120,-0.475475,,,,0.040996,0.026225,0.048667,1.000000,-0.000016,0.00,0
4380,9.383,-3.129544,-0.452972,-3.137514,-0.431702,-3.125120,-0.476915,-0.004424,0.023943,0.024349,-0.012394,0.045213,0.046881,1.000000,-0.000016,10.01,1
4381,9.386,-3.129544,-0.452972,-3.129544,-0.452972,-3.125120,-0.478355,,,,-0.004424,0.025383,0.025766,1.000000,-0.000016,0.00,0
4382,9.387,-3.129544,-0.452972,-3.129544,-0.452972,-3.125120,-0.479795,,,,-0.004424,0.026823,0.027186,1.000000,-0.000016,0.00,0
4383,9.388,-3.129544,-0.452972,-3.129544,-0.452972,-3.125120,-0.481235,,,,-0.004424,0.028263,0.028607,1.000000,-0.000016,0.00,0
4384,9.390,-3.129544,-0.452972,-3.129544,-0.452972,-3.125120,-0.482675,,,,-0.004424,0.029703,0.030031,1.000000,-0.000016,0.00,0
4385,9.391,-3.129544,-0.452972,-3.129544,-0.452972,-3.125120,-0.484115,,,,-0.004424,0.031143,0.031456,1.000000,-0.000016,0.00,0
4386,9.392,-3.129544,-0.452972,-3.129544,-0.452972,-3.125120,-0.485555,,,,-0.004424,0.032583,0.032882,1.000000,-0.000016,0.00,0
4387,9.394,-3.129544,-0.452972,-3.129544,-0.452972,-3.125120,-0.486995,,,,-0.004424,0.034023,0.034310,1.000000,-0.000016,0.00,0
4388,9.395,-3.129544,-0.452972,-3.129544,-0.452972,-3.125120,-0.488435,,,,-0.004424,0.035463,0.035738,1.000000,-0.000016,0.00,0
4389,9.397,-3.129544,-0.452972,-3.129544,-0.452972,-3.125120,-0.489875,,,,-0.004424,0.036903,0.037167,1.000000,-0.000016,0.00,0
4390,9.398,-3.129544,-0.452972,-3.129544,-0.452972,-3.125120,-0.491315,,,,-0.004424,0.038343,0.038598,1.000000,-0.000016,0.00,0
4391,9.399,-3.129544,-0.452972,-3.129544,-0.452972,-3.125120,-0.492755,,,,-0.004424,0.039783,0.040028,1.000000,-0.000016,0.00,0
4392,9.401,-3.129544,-0.452972,-3.129544,-0.452972,-3.125120,-0.494195,,,,-0.004424,0.041223,0.041460,1.000000,-0.000016,0.00,0
4393,9.402,-3.129544,-0.452972,-3.129544,-0.452972,-3.125120,-0.495635,,,,-0.004424,0.042663,0.042892,1.000000,-0.000016,0.00,0
4394,9.402,-3.129544,-0.452972,-3.129544,-0.452972,-3.125120,-0.497075,,,,-0.004424,0.044103,0.044324,1.000000,-0.000016,0.00,0
4395,9.415,-3.112515,-0.453644,-3.075977,-0.480020,-3.125120,-0.498515,0.012605,0.044871,0.046607,0.049142,0.018494,0.052507,1.000000,-0.000016,10.01,1
4396,9.416,-3.112515,-0.453644,-3.112515,-0.453644,-3.125120,-0.499955,,,,0.012605,0.046311,0.047995,1.000000,-0.000016,0.00,0
4397,9.421,-3.112515,-0.453644,-3.112515,-0.453644,-3.125120,-0.501395,,,,0.012605,0.047751,0.049386,1.000000,-0.000016,0.00,0
4398,9.423,-3.112515,-0.453644,-3.112515,-0.453644,-3.125120,-0.502835,,,,0.012605,0.049190,0.050780,1.000000,-0.000016,0.00,0
4399,9.424,-3.112515,-0.453644,-3.112515,-0.453644,-3.125120,-0.504275,,,,0.012605,0.050630,0.052176,1.000000,-0.000016,0.00,0
4400,9.425,-3.112515,-0.453644,-3.112515,-0.453644,-3.125120,-0.505715,,,,0.012605,0.052070,0.053574,1.000000,-0.000016,0.00,0
4401,9.426,-3.112515,-0.453644,-3.112515,-0.453644,-3.125120,-0.507155,,,,0.012605,0.053510,0.054975,1.000000,-0.000016,0.00,0
4402,9.427,-3.112515,-0.453644,-3.112515,-0.453644,-3.125120,-0.508595,,,,0.012605,0.054950,0.056378,1.000000,-0.000016,0.00,0
4403,9.428,-3.112515,-0.453644,-3.112515,-0.453644,-3.125120,-0.510035,,,,0.012605,0.056390,0.057782,1.000000,-0.000016,0.00,0
4404,9.430,-3.112515,-0.453644,-3.112515,-0.453644,-3.125120,-0.511475,,,,0.012605,0.057830,0.059188,1.000000,-0.000016,0.00,0
4405,9.431,-3.112515,-0.453644,-3.112515,-0.453644,-3.125120,-0.512915,,,,0.012605,0.059270,0.060596,1.000000,-0.000016,0.00,0
4406,9.432,-3.112515,-0.453644,-3.112515,-0.453644,-3.125120,-0.514355,,,,0.012605,0.060710,0.062005,1.000000,-0.000016,0.00,0
4407,9.433,-3.112515,-0.453644,-3.112515,-0.453644,-3.125120,-0.515795,,,,0.012605,0.062150,0.063416,1.000000,-0.000016,0.00,0
4408,9.434,-3.112515,-0.453644,-3.112515,-0.453644,-3.125120,-0.517235,,,,0.012605,0.063590,0.064828,1.000000,-0.000016,0.00,0
4409,9.435,-3.112515,-0.453644,-3.112515,-0.453644,-3.125120,-0.518675,,,,0.012605,0.065030,0.066241,1.000000,-0.000016,0.00,0
4410,9.448,-3.064652,-0.494629,-2.980464,-0.572164,-3.125120,-0.520115,0.060468,0.025486,0.065619,0.144656,-0.052050,0.153735,1.000000,-0.000016,10.51,1
4411,9.450,-3.064652,-0.494629,-3.064652,-0.494629,-3.125120,-0.521555,,,,0.060468,0.026926,0.066192,1.000000,-0.000016,0.00,0
4412,9.451,-3.064652,-0.494629,-3.064652,-0.494629,-3.125120,-0.522995,,,,0.060468,0.028366,0.066791,1.000000,-0.000016,0.00,0
4413,9.452,-3.064652,-0.494629,-3.064652,-0.494629,-3.125120,-0.524435,,,,0.060468,0.029806,0.067415,1.000000,-0.000016,0.00,0
4414,9.453,-3.064652,-0.494629,-3.064652,-0.494629,-3.125120,-0.525875,,,,0.060468,0.031246,0.068064,1.000000,-0.000016,0.00,0
4415,9.454,-3.064652,-0.494629,-3.064652,-0.494629,-3.125120,-0.527315,,,,0.060468,0.032686,0.068737,1.000000,-0.000016,0.00,0
4416,9.456,-3.064652,-0.494629,-3.064652,-0.494629,-3.125120,-0.528755,,,,0.060468,0.034126,0.069433,1.000000,-0.000016,0.00,0
4417,9.457,-3.064652,-0.494629,-3.064652,-0.494629,-3.125120,-0.530195,,,,0.060468,0.035566,0.070152,1.000000,-0.000016,0.00,0
4418,9.458,-3.064652,-0.494629,-3.064652,-0.494629,-3.125120,-0.531634,,,,0.060468,0.037006,0.070893,1.000000,-0.000016,0.00,0
4419,9.460,-3.064652,-0.494629,-3.064652,-0.494629,-3.125120,-0.533074,,,,0.060468,0.038446,0.071655,1.000000,-0.000016,0.00,0
4420,9.461,-3.064652,-0.494629,-3.064652,-0.494629,-3.125120,-0.534514,,,,0.060468,0.039886,0.072438,1.000000,-0.000016,0.00,0
4421,9.462,-3.064652,-0.494629,-3.064652,-0.494629,-3.125120,-0.535954,,,,0.060468,0.041326,0.073241,1.000000,-0.000016,0.00,0
4422,9.463,-3.064652,-0.494629,-3.064652,-0.494629,-3.125120,-0.537394,,,,0.060468,0.042766,0.074063,1.000000,-0.000016,0.00,0
4423,9.465,-3.064652,-0.494629,-3.064652,-0.494629,-3.125120,-0.538834,,,,0.060468,0.044206,0.074903,1.000000,-0.000016,0.00,0
4424,9.466,-3.064652,-0.494629,-3.064652,-0.494629,-3.125120,-0.540274,,,,0.060468,0.045646,0.075762,1.000000,-0.000016,0.00,0
4425,9.478,-3.060850,-0.536246,-3.126108,-0.556553,-3.125120,-0.541714,0.064270,0.005469,0.064502,-0.000989,-0.014838,0.014871,1.000000,-0.000017,10.01,1
4426,9.481,-3.060850,-0.536246,-3.060850,-0.536246,-3.125120,-0.543154,,,,0.064270,0.006909,0.064640,1.000000,-0.000017,0.00,0
4427,9.482,-3.060850,-0.536246,-3.060850,-0.536246,-3.125120,-0.544594,,,,0.064270,0.008349,0.064810,1.000000,-0.000017,0.00,0
4428,9.484,-3.060850,-0.536246,-3.060850,-0.536246,-3.125120,-0.546034,,,,0.064270,0.009789,0.065011,1.000000,-0.000017,0.00,0
4429,9.485,-3.060850,-0.536246,-3.060850,-0.536246,-3.125120,-0.547474,,,,0.064270,0.011229,0.065243,1.000000,-0.000017,0.00,0
4430,9.487,-3.060850,-0.536246,-3.060850,-0.536246,-3.125120,-0.548914,,,,0.064270,0.012669,0.065506,1.000000,-0.000017,0.00,0
4431,9.488,-3.060850,-0.536246,-3.060850,-0.536246,-3.125120,-0.550354,,,,0.064270,0.014109,0.065800,1.000000,-0.000017,0.00,0
4432,9.490,-3.060850,-0.536246,-3.060850,-0.536246,-3.125120,-0.551794,,,,0.064270,0.015549,0.066124,1.000000,-0.000017,0.00,0
4433,9.491,-3.060850,-0.536246,-3.060850,-0.536246,-3.125120,-0.553234,,,,0.064270,0.016989,0.066477,1.000000,-0.000017,0.00,0
4434,9.492,-3.060850,-0.536246,-3.060850,-0.536246,-3.125120,-0.554674,,,,0.064270,0.018429,0.066860,1.000000,-0.000017,0.00,0
4435,9.493,-3.060850,-0.536246,-3.060850,-0.536246,-3.125120,-0.556114,,,,0.064270,0.019869,0.067271,1.000000,-0.000017,0.00,0
4436,9.495,-3.060850,-0.536246,-3.060850,-0.536246,-3.125120,-0.557554,,,,0.064270,0.021309,0.067710,1.000000,-0.000017,0.00,0
4437,9.496,-3.060850,-0.536246,-3.060850,-0.536246,-3.125120,-0.558994,,,,0.064270,0.022749,0.068177,1.000000,-0.000017,0.00,0
4438,9.498,-3.060850,-0.536246,-3.060850,-0.536246,-3.125120,-0.560434,,,,0.064270,0.024189,0.068671,1.000000,-0.000017,0.00,0
4439,9.498,-3.060850,-0.536246,-3.060850,-0.536246,-3.125120,-0.561874,,,,0.064270,0.025629,0.069191,1.000000,-0.000017,0.00,0
4440,9.511,-3.077881,-0.552624,-3.127072,-0.529156,-3.125120,-0.563314,0.047238,0.010690,0.048433,-0.001952,0.034158,0.034214,1.000000,-0.000017,10.01,1
4441,9.513,-3.077881,-0.552624,-3.077881,-0.552624,-3.125119,-0.564754,,,,0.047238,0.012130,0.048771,1.000000,-0.000017,0.00,0
4442,9.514,-3.077881,-0.552624,-3.077881,-0.552624,-3.125119,-0.566194,,,,0.047238,0.013570,0.049149,1.000000,-0.000017,0.00,0
4443,9.516,-3.077881,-0.552624,-3.077881,-0.552624,-3.125119,-0.567634,,,,0.047238,0.015010,0.049566,1.000000,-0.000017,0.00,0
4444,9.517,-3.077881,-0.552624,-3.077881,-0.552624,-3.125119,-0.569074,,,,0.047238,0.016450,0.050021,1.000000,-0.000017,0.00,0
4445,9.518,-3.077881,-0.552624,-3.077881,-0.552624,-3.125119,-0.570514,,,,0.047238,0.017890,0.050513,1.000000,-0.000017,0.00,0
4446,9.519,-3.077881,-0.552624,-3.077881,-0.552624,-3.125119,-0.571954,,,,0.047238,0.019330,0.051040,1.000000,-0.000017,0.00,0
4447,9.520,-3.077881,-0.552624,-3.077881,-0.552624,-3.125119,-0.573394,,,,0.047238,0.020770,0.051603,1.000000,-0.000017,0.00,0
4448,9.522,-3.077881,-0.552624,-3.077881,-0.552624,-3.125119,-0.574834,,,,0.047238,0.022210,0.052199,1.000000,-0.000017,0.00,0
4449,9.522,-3.077881,-0.552624,-3.077881,-0.552624,-3.125119,-0.576274,,,,0.047238,0.023650,0.052828,1.000000,-0.000017,0.00,0
4450,9.524,-3.077881,-0.552624,-3.077881,-0.552624,-3.125119,-0.577714,,,,0.047238,0.025090,0.053488,1.000000,-0.000017,0.00,0
4451,9.525,-3.077881,-0.552624,-3.077881,-0.552624,-3.125119,-0.579154,,,,0.047238,0.026530,0.054178,1.000000,-0.000017,0.00,0
4452,9.527,-3.077881,-0.552624,-3.077881,-0.552624,-3.125119,-0.580594,,,,0.047238,0.027970,0.054898,1.000000,-0.000017,0.00,0
4453,9.528,-3.077881,-0.552624,-3.077881,-0.552624,-3.125119,-0.582034,,,,0.047238,0.029410,0.055645,1.000000,-0.000017,0.00,0
4454,9.529,-3.077881,-0.552624,-3.077881,-0.552624,-3.125119,-0.583474,,,,0.047238,0.030850,0.056420,1.000000,-0.000017,0.00,0
4455,9.541,-3.129447,-0.533984,-3.135161,-0.516244,-3.125119,-0.584914,-0.004328,0.050930,0.051114,-0.010042,0.068671,0.069401,1.000000,-0.000017,11.01,1
4456,9.542,-3.129447,-0.533984,-3.129447,-0.533984,-3.125119,-0.586354,,,,-0.004328,0.052370,0.052549,1.000000,-0.000017,0.00,0
4457,9.544,-3.129447,-0.533984,-3.129447,-0.533984,-3.125119,-0.587794,,,,-0.004328,0.053810,0.053984,1.000000,-0.000017,0.00,0
4458,9.545,-3.129447,-0.533984,-3.129447,-0.533984,-3.125119,-0.589234,,,,-0.004328,0.055250,0.055419,1.000000,-0.000017,0.00,0
4459,9.547,-3.129447,-0.533984,-3.129447,-0.533984,-3.125119,-0.590674,,,,-0.004328,0.056690,0.056855,1.000000,-0.000017,0.00,0
4460,9.547,-3.129447,-0.533984,-3.129447,-0.533984,-3.125119,-0.592114,,,,-0.004328,0.058130,0.058291,1.000000,-0.000017,0.00,0
4461,9.549,-3.129447,-0.533984,-3.129447,-0.533984,-3.125119,-0.593554,,,,-0.004328,0.059570,0.059727,1.000000,-0.000017,0.00,0
4462,9.550,-3.129447,-0.533984,-3.129447,-0.533984,-3.125119,-0.594994,,,,-0.004328,0.061010,0.061163,1.000000,-0.000017,0.00,0
4463,9.551,-3.129447,-0.533984,-3.129447,-0.533984,-3.125119,-0.596434,,,,-0.004328,0.062450,0.062600,1.000000,-0.000017,0.00,0
4464,9.552,-3.129447,-0.533984,-3.129447,-0.533984,-3.125119,-0.597874,,,,-0.004328,0.063890,0.064037,1.000000,-0.000017,0.00,0
4465,9.554,-3.129447,-0.533984,-3.129447,-0.533984,-3.125119,-0.599314,,,,-0.004328,0.065330,0.065473,1.000000,-0.000017,0.00,0
4466,9.556,-3.129447,-0.533984,-3.129447,-0.533984,-3.125119,-0.600754,,,,-0.004328,0.066770,0.066910,1.000000,-0.000017,0.00,0
4467,9.557,-3.129447,-0.533984,-3.129447,-0.533984,-3.125119,-0.602194,,,,-0.004328,0.068210,0.068347,1.000000,-0.000017,0.00,0
4468,9.558,-3.129447,-0.533984,-3.129447,-0.533984,-3.125119,-0.603634,,,,-0.004328,0.069650,0.069784,1.000000,-0.000017,0.00,0
4469,9.559,-3.129447,-0.533984,-3.129447,-0.533984,-3.125119,-0.605074,,,,-0.004328,0.071090,0.071222,1.000000,-0.000017,0.00,0
4470,9.572,-3.103665,-0.524865,-3.048763,-0.529194,-3.125119,-0.606514,0.021454,0.081650,0.084421,0.076357,0.077320,0.108668,1.000000,-0.000017,11.01,1
4471,9.572,-3.103665,-0.524865,-3.103665,-0.524865,-3.125119,-0.607954,,,,0.021454,0.083090,0.085815,1.000000,-0.000017,0.00,0
4472,9.575,-3.103665,-0.524865,-3.103665,-0.524865,-3.125119,-0.609394,,,,0.021454,0.084530,0.087210,1.000000,-0.000017,0.00,0
4473,9.576,-3.103665,-0.524865,-3.103665,-0.524865,-3.125119,-0.610834,,,,0.021454,0.085970,0.088606,1.000000,-0.000017,0.00,0
4474,9.578,-3.103665,-0.524865,-3.103665,-0.524865,-3.125119,-0.612274,,,,0.021454,0.087410,0.090004,1.000000,-0.000017,0.00,0
4475,9.579,-3.103665,-0.524865,-3.103665,-0.524865,-3.125119,-0.613714,,,,0.021454,0.088850,0.091403,1.000000,-0.000017,0.00,0
4476,9.580,-3.103665,-0.524865,-3.103665,-0.524865,-3.125119,-0.615154,,,,0.021454,0.090290,0.092804,1.000000,-0.000017,0.00,0
4477,9.581,-3.103665,-0.524865,-3.103665,-0.524865,-3.125119,-0.616594,,,,0.021454,0.091730,0.094205,1.000000,-0.000017,0.00,0
4478,9.583,-3.103665,-0.524865,-3.103665,-0.524865,-3.125119,-0.618034,,,,0.021454,0.093170,0.095608,1.000000,-0.000017,0.00,0
4479,9.585,-3.103665,-0.524865,-3.103665,-0.524865,-3.125119,-0.619474,,,,0.021454,0.094610,0.097012,1.000000,-0.000017,0.00,0
4480,9.586,-3.103665,-0.524865,-3.103665,-0.524865,-3.125119,-0.620914,,,,0.021454,0.096050,0.098417,1.000000,-0.000017,0.00,0
4481,9.587,-3.103665,-0.524865,-3.103665,-0.524865,-3.125119,-0.622354,,,,0.021454,0.097490,0.099822,1.000000,-0.000017,0.00,0
4482,9.588,-3.103665,-0.524865,-3.103665,-0.524865,-3.125119,-0.623794,,,,0.021454,0.098930,0.101229,1.000000,-0.000017,0.00,0
4483,9.589,-3.103665,-0.524865,-3.103665,-0.524865,-3.125119,-0.625234,,,,0.021454,0.100370,0.102637,1.000000,-0.000017,0.00,0
4484,9.590,-3.103665,-0.524865,-3.103665,-0.524865,-3.125119,-0.626674,,,,0.021454,0.101810,0.104046,1.000000,-0.000017,0.00,0
4485,9.602,-3.069356,-0.563818,-3.024144,-0.646016,-3.125119,-0.628114,0.055763,0.064297,0.085109,0.100975,-0.017901,0.102550,1.000000,-0.000017,11.01,1
4486,9.604,-3.069356,-0.563818,-3.069356,-0.563818,-3.125119,-0.629554,,,,0.055763,0.065737,0.086202,1.000000,-0.000017,0.00,0
4487,9.606,-3.069356,-0.563818,-3.069356,-0.563818,-3.125119,-0.630994,,,,0.055763,0.067177,0.087305,1.000000,-0.000017,0.00,0
4488,9.607,-3.069356,-0.563818,-3.069356,-0.563818,-3.125119,-0.632434,,,,0.055763,0.068617,0.088418,1.000000,-0.000017,0.00,0
4489,9.608,-3.069356,-0.563818,-3.069356,-0.563818,-3.125119,-0.633874,,,,0.055763,0.070057,0.089540,1.000000,-0.000017,0.00,0
4490,9.610,-3.069356,-0.563818,-3.069356,-0.563818,-3.125119,-0.635314,,,,0.055763,0.071497,0.090671,1.000000,-0.000017,0.00,0
4491,9.612,-3.069356,-0.563818,-3.069356,-0.563818,-3.125119,-0.636754,,,,0.055763,0.072937,0.091811,1.000000,-0.000017,0.00,0
4492,9.613,-3.069356,-0.563818,-3.069356,-0.563818,-3.125119,-0.638194,,,,0.055763,0.074377,0.092959,1.000000,-0.000017,0.00,0
4493,9.614,-3.069356,-0.563818,-3.069356,-0.563818,-3.125119,-0.639634,,,,0.055763,0.075817,0.094115,1.000000,-0.000017,0.00,0
4494,9.616,-3.069356,-0.563818,-3.069356,-0.563818,-3.125119,-0.641074,,,,0.055763,0.077257,0.095279,1.000000,-0.000017,0.00,0
4495,9.616,-3.069356,-0.563818,-3.069356,-0.563818,-3.125119,-0.642514,,,,0.055763,0.078697,0.096450,1.000000,-0.000017,0.00,0
4496,9.618,-3.069356,-0.563818,-3.069356,-0.563818,-3.125119,-0.643954,,,,0.055763,0.080137,0.097629,1.000000,-0.000017,0.00,0
4497,9.619,-3.069356,-0.563818,-3.069356,-0.563818,-3.125119,-0.645394,,,,0.055763,0.081577,0.098814,1.000000,-0.000017,0.00,0
4498,9.620,-3.069356,-0.563818,-3.069356,-0.563818,-3.125119,-0.646834,,,,0.055763,0.083017,0.100006,1.000000,-0.000017,0.00,0
4499,9.622,-3.069356,-0.563818,-3.069356,-0.563818,-3.125119,-0.648274,,,,0.055763,0.084457,0.101205,1.000000,-0.000017,0.00,0
4500,9.634,-3.064553,-0.589322,-3.120752,-0.592758,-3.125119,-0.649714,0.060566,0.060392,0.085530,0.004367,0.056957,0.057124,1.000000,-0.000017,11.01,1
4501,9.635,-3.064553,-0.589322,-3.064553,-0.589322,-3.125119,-0.651154,,,,0.060566,0.061832,0.086553,1.000000,-0.000017,0.00,0
4502,9.636,-3.064553,-0.589322,-3.064553,-0.589322,-3.125119,-0.652594,,,,0.060566,0.063272,0.087588,1.000000,-0.000017,0.00,0
4503,9.638,-3.064553,-0.589322,-3.064553,-0.589322,-3.125119,-0.654034,,,,0.060566,0.064712,0.088634,1.000000,-0.000017,0.00,0
4504,9.639,-3.064553,-0.589322,-3.064553,-0.589322,-3.125119,-0.655474,,,,0.060566,0.066152,0.089690,1.000000,-0.000017,0.00,0
4505,9.640,-3.064553,-0.589322,-3.064553,-0.589322,-3.125119,-0.656914,,,,0.060566,0.067592,0.090758,1.000000,-0.000017,0.00,0
4506,9.642,-3.064553,-0.589322,-3.064553,-0.589322,-3.125119,-0.658354,,,,0.060566,0.069032,0.091835,1.000000,-0.000017,0.00,0
4507,9.642,-3.064553,-0.589322,-3.064553,-0.589322,-3.125119,-0.659794,,,,0.060566,0.070472,0.092922,1.000000,-0.000017,0.00,0
4508,9.644,-3.064553,-0.589322,-3.064553,-0.589322,-3.125119,-0.661234,,,,0.060566,0.071912,0.094019,1.000000,-0.000017,0.00,0
4509,9.645,-3.064553,-0.589322,-3.064553,-0.589322,-3.125119,-0.662674,,,,0.060566,0.073352,0.095125,1.000000,-0.000017,0.00,0
4510,9.647,-3.064553,-0.589322,-3.064553,-0.589322,-3.125119,-0.664114,,,,0.060566,0.074792,0.096240,1.000000,-0.000017,0.00,0
4511,9.647,-3.064553,-0.589322,-3.064553,-0.589322,-3.125119,-0.665554,,,,0.060566,0.076232,0.097363,1.000000,-0.000017,0.00,0
4512,9.649,-3.064553,-0.589322,-3.064553,-0.589322,-3.125119,-0.666994,,,,0.060566,0.077672,0.098495,1.000000,-0.000017,0.00,0
4513,9.650,-3.064553,-0.589322,-3.064553,-0.589322,-3.125119,-0.668435,,,,0.060566,0.079112,0.099634,1.000000,-0.000017,0.00,0
4514,9.652,-3.064553,-0.589322,-3.064553,-0.589322,-3.125119,-0.669875,,,,0.060566,0.080552,0.100781,1.000000,-0.000017,0.00,0
4515,9.664,-3.088452,-0.637299,-3.120460,-0.673123,-3.125119,-0.671315,0.036667,0.034016,0.050016,0.004659,-0.001808,0.004998,1.000000,-0.000017,11.51,1
4516,9.666,-3.088452,-0.637299,-3.088452,-0.637299,-3.125119,-0.672755,,,,0.036667,0.035456,0.051006,1.000000,-0.000017,0.00,0
4517,9.667,-3.088452,-0.637299,-3.088452,-0.637299,-3.125119,-0.674195,,,,0.036667,0.036896,0.052017,1.000000,-0.000017,0.00,0
4518,9.668,-3.088452,-0.637299,-3.088452,-0.637299,-3.125119,-0.675635,,,,0.036667,0.038336,0.053048,1.000000,-0.000017,0.00,0
4519,9.669,-3.088452,-0.637299,-3.088452,-0.637299,-3.125119,-0.677075,,,,0.036667,0.039776,0.054098,1.000000,-0.000017,0.00,0
4520,9.670,-3.088452,-0.637299,-3.088452,-0.637299,-3.125119,-0.678515,,,,0.036667,0.041216,0.055166,1.000000,-0.000017,0.00,0
4521,9.671,-3.088452,-0.637299,-3.088452,-0.637299,-3.125119,-0.679955,,,,0.036667,0.042656,0.056250,1.000000,-0.000017,0.00,0
4522,9.672,-3.088452,-0.637299,-3.088452,-0.637299,-3.125119,-0.681395,,,,0.036667,0.044096,0.057349,1.000000,-0.000017,0.00,0
4523,9.673,-3.088452,-0.637299,-3.088452,-0.637299,-3.125119,-0.682835,,,,0.036667,0.045536,0.058464,1.000000,-0.000017,0.00,0
4524,9.675,-3.088452,-0.637299,-3.088452,-0.637299,-3.125119,-0.684275,,,,0.036667,0.046976,0.059592,1.000000,-0.000017,0.00,0
4525,9.676,-3.088452,-0.637299,-3.088452,-0.637299,-3.125119,-0.685715,,,,0.036667,0.048416,0.060734,1.000000,-0.000017,0.00,0
4526,9.677,-3.088452,-0.637299,-3.088452,-0.637299,-3.125119,-0.687155,,,,0.036667,0.049856,0.061888,1.000000,-0.000017,0.00,0
4527,9.678,-3.088452,-0.637299,-3.088452,-0.637299,-3.125119,-0.688595,,,,0.036667,0.051296,0.063054,1.000000,-0.000017,0.00,0
4528,9.680,-3.088452,-0.637299,-3.088452,-0.637299,-3.125119,-0.690035,,,,0.036667,0.052736,0.064231,1.000000,-0.000017,0.00,0
4529,9.681,-3.088452,-0.637299,-3.088452,-0.637299,-3.125119,-0.691475,,,,0.036667,0.054176,0.065418,1.000000,-0.000017,0.00,0
4530,9.693,-3.123068,-0.638487,-3.127991,-0.649580,-3.125119,-0.692915,0.002052,0.054428,0.054466,-0.002872,0.043335,0.043430,1.000000,-0.000017,11.01,1
4531,9.695,-3.123068,-0.638487,-3.123068,-0.638487,-3.125119,-0.694355,,,,0.002052,0.055868,0.055905,1.000000,-0.000017,0.00,0
4532,9.696,-3.123068,-0.638487,-3.123068,-0.638487,-3.125119,-0.695795,,,,0.002052,0.057308,0.057344,1.000000,-0.000017,0.00,0
4533,9.697,-3.123068,-0.638487,-3.123068,-0.638487,-3.125119,-0.697235,,,,0.002052,0.058748,0.058784,1.000000,-0.000017,0.00,0
4534,9.698,-3.123068,-0.638487,-3.123068,-0.638487,-3.125119,-0.698675,,,,0.002052,0.060188,0.060223,1.000000,-0.000017,0.00,0
4535,9.700,-3.123068,-0.638487,-3.123068,-0.638487,-3.125119,-0.700115,,,,0.002052,0.061628,0.061662,1.000000,-0.000017,0.00,0
4536,9.701,-3.123068,-0.638487,-3.123068,-0.638487,-3.125119,-0.701555,,,,0.002052,0.063068,0.063101,1.000000,-0.000017,0.00,0
4537,9.702,-3.123068,-0.638487,-3.123068,-0.638487,-3.125119,-0.702995,,,,0.002052,0.064508,0.064540,1.000000,-0.000017,0.00,0
4538,9.703,-3.123068,-0.638487,-3.123068,-0.638487,-3.125119,-0.704435,,,,0.002052,0.065948,0.065980,1.000000,-0.000017,0.00,0
4539,9.704,-3.123068,-0.638487,-3.123068,-0.638487,-3.125119,-0.705875,,,,0.002052,0.067388,0.067419,1.000000,-0.000017,0.00,0
4540,9.705,-3.123068,-0.638487,-3.123068,-0.638487,-3.125119,-0.707315,,,,0.002052,0.068828,0.068858,1.000000,-0.000017,0.00,0
4541,9.706,-3.123068,-0.638487,-3.123068,-0.638487,-3.125119,-0.708755,,,,0.002052,0.070268,0.070298,1.000000,-0.000017,0.00,0
4542,9.708,-3.123068,-0.638487,-3.123068,-0.638487,-3.125119,-0.710195,,,,0.002052,0.071708,0.071737,1.000000,-0.000017,0.00,0
4543,9.709,-3.123068,-0.638487,-3.123068,-0.638487,-3.125119,-0.711635,,,,0.002052,0.073148,0.073177,1.000000,-0.000017,0.00,0
4544,9.710,-3.123068,-0.638487,-3.123068,-0.638487,-3.125119,-0.713075,,,,0.002052,0.074588,0.074616,1.000000,-0.000017,0.00,0
4545,9.722,-3.099805,-0.654839,-3.050964,-0.641812,-3.125119,-0.714515,0.025314,0.059676,0.064823,0.074156,0.072702,0.103849,1.000000,-0.000017,10.51,1
4546,9.724,-3.099805,-0.654839,-3.099805,-0.654839,-3.125120,-0.715955,,,,0.025314,0.061116,0.066151,1.000000,-0.000017,0.00,0
4547,9.729,-3.099805,-0.654839,-3.099805,-0.654839,-3.125120,-0.717395,,,,0.025314,0.062556,0.067484,1.000000,-0.000017,0.00,0
4548,9.731,-3.099805,-0.654839,-3.099805,-0.654839,-3.125120,-0.718835,,,,0.025314,0.063996,0.068821,1.000000,-0.000017,0.00,0
4549,9.732,-3.099805,-0.654839,-3.099805,-0.654839,-3.125120,-0.720275,,,,0.025314,0.065436,0.070162,1.000000,-0.000017,0.00,0
4550,9.733,-3.099805,-0.654839,-3.099805,-0.654839,-3.125120,-0.721715,,,,0.025314,0.066876,0.071507,1.000000,-0.000017,0.00,0
4551,9.734,-3.099805,-0.654839,-3.099805,-0.654839,-3.125120,-0.723155,,,,0.025314,0.068316,0.072856,1.000000,-0.000017,0.00,0
4552,9.735,-3.099805,-0.654839,-3.099805,-0.654839,-3.125120,-0.724595,,,,0.025314,0.069756,0.074208,1.000000,-0.000017,0.00,0
4553,9.736,-3.099805,-0.654839,-3.099805,-0.654839,-3.125120,-0.726035,,,,0.025314,0.071196,0.075563,1.000000,-0.000017,0.00,0
4554,9.737,-3.099805,-0.654839,-3.099805,-0.654839,-3.125120,-0.727475,,,,0.025314,0.072636,0.076921,1.000000,-0.000017,0.00,0
4555,9.739,-3.099805,-0.654839,-3.099805,-0.654839,-3.125120,-0.728915,,,,0.025314,0.074076,0.078282,1.000000,-0.000017,0.00,0
4556,9.740,-3.099805,-0.654839,-3.099805,-0.654839,-3.125120,-0.730355,,,,0.025314,0.075516,0.079646,1.000000,-0.000017,0.00,0
4557,9.742,-3.099805,-0.654839,-3.099805,-0.654839,-3.125120,-0.731795,,,,0.025314,0.076956,0.081013,1.000000,-0.000017,0.00,0
4558,9.743,-3.099805,-0.654839,-3.099805,-0.654839,-3.125120,-0.733235,,,,0.025314,0.078396,0.082382,1.000000,-0.000017,0.00,0
4559,9.744,-3.099805,-0.654839,-3.099805,-0.654839,-3.125120,-0.734675,,,,0.025314,0.079836,0.083754,1.000000,-0.000017,0.00,0
4560,9.756,-3.068451,-0.675471,-3.026397,-0.735021,-3.125120,-0.736115,0.056669,0.060643,0.083000,0.098722,0.001093,0.098728,1.000000,-0.000017,11.01,1
4561,9.757,-3.068451,-0.675471,-3.068451,-0.675471,-3.125120,-0.737555,,,,0.056669,0.062084,0.084058,1.000000,-0.000017,0.00,0
4562,9.759,-3.068451,-0.675471,-3.068451,-0.675471,-3.125120,-0.738995,,,,0.056669,0.063524,0.085127,1.000000,-0.000017,0.00,0
4563,9.761,-3.068451,-0.675471,-3.068451,-0.675471,-3.125120,-0.740435,,,,0.056669,0.064964,0.086207,1.000000,-0.000017,0.00,0
4564,9.762,-3.068451,-0.675471,-3.068451,-0.675471,-3.125120,-0.741875,,,,0.056669,0.066404,0.087297,1.000000,-0.000017,0.00,0
4565,9.763,-3.068451,-0.675471,-3.068451,-0.675471,-3.125120,-0.743315,,,,0.056669,0.067844,0.088397,1.000000,-0.000017,0.00,0
4566,9.765,-3.068451,-0.675471,-3.068451,-0.675471,-3.125120,-0.744755,,,,0.056669,0.069284,0.089507,1.000000,-0.000017,0.00,0
4567,9.766,-3.068451,-0.675471,-3.068451,-0.675471,-3.125120,-0.746195,,,,0.056669,0.070724,0.090626,1.000000,-0.000017,0.00,0
4568,9.767,-3.068451,-0.675471,-3.068451,-0.675471,-3.125120,-0.747635,,,,0.056669,0.072164,0.091755,1.000000,-0.000017,0.00,0
4569,9.768,-3.068451,-0.675471,-3.068451,-0.675471,-3.125120,-0.749075,,,,0.056669,0.073604,0.092891,1.000000,-0.000017,0.00,0
4570,9.769,-3.068451,-0.675471,-3.068451,-0.675471,-3.125120,-0.750515,,,,0.056669,0.075044,0.094037,1.000000,-0.000017,0.00,0
4571,9.771,-3.068451,-0.675471,-3.068451,-0.675471,-3.125120,-0.751955,,,,0.056669,0.076484,0.095190,1.000000,-0.000017,0.00,0
4572,9.772,-3.068451,-0.675471,-3.068451,-0.675471,-3.125120,-0.753395,,,,0.056669,0.077924,0.096350,1.000000,-0.000017,0.00,0
4573,9.773,-3.068451,-0.675471,-3.068451,-0.675471,-3.125120,-0.754835,,,,0.056669,0.079364,0.097519,1.000000,-0.000017,0.00,0
4574,9.774,-3.068451,-0.675471,-3.068451,-0.675471,-3.125120,-0.756275,,,,0.056669,0.080804,0.098694,1.000000,-0.000017,0.00,0
4575,9.786,-3.066116,-0.705749,-3.120987,-0.740413,-3.125120,-0.757715,0.059003,0.051966,0.078625,0.004132,0.017302,0.017789,1.000000,-0.000017,9.97,1
4576,9.788,-3.066116,-0.705749,-3.066116,-0.705749,-3.125120,-0.759155,,,,0.059003,0.053406,0.079584,1.000000,-0.000017,0.00,0
4577,9.790,-3.066116,-0.705749,-3.066116,-0.705749,-3.125120,-0.760595,,,,0.059003,0.054846,0.080557,1.000000,-0.000017,0.00,0
4578,9.792,-3.066116,-0.705749,-3.066116,-0.705749,-3.125120,-0.762035,,,,0.059003,0.056286,0.081544,1.000000,-0.000016,0.00,0
4579,9.792,-3.066116,-0.705749,-3.066116,-0.705749,-3.125120,-0.763475,,,,0.059003,0.057726,0.082545,1.000000,-0.000016,0.00,0
4580,9.793,-3.066116,-0.705749,-3.066116,-0.705749,-3.125120,-0.764915,,,,0.059003,0.059166,0.083558,1.000000,-0.000016,0.00,0
4581,9.795,-3.066116,-0.705749,-3.066116,-0.705749,-3.125120,-0.766355,,,,0.059003,0.060606,0.084584,1.000000,-0.000016,0.00,0
4582,9.796,-3.066116,-0.705749,-3.066116,-0.705749,-3.125120,-0.767795,,,,0.059003,0.062046,0.085622,1.000000,-0.000016,0.00,0
4583,9.797,-3.066116,-0.705749,-3.066116,-0.705749,-3.125120,-0.769235,,,,0.059003,0.063486,0.086671,1.000000,-0.000016,0.00,0
4584,9.798,-3.066116,-0.705749,-3.066116,-0.705749,-3.125120,-0.770675,,,,0.059003,0.064926,0.087731,1.000000,-0.000016,0.00,0
4585,9.799,-3.066116,-0.705749,-3.066116,-0.705749,-3.125120,-0.772115,,,,0.059003,0.066366,0.088802,1.000000,-0.000016,0.00,0
4586,9.801,-3.066116,-0.705749,-3.066116,-0.705749,-3.125120,-0.773555,,,,0.059003,0.067806,0.089884,1.000000,-0.000016,0.00,0
4587,9.802,-3.066116,-0.705749,-3.066116,-0.705749,-3.125120,-0.774995,,,,0.059003,0.069246,0.090975,1.000000,-0.000016,0.00,0
4588,9.803,-3.066116,-0.705749,-3.066116,-0.705749,-3.125120,-0.776435,,,,0.059003,0.070686,0.092076,1.000000,-0.000016,0.00,0
4589,9.804,-3.066116,-0.705749,-3.066116,-0.705749,-3.125120,-0.777875,,,,0.059003,0.072126,0.093186,1.000000,-0.000016,0.00,0
4590,9.817,-3.094517,-0.741187,-3.136167,-0.748126,-3.125120,-0.779315,0.030602,0.038128,0.048890,-0.011047,0.031189,0.033087,1.000000,-0.000016,10.51,1
4591,9.819,-3.094517,-0.741187,-3.094517,-0.741187,-3.125120,-0.780755,,,,0.030602,0.039568,0.050021,1.000000,-0.000016,0.00,0
4592,9.820,-3.094517,-0.741187,-3.094517,-0.741187,-3.125120,-0.782195,,,,0.030602,0.041008,0.051168,1.000000,-0.000016,0.00,0
4593,9.821,-3.094517,-0.741187,-3.094517,-0.741187,-3.125120,-0.783635,,,,0.030602,0.042448,0.052329,1.000000,-0.000016,0.00,0
4594,9.822,-3.094517,-0.741187,-3.094517,-0.741187,-3.125120,-0.785075,,,,0.030602,0.043888,0.053504,1.000000,-0.000016,0.00,0
4595,9.824,-3.094517,-0.741187,-3.094517,-0.741187,-3.125120,-0.786515,,,,0.030602,0.045328,0.054691,1.000000,-0.000016,0.00,0
4596,9.825,-3.094517,-0.741187,-3.094517,-0.741187,-3.125120,-0.787955,,,,0.030602,0.046768,0.055890,1.000000,-0.000016,0.00,0
4597,9.826,-3.094517,-0.741187,-3.094517,-0.741187,-3.125120,-0.789395,,,,0.030602,0.048208,0.057101,1.000000,-0.000016,0.00,0
4598,9.828,-3.094517,-0.741187,-3.094517,-0.741187,-3.125120,-0.790835,,,,0.030602,0.049648,0.058322,1.000000,-0.000016,0.00,0
4599,9.829,-3.094517,-0.741187,-3.094517,-0.741187,-3.125120,-0.792275,,,,0.030602,0.051088,0.059552,1.000000,-0.000016,0.00,0
4600,9.830,-3.094517,-0.741187,-3.094517,-0.741187,-3.125120,-0.793715,,,,0.030602,0.052528,0.060792,1.000000,-0.000016,0.00,0
4601,9.831,-3.094517,-0.741187,-3.094517,-0.741187,-3.125120,-0.795155,,,,0.030602,0.053968,0.062041,1.000000,-0.000016,0.00,0
4602,9.832,-3.094517,-0.741187,-3.094517,-0.741187,-3.125120,-0.796595,,,,0.030602,0.055408,0.063297,1.000000,-0.000016,0.00,0
4603,9.833,-3.094517,-0.741187,-3.094517,-0.741187,-3.125120,-0.798035,,,,0.030602,0.056848,0.064561,1.000000,-0.000016,0.00,0
4604,9.834,-3.094517,-0.741187,-3.094517,-0.741187,-3.125120,-0.799475,,,,0.030602,0.058288,0.065833,1.000000,-0.000016,0.00,0
4605,9.848,-3.115477,-0.753290,-3.089276,-0.771331,-3.125120,-0.800915,0.009643,0.047625,0.048591,0.035844,0.029584,0.046476,1.000000,-0.000016,10.01,1
4606,9.849,-3.115477,-0.753290,-3.115477,-0.753290,-3.125120,-0.802355,,,,0.009643,0.049065,0.050003,1.000000,-0.000016,0.00,0
4607,9.851,-3.115477,-0.753290,-3.115477,-0.753290,-3.125120,-0.803795,,,,0.009643,0.050505,0.051417,1.000000,-0.000016,0.00,0
4608,9.852,-3.115477,-0.753290,-3.115477,-0.753290,-3.125120,-0.805235,,,,0.009643,0.051945,0.052832,1.000000,-0.000016,0.00,0
4609,9.854,-3.115477,-0.753290,-3.115477,-0.753290,-3.125120,-0.806675,,,,0.009643,0.053385,0.054249,1.000000,-0.000016,0.00,0
4610,9.856,-3.115477,-0.753290,-3.115477,-0.753290,-3.125120,-0.808115,,,,0.009643,0.054825,0.055666,1.000000,-0.000016,0.00,0
4611,9.857,-3.115477,-0.753290,-3.115477,-0.753290,-3.125120,-0.809555,,,,0.009643,0.056265,0.057085,1.000000,-0.000016,0.00,0
4612,9.858,-3.115477,-0.753290,-3.115477,-0.753290,-3.125120,-0.810995,,,,0.009643,0.057705,0.058505,1.000000,-0.000016,0.00,0
4613,9.859,-3.115477,-0.753290,-3.115477,-0.753290,-3.125120,-0.812435,,,,0.009643,0.059145,0.059926,1.000000,-0.000016,0.00,0
4614,9.860,-3.115477,-0.753290,-3.115477,-0.753290,-3.125120,-0.813875,,,,0.009643,0.060585,0.061347,1.000000,-0.000016,0.00,0
4615,9.861,-3.115477,-0.753290,-3.115477,-0.753290,-3.125120,-0.815315,,,,0.009643,0.062025,0.062770,1.000000,-0.000016,0.00,0
4616,9.862,-3.115477,-0.753290,-3.115477,-0.753290,-3.125120,-0.816755,,,,0.009643,0.063465,0.064193,1.000000,-0.000016,0.00,0
4617,9.864,-3.115477,-0.753290,-3.115477,-0.753290,-3.125120,-0.818195,,,,0.009643,0.064905,0.065617,1.000000,-0.000016,0.00,0
4618,9.865,-3.115477,-0.753290,-3.115477,-0.753290,-3.125120,-0.819635,,,,0.009643,0.066345,0.067042,1.000000,-0.000016,0.00,0
4619,9.867,-3.115477,-0.753290,-3.115477,-0.753290,-3.125120,-0.821075,,,,0.009643,0.067785,0.068467,1.000000,-0.000016,0.00,0
4620,9.879,-3.095286,-0.756138,-3.060416,-0.748958,-3.125120,-0.822515,0.029833,0.066377,0.072773,0.064704,0.073557,0.097966,1.000000,-0.000016,11.01,1
4621,9.881,-3.095286,-0.756138,-3.095286,-0.756138,-3.125120,-0.823955,,,,0.029833,0.067817,0.074089,1.000000,-0.000016,0.00,0
4622,9.883,-3.095286,-0.756138,-3.095286,-0.756138,-3.125120,-0.825395,,,,0.029833,0.069257,0.075409,1.000000,-0.000016,0.00,0
4623,9.884,-3.095286,-0.756138,-3.095286,-0.756138,-3.125120,-0.826835,,,,0.029833,0.070697,0.076734,1.000000,-0.000016,0.00,0
4624,9.886,-3.095286,-0.756138,-3.095286,-0.756138,-3.125120,-0.828275,,,,0.029833,0.072137,0.078062,1.000000,-0.000016,0.00,0
4625,9.887,-3.095286,-0.756138,-3.095286,-0.756138,-3.125120,-0.829715,,,,0.029833,0.073577,0.079395,1.000000,-0.000016,0.00,0
4626,9.888,-3.095286,-0.756138,-3.095286,-0.756138,-3.125120,-0.831155,,,,0.029833,0.075017,0.080731,1.000000,-0.000016,0.00,0
4627,9.889,-3.095286,-0.756138,-3.095286,-0.756138,-3.125120,-0.832595,,,,0.029833,0.076457,0.082071,1.000000,-0.000016,0.00,0
4628,9.890,-3.095286,-0.756138,-3.095286,-0.756138,-3.125120,-0.834035,,,,0.029833,0.077897,0.083414,1.000000,-0.000016,0.00,0
4629,9.892,-3.095286,-0.756138,-3.095286,-0.756138,-3.125120,-0.835475,,,,0.029833,0.079337,0.084760,1.000000,-0.000016,0.00,0
4630,9.892,-3.095286,-0.756138,-3.095286,-0.756138,-3.125120,-0.836915,,,,0.029833,0.080776,0.086110,1.000000,-0.000016,0.00,0
4631,9.895,-3.095286,-0.756138,-3.095286,-0.756138,-3.125120,-0.838355,,,,0.029833,0.082216,0.087462,1.000000,-0.000016,0.00,0
4632,9.896,-3.095286,-0.756138,-3.095286,-0.756138,-3.125120,-0.839795,,,,0.029833,0.083656,0.088817,1.000000,-0.000016,0.00,0
4633,9.898,-3.095286,-0.756138,-3.095286,-0.756138,-3.125120,-0.841235,,,,0.029833,0.085096,0.090175,1.000000,-0.000016,0.00,0
4634,9.900,-3.095286,-0.756138,-3.095286,-0.756138,-3.125120,-0.842675,,,,0.029833,0.086536,0.091535,1.000000,-0.000016,0.00,0
4635,9.912,-3.069062,-0.765194,-3.057495,-0.775293,-3.125120,-0.844115,0.056058,0.078921,0.096804,0.067625,0.068821,0.096486,1.000000,-0.000016,10.01,1
4636,9.914,-3.069062,-0.765194,-3.069062,-0.765194,-3.125120,-0.845555,,,,0.056058,0.080361,0.097981,1.000000,-0.000016,0.00,0
4637,9.915,-3.069062,-0.765194,-3.069062,-0.765194,-3.125120,-0.846995,,,,0.056058,0.081801,0.099166,1.000000,-0.000016,0.00,0
4638,9.916,-3.069062,-0.765194,-3.069062,-0.765194,-3.125120,-0.848435,,,,0.056058,0.083241,0.100357,1.000000,-0.000016,0.00,0
4639,9.918,-3.069062,-0.765194,-3.069062,-0.765194,-3.125120,-0.849875,,,,0.056058,0.084681,0.101554,1.000000,-0.000016,0.00,0
4640,9.919,-3.069062,-0.765194,-3.069062,-0.765194,-3.125120,-0.851315,,,,0.056058,0.086121,0.102758,1.000000,-0.000016,0.00,0
4641,9.919,-3.069062,-0.765194,-3.069062,-0.765194,-3.125120,-0.852755,,,,0.056058,0.087561,0.103968,1.000000,-0.000016,0.00,0
4642,9.920,-3.069062,-0.765194,-3.069062,-0.765194,-3.125120,-0.854195,,,,0.056058,0.089001,0.105184,1.000000,-0.000016,0.00,0
4643,9.921,-3.069062,-0.765194,-3.069062,-0.765194,-3.125120,-0.855635,,,,0.056058,0.090441,0.106405,1.000000,-0.000016,0.00,0
4644,9.922,-3.069062,-0.765194,-3.069062,-0.765194,-3.125120,-0.857075,,,,0.056058,0.091881,0.107631,1.000000,-0.000017,0.00,0
4645,9.923,-3.069062,-0.765194,-3.069062,-0.765194,-3.125120,-0.858515,,,,0.056058,0.093321,0.108863,1.000000,-0.000017,0.00,0
4646,9.924,-3.069062,-0.765194,-3.069062,-0.765194,-3.125120,-0.859955,,,,0.056058,0.094761,0.110100,1.000000,-0.000017,0.00,0
4647,9.925,-3.069062,-0.765194,-3.069062,-0.765194,-3.125120,-0.861395,,,,0.056058,0.096201,0.111342,1.000000,-0.000017,0.00,0
4648,9.926,-3.069062,-0.765194,-3.069062,-0.765194,-3.125120,-0.862835,,,,0.056058,0.097641,0.112588,1.000000,-0.000017,0.00,0
4649,9.927,-3.069062,-0.765194,-3.069062,-0.765194,-3.125120,-0.864275,,,,0.056058,0.099081,0.113839,1.000000,-0.000017,0.00,0
4650,9.940,-3.099352,-0.779665,-3.180146,-0.814745,-3.125120,-0.865715,0.025767,0.086049,0.089825,-0.055026,0.050970,0.075006,1.000000,-0.000017,10.51,1
4651,9.942,-3.099352,-0.779665,-3.099352,-0.779665,-3.125120,-0.867155,,,,0.025767,0.087489,0.091205,1.000000,-0.000017,0.00,0
4652,9.943,-3.099352,-0.779665,-3.099352,-0.779665,-3.125120,-0.868595,,,,0.025767,0.088929,0.092587,1.000000,-0.000017,0.00,0
4653,9.945,-3.099352,-0.779665,-3.099352,-0.779665,-3.125120,-0.870035,,,,0.025767,0.090369,0.093971,1.000000,-0.000017,0.00,0
4654,9.946,-3.099352,-0.779665,-3.099352,-0.779665,-3.125119,-0.871474,,,,0.025767,0.091809,0.095357,1.000000,-0.000017,0.00,0
4655,9.947,-3.099352,-0.779665,-3.099352,-0.779665,-3.125119,-0.872914,,,,0.025767,0.093249,0.096744,1.000000,-0.000017,0.00,0
4656,9.949,-3.099352,-0.779665,-3.099352,-0.779665,-3.125119,-0.874354,,,,0.025767,0.094689,0.098133,1.000000,-0.000017,0.00,0
4657,9.950,-3.099352,-0.779665,-3.099352,-0.779665,-3.125119,-0.875794,,,,0.025767,0.096129,0.099523,1.000000,-0.000017,0.00,0
4658,9.951,-3.099352,-0.779665,-3.099352,-0.779665,-3.125119,-0.877234,,,,0.025767,0.097569,0.100914,1.000000,-0.000017,0.00,0
4659,9.952,-3.099352,-0.779665,-3.099352,-0.779665,-3.125119,-0.878674,,,,0.025767,0.099009,0.102307,1.000000,-0.000017,0.00,0
4660,9.953,-3.099352,-0.779665,-3.099352,-0.779665,-3.125119,-0.880114,,,,0.025767,0.100449,0.103702,1.000000,-0.000017,0.00,0
4661,9.955,-3.099352,-0.779665,-3.099352,-0.779665,-3.125119,-0.881554,,,,0.025767,0.101889,0.105097,1.000000,-0.000017,0.00,0
4662,9.956,-3.099352,-0.779665,-3.099352,-0.779665,-3.125119,-0.882994,,,,0.025767,0.103329,0.106494,1.000000,-0.000017,0.00,0
4663,9.957,-3.099352,-0.779665,-3.099352,-0.779665,-3.125119,-0.884434,,,,0.025767,0.104769,0.107891,1.000000,-0.000017,0.00,0
4664,9.958,-3.099352,-0.779665,-3.099352,-0.779665,-3.125119,-0.885874,,,,0.025767,0.106209,0.109290,1.000000,-0.000017,0.00,0
4665,9.972,-3.129839,-0.800901,-3.151877,-0.812664,-3.125119,-0.887314,-0.004720,0.086414,0.086543,-0.026758,0.074651,0.079301,1.000000,-0.000017,11.01,1
4666,9.973,-3.129839,-0.800901,-3.129839,-0.800901,-3.125119,-0.888754,,,,-0.004720,0.087854,0.087980,1.000000,-0.000017,0.00,0
4667,9.974,-3.129839,-0.800901,-3.129839,-0.800901,-3.125119,-0.890194,,,,-0.004720,0.089294,0.089418,1.000000,-0.000017,0.00,0
4668,9.975,-3.129839,-0.800901,-3.129839,-0.800901,-3.125119,-0.891634,,,,-0.004720,0.090734,0.090856,1.000000,-0.000017,0.00,0
4669,9.977,-3.129839,-0.800901,-3.129839,-0.800901,-3.125119,-0.893074,,,,-0.004720,0.092174,0.092295,1.000000,-0.000017,0.00,0
4670,9.980,-3.129839,-0.800901,-3.129839,-0.800901,-3.125119,-0.894514,,,,-0.004720,0.093614,0.093733,1.000000,-0.000017,0.00,0
4671,9.981,-3.129839,-0.800901,-3.129839,-0.800901,-3.125119,-0.895954,,,,-0.004720,0.095054,0.095171,1.000000,-0.000017,0.00,0
4672,9.982,-3.129839,-0.800901,-3.129839,-0.800901,-3.125119,-0.897394,,,,-0.004720,0.096494,0.096609,1.000000,-0.000017,0.00,0
4673,9.983,-3.129839,-0.800901,-3.129839,-0.800901,-3.125119,-0.898834,,,,-0.004720,0.097934,0.098047,1.000000,-0.000017,0.00,0
4674,9.984,-3.129839,-0.800901,-3.129839,-0.800901,-3.125119,-0.900274,,,,-0.004720,0.099374,0.099486,1.000000,-0.000017,0.00,0
4675,9.985,-3.129839,-0.800901,-3.129839,-0.800901,-3.125119,-0.901714,,,,-0.004720,0.100814,0.100924,1.000000,-0.000017,0.00,0
4676,9.986,-3.129839,-0.800901,-3.129839,-0.800901,-3.125119,-0.903154,,,,-0.004720,0.102254,0.102363,1.000000,-0.000017,0.00,0
4677,9.987,-3.129839,-0.800901,-3.129839,-0.800901,-3.125119,-0.904594,,,,-0.004720,0.103694,0.103801,1.000000,-0.000017,0.00,0
4678,9.988,-3.129839,-0.800901,-3.129839,-0.800901,-3.125119,-0.906034,,,,-0.004720,0.105134,0.105240,1.000000,-0.000017,0.00,0
4679,9.990,-3.129839,-0.800901,-3.129839,-0.800901,-3.125119,-0.907474,,,,-0.004720,0.106574,0.106678,1.000000,-0.000017,0.00,0
4680,10.002,-3.157165,-0.840535,-3.139472,-0.894197,-3.125119,-0.908914,-0.032045,0.068379,0.075516,-0.014352,0.014717,0.020557,1.000000,-0.000017,11.01,1
4681,10.004,-3.157165,-0.840535,-3.157165,-0.840535,-3.125119,-0.910354,,,,-0.032045,0.069819,0.076822,1.000000,-0.000017,0.00,0
4682,10.005,-3.157165,-0.840535,-3.157165,-0.840535,-3.125119,-0.911794,,,,-0.032045,0.071259,0.078133,1.000000,-0.000017,0.00,0
4683,10.007,-3.157165,-0.840535,-3.157165,-0.840535,-3.125119,-0.913234,,,,-0.032045,0.072699,0.079448,1.000000,-0.000017,0.00,0
4684,10.008,-3.157165,-0.840535,-3.157165,-0.840535,-3.125119,-0.914674,,,,-0.032045,0.074139,0.080768,1.000000,-0.000017,0.00,0
4685,10.010,-3.157165,-0.840535,-3.157165,-0.840535,-3.125119,-0.916114,,,,-0.032045,0.075579,0.082092,1.000000,-0.000017,0.00,0
4686,10.011,-3.157165,-0.840535,-3.157165,-0.840535,-3.125119,-0.917554,,,,-0.032045,0.077019,0.083420,1.000000,-0.000017,0.00,0
4687,10.012,-3.157165,-0.840535,-3.157165,-0.840535,-3.125119,-0.918994,,,,-0.032045,0.078459,0.084751,1.000000,-0.000017,0.00,0
4688,10.013,-3.157165,-0.840535,-3.157165,-0.840535,-3.125119,-0.920434,,,,-0.032045,0.079899,0.086086,1.000000,-0.000017,0.00,0
4689,10.014,-3.157165,-0.840535,-3.157165,-0.840535,-3.125119,-0.921874,,,,-0.032045,0.081339,0.087424,1.000000,-0.000017,0.00,0
4690,10.016,-3.157165,-0.840535,-3.157165,-0.840535,-3.125119,-0.923314,,,,-0.032045,0.082779,0.088765,1.000000,-0.000017,0.00,0
4691,10.018,-3.157165,-0.840535,-3.157165,-0.840535,-3.125119,-0.924754,,,,-0.032045,0.084219,0.090110,1.000000,-0.000017,0.00,0
4692,10.019,-3.157165,-0.840535,-3.157165,-0.840535,-3.125119,-0.926194,,,,-0.032045,0.085659,0.091457,1.000000,-0.000017,0.00,0
4693,10.020,-3.157165,-0.840535,-3.157165,-0.840535,-3.125119,-0.927634,,,,-0.032045,0.087099,0.092807,1.000000,-0.000017,0.00,0
4694,10.020,-3.157165,-0.840535,-3.157165,-0.840535,-3.125119,-0.929074,,,,-0.032045,0.088539,0.094160,1.000000,-0.000017,0.00,0
4695,10.033,-3.127906,-0.880079,-3.092368,-0.933376,-3.125119,-0.930514,-0.002786,0.050435,0.050512,0.032751,-0.002861,0.032876,1.000000,-0.000017,10.01,1
4696,10.035,-3.127906,-0.880079,-3.127906,-0.880079,-3.125119,-0.931867,,,,-0.002786,0.051788,0.051862,1.000000,-0.000017,0.00,0
4697,10.040,-3.127906,-0.880079,-3.127906,-0.880079,-3.125119,-0.933210,,,,-0.002786,0.053131,0.053204,1.000000,-0.000017,0.00,0
4698,10.042,-3.127906,-0.880079,-3.127906,-0.880079,-3.125119,-0.934552,,,,-0.002786,0.054473,0.054544,1.000000,-0.000017,0.00,0
4699,10.043,-3.127906,-0.880079,-3.127906,-0.880079,-3.125119,-0.935893,,,,-0.002786,0.055814,0.055884,1.000000,-0.000017,0.00,0
4700,10.044,-3.127906,-0.880079,-3.127906,-0.880079,-3.125119,-0.937235,,,,-0.002786,0.057156,0.057224,1.000000,-0.000017,0.00,0
4701,10.046,-3.127906,-0.880079,-3.127906,-0.880079,-3.125119,-0.938577,,,,-0.002786,0.058498,0.058565,1.000000,-0.000017,0.00,0
4702,10.047,-3.127906,-0.880079,-3.127906,-0.880079,-3.125119,-0.939920,,,,-0.002786,0.059841,0.059906,1.000000,-0.000017,0.00,0
4703,10.047,-3.127906,-0.880079,-3.127906,-0.880079,-3.125119,-0.941262,,,,-0.002786,0.061183,0.061247,1.000000,-0.000017,0.00,0
4704,10.049,-3.127906,-0.880079,-3.127906,-0.880079,-3.125119,-0.942605,,,,-0.002786,0.062526,0.062588,1.000000,-0.000017,0.00,0
4705,10.050,-3.127906,-0.880079,-3.127906,-0.880079,-3.125119,-0.943948,,,,-0.002786,0.063869,0.063929,1.000000,-0.000017,0.00,0
4706,10.051,-3.127906,-0.880079,-3.127906,-0.880079,-3.125119,-0.945290,,,,-0.002786,0.065211,0.065271,1.000000,-0.000017,0.00,0
4707,10.052,-3.127906,-0.880079,-3.127906,-0.880079,-3.125119,-0.946633,,,,-0.002786,0.066554,0.066613,1.000000,-0.000017,0.00,0
4708,10.054,-3.127906,-0.880079,-3.127906,-0.880079,-3.125119,-0.947976,,,,-0.002786,0.067897,0.067954,1.000000,-0.000017,0.00,0
4709,10.055,-3.127906,-0.880079,-3.127906,-0.880079,-3.125119,-0.949319,,,,-0.002786,0.069240,0.069296,1.000000,-0.000017,0.00,0
4710,10.067,-3.081628,-0.919019,-3.013045,-0.929485,-3.125119,-0.950662,0.043491,0.031643,0.053784,0.112075,0.021177,0.114058,1.000000,-0.000017,11.01,1
4711,10.070,-3.081628,-0.919019,-3.081628,-0.919019,-3.125119,-0.951609,,,,0.043491,0.032590,0.054347,1.000000,-0.000018,0.00,0
4712,10.071,-3.081628,-0.919019,-3.081628,-0.919019,-3.125119,-0.952518,,,,0.043491,0.033498,0.054896,1.000000,-0.000018,0.00,0
4713,10.072,-3.081628,-0.919019,-3.081628,-0.919019,-3.125119,-0.953419,,,,0.043491,0.034399,0.055451,1.000000,-0.000018,0.00,0
4714,10.074,-3.081628,-0.919019,-3.081628,-0.919019,-3.125119,-0.954319,,,,0.043491,0.035299,0.056014,1.000000,-0.000018,0.00,0
4715,10.075,-3.081628,-0.919019,-3.081628,-0.919019,-3.125119,-0.955220,,,,0.043491,0.036201,0.056586,1.000000,-0.000018,0.00,0
4716,10.076,-3.081628,-0.919019,-3.081628,-0.919019,-3.125119,-0.956123,,,,0.043491,0.037103,0.057168,1.000000,-0.000018,0.00,0
4717,10.077,-3.081628,-0.919019,-3.081628,-0.919019,-3.125119,-0.957026,,,,0.043491,0.038007,0.057758,1.000000,-0.000018,0.00,0
4718,10.079,-3.081628,-0.919019,-3.081628,-0.919019,-3.125119,-0.957930,,,,0.043491,0.038911,0.058357,1.000000,-0.000018,0.00,0
4719,10.079,-3.081628,-0.919019,-3.081628,-0.919019,-3.125119,-0.958835,,,,0.043491,0.039816,0.058964,1.000000,-0.000018,0.00,0
4720,10.080,-3.081628,-0.919019,-3.081628,-0.919019,-3.125119,-0.959740,,,,0.043491,0.040721,0.059579,1.000000,-0.000018,0.00,0
4721,10.082,-3.081628,-0.919019,-3.081628,-0.919019,-3.125119,-0.960646,,,,0.043491,0.041626,0.060202,1.000000,-0.000018,0.00,0
4722,10.084,-3.081628,-0.919019,-3.081628,-0.919019,-3.125119,-0.961552,,,,0.043491,0.042532,0.060832,1.000000,-0.000018,0.00,0
4723,10.085,-3.081628,-0.919019,-3.081628,-0.919019,-3.125119,-0.962458,,,,0.043491,0.043438,0.061469,1.000000,-0.000018,0.00,0
4724,10.086,-3.081628,-0.919019,-3.081628,-0.919019,-3.125119,-0.963364,,,,0.043491,0.044345,0.062112,1.000000,-0.000018,0.00,0
4725,10.099,-3.056122,-0.943340,-3.062953,-0.967160,-3.125119,-0.964271,0.068998,0.020930,0.072102,0.062167,-0.002890,0.062234,1.000000,-0.000018,10.50,1
4726,10.100,-3.056122,-0.943340,-3.056122,-0.943340,-3.125119,-0.965177,,,,0.068998,0.021837,0.072371,1.000000,-0.000018,0.00,0
4727,10.101,-3.056122,-0.943340,-3.056122,-0.943340,-3.125119,-0.963954,,,,0.068997,0.020614,0.072011,1.000000,-0.000021,0.00,0
4728,10.102,-3.056122,-0.943340,-3.056122,-0.943340,-3.125119,-0.962521,,,,0.068998,0.019181,0.071614,1.000000,-0.000022,0.00,0
4729,10.104,-3.056122,-0.943340,-3.056122,-0.943340,-3.125119,-0.961048,,,,0.068998,0.017708,0.071234,1.000000,-0.000021,0.00,0
4730,10.105,-3.056122,-0.943340,-3.056122,-0.943340,-3.125119,-0.959573,,,,0.068998,0.016233,0.070881,1.000000,-0.000021,0.00,0
4731,10.107,-3.056122,-0.943340,-3.056122,-0.943340,-3.125119,-0.958103,,,,0.068998,0.014763,0.070559,1.000000,-0.000021,0.00,0
4732,10.108,-3.056122,-0.943340,-3.056122,-0.943340,-3.125119,-0.956639,,,,0.068998,0.013298,0.070267,1.000000,-0.000021,0.00,0
4733,10.109,-3.056122,-0.943340,-3.056122,-0.943340,-3.125119,-0.955179,,,,0.068998,0.011839,0.070006,1.000000,-0.000020,0.00,0
4734,10.110,-3.056122,-0.943340,-3.056122,-0.943340,-3.125119,-0.953724,,,,0.068998,0.010384,0.069774,1.000000,-0.000020,0.00,0
4735,10.111,-3.056122,-0.943340,-3.056122,-0.943340,-3.125119,-0.952272,,,,0.068998,0.008931,0.069573,1.000000,-0.000020,0.00,0
4736,10.112,-3.056122,-0.943340,-3.056122,-0.943340,-3.125119,-0.950822,,,,0.068998,0.007482,0.069402,1.000000,-0.000020,0.00,0
4737,10.114,-3.056122,-0.943340,-3.056122,-0.943340,-3.125119,-0.949375,,,,0.068998,0.006034,0.069261,1.000000,-0.000020,0.00,0
4738,10.115,-3.056122,-0.943340,-3.056122,-0.943340,-3.125119,-0.947929,,,,0.068998,0.004588,0.069150,1.000000,-0.000020,0.00,0
4739,10.116,-3.056122,-0.943340,-3.056122,-0.943340,-3.125119,-0.946484,,,,0.068998,0.003144,0.069069,1.000000,-0.000020,0.00,0
4740,10.128,-3.076897,-0.917473,-3.154693,-0.855773,-3.125119,-0.945040,0.048223,0.027568,0.055546,-0.029573,0.089268,0.094039,1.000000,-0.000020,10.50,1
4741,10.130,-3.076897,-0.917473,-3.076897,-0.917473,-3.124306,-0.943598,,,,0.047410,0.026125,0.054131,1.000000,-0.000020,0.00,0
4742,10.132,-3.076897,-0.917473,-3.076897,-0.917473,-3.123444,-0.942155,,,,0.046548,0.024682,0.052687,1.000000,-0.000020,0.00,0
4743,10.132,-3.076897,-0.917473,-3.076897,-0.917473,-3.122576,-0.940713,,,,0.045679,0.023241,0.051251,1.000000,-0.000020,0.00,0
4744,10.135,-3.076897,-0.917473,-3.076897,-0.917473,-3.121707,-0.939272,,,,0.044811,0.021799,0.049832,1.000000,-0.000020,0.00,0
4745,10.136,-3.076897,-0.917473,-3.076897,-0.917473,-3.120840,-0.937831,,,,0.043943,0.020358,0.048430,1.000000,-0.000020,0.00,0
4746,10.137,-3.076897,-0.917473,-3.076897,-0.917473,-3.119974,-0.936390,,,,0.043077,0.018917,0.047048,1.000000,-0.000020,0.00,0
4747,10.138,-3.076897,-0.917473,-3.076897,-0.917473,-3.119109,-0.934949,,,,0.042212,0.017476,0.045687,1.000000,-0.000020,0.00,0
4748,10.139,-3.076897,-0.917473,-3.076897,-0.917473,-3.118245,-0.933509,,,,0.041348,0.016036,0.044349,1.000000,-0.000020,0.00,0
4749,10.141,-3.076897,-0.917473,-3.076897,-0.917473,-3.117381,-0.932068,,,,0.040485,0.014595,0.043035,1.000000,-0.000020,0.00,0
4750,10.142,-3.076897,-0.917473,-3.076897,-0.917473,-3.116518,-0.930628,,,,0.039621,0.013155,0.041748,1.000000,-0.000020,0.00,0
4751,10.142,-3.076897,-0.917473,-3.076897,-0.917473,-3.115655,-0.929188,,,,0.038759,0.011715,0.040490,1.000000,-0.000020,0.00,0
4752,10.145,-3.076897,-0.917473,-3.076897,-0.917473,-3.114793,-0.927747,,,,0.037896,0.010275,0.039264,1.000000,-0.000019,0.00,0
4753,10.146,-3.076897,-0.917473,-3.076897,-0.917473,-3.113931,-0.926307,,,,0.037034,0.008834,0.038073,1.000000,-0.000019,0.00,0
4754,10.147,-3.076897,-0.917473,-3.076897,-0.917473,-3.113069,-0.924867,,,,0.036172,0.007394,0.036920,1.000000,-0.000019,0.00,0
4755,10.160,-3.130723,-0.912400,-3.174525,-0.914267,-3.112207,-0.923427,-0.018516,0.011027,0.021551,-0.062318,0.009160,0.062988,1.000000,-0.000019,11.57,1
4756,10.162,-3.130723,-0.912400,-3.130723,-0.912400,-3.110799,-0.921987,,,,-0.019924,0.009587,0.022111,1.000000,-0.000019,0.00,0
4757,10.164,-3.130723,-0.912400,-3.130723,-0.912400,-3.109358,-0.920547,,,,-0.021365,0.008147,0.022866,1.000000,-0.000019,0.00,0
4758,10.165,-3.130723,-0.912400,-3.130723,-0.912400,-3.107913,-0.919107,,,,-0.022810,0.006707,0.023776,1.000000,-0.000019,0.00,0
4759,10.166,-3.130723,-0.912400,-3.130723,-0.912400,-3.106468,-0.917667,,,,-0.024255,0.005267,0.024821,1.000000,-0.000019,0.00,0
4760,10.169,-3.130723,-0.912400,-3.130723,-0.912400,-3.105024,-0.916227,,,,-0.025700,0.003827,0.025983,1.000000,-0.000019,0.00,0
4761,10.169,-3.130723,-0.912400,-3.130723,-0.912400,-3.103580,-0.914787,,,,-0.027143,0.002387,0.027248,1.000000,-0.000019,0.00,0
4762,10.171,-3.130723,-0.912400,-3.130723,-0.912400,-3.102138,-0.913347,,,,-0.028586,0.000947,0.028601,1.000000,-0.000019,0.00,0
4763,10.172,-3.130723,-0.912400,-3.130723,-0.912400,-3.100696,-0.911907,,,,-0.030028,-0.000493,0.030032,1.000000,-0.000019,0.00,0
4764,10.174,-3.130723,-0.912400,-3.130723,-0.912400,-3.099254,-0.910467,,,,-0.031469,-0.001933,0.031529,1.000000,-0.000019,0.00,0
4765,10.176,-3.130723,-0.912400,-3.130723,-0.912400,-3.097813,-0.909027,,,,-0.032911,-0.003373,0.033083,1.000000,-0.000019,0.00,0
4766,10.177,-3.130723,-0.912400,-3.130723,-0.912400,-3.096372,-0.907587,,,,-0.034352,-0.004813,0.034687,1.000000,-0.000019,0.00,0
4767,10.178,-3.130723,-0.912400,-3.130723,-0.912400,-3.094931,-0.906147,,,,-0.035792,-0.006253,0.036335,1.000000,-0.000019,0.00,0
4768,10.179,-3.130723,-0.912400,-3.130723,-0.912400,-3.093490,-0.904707,,,,-0.037233,-0.007693,0.038020,1.000000,-0.000019,0.00,0
4769,10.180,-3.130723,-0.912400,-3.130723,-0.912400,-3.092050,-0.903267,,,,-0.038674,-0.009133,0.039737,1.000000,-0.000019,0.00,0
4770,10.193,-3.131104,-0.882759,-3.064095,-0.878238,-3.090609,-0.901827,-0.040495,0.019067,0.044760,0.026514,0.023588,0.035488,1.000000,-0.000019,10.01,1
4771,10.195,-3.131104,-0.882759,-3.131104,-0.882759,-3.089169,-0.900387,,,,-0.041936,0.017627,0.045490,1.000000,-0.000019,0.00,0
4772,10.196,-3.131104,-0.882759,-3.131104,-0.882759,-3.087729,-0.898947,,,,-0.043376,0.016187,0.046298,1.000000,-0.000019,0.00,0
4773,10.197,-3.131104,-0.882759,-3.131104,-0.882759,-3.086288,-0.897507,,,,-0.044816,0.014747,0.047180,1.000000,-0.000019,0.00,0
4774,10.199,-3.131104,-0.882759,-3.131104,-0.882759,-3.084848,-0.896067,,,,-0.046256,0.013307,0.048132,1.000000,-0.000019,0.00,0
4775,10.200,-3.131104,-0.882759,-3.131104,-0.882759,-3.083408,-0.894627,,,,-0.047696,0.011867,0.049150,1.000000,-0.000019,0.00,0
4776,10.201,-3.131104,-0.882759,-3.131104,-0.882759,-3.081968,-0.893187,,,,-0.049136,0.010427,0.050231,1.000000,-0.000019,0.00,0
4777,10.202,-3.131104,-0.882759,-3.131104,-0.882759,-3.080528,-0.891747,,,,-0.050576,0.008987,0.051369,1.000000,-0.000019,0.00,0
4778,10.203,-3.131104,-0.882759,-3.131104,-0.882759,-3.079088,-0.890307,,,,-0.052016,0.007547,0.052561,1.000000,-0.000019,0.00,0
4779,10.204,-3.131104,-0.882759,-3.131104,-0.882759,-3.077648,-0.888867,,,,-0.053457,0.006107,0.053804,1.000000,-0.000019,0.00,0
4780,10.205,-3.131104,-0.882759,-3.131104,-0.882759,-3.076208,-0.887427,,,,-0.054897,0.004667,0.055095,1.000000,-0.000019,0.00,0
4781,10.207,-3.131104,-0.882759,-3.131104,-0.882759,-3.074768,-0.885987,,,,-0.056337,0.003227,0.056429,1.000000,-0.000019,0.00,0
4782,10.208,-3.131104,-0.882759,-3.131104,-0.882759,-3.073328,-0.884547,,,,-0.057777,0.001787,0.057804,1.000000,-0.000019,0.00,0
4783,10.209,-3.131104,-0.882759,-3.131104,-0.882759,-3.071888,-0.883107,,,,-0.059217,0.000347,0.059218,1.000000,-0.000019,0.00,0
4784,10.210,-3.131104,-0.882759,-3.131104,-0.882759,-3.070448,-0.881667,,,,-0.060657,-0.001093,0.060666,1.000000,-0.000019,0.00,0
4785,10.222,-3.094507,-0.872869,-3.044899,-0.826102,-3.069008,-0.880227,-0.025499,0.007358,0.026539,0.024108,0.054124,0.059251,1.000000,-0.000019,10.52,1
4786,10.224,-3.094507,-0.872869,-3.094507,-0.872869,-3.067928,-0.878787,,,,-0.026578,0.005918,0.027229,1.000000,-0.000019,0.00,0
4787,10.225,-3.094507,-0.872869,-3.094507,-0.872869,-3.066870,-0.877347,,,,-0.027637,0.004478,0.027997,1.000000,-0.000019,0.00,0
4788,10.227,-3.094507,-0.872869,-3.094507,-0.872869,-3.065815,-0.875907,,,,-0.028692,0.003038,0.028852,1.000000,-0.000019,0.00,0
4789,10.228,-3.094507,-0.872869,-3.094507,-0.872869,-3.064759,-0.874467,,,,-0.029747,0.001598,0.029790,1.000000,-0.000019,0.00,0
4790,10.229,-3.094507,-0.872869,-3.094507,-0.872869,-3.063704,-0.873027,,,,-0.030803,0.000158,0.030803,1.000000,-0.000019,0.00,0
4791,10.231,-3.094507,-0.872869,-3.094507,-0.872869,-3.062647,-0.871587,,,,-0.031859,-0.001282,0.031885,1.000000,-0.000019,0.00,0
4792,10.232,-3.094507,-0.872869,-3.094507,-0.872869,-3.061590,-0.870147,,,,-0.032916,-0.002722,0.033029,1.000000,-0.000019,0.00,0
4793,10.232,-3.094507,-0.872869,-3.094507,-0.872869,-3.060533,-0.868707,,,,-0.033973,-0.004162,0.034227,1.000000,-0.000019,0.00,0
4794,10.234,-3.094507,-0.872869,-3.094507,-0.872869,-3.059476,-0.867267,,,,-0.035031,-0.005602,0.035476,1.000000,-0.000019,0.00,0
4795,10.235,-3.094507,-0.872869,-3.094507,-0.872869,-3.058418,-0.865827,,,,-0.036088,-0.007042,0.036769,1.000000,-0.000019,0.00,0
4796,10.236,-3.094507,-0.872869,-3.094507,-0.872869,-3.057360,-0.864387,,,,-0.037146,-0.008482,0.038102,1.000000,-0.000019,0.00,0
4797,10.237,-3.094507,-0.872869,-3.094507,-0.872869,-3.056302,-0.862947,,,,-0.038204,-0.009922,0.039472,1.000000,-0.000019,0.00,0
4798,10.238,-3.094507,-0.872869,-3.094507,-0.872869,-3.055244,-0.861507,,,,-0.039262,-0.011362,0.040873,1.000000,-0.000019,0.00,0
4799,10.240,-3.094507,-0.872869,-3.094507,-0.872869,-3.054186,-0.860067,,,,-0.040320,-0.012802,0.042304,1.000000,-0.000019,0.00,0
4800,10.253,-3.060101,-0.852215,-3.071308,-0.852304,-3.053128,-0.858627,-0.006973,0.006412,0.009473,-0.018180,0.006323,0.019248,1.000000,-0.000019,11.52,1
4801,10.254,-3.060101,-0.852215,-3.060101,-0.852215,-3.053069,-0.857187,,,,-0.007032,0.004972,0.008612,1.000000,-0.000019,0.00,0
4802,10.256,-3.060101,-0.852215,-3.060101,-0.852215,-3.053070,-0.855747,,,,-0.007030,0.003532,0.007868,1.000000,-0.000019,0.00,0
4803,10.257,-3.060101,-0.852215,-3.060101,-0.852215,-3.053079,-0.854307,,,,-0.007021,0.002092,0.007326,1.000000,-0.000019,0.00,0
4804,10.258,-3.060101,-0.852215,-3.060101,-0.852215,-3.053088,-0.852867,,,,-0.007012,0.000652,0.007043,1.000000,-0.000019,0.00,0
4805,10.261,-3.060101,-0.852215,-3.060101,-0.852215,-3.053096,-0.851427,,,,-0.007005,-0.000788,0.007049,1.000000,-0.000019,0.00,0
4806,10.262,-3.060101,-0.852215,-3.060101,-0.852215,-3.053101,-0.849987,,,,-0.006999,-0.002228,0.007345,1.000000,-0.000019,0.00,0
4807,10.263,-3.060101,-0.852215,-3.060101,-0.852215,-3.053106,-0.848547,,,,-0.006994,-0.003668,0.007898,1.000000,-0.000019,0.00,0
4808,10.265,-3.060101,-0.852215,-3.060101,-0.852215,-3.053110,-0.847107,,,,-0.006991,-0.005108,0.008658,1.000000,-0.000019,0.00,0
4809,10.266,-3.060101,-0.852215,-3.060101,-0.852215,-3.053113,-0.845667,,,,-0.006988,-0.006548,0.009576,1.000000,-0.000019,0.00,0
4810,10.267,-3.060101,-0.852215,-3.060101,-0.852215,-3.053115,-0.844227,,,,-0.006985,-0.007988,0.010612,1.000000,-0.000019,0.00,0
4811,10.268,-3.060101,-0.852215,-3.060101,-0.852215,-3.053117,-0.842787,,,,-0.006984,-0.009428,0.011733,1.000000,-0.000019,0.00,0
4812,10.269,-3.060101,-0.852215,-3.060101,-0.852215,-3.053118,-0.841347,,,,-0.006982,-0.010868,0.012918,1.000000,-0.000019,0.00,0
4813,10.271,-3.060101,-0.852215,-3.060101,-0.852215,-3.053120,-0.839907,,,,-0.006981,-0.012308,0.014150,1.000000,-0.000019,0.00,0
4814,10.272,-3.060101,-0.852215,-3.060101,-0.852215,-3.053120,-0.838467,,,,-0.006980,-0.013748,0.015419,1.000000,-0.000019,0.00,0
4815,10.283,-3.058070,-0.829919,-3.058004,-0.811350,-3.053121,-0.837027,-0.004949,0.007108,0.008661,-0.004883,0.025676,0.026136,1.000000,-0.000019,10.01,1
4816,10.286,-3.058070,-0.829919,-3.058070,-0.829919,-3.053122,-0.835587,,,,-0.004949,0.005668,0.007524,1.000000,-0.000019,0.00,0
4817,10.287,-3.058070,-0.829919,-3.058070,-0.829919,-3.053122,-0.834147,,,,-0.004948,0.004228,0.006508,1.000000,-0.000019,0.00,0
4818,10.288,-3.058070,-0.829919,-3.058070,-0.829919,-3.053123,-0.832707,,,,-0.004948,0.002788,0.005679,1.000000,-0.000019,0.00,0
4819,10.290,-3.058070,-0.829919,-3.058070,-0.829919,-3.053123,-0.831267,,,,-0.004948,0.001348,0.005128,1.000000,-0.000019,0.00,0
4820,10.290,-3.058070,-0.829919,-3.058070,-0.829919,-3.053123,-0.829827,,,,-0.004947,-0.000092,0.004948,1.000000,-0.000019,0.00,0
4821,10.292,-3.058070,-0.829919,-3.058070,-0.829919,-3.053123,-0.828387,,,,-0.004947,-0.001532,0.005179,1.000000,-0.000019,0.00,0
4822,10.293,-3.058070,-0.829919,-3.058070,-0.829919,-3.053123,-0.826947,,,,-0.004947,-0.002972,0.005771,1.000000,-0.000019,0.00,0
4823,10.295,-3.058070,-0.829919,-3.058070,-0.829919,-3.053123,-0.825507,,,,-0.004947,-0.004412,0.006629,1.000000,-0.000019,0.00,0
4824,10.296,-3.058070,-0.829919,-3.058070,-0.829919,-3.053124,-0.824067,,,,-0.004947,-0.005852,0.007663,1.000000,-0.000019,0.00,0
4825,10.297,-3.058070,-0.829919,-3.058070,-0.829919,-3.053124,-0.822627,,,,-0.004947,-0.007292,0.008812,1.000000,-0.000019,0.00,0
4826,10.299,-3.058070,-0.829919,-3.058070,-0.829919,-3.053124,-0.821187,,,,-0.004947,-0.008732,0.010036,1.000000,-0.000019,0.00,0
4827,10.299,-3.058070,-0.829919,-3.058070,-0.829919,-3.053124,-0.819747,,,,-0.004947,-0.010172,0.011311,1.000000,-0.000019,0.00,0
4828,10.300,-3.058070,-0.829919,-3.058070,-0.829919,-3.053124,-0.818307,,,,-0.004947,-0.011612,0.012622,1.000000,-0.000019,0.00,0
4829,10.302,-3.058070,-0.829919,-3.058070,-0.829919,-3.053124,-0.816867,,,,-0.004947,-0.013052,0.013958,1.000000,-0.000019,0.00,0
4830,10.314,-3.065692,-0.831871,-3.067764,-0.831960,-3.053124,-0.815427,-0.012568,-0.016445,0.020698,-0.014640,-0.016534,0.022084,1.000000,-0.000019,11.51,1
4831,10.316,-3.065692,-0.831871,-3.065692,-0.831871,-3.053124,-0.813987,,,,-0.012568,-0.017885,0.021859,1.000000,-0.000019,0.00,0
4832,10.317,-3.065692,-0.831871,-3.065692,-0.831871,-3.053124,-0.812547,,,,-0.012568,-0.019325,0.023052,1.000000,-0.000019,0.00,0
4833,10.319,-3.065692,-0.831871,-3.065692,-0.831871,-3.053124,-0.811107,,,,-0.012568,-0.020765,0.024272,1.000000,-0.000019,0.00,0
4834,10.320,-3.065692,-0.831871,-3.065692,-0.831871,-3.053124,-0.809667,,,,-0.012568,-0.022205,0.025515,1.000000,-0.000019,0.00,0
4835,10.322,-3.065692,-0.831871,-3.065692,-0.831871,-3.053124,-0.808227,,,,-0.012568,-0.023645,0.026778,1.000000,-0.000019,0.00,0
4836,10.323,-3.065692,-0.831871,-3.065692,-0.831871,-3.053124,-0.806787,,,,-0.012568,-0.025085,0.028057,1.000000,-0.000019,0.00,0
4837,10.324,-3.065692,-0.831871,-3.065692,-0.831871,-3.053124,-0.805347,,,,-0.012568,-0.026525,0.029352,1.000000,-0.000019,0.00,0
4838,10.326,-3.065692,-0.831871,-3.065692,-0.831871,-3.053124,-0.803907,,,,-0.012568,-0.027965,0.030659,1.000000,-0.000019,0.00,0
4839,10.327,-3.065692,-0.831871,-3.065692,-0.831871,-3.053124,-0.802467,,,,-0.012568,-0.029405,0.031978,1.000000,-0.000019,0.00,0
4840,10.328,-3.065692,-0.831871,-3.065692,-0.831871,-3.053124,-0.801027,,,,-0.012568,-0.030845,0.033307,1.000000,-0.000019,0.00,0
4841,10.329,-3.065692,-0.831871,-3.065692,-0.831871,-3.053124,-0.799587,,,,-0.012568,-0.032285,0.034645,1.000000,-0.000019,0.00,0
4842,10.330,-3.065692,-0.831871,-3.065692,-0.831871,-3.053124,-0.798147,,,,-0.012568,-0.033725,0.035991,1.000000,-0.000019,0.00,0
4843,10.332,-3.065692,-0.831871,-3.065692,-0.831871,-3.053124,-0.796707,,,,-0.012568,-0.035165,0.037343,1.000000,-0.000019,0.00,0
4844,10.332,-3.065692,-0.831871,-3.065692,-0.831871,-3.053124,-0.795267,,,,-0.012568,-0.036605,0.038702,1.000000,-0.000019,0.00,0
4845,10.346,-3.036866,-0.800624,-2.984831,-0.758561,-3.053124,-0.793827,0.016257,-0.006797,0.017621,0.068293,0.035265,0.076861,1.000000,-0.000019,10.51,1
4846,10.347,-3.036866,-0.800624,-3.036866,-0.800624,-3.053124,-0.792387,,,,0.016257,-0.008237,0.018225,1.000000,-0.000019,0.00,0
4847,10.354,-3.036866,-0.800624,-3.036866,-0.800624,-3.053124,-0.790947,,,,0.016257,-0.009677,0.018920,1.000000,-0.000019,0.00,0
4848,10.356,-3.036866,-0.800624,-3.036866,-0.800624,-3.053124,-0.789507,,,,0.016257,-0.011117,0.019695,1.000000,-0.000019,0.00,0
4849,10.357,-3.036866,-0.800624,-3.036866,-0.800624,-3.053124,-0.788067,,,,0.016257,-0.012557,0.020542,1.000000,-0.000019,0.00,0
4850,10.358,-3.036866,-0.800624,-3.036866,-0.800624,-3.053124,-0.786627,,,,0.016257,-0.013997,0.021453,1.000000,-0.000018,0.00,0
4851,10.359,-3.036866,-0.800624,-3.036866,-0.800624,-3.053124,-0.785187,,,,0.016257,-0.015437,0.022419,1.000000,-0.000018,0.00,0
4852,10.360,-3.036866,-0.800624,-3.036866,-0.800624,-3.053124,-0.783747,,,,0.016257,-0.016877,0.023434,1.000000,-0.000018,0.00,0
4853,10.361,-3.036866,-0.800624,-3.036866,-0.800624,-3.053124,-0.782307,,,,0.016257,-0.018317,0.024491,1.000000,-0.000018,0.00,0
4854,10.362,-3.036866,-0.800624,-3.036866,-0.800624,-3.053124,-0.780867,,,,0.016257,-0.019757,0.025586,1.000000,-0.000018,0.00,0
4855,10.364,-3.036866,-0.800624,-3.036866,-0.800624,-3.053124,-0.779427,,,,0.016257,-0.021197,0.026714,1.000000,-0.000018,0.00,0
4856,10.365,-3.036866,-0.800624,-3.036866,-0.800624,-3.053124,-0.777987,,,,0.016257,-0.022637,0.027870,1.000000,-0.000018,0.00,0
4857,10.366,-3.036866,-0.800624,-3.036866,-0.800624,-3.053124,-0.776547,,,,0.016257,-0.024077,0.029052,1.000000,-0.000018,0.00,0
4858,10.367,-3.036866,-0.800624,-3.036866,-0.800624,-3.053124,-0.775107,,,,0.016257,-0.025517,0.030256,1.000000,-0.000018,0.00,0
4859,10.368,-3.036866,-0.800624,-3.036866,-0.800624,-3.053124,-0.773667,,,,0.016257,-0.026957,0.031480,1.000000,-0.000018,0.00,0
4860,10.380,-3.011886,-0.779774,-2.983064,-0.748801,-3.053124,-0.772227,0.041237,-0.007548,0.041922,0.070060,0.023425,0.073873,1.000000,-0.000018,11.01,1
4861,10.382,-3.011886,-0.779774,-3.011886,-0.779774,-3.053124,-0.770787,,,,0.041237,-0.008988,0.042205,1.000000,-0.000018,0.00,0
4862,10.384,-3.011886,-0.779774,-3.011886,-0.779774,-3.053124,-0.769347,,,,0.041237,-0.010428,0.042535,1.000000,-0.000018,0.00,0
4863,10.385,-3.011886,-0.779774,-3.011886,-0.779774,-3.053124,-0.767907,,,,0.041237,-0.011868,0.042911,1.000000,-0.000018,0.00,0
4864,10.386,-3.011886,-0.779774,-3.011886,-0.779774,-3.053124,-0.766467,,,,0.041237,-0.013308,0.043331,1.000000,-0.000018,0.00,0
4865,10.387,-3.011886,-0.779774,-3.011886,-0.779774,-3.053124,-0.765027,,,,0.041237,-0.014748,0.043795,1.000000,-0.000018,0.00,0
4866,10.388,-3.011886,-0.779774,-3.011886,-0.779774,-3.053124,-0.763587,,,,0.041237,-0.016188,0.044301,1.000000,-0.000018,0.00,0
4867,10.390,-3.011886,-0.779774,-3.011886,-0.779774,-3.053124,-0.762147,,,,0.041237,-0.017628,0.044847,1.000000,-0.000018,0.00,0
4868,10.391,-3.011886,-0.779774,-3.011886,-0.779774,-3.053124,-0.760707,,,,0.041237,-0.019068,0.045432,1.000000,-0.000018,0.00,0
4869,10.392,-3.011886,-0.779774,-3.011886,-0.779774,-3.053124,-0.759267,,,,0.041237,-0.020508,0.046055,1.000000,-0.000018,0.00,0
4870,10.393,-3.011886,-0.779774,-3.011886,-0.779774,-3.053124,-0.757827,,,,0.041237,-0.021948,0.046714,1.000000,-0.000018,0.00,0
4871,10.394,-3.011886,-0.779774,-3.011886,-0.779774,-3.053124,-0.756387,,,,0.041237,-0.023388,0.047408,1.000000,-0.000018,0.00,0
4872,10.395,-3.011886,-0.779774,-3.011886,-0.779774,-3.053124,-0.754947,,,,0.041237,-0.024828,0.048134,1.000000,-0.000018,0.00,0
4873,10.396,-3.011886,-0.779774,-3.011886,-0.779774,-3.053124,-0.753507,,,,0.041237,-0.026268,0.048893,1.000000,-0.000018,0.00,0
4874,10.398,-3.011886,-0.779774,-3.011886,-0.779774,-3.053124,-0.752067,,,,0.041237,-0.027708,0.049681,1.000000,-0.000018,0.00,0
4875,10.410,-3.016007,-0.742171,-3.080127,-0.719149,-3.053124,-0.750627,0.037116,0.008456,0.038067,-0.027003,0.031477,0.041473,1.000000,-0.000018,11.51,1
4876,10.412,-3.016007,-0.742171,-3.016007,-0.742171,-3.053124,-0.749187,,,,0.037116,0.007016,0.037774,1.000000,-0.000018,0.00,0
4877,10.413,-3.016007,-0.742171,-3.016007,-0.742171,-3.053124,-0.747747,,,,0.037116,0.005576,0.037533,1.000000,-0.000018,0.00,0
4878,10.414,-3.016007,-0.742171,-3.016007,-0.742171,-3.053124,-0.746307,,,,0.037116,0.004136,0.037346,1.000000,-0.000018,0.00,0
4879,10.416,-3.016007,-0.742171,-3.016007,-0.742171,-3.053124,-0.744867,,,,0.037116,0.002696,0.037214,1.000000,-0.000018,0.00,0
4880,10.417,-3.016007,-0.742171,-3.016007,-0.742171,-3.053124,-0.743426,,,,0.037116,0.001256,0.037138,1.000000,-0.000018,0.00,0
4881,10.418,-3.016007,-0.742171,-3.016007,-0.742171,-3.053124,-0.741986,,,,0.037116,-0.000184,0.037117,1.000000,-0.000018,0.00,0
4882,10.420,-3.016007,-0.742171,-3.016007,-0.742171,-3.053124,-0.740546,,,,0.037116,-0.001624,0.037152,1.000000,-0.000018,0.00,0
4883,10.420,-3.016007,-0.742171,-3.016007,-0.742171,-3.053124,-0.739106,,,,0.037116,-0.003064,0.037243,1.000000,-0.000018,0.00,0
4884,10.421,-3.016007,-0.742171,-3.016007,-0.742171,-3.053124,-0.737666,,,,0.037116,-0.004504,0.037389,1.000000,-0.000018,0.00,0
4885,10.422,-3.016007,-0.742171,-3.016007,-0.742171,-3.053124,-0.736226,,,,0.037116,-0.005944,0.037589,1.000000,-0.000018,0.00,0
4886,10.424,-3.016007,-0.742171,-3.016007,-0.742171,-3.053124,-0.734786,,,,0.037116,-0.007384,0.037844,1.000000,-0.000018,0.00,0
4887,10.425,-3.016007,-0.742171,-3.016007,-0.742171,-3.053124,-0.733346,,,,0.037116,-0.008824,0.038151,1.000000,-0.000018,0.00,0
4888,10.426,-3.016007,-0.742171,-3.016007,-0.742171,-3.053124,-0.731906,,,,0.037116,-0.010264,0.038509,1.000000,-0.000018,0.00,0
4889,10.427,-3.016007,-0.742171,-3.016007,-0.742171,-3.053124,-0.730466,,,,0.037116,-0.011704,0.038918,1.000000,-0.000018,0.00,0
4890,10.440,-3.047198,-0.711355,-3.078404,-0.666115,-3.053124,-0.729026,0.005925,0.017671,0.018638,-0.025280,0.062912,0.067801,1.000000,-0.000018,11.51,1
4891,10.442,-3.047198,-0.711355,-3.047198,-0.711355,-3.053124,-0.727586,,,,0.005925,0.016231,0.017279,1.000000,-0.000018,0.00,0
4892,10.443,-3.047198,-0.711355,-3.047198,-0.711355,-3.053124,-0.726146,,,,0.005925,0.014791,0.015934,1.000000,-0.000018,0.00,0
4893,10.445,-3.047198,-0.711355,-3.047198,-0.711355,-3.053124,-0.724706,,,,0.005925,0.013351,0.014607,1.000000,-0.000018,0.00,0
4894,10.446,-3.047198,-0.711355,-3.047198,-0.711355,-3.053124,-0.723266,,,,0.005925,0.011911,0.013304,1.000000,-0.000018,0.00,0
4895,10.447,-3.047198,-0.711355,-3.047198,-0.711355,-3.053123,-0.721826,,,,0.005925,0.010471,0.012032,1.000000,-0.000018,0.00,0
4896,10.449,-3.047198,-0.711355,-3.047198,-0.711355,-3.053123,-0.720386,,,,0.005925,0.009031,0.010802,1.000000,-0.000018,0.00,0
4897,10.450,-3.047198,-0.711355,-3.047198,-0.711355,-3.053123,-0.718946,,,,0.005925,0.007591,0.009630,1.000000,-0.000018,0.00,0
4898,10.452,-3.047198,-0.711355,-3.047198,-0.711355,-3.053123,-0.717506,,,,0.005925,0.006151,0.008541,1.000000,-0.000018,0.00,0
4899,10.452,-3.047198,-0.711355,-3.047198,-0.711355,-3.053123,-0.716066,,,,0.005925,0.004711,0.007570,1.000000,-0.000018,0.00,0
4900,10.453,-3.047198,-0.711355,-3.047198,-0.711355,-3.053123,-0.714626,,,,0.005925,0.003271,0.006768,1.000000,-0.000018,0.00,0
4901,10.455,-3.047198,-0.711355,-3.047198,-0.711355,-3.053123,-0.713186,,,,0.005925,0.001831,0.006202,1.000000,-0.000018,0.00,0
4902,10.456,-3.047198,-0.711355,-3.047198,-0.711355,-3.053123,-0.711746,,,,0.005925,0.000391,0.005938,1.000000,-0.000018,0.00,0
4903,10.457,-3.047198,-0.711355,-3.047198,-0.711355,-3.053123,-0.710306,,,,0.005925,-0.001049,0.006017,1.000000,-0.000018,0.00,0
4904,10.458,-3.047198,-0.711355,-3.047198,-0.711355,-3.053123,-0.708866,,,,0.005925,-0.002489,0.006427,1.000000,-0.000018,0.00,0
4905,10.471,-3.065315,-0.685197,-3.037416,-0.670326,-3.053123,-0.707426,-0.012192,0.022230,0.025354,0.015708,0.037101,0.040289,1.000000,-0.000018,10.01,1
4906,10.472,-3.065315,-0.685197,-3.065315,-0.685197,-3.053123,-0.705986,,,,-0.012192,0.020790,0.024101,1.000000,-0.000018,0.00,0
4907,10.474,-3.065315,-0.685197,-3.065315,-0.685197,-3.053123,-0.704546,,,,-0.012192,0.019350,0.022870,1.000000,-0.000018,0.00,0
4908,10.475,-3.065315,-0.685197,-3.065315,-0.685197,-3.053123,-0.703106,,,,-0.012192,0.017910,0.021666,1.000000,-0.000018,0.00,0
4909,10.476,-3.065315,-0.685197,-3.065315,-0.685197,-3.053123,-0.701666,,,,-0.012192,0.016470,0.020491,1.000000,-0.000018,0.00,0
4910,10.478,-3.065315,-0.685197,-3.065315,-0.685197,-3.053123,-0.700226,,,,-0.012192,0.015030,0.019353,1.000000,-0.000018,0.00,0
4911,10.480,-3.065315,-0.685197,-3.065315,-0.685197,-3.053123,-0.698786,,,,-0.012192,0.013590,0.018257,1.000000,-0.000018,0.00,0
4912,10.481,-3.065315,-0.685197,-3.065315,-0.685197,-3.053123,-0.697346,,,,-0.012192,0.012150,0.017212,1.000000,-0.000018,0.00,0
4913,10.482,-3.065315,-0.685197,-3.065315,-0.685197,-3.053123,-0.695906,,,,-0.012192,0.010710,0.016228,1.000000,-0.000019,0.00,0
4914,10.483,-3.065315,-0.685197,-3.065315,-0.685197,-3.053123,-0.694466,,,,-0.012192,0.009270,0.015316,1.000000,-0.000019,0.00,0
4915,10.484,-3.065315,-0.685197,-3.065315,-0.685197,-3.053123,-0.693026,,,,-0.012192,0.007830,0.014490,1.000000,-0.000019,0.00,0
4916,10.486,-3.065315,-0.685197,-3.065315,-0.685197,-3.053123,-0.691586,,,,-0.012192,0.006390,0.013765,1.000000,-0.000019,0.00,0
4917,10.487,-3.065315,-0.685197,-3.065315,-0.685197,-3.053123,-0.690146,,,,-0.012192,0.004950,0.013158,1.000000,-0.000019,0.00,0
4918,10.488,-3.065315,-0.685197,-3.065315,-0.685197,-3.053123,-0.688706,,,,-0.012192,0.003510,0.012687,1.000000,-0.000019,0.00,0
4919,10.490,-3.065315,-0.685197,-3.065315,-0.685197,-3.053123,-0.687266,,,,-0.012192,0.002070,0.012366,1.000000,-0.000019,0.00,0
4920,10.502,-3.040372,-0.665709,-3.005296,-0.660686,-3.053123,-0.685826,0.012752,0.020117,0.023818,0.047827,0.025140,0.054032,1.000000,-0.000019,11.01,1
4921,10.503,-3.040372,-0.665709,-3.040372,-0.665709,-3.053123,-0.684386,,,,0.012752,0.018677,0.022615,1.000000,-0.000019,0.00,0
4922,10.505,-3.040372,-0.665709,-3.040372,-0.665709,-3.053123,-0.682946,,,,0.012752,0.017237,0.021441,1.000000,-0.000019,0.00,0
4923,10.506,-3.040372,-0.665709,-3.040372,-0.665709,-3.053123,-0.681506,,,,0.012752,0.015797,0.020302,1.000000,-0.000019,0.00,0
4924,10.507,-3.040372,-0.665709,-3.040372,-0.665709,-3.053123,-0.680066,,,,0.012752,0.014357,0.019203,1.000000,-0.000019,0.00,0
4925,10.508,-3.040372,-0.665709,-3.040372,-0.665709,-3.053123,-0.678626,,,,0.012752,0.012917,0.018151,1.000000,-0.000019,0.00,0
4926,10.510,-3.040372,-0.665709,-3.040372,-0.665709,-3.053123,-0.677186,,,,0.012752,0.011477,0.017156,1.000000,-0.000019,0.00,0
4927,10.511,-3.040372,-0.665709,-3.040372,-0.665709,-3.053123,-0.675746,,,,0.012752,0.010037,0.016228,1.000000,-0.000019,0.00,0
4928,10.512,-3.040372,-0.665709,-3.040372,-0.665709,-3.053123,-0.674306,,,,0.012752,0.008597,0.015379,1.000000,-0.000019,0.00,0
4929,10.513,-3.040372,-0.665709,-3.040372,-0.665709,-3.053123,-0.672866,,,,0.012752,0.007157,0.014623,1.000000,-0.000019,0.00,0
4930,10.514,-3.040372,-0.665709,-3.040372,-0.665709,-3.053123,-0.671426,,,,0.012752,0.005717,0.013975,1.000000,-0.000019,0.00,0
4931,10.516,-3.040372,-0.665709,-3.040372,-0.665709,-3.053123,-0.669986,,,,0.012752,0.004277,0.013450,1.000000,-0.000019,0.00,0
4932,10.517,-3.040372,-0.665709,-3.040372,-0.665709,-3.053123,-0.668546,,,,0.012752,0.002837,0.013064,1.000000,-0.000019,0.00,0
4933,10.518,-3.040372,-0.665709,-3.040372,-0.665709,-3.053123,-0.667106,,,,0.012752,0.001397,0.012828,1.000000,-0.000019,0.00,0
4934,10.519,-3.040372,-0.665709,-3.040372,-0.665709,-3.053123,-0.665666,,,,0.012752,-0.000043,0.012752,1.000000,-0.000019,0.00,0
4935,10.531,-3.000710,-0.665319,-2.959419,-0.664946,-3.053123,-0.664226,0.052413,-0.001093,0.052424,0.093704,-0.000719,0.093707,1.000000,-0.000019,10.51,1
4936,10.534,-3.000710,-0.665319,-3.000710,-0.665319,-3.053123,-0.662786,,,,0.052413,-0.002533,0.052474,1.000000,-0.000019,0.00,0
4937,10.536,-3.000710,-0.665319,-3.000710,-0.665319,-3.053123,-0.661346,,,,0.052413,-0.003973,0.052563,1.000000,-0.000019,0.00,0
4938,10.537,-3.000710,-0.665319,-3.000710,-0.665319,-3.053123,-0.659906,,,,0.052413,-0.005413,0.052692,1.000000,-0.000019,0.00,0
4939,10.538,-3.000710,-0.665319,-3.000710,-0.665319,-3.053123,-0.658466,,,,0.052413,-0.006853,0.052859,1.000000,-0.000019,0.00,0
4940,10.539,-3.000710,-0.665319,-3.000710,-0.665319,-3.053123,-0.657026,,,,0.052413,-0.008293,0.053065,1.000000,-0.000019,0.00,0
4941,10.540,-3.000710,-0.665319,-3.000710,-0.665319,-3.053123,-0.655586,,,,0.052413,-0.009733,0.053309,1.000000,-0.000019,0.00,0
4942,10.542,-3.000710,-0.665319,-3.000710,-0.665319,-3.053123,-0.654146,,,,0.052413,-0.011173,0.053591,1.000000,-0.000019,0.00,0
4943,10.542,-3.000710,-0.665319,-3.000710,-0.665319,-3.053123,-0.652706,,,,0.052413,-0.012613,0.053909,1.000000,-0.000019,0.00,0
4944,10.544,-3.000710,-0.665319,-3.000710,-0.665319,-3.053123,-0.651266,,,,0.052413,-0.014053,0.054264,1.000000,-0.000019,0.00,0
4945,10.546,-3.000710,-0.665319,-3.000710,-0.665319,-3.053123,-0.649826,,,,0.052413,-0.015493,0.054655,1.000000,-0.000019,0.00,0
4946,10.547,-3.000710,-0.665319,-3.000710,-0.665319,-3.053123,-0.648386,,,,0.052413,-0.016933,0.055080,1.000000,-0.000019,0.00,0
4947,10.549,-3.000710,-0.665319,-3.000710,-0.665319,-3.053123,-0.646946,,,,0.052413,-0.018373,0.055540,1.000000,-0.000019,0.00,0
4948,10.549,-3.000710,-0.665319,-3.000710,-0.665319,-3.053123,-0.645506,,,,0.052413,-0.019813,0.056033,1.000000,-0.000019,0.00,0
4949,10.551,-3.000710,-0.665319,-3.000710,-0.665319,-3.053123,-0.644066,,,,0.052413,-0.021253,0.056558,1.000000,-0.000019,0.00,0
4950,10.564,-3.005686,-0.665380,-3.052343,-0.670507,-3.053123,-0.642626,0.047437,-0.022753,0.052612,0.000781,-0.027881,0.027892,1.000000,-0.000019,11.51,1
4951,10.565,-3.005686,-0.665380,-3.005686,-0.665380,-3.053123,-0.641186,,,,0.047437,-0.024193,0.053251,1.000000,-0.000019,0.00,0
4952,10.570,-3.005686,-0.665380,-3.005686,-0.665380,-3.053123,-0.639746,,,,0.047437,-0.025633,0.053920,1.000000,-0.000019,0.00,0
4953,10.571,-3.005686,-0.665380,-3.005686,-0.665380,-3.053123,-0.638306,,,,0.047437,-0.027073,0.054619,1.000000,-0.000019,0.00,0
4954,10.572,-3.005686,-0.665380,-3.005686,-0.665380,-3.053123,-0.636867,,,,0.047437,-0.028513,0.055347,1.000000,-0.000019,0.00,0
4955,10.574,-3.005686,-0.665380,-3.005686,-0.665380,-3.053123,-0.635427,,,,0.047437,-0.029953,0.056103,1.000000,-0.000019,0.00,0
4956,10.575,-3.005686,-0.665380,-3.005686,-0.665380,-3.053123,-0.633987,,,,0.047437,-0.031393,0.056885,1.000000,-0.000019,0.00,0
4957,10.577,-3.005686,-0.665380,-3.005686,-0.665380,-3.053123,-0.632547,,,,0.047437,-0.032833,0.057692,1.000000,-0.000019,0.00,0
4958,10.578,-3.005686,-0.665380,-3.005686,-0.665380,-3.053124,-0.631107,,,,0.047437,-0.034273,0.058523,1.000000,-0.000019,0.00,0
4959,10.579,-3.005686,-0.665380,-3.005686,-0.665380,-3.053124,-0.629667,,,,0.047437,-0.035713,0.059378,1.000000,-0.000019,0.00,0
4960,10.580,-3.005686,-0.665380,-3.005686,-0.665380,-3.053124,-0.628227,,,,0.047437,-0.037153,0.060255,1.000000,-0.000019,0.00,0
4961,10.581,-3.005686,-0.665380,-3.005686,-0.665380,-3.053124,-0.626787,,,,0.047437,-0.038593,0.061154,1.000000,-0.000019,0.00,0
4962,10.583,-3.005686,-0.665380,-3.005686,-0.665380,-3.053124,-0.625347,,,,0.047437,-0.040033,0.062072,1.000000,-0.000019,0.00,0
4963,10.584,-3.005686,-0.665380,-3.005686,-0.665380,-3.053124,-0.623907,,,,0.047437,-0.041473,0.063011,1.000000,-0.000019,0.00,0
4964,10.585,-3.005686,-0.665380,-3.005686,-0.665380,-3.053124,-0.622467,,,,0.047437,-0.042913,0.063968,1.000000,-0.000019,0.00,0
4965,10.597,-3.032320,-0.659863,-3.085197,-0.644137,-3.053124,-0.621027,0.020804,-0.038837,0.044058,-0.032073,-0.023110,0.039532,1.000000,-0.000019,11.01,1
4966,10.600,-3.032320,-0.659863,-3.032320,-0.659863,-3.053124,-0.619587,,,,0.020804,-0.040277,0.045332,1.000000,-0.000019,0.00,0
4967,10.601,-3.032320,-0.659863,-3.032320,-0.659863,-3.053124,-0.618147,,,,0.020804,-0.041717,0.046616,1.000000,-0.000019,0.00,0
4968,10.602,-3.032320,-0.659863,-3.032320,-0.659863,-3.053124,-0.616707,,,,0.020804,-0.043157,0.047909,1.000000,-0.000019,0.00,0
4969,10.604,-3.032320,-0.659863,-3.032320,-0.659863,-3.053124,-0.615267,,,,0.020804,-0.044597,0.049211,1.000000,-0.000019,0.00,0
4970,10.605,-3.032320,-0.659863,-3.032320,-0.659863,-3.053124,-0.613827,,,,0.020804,-0.046037,0.050519,1.000000,-0.000019,0.00,0
4971,10.607,-3.032320,-0.659863,-3.032320,-0.659863,-3.053124,-0.612387,,,,0.020804,-0.047477,0.051835,1.000000,-0.000019,0.00,0
4972,10.608,-3.032320,-0.659863,-3.032320,-0.659863,-3.053124,-0.610947,,,,0.020804,-0.048917,0.053157,1.000000,-0.000019,0.00,0
4973,10.609,-3.032320,-0.659863,-3.032320,-0.659863,-3.053124,-0.609507,,,,0.020804,-0.050357,0.054485,1.000000,-0.000019,0.00,0
4974,10.610,-3.032320,-0.659863,-3.032320,-0.659863,-3.053124,-0.608067,,,,0.020804,-0.051797,0.055819,1.000000,-0.000019,0.00,0
4975,10.611,-3.032320,-0.659863,-3.032320,-0.659863,-3.053124,-0.606627,,,,0.020804,-0.053237,0.057157,1.000000,-0.000019,0.00,0
4976,10.612,-3.032320,-0.659863,-3.032320,-0.659863,-3.053124,-0.605187,,,,0.020804,-0.054677,0.058501,1.000000,-0.000019,0.00,0
4977,10.615,-3.032320,-0.659863,-3.032320,-0.659863,-3.053124,-0.603747,,,,0.020804,-0.056117,0.059849,1.000000,-0.000019,0.00,0
4978,10.616,-3.032320,-0.659863,-3.032320,-0.659863,-3.053124,-0.602307,,,,0.020804,-0.057557,0.061201,1.000000,-0.000019,0.00,0
4979,10.618,-3.032320,-0.659863,-3.032320,-0.659863,-3.053124,-0.600867,,,,0.020804,-0.058997,0.062557,1.000000,-0.000019,0.00,0
4980,10.630,-3.068943,-0.643938,-3.069289,-0.617171,-3.053124,-0.599427,-0.015819,-0.044512,0.047239,-0.016166,-0.017744,0.024004,1.000000,-0.000019,11.01,1
4981,10.631,-3.068943,-0.643938,-3.068943,-0.643938,-3.053124,-0.597987,,,,-0.015819,-0.045952,0.048599,1.000000,-0.000019,0.00,0
4982,10.632,-3.068943,-0.643938,-3.068943,-0.643938,-3.053124,-0.596547,,,,-0.015819,-0.047392,0.049962,1.000000,-0.000019,0.00,0
4983,10.634,-3.068943,-0.643938,-3.068943,-0.643938,-3.053124,-0.595107,,,,-0.015819,-0.048832,0.051330,1.000000,-0.000019,0.00,0
4984,10.635,-3.068943,-0.643938,-3.068943,-0.643938,-3.053124,-0.593667,,,,-0.015819,-0.050272,0.052702,1.000000,-0.000019,0.00,0
4985,10.637,-3.068943,-0.643938,-3.068943,-0.643938,-3.053124,-0.592227,,,,-0.015819,-0.051712,0.054077,1.000000,-0.000019,0.00,0
4986,10.638,-3.068943,-0.643938,-3.068943,-0.643938,-3.053124,-0.590787,,,,-0.015819,-0.053152,0.055456,1.000000,-0.000019,0.00,0
4987,10.639,-3.068943,-0.643938,-3.068943,-0.643938,-3.053124,-0.589347,,,,-0.015819,-0.054592,0.056838,1.000000,-0.000019,0.00,0
4988,10.641,-3.068943,-0.643938,-3.068943,-0.643938,-3.053124,-0.587907,,,,-0.015819,-0.056032,0.058222,1.000000,-0.000019,0.00,0
4989,10.642,-3.068943,-0.643938,-3.068943,-0.643938,-3.053124,-0.586467,,,,-0.015819,-0.057472,0.059609,1.000000,-0.000019,0.00,0
4990,10.642,-3.068943,-0.643938,-3.068943,-0.643938,-3.053124,-0.585027,,,,-0.015819,-0.058912,0.060999,1.000000,-0.000019,0.00,0
4991,10.644,-3.068943,-0.643938,-3.068943,-0.643938,-3.053124,-0.583587,,,,-0.015819,-0.060352,0.062391,1.000000,-0.000019,0.00,0
4992,10.646,-3.068943,-0.643938,-3.068943,-0.643938,-3.053124,-0.582147,,,,-0.015819,-0.061792,0.063785,1.000000,-0.000019,0.00,0
4993,10.647,-3.068943,-0.643938,-3.068943,-0.643938,-3.053124,-0.580707,,,,-0.015819,-0.063232,0.065181,1.000000,-0.000019,0.00,0
4994,10.649,-3.068943,-0.643938,-3.068943,-0.643938,-3.053124,-0.579267,,,,-0.015819,-0.064672,0.066578,1.000000,-0.000019,0.00,0
4995,10.664,-3.048711,-0.622546,-2.991646,-0.606331,-3.053124,-0.577827,0.004413,-0.044720,0.044937,0.061477,-0.028505,0.067764,1.000000,-0.000019,10.01,1
4996,10.667,-3.048711,-0.622546,-3.048711,-0.622546,-3.053124,-0.576387,,,,0.004413,-0.046160,0.046370,1.000000,-0.000019,0.00,0
4997,10.668,-3.048711,-0.622546,-3.048711,-0.622546,-3.053124,-0.574947,,,,0.004413,-0.047600,0.047804,1.000000,-0.000019,0.00,0
4998,10.669,-3.048711,-0.622546,-3.048711,-0.622546,-3.053124,-0.573507,,,,0.004413,-0.049040,0.049238,1.000000,-0.000019,0.00,0
4999,10.669,-3.048711,-0.622546,-3.048711,-0.622546,-3.053124,-0.572067,,,,0.004413,-0.050480,0.050672,1.000000,-0.000019,0.00,0
5000,10.670,-3.048711,-0.622546,-3.048711,-0.622546,-3.053124,-0.570627,,,,0.004413,-0.051920,0.052107,1.000000,-0.000019,0.00,0
5001,10.672,-3.048711,-0.622546,-3.048711,-0.622546,-3.053124,-0.569187,,,,0.004413,-0.053360,0.053542,1.000000,-0.000019,0.00,0
5002,10.672,-3.048711,-0.622546,-3.048711,-0.622546,-3.053124,-0.567747,,,,0.004413,-0.054800,0.054977,1.000000,-0.000019,0.00,0
5003,10.675,-3.048711,-0.622546,-3.048711,-0.622546,-3.053124,-0.566307,,,,0.004413,-0.056240,0.056413,1.000000,-0.000019,0.00,0
5004,10.676,-3.048711,-0.622546,-3.048711,-0.622546,-3.053124,-0.564867,,,,0.004413,-0.057680,0.057848,1.000000,-0.000019,0.00,0
5005,10.677,-3.048711,-0.622546,-3.048711,-0.622546,-3.053124,-0.563427,,,,0.004413,-0.059120,0.059284,1.000000,-0.000019,0.00,0
5006,10.678,-3.048711,-0.622546,-3.048711,-0.622546,-3.053124,-0.561987,,,,0.004413,-0.060560,0.060720,1.000000,-0.000019,0.00,0
5007,10.679,-3.048711,-0.622546,-3.048711,-0.622546,-3.053124,-0.560547,,,,0.004413,-0.062000,0.062157,1.000000,-0.000019,0.00,0
5008,10.680,-3.048711,-0.622546,-3.048711,-0.622546,-3.053124,-0.559107,,,,0.004413,-0.063440,0.063593,1.000000,-0.000019,0.00,0
5009,10.682,-3.048711,-0.622546,-3.048711,-0.622546,-3.053124,-0.557667,,,,0.004413,-0.064880,0.065030,1.000000,-0.000019,0.00,0
5010,10.693,-3.009754,-0.598873,-2.968327,-0.573117,-3.053124,-0.556227,0.043370,-0.042646,0.060825,0.084797,-0.016890,0.086463,1.000000,-0.000019,10.51,1
5011,10.696,-3.009754,-0.598873,-3.009754,-0.598873,-3.053124,-0.554787,,,,0.043370,-0.044086,0.061843,1.000000,-0.000019,0.00,0
5012,10.697,-3.009754,-0.598873,-3.009754,-0.598873,-3.053124,-0.553347,,,,0.043370,-0.045526,0.062877,1.000000,-0.000019,0.00,0
5013,10.698,-3.009754,-0.598873,-3.009754,-0.598873,-3.053124,-0.551907,,,,0.043370,-0.046966,0.063928,1.000000,-0.000019,0.00,0
5014,10.699,-3.009754,-0.598873,-3.009754,-0.598873,-3.053124,-0.550467,,,,0.043370,-0.048406,0.064993,1.000000,-0.000019,0.00,0
5015,10.701,-3.009754,-0.598873,-3.009754,-0.598873,-3.053124,-0.549027,,,,0.043370,-0.049846,0.066073,1.000000,-0.000019,0.00,0
5016,10.702,-3.009754,-0.598873,-3.009754,-0.598873,-3.053124,-0.547587,,,,0.043370,-0.051286,0.067166,1.000000,-0.000019,0.00,0
5017,10.703,-3.009754,-0.598873,-3.009754,-0.598873,-3.053124,-0.546147,,,,0.043370,-0.052726,0.068272,1.000000,-0.000019,0.00,0
5018,10.704,-3.009754,-0.598873,-3.009754,-0.598873,-3.053124,-0.544707,,,,0.043370,-0.054166,0.069390,1.000000,-0.000019,0.00,0
5019,10.705,-3.009754,-0.598873,-3.009754,-0.598873,-3.053124,-0.543267,,,,0.043370,-0.055606,0.070519,1.000000,-0.000019,0.00,0
5020,10.706,-3.009754,-0.598873,-3.009754,-0.598873,-3.053124,-0.541827,,,,0.043370,-0.057046,0.071660,1.000000,-0.000019,0.00,0
5021,10.708,-3.009754,-0.598873,-3.009754,-0.598873,-3.053124,-0.540387,,,,0.043370,-0.058486,0.072812,1.000000,-0.000019,0.00,0
5022,10.709,-3.009754,-0.598873,-3.009754,-0.598873,-3.053124,-0.538947,,,,0.043370,-0.059926,0.073974,1.000000,-0.000019,0.00,0
5023,10.711,-3.009754,-0.598873,-3.009754,-0.598873,-3.053124,-0.537507,,,,0.043370,-0.061366,0.075145,1.000000,-0.000019,0.00,0
5024,10.712,-3.009754,-0.598873,-3.009754,-0.598873,-3.053124,-0.536067,,,,0.043370,-0.062806,0.076325,1.000000,-0.000019,0.00,0
5025,10.723,-3.005163,-0.593291,-3.055516,-0.600423,-3.053124,-0.534627,0.047961,-0.058664,0.075774,-0.002393,-0.065797,0.065840,1.000000,-0.000019,11.52,1
5026,10.725,-3.005163,-0.593291,-3.005163,-0.593291,-3.053124,-0.533187,,,,0.047961,-0.060104,0.076894,1.000000,-0.000019,0.00,0
5027,10.726,-3.005163,-0.593291,-3.005163,-0.593291,-3.053124,-0.531747,,,,0.047961,-0.061544,0.078025,1.000000,-0.000019,0.00,0
5028,10.727,-3.005163,-0.593291,-3.005163,-0.593291,-3.053124,-0.530307,,,,0.047961,-0.062984,0.079166,1.000000,-0.000019,0.00,0
5029,10.729,-3.005163,-0.593291,-3.005163,-0.593291,-3.053124,-0.528867,,,,0.047961,-0.064424,0.080316,1.000000,-0.000019,0.00,0
5030,10.730,-3.005163,-0.593291,-3.005163,-0.593291,-3.053124,-0.527427,,,,0.047961,-0.065864,0.081476,1.000000,-0.000019,0.00,0
5031,10.732,-3.005163,-0.593291,-3.005163,-0.593291,-3.053124,-0.525987,,,,0.047961,-0.067304,0.082644,1.000000,-0.000019,0.00,0
5032,10.732,-3.005163,-0.593291,-3.005163,-0.593291,-3.053124,-0.524547,,,,0.047961,-0.068744,0.083821,1.000000,-0.000019,0.00,0
5033,10.733,-3.005163,-0.593291,-3.005163,-0.593291,-3.053124,-0.523107,,,,0.047961,-0.070184,0.085006,1.000000,-0.000019,0.00,0
5034,10.734,-3.005163,-0.593291,-3.005163,-0.593291,-3.053124,-0.521667,,,,0.047961,-0.071624,0.086199,1.000000,-0.000019,0.00,0
5035,10.736,-3.005163,-0.593291,-3.005163,-0.593291,-3.053124,-0.520227,,,,0.047961,-0.073064,0.087399,1.000000,-0.000019,0.00,0
5036,10.737,-3.005163,-0.593291,-3.005163,-0.593291,-3.053124,-0.518787,,,,0.047961,-0.074504,0.088606,1.000000,-0.000019,0.00,0
5037,10.738,-3.005163,-0.593291,-3.005163,-0.593291,-3.053124,-0.517347,,,,0.047961,-0.075944,0.089820,1.000000,-0.000019,0.00,0
5038,10.739,-3.005163,-0.593291,-3.005163,-0.593291,-3.053124,-0.515907,,,,0.047961,-0.077384,0.091041,1.000000,-0.000019,0.00,0
5039,10.741,-3.005163,-0.593291,-3.005163,-0.593291,-3.053124,-0.514467,,,,0.047961,-0.078824,0.092268,1.000000,-0.000019,0.00,0
5040,10.752,-3.027100,-0.553583,-3.057455,-0.487209,-3.053124,-0.513027,0.026024,-0.040556,0.048188,-0.004331,0.025818,0.026179,1.000000,-0.000019,10.52,1
5041,10.755,-3.027100,-0.553583,-3.027100,-0.553583,-3.053124,-0.511587,,,,0.026024,-0.041996,0.049406,1.000000,-0.000019,0.00,0
5042,10.756,-3.027100,-0.553583,-3.027100,-0.553583,-3.053124,-0.510147,,,,0.026024,-0.043436,0.050636,1.000000,-0.000019,0.00,0
5043,10.757,-3.027100,-0.553583,-3.027100,-0.553583,-3.053124,-0.508707,,,,0.026024,-0.044876,0.051876,1.000000,-0.000019,0.00,0
5044,10.758,-3.027100,-0.553583,-3.027100,-0.553583,-3.053124,-0.507267,,,,0.026024,-0.046316,0.053127,1.000000,-0.000019,0.00,0
5045,10.759,-3.027100,-0.553583,-3.027100,-0.553583,-3.053124,-0.505827,,,,0.026024,-0.047756,0.054387,1.000000,-0.000019,0.00,0
5046,10.761,-3.027100,-0.553583,-3.027100,-0.553583,-3.053124,-0.504387,,,,0.026024,-0.049196,0.055656,1.000000,-0.000019,0.00,0
5047,10.762,-3.027100,-0.553583,-3.027100,-0.553583,-3.053124,-0.502947,,,,0.026024,-0.050636,0.056933,1.000000,-0.000019,0.00,0
5048,10.763,-3.027100,-0.553583,-3.027100,-0.553583,-3.053124,-0.501507,,,,0.026024,-0.052076,0.058217,1.000000,-0.000019,0.00,0
5049,10.764,-3.027100,-0.553583,-3.027100,-0.553583,-3.053124,-0.500067,,,,0.026024,-0.053516,0.059509,1.000000,-0.000019,0.00,0
5050,10.766,-3.027100,-0.553583,-3.027100,-0.553583,-3.053124,-0.498627,,,,0.026024,-0.054956,0.060807,1.000000,-0.000019,0.00,0
5051,10.767,-3.027100,-0.553583,-3.027100,-0.553583,-3.053124,-0.497187,,,,0.026024,-0.056396,0.062111,1.000000,-0.000019,0.00,0
5052,10.768,-3.027100,-0.553583,-3.027100,-0.553583,-3.053124,-0.495747,,,,0.026024,-0.057836,0.063422,1.000000,-0.000019,0.00,0
5053,10.770,-3.027100,-0.553583,-3.027100,-0.553583,-3.053124,-0.494307,,,,0.026024,-0.059276,0.064738,1.000000,-0.000019,0.00,0
5054,10.771,-3.027100,-0.553583,-3.027100,-0.553583,-3.053124,-0.492867,,,,0.026024,-0.060716,0.066059,1.000000,-0.000019,0.00,0
5055,10.784,-3.071280,-0.529153,-3.100870,-0.499826,-3.053124,-0.491427,-0.018157,-0.037726,0.041868,-0.047746,-0.008399,0.048480,1.000000,-0.000019,10.01,1
5056,10.786,-3.071280,-0.529153,-3.071280,-0.529153,-3.052370,-0.489987,,,,-0.018910,-0.039166,0.043492,1.000000,-0.000019,0.00,0
5057,10.787,-3.071280,-0.529153,-3.071280,-0.529153,-3.051571,-0.488547,,,,-0.019709,-0.040606,0.045137,1.000000,-0.000019,0.00,0
5058,10.789,-3.071280,-0.529153,-3.071280,-0.529153,-3.050766,-0.487107,,,,-0.020514,-0.042046,0.046784,1.000000,-0.000019,0.00,0
5059,10.790,-3.071280,-0.529153,-3.071280,-0.529153,-3.049961,-0.485667,,,,-0.021319,-0.043486,0.048431,1.000000,-0.000019,0.00,0
5060,10.792,-3.071280,-0.529153,-3.071280,-0.529153,-3.049157,-0.484227,,,,-0.022123,-0.044926,0.050078,1.000000,-0.000019,0.00,0
5061,10.793,-3.071280,-0.529153,-3.071280,-0.529153,-3.048354,-0.482787,,,,-0.022926,-0.046366,0.051725,1.000000,-0.000019,0.00,0
5062,10.794,-3.071280,-0.529153,-3.071280,-0.529153,-3.047553,-0.481347,,,,-0.023728,-0.047806,0.053371,1.000000,-0.000019,0.00,0
5063,10.796,-3.071280,-0.529153,-3.071280,-0.529153,-3.046751,-0.479907,,,,-0.024529,-0.049246,0.055017,1.000000,-0.000019,0.00,0
5064,10.797,-3.071280,-0.529153,-3.071280,-0.529153,-3.045951,-0.478467,,,,-0.025330,-0.050686,0.056663,1.000000,-0.000019,0.00,0
5065,10.798,-3.071280,-0.529153,-3.071280,-0.529153,-3.045151,-0.477027,,,,-0.026130,-0.052126,0.058309,1.000000,-0.000019,0.00,0
5066,10.799,-3.071280,-0.529153,-3.071280,-0.529153,-3.044351,-0.475587,,,,-0.026929,-0.053566,0.059954,1.000000,-0.000019,0.00,0
5067,10.801,-3.071280,-0.529153,-3.071280,-0.529153,-3.043552,-0.474146,,,,-0.027729,-0.055006,0.061600,1.000000,-0.000018,0.00,0
5068,10.802,-3.071280,-0.529153,-3.071280,-0.529153,-3.042752,-0.472706,,,,-0.028528,-0.056446,0.063246,1.000000,-0.000018,0.00,0
5069,10.802,-3.071280,-0.529153,-3.071280,-0.529153,-3.041953,-0.471266,,,,-0.029327,-0.057886,0.064891,1.000000,-0.000018,0.00,0
5070,10.814,-3.047648,-0.486320,-2.984620,-0.471926,-3.041155,-0.469826,-0.006494,-0.016494,0.017726,0.056534,-0.002099,0.056573,1.000000,-0.000018,11.02,1
5071,10.817,-3.047648,-0.486320,-3.047648,-0.486320,-3.041109,-0.468387,,,,-0.006539,-0.017934,0.019089,1.000000,-0.000018,0.00,0
5072,10.818,-3.047648,-0.486320,-3.047648,-0.486320,-3.041110,-0.466946,,,,-0.006539,-0.019374,0.020447,1.000000,-0.000018,0.00,0
5073,10.819,-3.047648,-0.486320,-3.047648,-0.486320,-3.041116,-0.465506,,,,-0.006532,-0.020814,0.021815,1.000000,-0.000018,0.00,0
5074,10.820,-3.047648,-0.486320,-3.047648,-0.486320,-3.041123,-0.464066,,,,-0.006526,-0.022254,0.023191,1.000000,-0.000018,0.00,0
5075,10.821,-3.047648,-0.486320,-3.047648,-0.486320,-3.041128,-0.462626,,,,-0.006520,-0.023694,0.024574,1.000000,-0.000018,0.00,0
5076,10.822,-3.047648,-0.486320,-3.047648,-0.486320,-3.041132,-0.461186,,,,-0.006516,-0.025134,0.025965,1.000000,-0.000018,0.00,0
5077,10.823,-3.047648,-0.486320,-3.047648,-0.486320,-3.041136,-0.459746,,,,-0.006513,-0.026574,0.027360,1.000000,-0.000018,0.00,0
5078,10.824,-3.047648,-0.486320,-3.047648,-0.486320,-3.041138,-0.458306,,,,-0.006510,-0.028014,0.028760,1.000000,-0.000018,0.00,0
5079,10.825,-3.047648,-0.486320,-3.047648,-0.486320,-3.041141,-0.456866,,,,-0.006508,-0.029454,0.030164,1.000000,-0.000018,0.00,0
5080,10.826,-3.047648,-0.486320,-3.047648,-0.486320,-3.041142,-0.455426,,,,-0.006506,-0.030894,0.031571,1.000000,-0.000018,0.00,0
5081,10.827,-3.047648,-0.486320,-3.047648,-0.486320,-3.041144,-0.453986,,,,-0.006505,-0.032334,0.032982,1.000000,-0.000018,0.00,0
5082,10.828,-3.047648,-0.486320,-3.047648,-0.486320,-3.041145,-0.452546,,,,-0.006504,-0.033774,0.034394,1.000000,-0.000018,0.00,0
5083,10.830,-3.047648,-0.486320,-3.047648,-0.486320,-3.041145,-0.451106,,,,-0.006503,-0.035214,0.035809,1.000000,-0.000018,0.00,0
5084,10.831,-3.047648,-0.486320,-3.047648,-0.486320,-3.041146,-0.449666,,,,-0.006502,-0.036654,0.037226,1.000000,-0.000018,0.00,0
5085,10.843,-3.015004,-0.478634,-2.959522,-0.464149,-3.041147,-0.448226,0.026142,-0.030407,0.040100,0.081624,-0.015923,0.083163,1.000000,-0.000018,10.50,1
5086,10.845,-3.015004,-0.478634,-3.015004,-0.478634,-3.041147,-0.446786,,,,0.026143,-0.031847,0.041203,1.000000,-0.000018,0.00,0
5087,10.847,-3.015004,-0.478634,-3.015004,-0.478634,-3.041147,-0.445346,,,,0.026143,-0.033287,0.042326,1.000000,-0.000018,0.00,0
5088,10.848,-3.015004,-0.478634,-3.015004,-0.478634,-3.041148,-0.443906,,,,0.026143,-0.034727,0.043468,1.000000,-0.000018,0.00,0
5089,10.849,-3.015004,-0.478634,-3.015004,-0.478634,-3.041148,-0.442466,,,,0.026144,-0.036167,0.044627,1.000000,-0.000018,0.00,0
5090,10.850,-3.015004,-0.478634,-3.015004,-0.478634,-3.041148,-0.441026,,,,0.026144,-0.037607,0.045802,1.000000,-0.000018,0.00,0
5091,10.851,-3.015004,-0.478634,-3.015004,-0.478634,-3.041148,-0.439586,,,,0.026144,-0.039047,0.046991,1.000000,-0.000018,0.00,0
5092,10.852,-3.015004,-0.478634,-3.015004,-0.478634,-3.041148,-0.438146,,,,0.026144,-0.040487,0.048195,1.000000,-0.000018,0.00,0
