tick,timestamp,x_pred,y_pred,x_raw,y_raw,x_real,y_real,error_x,error_y,error_euclidean,error_x_raw,error_y_raw,error_euclidean_raw,yaw_cos,yaw_sin,inference_time_ms,smoothed
0,0.372,-3.970572,-0.024506,-3.970572,-0.024506,-3.899834,0.000004,-0.070738,-0.024510,0.074864,-0.070738,-0.024510,0.074864,1.000000,-0.000000,11.01,1
1,0.375,-3.970572,-0.024506,-3.970572,-0.024506,-3.898474,0.001311,,,,-0.072098,-0.025816,0.076581,1.000000,-0.000002,0.00,0
2,0.375,-3.970572,-0.024506,-3.970572,-0.024506,-3.897033,0.002746,,,,-0.073539,-0.027252,0.078426,1.000000,-0.000003,0.00,0
3,0.377,-3.970572,-0.024506,-3.970572,-0.024506,-3.895580,0.004206,,,,-0.074992,-0.028712,0.080300,1.000000,-0.000003,0.00,0
4,0.380,-3.970572,-0.024506,-3.970572,-0.024506,-3.894128,0.005668,,,,-0.076444,-0.030174,0.082183,1.000000,-0.000002,0.00,0
5,0.381,-3.970572,-0.024506,-3.970572,-0.024506,-3.892678,0.007126,,,,-0.077894,-0.031632,0.084071,1.000000,-0.000002,0.00,0
6,0.382,-3.970572,-0.024506,-3.970572,-0.024506,-3.891230,0.008581,,,,-0.079342,-0.033087,0.085964,1.000000,-0.000002,0.00,0
7,0.383,-3.970572,-0.024506,-3.970572,-0.024506,-3.889784,0.010033,,,,-0.080788,-0.034539,0.087861,1.000000,-0.000002,0.00,0
8,0.385,-3.970572,-0.024506,-3.970572,-0.024506,-3.888339,0.011482,,,,-0.082233,-0.035988,0.089763,1.000000,-0.000002,0.00,0
9,0.386,-3.970572,-0.024506,-3.970572,-0.024506,-3.886895,0.012930,,,,-0.083677,-0.037435,0.091669,1.000000,-0.000002,0.00,0
10,0.387,-3.970572,-0.024506,-3.970572,-0.024506,-3.885452,0.014376,,,,-0.085120,-0.038881,0.093580,1.000000,-0.000002,0.00,0
11,0.389,-3.970572,-0.024506,-3.970572,-0.024506,-3.884009,0.015820,,,,-0.086563,-0.040326,0.095495,1.000000,-0.000001,0.00,0
12,0.390,-3.970572,-0.024506,-3.970572,-0.024506,-3.882567,0.017264,,,,-0.088005,-0.041769,0.097414,1.000000,-0.000001,0.00,0
13,0.392,-3.970572,-0.024506,-3.970572,-0.024506,-3.881126,0.018707,,,,-0.089446,-0.043212,0.099337,1.000000,-0.000001,0.00,0
14,0.394,-3.970572,-0.024506,-3.970572,-0.024506,-3.879685,0.020149,,,,-0.090887,-0.044654,0.101265,1.000000,-0.000001,0.00,0
15,0.405,-3.957465,-0.014531,-3.944358,-0.004556,-3.878244,0.021591,-0.079221,-0.036121,0.087068,-0.066115,-0.026147,0.071097,1.000000,-0.000001,10.01,1
16,0.406,-3.957465,-0.014531,-3.957465,-0.014531,-3.876803,0.023032,,,,-0.080662,-0.037563,0.088980,1.000000,-0.000001,0.00,0
17,0.408,-3.957465,-0.014531,-3.957465,-0.014531,-3.875362,0.024473,,,,-0.082103,-0.039004,0.090897,1.000000,-0.000001,0.00,0
18,0.411,-3.957465,-0.014531,-3.957465,-0.014531,-3.873922,0.025914,,,,-0.083543,-0.040445,0.092818,1.000000,-0.000001,0.00,0
19,0.413,-3.957465,-0.014531,-3.957465,-0.014531,-3.872481,0.027355,,,,-0.084984,-0.041886,0.094745,1.000000,-0.000001,0.00,0
20,0.414,-3.957465,-0.014531,-3.957465,-0.014531,-3.871041,0.028795,,,,-0.086424,-0.043326,0.096676,1.000000,-0.000001,0.00,0
21,0.415,-3.957465,-0.014531,-3.957465,-0.014531,-3.869601,0.030236,,,,-0.087864,-0.044767,0.098611,1.000000,-0.000001,0.00,0
22,0.417,-3.957465,-0.014531,-3.957465,-0.014531,-3.868161,0.031676,,,,-0.089304,-0.046207,0.100550,1.000000,-0.000001,0.00,0
23,0.418,-3.957465,-0.014531,-3.957465,-0.014531,-3.866721,0.033116,,,,-0.090745,-0.047647,0.102493,1.000000,-0.000001,0.00,0
24,0.419,-3.957465,-0.014531,-3.957465,-0.014531,-3.865280,0.034557,,,,-0.092185,-0.049087,0.104439,1.000000,-0.000001,0.00,0
25,0.421,-3.957465,-0.014531,-3.957465,-0.014531,-3.863840,0.035997,,,,-0.093625,-0.050528,0.106389,1.000000,-0.000001,0.00,0
26,0.422,-3.957465,-0.014531,-3.957465,-0.014531,-3.862400,0.037437,,,,-0.095065,-0.051968,0.108342,1.000000,-0.000001,0.00,0
27,0.423,-3.957465,-0.014531,-3.957465,-0.014531,-3.860960,0.038877,,,,-0.096505,-0.053408,0.110298,1.000000,-0.000001,0.00,0
28,0.424,-3.957465,-0.014531,-3.957465,-0.014531,-3.859520,0.040317,,,,-0.097945,-0.054848,0.112256,1.000000,-0.000001,0.00,0
29,0.425,-3.957465,-0.014531,-3.957465,-0.014531,-3.858080,0.041757,,,,-0.099385,-0.056288,0.114218,1.000000,-0.000001,0.00,0
30,0.437,-3.925031,0.008634,-3.860162,0.054963,-3.856640,0.043197,-0.068391,-0.034564,0.076628,-0.003522,0.011765,0.012281,1.000000,-0.000001,11.01,1
31,0.440,-3.925031,0.008634,-3.925031,0.008634,-3.855200,0.044637,,,,-0.069831,-0.036004,0.078566,1.000000,-0.000001,0.00,0
32,0.442,-3.925031,0.008634,-3.925031,0.008634,-3.853760,0.046077,,,,-0.071271,-0.037444,0.080508,1.000000,-0.000001,0.00,0
33,0.443,-3.925031,0.008634,-3.925031,0.008634,-3.852320,0.047517,,,,-0.072711,-0.038884,0.082455,1.000000,-0.000001,0.00,0
34,0.444,-3.925031,0.008634,-3.925031,0.008634,-3.850880,0.048957,,,,-0.074151,-0.040324,0.084406,1.000000,-0.000001,0.00,0
35,0.445,-3.925031,0.008634,-3.925031,0.008634,-3.849440,0.050397,,,,-0.075591,-0.041764,0.086361,1.000000,-0.000001,0.00,0
36,0.446,-3.925031,0.008634,-3.925031,0.008634,-3.848000,0.051837,,,,-0.077031,-0.043204,0.088319,1.000000,-0.000001,0.00,0
37,0.447,-3.925031,0.008634,-3.925031,0.008634,-3.846560,0.053277,,,,-0.078471,-0.044644,0.090281,1.000000,-0.000001,0.00,0
38,0.449,-3.925031,0.008634,-3.925031,0.008634,-3.845120,0.054717,,,,-0.079911,-0.046084,0.092247,1.000000,-0.000001,0.00,0
39,0.451,-3.925031,0.008634,-3.925031,0.008634,-3.843680,0.056157,,,,-0.081351,-0.047524,0.094215,1.000000,-0.000001,0.00,0
40,0.452,-3.925031,0.008634,-3.925031,0.008634,-3.842240,0.057597,,,,-0.082791,-0.048964,0.096186,1.000000,-0.000001,0.00,0
41,0.453,-3.925031,0.008634,-3.925031,0.008634,-3.840800,0.059037,,,,-0.084231,-0.050404,0.098160,1.000000,-0.000001,0.00,0
42,0.454,-3.925031,0.008634,-3.925031,0.008634,-3.839360,0.060477,,,,-0.085671,-0.051844,0.100136,1.000000,-0.000001,0.00,0
43,0.455,-3.925031,0.008634,-3.925031,0.008634,-3.837920,0.061917,,,,-0.087111,-0.053284,0.102115,1.000000,-0.000001,0.00,0
44,0.457,-3.925031,0.008634,-3.925031,0.008634,-3.836480,0.063357,,,,-0.088551,-0.054724,0.104096,1.000000,-0.000001,0.00,0
45,0.468,-3.902320,0.032712,-3.902439,0.047730,-3.835040,0.064797,-0.067280,-0.032085,0.074539,-0.067399,-0.017068,0.069526,1.000000,-0.000001,10.01,1
46,0.470,-3.902320,0.032712,-3.902320,0.032712,-3.833600,0.066237,,,,-0.068720,-0.033525,0.076462,1.000000,-0.000001,0.00,0
47,0.471,-3.902320,0.032712,-3.902320,0.032712,-3.832160,0.067677,,,,-0.070160,-0.034965,0.078390,1.000000,-0.000001,0.00,0
48,0.472,-3.902320,0.032712,-3.902320,0.032712,-3.830720,0.069117,,,,-0.071600,-0.036405,0.080324,1.000000,-0.000001,0.00,0
49,0.474,-3.902320,0.032712,-3.902320,0.032712,-3.829280,0.070557,,,,-0.073040,-0.037845,0.082262,1.000000,-0.000001,0.00,0
50,0.476,-3.902320,0.032712,-3.902320,0.032712,-3.827840,0.071997,,,,-0.074480,-0.039285,0.084206,1.000000,-0.000001,0.00,0
51,0.478,-3.902320,0.032712,-3.902320,0.032712,-3.826400,0.073437,,,,-0.075920,-0.040725,0.086153,1.000000,-0.000001,0.00,0
52,0.479,-3.902320,0.032712,-3.902320,0.032712,-3.824960,0.074877,,,,-0.077360,-0.042165,0.088105,1.000000,-0.000001,0.00,0
53,0.481,-3.902320,0.032712,-3.902320,0.032712,-3.823520,0.076317,,,,-0.078800,-0.043605,0.090060,1.000000,-0.000001,0.00,0
54,0.482,-3.902320,0.032712,-3.902320,0.032712,-3.822080,0.077757,,,,-0.080240,-0.045045,0.092019,1.000000,-0.000001,0.00,0
55,0.483,-3.902320,0.032712,-3.902320,0.032712,-3.820640,0.079197,,,,-0.081680,-0.046485,0.093981,1.000000,-0.000001,0.00,0
56,0.485,-3.902320,0.032712,-3.902320,0.032712,-3.819200,0.080637,,,,-0.083120,-0.047925,0.095947,1.000000,-0.000001,0.00,0
57,0.487,-3.902320,0.032712,-3.902320,0.032712,-3.817760,0.082077,,,,-0.084560,-0.049365,0.097915,1.000000,-0.000001,0.00,0
58,0.488,-3.902320,0.032712,-3.902320,0.032712,-3.816320,0.083517,,,,-0.086000,-0.050805,0.099886,1.000000,-0.000001,0.00,0
59,0.490,-3.902320,0.032712,-3.902320,0.032712,-3.814880,0.084957,,,,-0.087440,-0.052245,0.101859,1.000000,-0.000001,0.00,0
60,0.501,-3.873803,0.046486,-3.858810,0.036764,-3.813440,0.086397,-0.060364,-0.039912,0.072365,-0.045370,-0.049633,0.067245,1.000000,-0.000001,10.01,1
61,0.503,-3.873803,0.046486,-3.873803,0.046486,-3.812000,0.087837,,,,-0.061804,-0.041352,0.074362,1.000000,-0.000001,0.00,0
62,0.504,-3.873803,0.046486,-3.873803,0.046486,-3.810560,0.089277,,,,-0.063244,-0.042792,0.076360,1.000000,-0.000001,0.00,0
63,0.505,-3.873803,0.046486,-3.873803,0.046486,-3.809120,0.090717,,,,-0.064684,-0.044232,0.078361,1.000000,-0.000002,0.00,0
64,0.505,-3.873803,0.046486,-3.873803,0.046486,-3.807680,0.092157,,,,-0.066124,-0.045672,0.080363,1.000000,-0.000002,0.00,0
65,0.508,-3.873803,0.046486,-3.873803,0.046486,-3.806240,0.093597,,,,-0.067564,-0.047112,0.082367,1.000000,-0.000002,0.00,0
66,0.509,-3.873803,0.046486,-3.873803,0.046486,-3.804800,0.095037,,,,-0.069004,-0.048552,0.084373,1.000000,-0.000002,0.00,0
67,0.511,-3.873803,0.046486,-3.873803,0.046486,-3.803360,0.096477,,,,-0.070444,-0.049992,0.086380,1.000000,-0.000002,0.00,0
68,0.512,-3.873803,0.046486,-3.873803,0.046486,-3.801920,0.097917,,,,-0.071884,-0.051432,0.088388,1.000000,-0.000002,0.00,0
69,0.513,-3.873803,0.046486,-3.873803,0.046486,-3.800480,0.099357,,,,-0.073324,-0.052872,0.090398,1.000000,-0.000002,0.00,0
70,0.515,-3.873803,0.046486,-3.873803,0.046486,-3.799040,0.100797,,,,-0.074764,-0.054312,0.092409,1.000000,-0.000002,0.00,0
71,0.517,-3.873803,0.046486,-3.873803,0.046486,-3.797600,0.102237,,,,-0.076204,-0.055752,0.094421,1.000000,-0.000002,0.00,0
72,0.519,-3.873803,0.046486,-3.873803,0.046486,-3.796160,0.103677,,,,-0.077644,-0.057192,0.096434,1.000000,-0.000002,0.00,0
73,0.521,-3.873803,0.046486,-3.873803,0.046486,-3.794720,0.105117,,,,-0.079084,-0.058632,0.098447,1.000000,-0.000002,0.00,0
74,0.522,-3.873803,0.046486,-3.873803,0.046486,-3.793280,0.106557,,,,-0.080524,-0.060072,0.100462,1.000000,-0.000002,0.00,0
75,0.534,-3.869499,0.051986,-3.847248,0.071463,-3.791840,0.107997,-0.077659,-0.056012,0.095751,-0.055409,-0.036535,0.066369,1.000000,-0.000002,11.01,1
76,0.535,-3.869499,0.051986,-3.869499,0.051986,-3.790400,0.109437,,,,-0.079099,-0.057452,0.097762,1.000000,-0.000002,0.00,0
77,0.537,-3.869499,0.051986,-3.869499,0.051986,-3.788960,0.110877,,,,-0.080539,-0.058892,0.099774,1.000000,-0.000002,0.00,0
78,0.538,-3.869499,0.051986,-3.869499,0.051986,-3.787520,0.112317,,,,-0.081979,-0.060332,0.101787,1.000000,-0.000002,0.00,0
79,0.539,-3.869499,0.051986,-3.869499,0.051986,-3.786080,0.113757,,,,-0.083419,-0.061772,0.103800,1.000000,-0.000002,0.00,0
80,0.542,-3.869499,0.051986,-3.869499,0.051986,-3.784640,0.115197,,,,-0.084859,-0.063212,0.105815,1.000000,-0.000002,0.00,0
81,0.543,-3.869499,0.051986,-3.869499,0.051986,-3.783200,0.116637,,,,-0.086299,-0.064652,0.107830,1.000000,-0.000002,0.00,0
82,0.544,-3.869499,0.051986,-3.869499,0.051986,-3.781760,0.118077,,,,-0.087739,-0.066092,0.109847,1.000000,-0.000002,0.00,0
83,0.545,-3.869499,0.051986,-3.869499,0.051986,-3.780320,0.119517,,,,-0.089179,-0.067532,0.111864,1.000000,-0.000002,0.00,0
84,0.547,-3.869499,0.051986,-3.869499,0.051986,-3.778880,0.120957,,,,-0.090619,-0.068972,0.113881,1.000000,-0.000002,0.00,0
85,0.549,-3.869499,0.051986,-3.869499,0.051986,-3.777440,0.122397,,,,-0.092059,-0.070412,0.115899,1.000000,-0.000002,0.00,0
86,0.550,-3.869499,0.051986,-3.869499,0.051986,-3.776000,0.123837,,,,-0.093499,-0.071852,0.117918,1.000000,-0.000002,0.00,0
87,0.551,-3.869499,0.051986,-3.869499,0.051986,-3.774560,0.125277,,,,-0.094939,-0.073292,0.119938,1.000000,-0.000002,0.00,0
88,0.553,-3.869499,0.051986,-3.869499,0.051986,-3.773120,0.126717,,,,-0.096379,-0.074732,0.121958,1.000000,-0.000002,0.00,0
89,0.554,-3.869499,0.051986,-3.869499,0.051986,-3.771680,0.128157,,,,-0.097819,-0.076172,0.123979,1.000000,-0.000002,0.00,0
90,0.565,-3.858392,0.080600,-3.869119,0.133573,-3.770240,0.129597,-0.088153,-0.048997,0.100854,-0.098879,0.003975,0.098959,1.000000,-0.000002,10.01,1
91,0.568,-3.858392,0.080600,-3.858392,0.080600,-3.768800,0.131037,,,,-0.089593,-0.050437,0.102814,1.000000,-0.000002,0.00,0
92,0.569,-3.858392,0.080600,-3.858392,0.080600,-3.767360,0.132477,,,,-0.091033,-0.051877,0.104777,1.000000,-0.000002,0.00,0
93,0.569,-3.858392,0.080600,-3.858392,0.080600,-3.765920,0.133917,,,,-0.092473,-0.053317,0.106742,1.000000,-0.000002,0.00,0
94,0.571,-3.858392,0.080600,-3.858392,0.080600,-3.764480,0.135357,,,,-0.093913,-0.054757,0.108710,1.000000,-0.000002,0.00,0
95,0.573,-3.858392,0.080600,-3.858392,0.080600,-3.763040,0.136797,,,,-0.095353,-0.056197,0.110681,1.000000,-0.000002,0.00,0
96,0.574,-3.858392,0.080600,-3.858392,0.080600,-3.761600,0.138237,,,,-0.096793,-0.057637,0.112654,1.000000,-0.000002,0.00,0
97,0.575,-3.858392,0.080600,-3.858392,0.080600,-3.760160,0.139677,,,,-0.098233,-0.059077,0.114629,1.000000,-0.000002,0.00,0
98,0.577,-3.858392,0.080600,-3.858392,0.080600,-3.758720,0.141117,,,,-0.099673,-0.060517,0.116606,1.000000,-0.000002,0.00,0
99,0.578,-3.858392,0.080600,-3.858392,0.080600,-3.757280,0.142557,,,,-0.101113,-0.061957,0.118585,1.000000,-0.000002,0.00,0
100,0.579,-3.858392,0.080600,-3.858392,0.080600,-3.755840,0.143997,,,,-0.102553,-0.063397,0.120566,1.000000,-0.000002,0.00,0
101,0.582,-3.858392,0.080600,-3.858392,0.080600,-3.754400,0.145437,,,,-0.103993,-0.064837,0.122549,1.000000,-0.000002,0.00,0
102,0.583,-3.858392,0.080600,-3.858392,0.080600,-3.752960,0.146877,,,,-0.105433,-0.066277,0.124534,1.000000,-0.000002,0.00,0
103,0.584,-3.858392,0.080600,-3.858392,0.080600,-3.751520,0.148317,,,,-0.106873,-0.067717,0.126520,1.000000,-0.000002,0.00,0
104,0.586,-3.858392,0.080600,-3.858392,0.080600,-3.750080,0.149757,,,,-0.108313,-0.069157,0.128508,1.000000,-0.000002,0.00,0
105,0.597,-3.814954,0.124519,-3.728493,0.168521,-3.748640,0.151197,-0.066314,-0.026678,0.071479,0.020147,0.017324,0.026571,1.000000,-0.000002,10.01,1
106,0.599,-3.814954,0.124519,-3.814954,0.124519,-3.747200,0.152637,,,,-0.067754,-0.028118,0.073357,1.000000,-0.000002,0.00,0
107,0.603,-3.814954,0.124519,-3.814954,0.124519,-3.745760,0.154077,,,,-0.069194,-0.029558,0.075243,1.000000,-0.000002,0.00,0
108,0.604,-3.814954,0.124519,-3.814954,0.124519,-3.744320,0.155517,,,,-0.070634,-0.030998,0.077136,1.000000,-0.000002,0.00,0
109,0.605,-3.814954,0.124519,-3.814954,0.124519,-3.742880,0.156957,,,,-0.072074,-0.032438,0.079037,1.000000,-0.000002,0.00,0
110,0.608,-3.814954,0.124519,-3.814954,0.124519,-3.741440,0.158397,,,,-0.073514,-0.033878,0.080944,1.000000,-0.000002,0.00,0
111,0.609,-3.814954,0.124519,-3.814954,0.124519,-3.740000,0.159837,,,,-0.074954,-0.035318,0.082858,1.000000,-0.000002,0.00,0
112,0.610,-3.814954,0.124519,-3.814954,0.124519,-3.738560,0.161277,,,,-0.076394,-0.036758,0.084777,1.000000,-0.000002,0.00,0
113,0.612,-3.814954,0.124519,-3.814954,0.124519,-3.737120,0.162717,,,,-0.077834,-0.038198,0.086702,1.000000,-0.000002,0.00,0
114,0.613,-3.814954,0.124519,-3.814954,0.124519,-3.735680,0.164157,,,,-0.079274,-0.039638,0.088631,1.000000,-0.000002,0.00,0
115,0.615,-3.814954,0.124519,-3.814954,0.124519,-3.734240,0.165597,,,,-0.080714,-0.041078,0.090566,1.000000,-0.000002,0.00,0
116,0.617,-3.814954,0.124519,-3.814954,0.124519,-3.732800,0.167037,,,,-0.082154,-0.042518,0.092504,1.000000,-0.000002,0.00,0
117,0.618,-3.814954,0.124519,-3.814954,0.124519,-3.731360,0.168477,,,,-0.083594,-0.043958,0.094447,1.000000,-0.000002,0.00,0
118,0.619,-3.814954,0.124519,-3.814954,0.124519,-3.729920,0.169917,,,,-0.085034,-0.045398,0.096394,1.000000,-0.000002,0.00,0
119,0.620,-3.814954,0.124519,-3.814954,0.124519,-3.728480,0.171357,,,,-0.086474,-0.046838,0.098344,1.000000,-0.000002,0.00,0
120,0.633,-3.752332,0.149452,-3.659384,0.146263,-3.727040,0.172797,-0.025292,-0.023345,0.034419,0.067656,-0.026534,0.072673,1.000000,-0.000002,11.51,1
121,0.635,-3.752332,0.149452,-3.752332,0.149452,-3.725600,0.174237,,,,-0.026732,-0.024785,0.036454,1.000000,-0.000002,0.00,0
122,0.636,-3.752332,0.149452,-3.752332,0.149452,-3.724160,0.175677,,,,-0.028172,-0.026225,0.038489,1.000000,-0.000002,0.00,0
123,0.637,-3.752332,0.149452,-3.752332,0.149452,-3.722720,0.177117,,,,-0.029612,-0.027665,0.040524,1.000000,-0.000002,0.00,0
124,0.638,-3.752332,0.149452,-3.752332,0.149452,-3.721280,0.178557,,,,-0.031052,-0.029105,0.042560,1.000000,-0.000002,0.00,0
125,0.640,-3.752332,0.149452,-3.752332,0.149452,-3.719840,0.179997,,,,-0.032492,-0.030545,0.044595,1.000000,-0.000002,0.00,0
126,0.641,-3.752332,0.149452,-3.752332,0.149452,-3.718400,0.181437,,,,-0.033932,-0.031985,0.046631,1.000000,-0.000002,0.00,0
127,0.643,-3.752332,0.149452,-3.752332,0.149452,-3.716960,0.182877,,,,-0.035372,-0.033425,0.048666,1.000000,-0.000002,0.00,0
128,0.644,-3.752332,0.149452,-3.752332,0.149452,-3.715520,0.184317,,,,-0.036812,-0.034865,0.050702,1.000000,-0.000002,0.00,0
129,0.645,-3.752332,0.149452,-3.752332,0.149452,-3.714080,0.185757,,,,-0.038252,-0.036305,0.052738,1.000000,-0.000002,0.00,0
130,0.647,-3.752332,0.149452,-3.752332,0.149452,-3.712640,0.187197,,,,-0.039692,-0.037745,0.054774,1.000000,-0.000002,0.00,0
131,0.647,-3.752332,0.149452,-3.752332,0.149452,-3.711200,0.188637,,,,-0.041132,-0.039185,0.056809,1.000000,-0.000002,0.00,0
132,0.649,-3.752332,0.149452,-3.752332,0.149452,-3.709760,0.190077,,,,-0.042572,-0.040625,0.058845,1.000000,-0.000002,0.00,0
133,0.650,-3.752332,0.149452,-3.752332,0.149452,-3.708320,0.191517,,,,-0.044012,-0.042065,0.060881,1.000000,-0.000002,0.00,0
134,0.652,-3.752332,0.149452,-3.752332,0.149452,-3.706880,0.192957,,,,-0.045452,-0.043505,0.062917,1.000000,-0.000002,0.00,0
135,0.665,-3.692752,0.163828,-3.690378,0.176700,-3.705440,0.194397,0.012688,-0.030569,0.033098,0.015062,-0.017697,0.023239,1.000000,-0.000002,11.01,1
136,0.667,-3.692752,0.163828,-3.692752,0.163828,-3.704000,0.195837,,,,0.011248,-0.032009,0.033928,1.000000,-0.000002,0.00,0
137,0.668,-3.692752,0.163828,-3.692752,0.163828,-3.702560,0.197277,,,,0.009808,-0.033449,0.034857,1.000000,-0.000002,0.00,0
138,0.670,-3.692752,0.163828,-3.692752,0.163828,-3.701120,0.198717,,,,0.008368,-0.034889,0.035879,1.000000,-0.000002,0.00,0
139,0.671,-3.692752,0.163828,-3.692752,0.163828,-3.699680,0.200157,,,,0.006928,-0.036329,0.036984,1.000000,-0.000002,0.00,0
140,0.673,-3.692752,0.163828,-3.692752,0.163828,-3.698240,0.201597,,,,0.005488,-0.037769,0.038166,1.000000,-0.000002,0.00,0
141,0.675,-3.692752,0.163828,-3.692752,0.163828,-3.696800,0.203037,,,,0.004048,-0.039209,0.039418,1.000000,-0.000002,0.00,0
142,0.676,-3.692752,0.163828,-3.692752,0.163828,-3.695360,0.204477,,,,0.002608,-0.040649,0.040733,1.000000,-0.000002,0.00,0
143,0.677,-3.692752,0.163828,-3.692752,0.163828,-3.693920,0.205917,,,,0.001168,-0.042089,0.042105,1.000000,-0.000002,0.00,0
144,0.678,-3.692752,0.163828,-3.692752,0.163828,-3.692480,0.207357,,,,-0.000272,-0.043529,0.043530,1.000000,-0.000002,0.00,0
145,0.680,-3.692752,0.163828,-3.692752,0.163828,-3.691040,0.208797,,,,-0.001712,-0.044969,0.045002,1.000000,-0.000002,0.00,0
146,0.681,-3.692752,0.163828,-3.692752,0.163828,-3.689600,0.210237,,,,-0.003152,-0.046409,0.046516,1.000000,-0.000002,0.00,0
147,0.682,-3.692752,0.163828,-3.692752,0.163828,-3.688160,0.211677,,,,-0.004592,-0.047849,0.048069,1.000000,-0.000002,0.00,0
148,0.683,-3.692752,0.163828,-3.692752,0.163828,-3.686720,0.213117,,,,-0.006032,-0.049289,0.049657,1.000000,-0.000002,0.00,0
149,0.684,-3.692752,0.163828,-3.692752,0.163828,-3.685280,0.214557,,,,-0.007472,-0.050729,0.051277,1.000000,-0.000002,0.00,0
150,0.696,-3.685353,0.175338,-3.706296,0.203051,-3.683840,0.215997,-0.001513,-0.040659,0.040687,-0.022456,-0.012946,0.025920,1.000000,-0.000002,10.51,1
151,0.698,-3.685353,0.175338,-3.685353,0.175338,-3.682400,0.217437,,,,-0.002953,-0.042099,0.042202,1.000000,-0.000002,0.00,0
152,0.700,-3.685353,0.175338,-3.685353,0.175338,-3.680960,0.218877,,,,-0.004393,-0.043539,0.043760,1.000000,-0.000002,0.00,0
153,0.701,-3.685353,0.175338,-3.685353,0.175338,-3.679520,0.220317,,,,-0.005833,-0.044979,0.045356,1.000000,-0.000002,0.00,0
154,0.702,-3.685353,0.175338,-3.685353,0.175338,-3.678080,0.221757,,,,-0.007273,-0.046419,0.046985,1.000000,-0.000002,0.00,0
155,0.703,-3.685353,0.175338,-3.685353,0.175338,-3.676640,0.223197,,,,-0.008713,-0.047859,0.048646,1.000000,-0.000002,0.00,0
156,0.704,-3.685353,0.175338,-3.685353,0.175338,-3.675200,0.224637,,,,-0.010153,-0.049299,0.050334,1.000000,-0.000002,0.00,0
157,0.705,-3.685353,0.175338,-3.685353,0.175338,-3.673760,0.226077,,,,-0.011593,-0.050739,0.052047,1.000000,-0.000002,0.00,0
158,0.707,-3.685353,0.175338,-3.685353,0.175338,-3.672320,0.227517,,,,-0.013033,-0.052179,0.053782,1.000000,-0.000002,0.00,0
159,0.709,-3.685353,0.175338,-3.685353,0.175338,-3.670880,0.228957,,,,-0.014473,-0.053619,0.055538,1.000000,-0.000002,0.00,0
160,0.710,-3.685353,0.175338,-3.685353,0.175338,-3.669440,0.230397,,,,-0.015913,-0.055059,0.057312,1.000000,-0.000002,0.00,0
161,0.711,-3.685353,0.175338,-3.685353,0.175338,-3.668000,0.231837,,,,-0.017353,-0.056499,0.059104,1.000000,-0.000002,0.00,0
162,0.712,-3.685353,0.175338,-3.685353,0.175338,-3.666560,0.233277,,,,-0.018793,-0.057939,0.060911,1.000000,-0.000002,0.00,0
163,0.713,-3.685353,0.175338,-3.685353,0.175338,-3.665120,0.234717,,,,-0.020233,-0.059379,0.062731,1.000000,-0.000002,0.00,0
164,0.714,-3.685353,0.175338,-3.685353,0.175338,-3.663680,0.236157,,,,-0.021673,-0.060819,0.064565,1.000000,-0.000002,0.00,0
165,0.727,-3.687503,0.193743,-3.665835,0.201479,-3.662240,0.237597,-0.025264,-0.043854,0.050610,-0.003596,-0.036118,0.036297,1.000000,-0.000002,10.51,1
166,0.730,-3.687503,0.193743,-3.687503,0.193743,-3.660800,0.239037,,,,-0.026704,-0.045294,0.052579,1.000000,-0.000002,0.00,0
167,0.731,-3.687503,0.193743,-3.687503,0.193743,-3.659360,0.240477,,,,-0.028144,-0.046734,0.054554,1.000000,-0.000002,0.00,0
168,0.733,-3.687503,0.193743,-3.687503,0.193743,-3.657920,0.241917,,,,-0.029584,-0.048174,0.056532,1.000000,-0.000002,0.00,0
169,0.734,-3.687503,0.193743,-3.687503,0.193743,-3.656480,0.243357,,,,-0.031024,-0.049614,0.058515,1.000000,-0.000002,0.00,0
170,0.735,-3.687503,0.193743,-3.687503,0.193743,-3.655040,0.244797,,,,-0.032464,-0.051054,0.060501,1.000000,-0.000002,0.00,0
171,0.736,-3.687503,0.193743,-3.687503,0.193743,-3.653600,0.246237,,,,-0.033904,-0.052494,0.062490,1.000000,-0.000002,0.00,0
172,0.737,-3.687503,0.193743,-3.687503,0.193743,-3.652160,0.247677,,,,-0.035344,-0.053934,0.064483,1.000000,-0.000002,0.00,0
173,0.738,-3.687503,0.193743,-3.687503,0.193743,-3.650720,0.249117,,,,-0.036784,-0.055374,0.066478,1.000000,-0.000002,0.00,0
174,0.740,-3.687503,0.193743,-3.687503,0.193743,-3.649280,0.250557,,,,-0.038224,-0.056814,0.068475,1.000000,-0.000002,0.00,0
175,0.741,-3.687503,0.193743,-3.687503,0.193743,-3.647840,0.251997,,,,-0.039664,-0.058254,0.070475,1.000000,-0.000002,0.00,0
176,0.742,-3.687503,0.193743,-3.687503,0.193743,-3.646400,0.253437,,,,-0.041104,-0.059694,0.072476,1.000000,-0.000002,0.00,0
177,0.744,-3.687503,0.193743,-3.687503,0.193743,-3.644960,0.254877,,,,-0.042544,-0.061134,0.074480,1.000000,-0.000002,0.00,0
178,0.745,-3.687503,0.193743,-3.687503,0.193743,-3.643520,0.256317,,,,-0.043984,-0.062574,0.076485,1.000000,-0.000002,0.00,0
179,0.746,-3.687503,0.193743,-3.687503,0.193743,-3.642080,0.257757,,,,-0.045424,-0.064014,0.078492,1.000000,-0.000002,0.00,0
180,0.758,-3.674093,0.219923,-3.650146,0.255239,-3.640640,0.259197,-0.033453,-0.039274,0.051590,-0.009507,-0.003958,0.010298,1.000000,-0.000002,11.02,1
181,0.761,-3.674093,0.219923,-3.674093,0.219923,-3.639200,0.260637,,,,-0.034893,-0.040714,0.053620,1.000000,-0.000002,0.00,0
182,0.762,-3.674093,0.219923,-3.674093,0.219923,-3.637760,0.262077,,,,-0.036333,-0.042154,0.055651,1.000000,-0.000002,0.00,0
183,0.763,-3.674093,0.219923,-3.674093,0.219923,-3.636320,0.263517,,,,-0.037773,-0.043594,0.057682,1.000000,-0.000002,0.00,0
184,0.765,-3.674093,0.219923,-3.674093,0.219923,-3.634880,0.264957,,,,-0.039213,-0.045034,0.059714,1.000000,-0.000002,0.00,0
185,0.765,-3.674093,0.219923,-3.674093,0.219923,-3.633440,0.266397,,,,-0.040653,-0.046474,0.061745,1.000000,-0.000002,0.00,0
186,0.766,-3.674093,0.219923,-3.674093,0.219923,-3.632000,0.267837,,,,-0.042093,-0.047914,0.063777,1.000000,-0.000002,0.00,0
187,0.768,-3.674093,0.219923,-3.674093,0.219923,-3.630560,0.269277,,,,-0.043533,-0.049354,0.065810,1.000000,-0.000002,0.00,0
188,0.768,-3.674093,0.219923,-3.674093,0.219923,-3.629120,0.270717,,,,-0.044973,-0.050794,0.067842,1.000000,-0.000002,0.00,0
189,0.771,-3.674093,0.219923,-3.674093,0.219923,-3.627680,0.272157,,,,-0.046413,-0.052234,0.069875,1.000000,-0.000002,0.00,0
190,0.772,-3.674093,0.219923,-3.674093,0.219923,-3.626240,0.273597,,,,-0.047853,-0.053674,0.071908,1.000000,-0.000002,0.00,0
191,0.773,-3.674093,0.219923,-3.674093,0.219923,-3.624800,0.275037,,,,-0.049293,-0.055114,0.073941,1.000000,-0.000002,0.00,0
192,0.775,-3.674093,0.219923,-3.674093,0.219923,-3.623360,0.276477,,,,-0.050733,-0.056554,0.075975,1.000000,-0.000002,0.00,0
193,0.775,-3.674093,0.219923,-3.674093,0.219923,-3.621920,0.277917,,,,-0.052173,-0.057994,0.078008,1.000000,-0.000002,0.00,0
194,0.777,-3.674093,0.219923,-3.674093,0.219923,-3.620480,0.279357,,,,-0.053613,-0.059434,0.080042,1.000000,-0.000002,0.00,0
195,0.790,-3.649029,0.230922,-3.631104,0.236046,-3.619040,0.280797,-0.029989,-0.049876,0.058197,-0.012064,-0.044751,0.046348,1.000000,-0.000002,11.58,1
196,0.792,-3.649029,0.230922,-3.649029,0.230922,-3.617600,0.282237,,,,-0.031429,-0.051316,0.060175,1.000000,-0.000002,0.00,0
197,0.793,-3.649029,0.230922,-3.649029,0.230922,-3.616160,0.283677,,,,-0.032869,-0.052756,0.062157,1.000000,-0.000002,0.00,0
198,0.794,-3.649029,0.230922,-3.649029,0.230922,-3.614720,0.285117,,,,-0.034309,-0.054196,0.064143,1.000000,-0.000002,0.00,0
199,0.795,-3.649029,0.230922,-3.649029,0.230922,-3.613280,0.286557,,,,-0.035749,-0.055636,0.066131,1.000000,-0.000002,0.00,0
200,0.797,-3.649029,0.230922,-3.649029,0.230922,-3.611840,0.287997,,,,-0.037189,-0.057076,0.068122,1.000000,-0.000002,0.00,0
201,0.798,-3.649029,0.230922,-3.649029,0.230922,-3.610400,0.289437,,,,-0.038629,-0.058516,0.070116,1.000000,-0.000002,0.00,0
202,0.800,-3.649029,0.230922,-3.649029,0.230922,-3.608960,0.290877,,,,-0.040069,-0.059956,0.072112,1.000000,-0.000002,0.00,0
203,0.801,-3.649029,0.230922,-3.649029,0.230922,-3.607520,0.292317,,,,-0.041509,-0.061395,0.074111,1.000000,-0.000002,0.00,0
204,0.802,-3.649029,0.230922,-3.649029,0.230922,-3.606080,0.293757,,,,-0.042949,-0.062835,0.076111,1.000000,-0.000002,0.00,0
205,0.803,-3.649029,0.230922,-3.649029,0.230922,-3.604640,0.295197,,,,-0.044389,-0.064275,0.078114,1.000000,-0.000002,0.00,0
206,0.804,-3.649029,0.230922,-3.649029,0.230922,-3.603200,0.296637,,,,-0.045829,-0.065715,0.080118,1.000000,-0.000002,0.00,0
207,0.805,-3.649029,0.230922,-3.649029,0.230922,-3.601760,0.298077,,,,-0.047269,-0.067155,0.082123,1.000000,-0.000002,0.00,0
208,0.807,-3.649029,0.230922,-3.649029,0.230922,-3.600320,0.299517,,,,-0.048709,-0.068595,0.084130,1.000000,-0.000002,0.00,0
209,0.808,-3.649029,0.230922,-3.649029,0.230922,-3.598880,0.300957,,,,-0.050149,-0.070035,0.086139,1.000000,-0.000002,0.00,0
210,0.820,-3.625132,0.255987,-3.594144,0.276676,-3.597440,0.302397,-0.027692,-0.046410,0.054044,0.003296,-0.025721,0.025932,1.000000,-0.000002,11.01,1
211,0.822,-3.625132,0.255987,-3.625132,0.255987,-3.596000,0.303837,,,,-0.029132,-0.047850,0.056020,1.000000,-0.000002,0.00,0
212,0.824,-3.625132,0.255987,-3.625132,0.255987,-3.594560,0.305277,,,,-0.030572,-0.049290,0.058001,1.000000,-0.000002,0.00,0
213,0.825,-3.625132,0.255987,-3.625132,0.255987,-3.593120,0.306717,,,,-0.032012,-0.050730,0.059986,1.000000,-0.000002,0.00,0
214,0.825,-3.625132,0.255987,-3.625132,0.255987,-3.591680,0.308157,,,,-0.033452,-0.052170,0.061974,1.000000,-0.000002,0.00,0
215,0.828,-3.625132,0.255987,-3.625132,0.255987,-3.590240,0.309597,,,,-0.034892,-0.053610,0.063965,1.000000,-0.000002,0.00,0
216,0.829,-3.625132,0.255987,-3.625132,0.255987,-3.588800,0.311037,,,,-0.036332,-0.055050,0.065958,1.000000,-0.000002,0.00,0
217,0.830,-3.625132,0.255987,-3.625132,0.255987,-3.587360,0.312477,,,,-0.037772,-0.056490,0.067955,1.000000,-0.000002,0.00,0
218,0.831,-3.625132,0.255987,-3.625132,0.255987,-3.585920,0.313917,,,,-0.039212,-0.057930,0.069953,1.000000,-0.000002,0.00,0
219,0.832,-3.625132,0.255987,-3.625132,0.255987,-3.584480,0.315357,,,,-0.040652,-0.059370,0.071954,1.000000,-0.000002,0.00,0
220,0.833,-3.625132,0.255987,-3.625132,0.255987,-3.583040,0.316797,,,,-0.042092,-0.060810,0.073957,1.000000,-0.000002,0.00,0
221,0.835,-3.625132,0.255987,-3.625132,0.255987,-3.581600,0.318237,,,,-0.043532,-0.062250,0.075961,1.000000,-0.000002,0.00,0
222,0.835,-3.625132,0.255987,-3.625132,0.255987,-3.580160,0.319677,,,,-0.044972,-0.063690,0.077967,1.000000,-0.000002,0.00,0
223,0.837,-3.625132,0.255987,-3.625132,0.255987,-3.578720,0.321117,,,,-0.046412,-0.065130,0.079975,1.000000,-0.000002,0.00,0
224,0.839,-3.625132,0.255987,-3.625132,0.255987,-3.577280,0.322557,,,,-0.047852,-0.066570,0.081984,1.000000,-0.000002,0.00,0
225,0.851,-3.626245,0.259410,-3.653487,0.265509,-3.575840,0.323997,-0.050405,-0.064586,0.081927,-0.077647,-0.058488,0.097210,1.000000,-0.000002,10.01,1
226,0.853,-3.626245,0.259410,-3.626245,0.259410,-3.574400,0.325437,,,,-0.051845,-0.066026,0.083949,1.000000,-0.000002,0.00,0
227,0.854,-3.626245,0.259410,-3.626245,0.259410,-3.572960,0.326877,,,,-0.053285,-0.067466,0.085971,1.000000,-0.000002,0.00,0
228,0.855,-3.626245,0.259410,-3.626245,0.259410,-3.571520,0.328317,,,,-0.054725,-0.068906,0.087994,1.000000,-0.000002,0.00,0
229,0.857,-3.626245,0.259410,-3.626245,0.259410,-3.570080,0.329757,,,,-0.056165,-0.070346,0.090018,1.000000,-0.000002,0.00,0
230,0.859,-3.626245,0.259410,-3.626245,0.259410,-3.568640,0.331197,,,,-0.057605,-0.071786,0.092042,1.000000,-0.000002,0.00,0
231,0.860,-3.626245,0.259410,-3.626245,0.259410,-3.567200,0.332637,,,,-0.059045,-0.073226,0.094066,1.000000,-0.000002,0.00,0
232,0.861,-3.626245,0.259410,-3.626245,0.259410,-3.565760,0.334077,,,,-0.060485,-0.074666,0.096091,1.000000,-0.000002,0.00,0
233,0.863,-3.626245,0.259410,-3.626245,0.259410,-3.564320,0.335517,,,,-0.061925,-0.076106,0.098117,1.000000,-0.000002,0.00,0
234,0.864,-3.626245,0.259410,-3.626245,0.259410,-3.562880,0.336957,,,,-0.063365,-0.077546,0.100143,1.000000,-0.000002,0.00,0
235,0.865,-3.626245,0.259410,-3.626245,0.259410,-3.561440,0.338397,,,,-0.064805,-0.078986,0.102169,1.000000,-0.000002,0.00,0
236,0.865,-3.626245,0.259410,-3.626245,0.259410,-3.560000,0.339837,,,,-0.066245,-0.080426,0.104196,1.000000,-0.000002,0.00,0
237,0.867,-3.626245,0.259410,-3.626245,0.259410,-3.558560,0.341277,,,,-0.067685,-0.081866,0.106223,1.000000,-0.000002,0.00,0
238,0.868,-3.626245,0.259410,-3.626245,0.259410,-3.557120,0.342717,,,,-0.069125,-0.083306,0.108251,1.000000,-0.000002,0.00,0
239,0.869,-3.626245,0.259410,-3.626245,0.259410,-3.555680,0.344157,,,,-0.070565,-0.084746,0.110279,1.000000,-0.000002,0.00,0
240,0.881,-3.624607,0.306637,-3.626192,0.377725,-3.554240,0.345597,-0.070368,-0.038960,0.080433,-0.071952,0.032128,0.078800,1.000000,-0.000002,11.01,1
241,0.883,-3.624607,0.306637,-3.624607,0.306637,-3.552800,0.347037,,,,-0.071808,-0.040400,0.082393,1.000000,-0.000002,0.00,0
242,0.884,-3.624607,0.306637,-3.624607,0.306637,-3.551360,0.348477,,,,-0.073248,-0.041840,0.084355,1.000000,-0.000002,0.00,0
243,0.885,-3.624607,0.306637,-3.624607,0.306637,-3.549920,0.349917,,,,-0.074688,-0.043280,0.086322,1.000000,-0.000002,0.00,0
244,0.887,-3.624607,0.306637,-3.624607,0.306637,-3.548480,0.351357,,,,-0.076128,-0.044720,0.088291,1.000000,-0.000002,0.00,0
245,0.887,-3.624607,0.306637,-3.624607,0.306637,-3.547040,0.352797,,,,-0.077568,-0.046160,0.090264,1.000000,-0.000002,0.00,0
246,0.888,-3.624607,0.306637,-3.624607,0.306637,-3.545600,0.354237,,,,-0.079008,-0.047600,0.092239,1.000000,-0.000002,0.00,0
247,0.890,-3.624607,0.306637,-3.624607,0.306637,-3.544159,0.355677,,,,-0.080448,-0.049040,0.094217,1.000000,-0.000002,0.00,0
248,0.891,-3.624607,0.306637,-3.624607,0.306637,-3.542719,0.357117,,,,-0.081888,-0.050480,0.096197,1.000000,-0.000002,0.00,0
249,0.892,-3.624607,0.306637,-3.624607,0.306637,-3.541279,0.358557,,,,-0.083328,-0.051920,0.098180,1.000000,-0.000002,0.00,0
250,0.893,-3.624607,0.306637,-3.624607,0.306637,-3.539839,0.359997,,,,-0.084768,-0.053360,0.100164,1.000000,-0.000002,0.00,0
251,0.895,-3.624607,0.306637,-3.624607,0.306637,-3.538399,0.361437,,,,-0.086208,-0.054800,0.102151,1.000000,-0.000002,0.00,0
252,0.897,-3.624607,0.306637,-3.624607,0.306637,-3.536959,0.362877,,,,-0.087648,-0.056240,0.104140,1.000000,-0.000002,0.00,0
253,0.898,-3.624607,0.306637,-3.624607,0.306637,-3.535519,0.364317,,,,-0.089088,-0.057680,0.106130,1.000000,-0.000002,0.00,0
254,0.899,-3.624607,0.306637,-3.624607,0.306637,-3.534079,0.365757,,,,-0.090528,-0.059120,0.108123,1.000000,-0.000002,0.00,0
255,0.916,-3.605483,0.322914,-3.536769,0.325509,-3.532639,0.367197,-0.072843,-0.044283,0.085247,-0.004130,-0.041688,0.041893,1.000000,-0.000002,11.01,1
256,0.918,-3.605483,0.322914,-3.605483,0.322914,-3.531199,0.368637,,,,-0.074283,-0.045723,0.087227,1.000000,-0.000002,0.00,0
257,0.919,-3.605483,0.322914,-3.605483,0.322914,-3.529759,0.370077,,,,-0.075723,-0.047163,0.089210,1.000000,-0.000002,0.00,0
258,0.920,-3.605483,0.322914,-3.605483,0.322914,-3.528319,0.371517,,,,-0.077163,-0.048603,0.091194,1.000000,-0.000002,0.00,0
259,0.921,-3.605483,0.322914,-3.605483,0.322914,-3.526879,0.372957,,,,-0.078603,-0.050043,0.093181,1.000000,-0.000002,0.00,0
260,0.922,-3.605483,0.322914,-3.605483,0.322914,-3.525439,0.374397,,,,-0.080043,-0.051483,0.095170,1.000000,-0.000002,0.00,0
261,0.923,-3.605483,0.322914,-3.605483,0.322914,-3.523999,0.375837,,,,-0.081483,-0.052923,0.097161,1.000000,-0.000002,0.00,0
262,0.924,-3.605483,0.322914,-3.605483,0.322914,-3.522559,0.377277,,,,-0.082923,-0.054363,0.099154,1.000000,-0.000002,0.00,0
263,0.925,-3.605483,0.322914,-3.605483,0.322914,-3.521119,0.378717,,,,-0.084363,-0.055803,0.101149,1.000000,-0.000002,0.00,0
264,0.927,-3.605483,0.322914,-3.605483,0.322914,-3.519679,0.380157,,,,-0.085803,-0.057243,0.103145,1.000000,-0.000002,0.00,0
265,0.928,-3.605483,0.322914,-3.605483,0.322914,-3.518239,0.381597,,,,-0.087243,-0.058683,0.105143,1.000000,-0.000002,0.00,0
266,0.929,-3.605483,0.322914,-3.605483,0.322914,-3.516799,0.383037,,,,-0.088683,-0.060123,0.107142,1.000000,-0.000002,0.00,0
267,0.931,-3.605483,0.322914,-3.605483,0.322914,-3.515359,0.384477,,,,-0.090123,-0.061563,0.109143,1.000000,-0.000002,0.00,0
268,0.932,-3.605483,0.322914,-3.605483,0.322914,-3.513919,0.385917,,,,-0.091563,-0.063003,0.111145,1.000000,-0.000002,0.00,0
269,0.933,-3.605483,0.322914,-3.605483,0.322914,-3.512479,0.387357,,,,-0.093003,-0.064443,0.113148,1.000000,-0.000002,0.00,0
270,0.945,-3.546851,0.332409,-3.477592,0.293993,-3.511039,0.388797,-0.035812,-0.056388,0.066799,0.033447,-0.094804,0.100531,1.000000,-0.000002,10.51,1
271,0.947,-3.546851,0.332409,-3.546851,0.332409,-3.509599,0.390237,,,,-0.037252,-0.057828,0.068788,1.000000,-0.000002,0.00,0
272,0.947,-3.546851,0.332409,-3.546851,0.332409,-3.508159,0.391677,,,,-0.038692,-0.059268,0.070779,1.000000,-0.000002,0.00,0
273,0.950,-3.546851,0.332409,-3.546851,0.332409,-3.506719,0.393117,,,,-0.040132,-0.060708,0.072774,1.000000,-0.000002,0.00,0
274,0.951,-3.546851,0.332409,-3.546851,0.332409,-3.505279,0.394557,,,,-0.041572,-0.062148,0.074770,1.000000,-0.000002,0.00,0
275,0.952,-3.546851,0.332409,-3.546851,0.332409,-3.503839,0.395997,,,,-0.043012,-0.063588,0.076769,1.000000,-0.000002,0.00,0
276,0.953,-3.546851,0.332409,-3.546851,0.332409,-3.502399,0.397437,,,,-0.044452,-0.065028,0.078769,1.000000,-0.000002,0.00,0
277,0.954,-3.546851,0.332409,-3.546851,0.332409,-3.500959,0.398877,,,,-0.045892,-0.066468,0.080771,1.000000,-0.000002,0.00,0
278,0.956,-3.546851,0.332409,-3.546851,0.332409,-3.499519,0.400317,,,,-0.047332,-0.067908,0.082775,1.000000,-0.000002,0.00,0
279,0.957,-3.546851,0.332409,-3.546851,0.332409,-3.498079,0.401757,,,,-0.048772,-0.069348,0.084781,1.000000,-0.000002,0.00,0
280,0.957,-3.546851,0.332409,-3.546851,0.332409,-3.496639,0.403197,,,,-0.050212,-0.070788,0.086788,1.000000,-0.000002,0.00,0
281,0.958,-3.546851,0.332409,-3.546851,0.332409,-3.495199,0.404637,,,,-0.051652,-0.072228,0.088796,1.000000,-0.000002,0.00,0
282,0.960,-3.546851,0.332409,-3.546851,0.332409,-3.493759,0.406077,,,,-0.053092,-0.073668,0.090806,1.000000,-0.000002,0.00,0
283,0.961,-3.546851,0.332409,-3.546851,0.332409,-3.492319,0.407517,,,,-0.054532,-0.075108,0.092816,1.000000,-0.000002,0.00,0
284,0.963,-3.546851,0.332409,-3.546851,0.332409,-3.490879,0.408957,,,,-0.055972,-0.076548,0.094828,1.000000,-0.000002,0.00,0
285,0.975,-3.472865,0.323351,-3.404235,0.350553,-3.489439,0.410397,0.016574,-0.087046,0.088609,0.085204,-0.059844,0.104120,1.000000,-0.000002,10.51,1
286,0.977,-3.472865,0.323351,-3.472865,0.323351,-3.488588,0.411837,,,,0.015723,-0.088485,0.089872,1.000000,-0.000002,0.00,0
287,0.978,-3.472865,0.323351,-3.472865,0.323351,-3.487773,0.413277,,,,0.014907,-0.089926,0.091153,1.000000,-0.000002,0.00,0
288,0.980,-3.472865,0.323351,-3.472865,0.323351,-3.486962,0.414717,,,,0.014097,-0.091366,0.092447,1.000000,-0.000002,0.00,0
289,0.981,-3.472865,0.323351,-3.472865,0.323351,-3.486151,0.416157,,,,0.013286,-0.092806,0.093752,1.000000,-0.000002,0.00,0
290,0.982,-3.472865,0.323351,-3.472865,0.323351,-3.485339,0.417597,,,,0.012474,-0.094245,0.095067,1.000000,-0.000002,0.00,0
291,0.984,-3.472865,0.323351,-3.472865,0.323351,-3.484527,0.419037,,,,0.011661,-0.095685,0.096393,1.000000,-0.000002,0.00,0
292,0.985,-3.472865,0.323351,-3.472865,0.323351,-3.483713,0.420477,,,,0.010848,-0.097125,0.097729,1.000000,-0.000002,0.00,0
293,0.987,-3.472865,0.323351,-3.472865,0.323351,-3.482899,0.421917,,,,0.010034,-0.098565,0.099075,1.000000,-0.000002,0.00,0
294,0.988,-3.472865,0.323351,-3.472865,0.323351,-3.482085,0.423357,,,,0.009220,-0.100005,0.100430,1.000000,-0.000002,0.00,0
295,0.989,-3.472865,0.323351,-3.472865,0.323351,-3.481270,0.424797,,,,0.008405,-0.101445,0.101793,1.000000,-0.000002,0.00,0
296,0.990,-3.472865,0.323351,-3.472865,0.323351,-3.480455,0.426237,,,,0.007590,-0.102885,0.103165,1.000000,-0.000002,0.00,0
297,0.991,-3.472865,0.323351,-3.472865,0.323351,-3.479640,0.427677,,,,0.006775,-0.104325,0.104545,1.000000,-0.000002,0.00,0
298,0.992,-3.472865,0.323351,-3.472865,0.323351,-3.478825,0.429117,,,,0.005959,-0.105765,0.105933,1.000000,-0.000002,0.00,0
299,0.994,-3.472865,0.323351,-3.472865,0.323351,-3.478009,0.430557,,,,0.005144,-0.107205,0.107329,1.000000,-0.000002,0.00,0
300,1.005,-3.471554,0.350624,-3.532833,0.407326,-3.477193,0.431997,0.005640,-0.081373,0.081568,-0.055639,-0.024671,0.060864,1.000000,-0.000002,10.51,1
301,1.008,-3.471554,0.350624,-3.471554,0.350624,-3.476392,0.433437,,,,0.004838,-0.082813,0.082954,1.000000,-0.000002,0.00,0
302,1.009,-3.471554,0.350624,-3.471554,0.350624,-3.475590,0.434877,,,,0.004037,-0.084253,0.084350,1.000000,-0.000002,0.00,0
303,1.010,-3.471554,0.350624,-3.471554,0.350624,-3.474789,0.436317,,,,0.003236,-0.085693,0.085754,1.000000,-0.000002,0.00,0
304,1.011,-3.471554,0.350624,-3.471554,0.350624,-3.473988,0.437757,,,,0.002435,-0.087133,0.087167,1.000000,-0.000002,0.00,0
305,1.013,-3.471554,0.350624,-3.471554,0.350624,-3.473187,0.439197,,,,0.001633,-0.088573,0.088588,1.000000,-0.000002,0.00,0
306,1.014,-3.471554,0.350624,-3.471554,0.350624,-3.472386,0.440637,,,,0.000832,-0.090013,0.090017,1.000000,-0.000003,0.00,0
307,1.015,-3.471554,0.350624,-3.471554,0.350624,-3.471585,0.442077,,,,0.000031,-0.091453,0.091453,1.000000,-0.000003,0.00,0
308,1.017,-3.471554,0.350624,-3.471554,0.350624,-3.470783,0.443517,,,,-0.000770,-0.092893,0.092896,1.000000,-0.000003,0.00,0
309,1.018,-3.471554,0.350624,-3.471554,0.350624,-3.469982,0.444957,,,,-0.001572,-0.094333,0.094346,1.000000,-0.000003,0.00,0
310,1.020,-3.471554,0.350624,-3.471554,0.350624,-3.469181,0.446397,,,,-0.002373,-0.095773,0.095802,1.000000,-0.000003,0.00,0
311,1.021,-3.471554,0.350624,-3.471554,0.350624,-3.468379,0.447837,,,,-0.003174,-0.097213,0.097265,1.000000,-0.000003,0.00,0
312,1.022,-3.471554,0.350624,-3.471554,0.350624,-3.467578,0.449277,,,,-0.003976,-0.098653,0.098733,1.000000,-0.000003,0.00,0
313,1.023,-3.471554,0.350624,-3.471554,0.350624,-3.466777,0.450717,,,,-0.004777,-0.100093,0.100207,1.000000,-0.000003,0.00,0
314,1.026,-3.471554,0.350624,-3.471554,0.350624,-3.465975,0.452157,,,,-0.005578,-0.101533,0.101686,1.000000,-0.000003,0.00,0
315,1.037,-3.460252,0.396487,-3.443687,0.431583,-3.465174,0.453597,0.004922,-0.057110,0.057322,0.021487,-0.022014,0.030762,1.000000,-0.000003,10.51,1
316,1.038,-3.460252,0.396487,-3.460252,0.396487,-3.465129,0.455037,,,,0.004877,-0.058550,0.058753,1.000000,-0.000003,0.00,0
317,1.041,-3.460252,0.396487,-3.460252,0.396487,-3.465130,0.456477,,,,0.004878,-0.059990,0.060188,1.000000,-0.000003,0.00,0
318,1.042,-3.460252,0.396487,-3.460252,0.396487,-3.465137,0.457917,,,,0.004885,-0.061430,0.061624,1.000000,-0.000003,0.00,0
319,1.044,-3.460252,0.396487,-3.460252,0.396487,-3.465143,0.459357,,,,0.004892,-0.062870,0.063060,1.000000,-0.000003,0.00,0
320,1.046,-3.460252,0.396487,-3.460252,0.396487,-3.465149,0.460797,,,,0.004897,-0.064310,0.064496,1.000000,-0.000003,0.00,0
321,1.047,-3.460252,0.396487,-3.460252,0.396487,-3.465153,0.462237,,,,0.004901,-0.065750,0.065932,1.000000,-0.000003,0.00,0
322,1.047,-3.460252,0.396487,-3.460252,0.396487,-3.465157,0.463677,,,,0.004905,-0.067190,0.067369,1.000000,-0.000003,0.00,0
323,1.049,-3.460252,0.396487,-3.460252,0.396487,-3.465160,0.465117,,,,0.004908,-0.068630,0.068805,1.000000,-0.000003,0.00,0
324,1.050,-3.460252,0.396487,-3.460252,0.396487,-3.465162,0.466557,,,,0.004910,-0.070070,0.070242,1.000000,-0.000003,0.00,0
325,1.052,-3.460252,0.396487,-3.460252,0.396487,-3.465164,0.467997,,,,0.004912,-0.071510,0.071678,1.000000,-0.000003,0.00,0
326,1.053,-3.460252,0.396487,-3.460252,0.396487,-3.465165,0.469437,,,,0.004913,-0.072950,0.073115,1.000000,-0.000003,0.00,0
327,1.054,-3.460252,0.396487,-3.460252,0.396487,-3.465166,0.470877,,,,0.004914,-0.074390,0.074552,1.000000,-0.000003,0.00,0
328,1.055,-3.460252,0.396487,-3.460252,0.396487,-3.465167,0.472317,,,,0.004915,-0.075830,0.075989,1.000000,-0.000003,0.00,0
329,1.056,-3.460252,0.396487,-3.460252,0.396487,-3.465168,0.473757,,,,0.004916,-0.077270,0.077426,1.000000,-0.000003,0.00,0
330,1.067,-3.445199,0.422607,-3.359077,0.428914,-3.465168,0.475197,0.019969,-0.052589,0.056253,0.106091,-0.046283,0.115747,1.000000,-0.000003,10.01,1
331,1.070,-3.445199,0.422607,-3.445199,0.422607,-3.465169,0.476637,,,,0.019970,-0.054029,0.057602,1.000000,-0.000003,0.00,0
332,1.071,-3.445199,0.422607,-3.445199,0.422607,-3.465169,0.478077,,,,0.019970,-0.055469,0.058955,1.000000,-0.000003,0.00,0
333,1.073,-3.445199,0.422607,-3.445199,0.422607,-3.465169,0.479517,,,,0.019970,-0.056909,0.060312,1.000000,-0.000003,0.00,0
334,1.074,-3.445199,0.422607,-3.445199,0.422607,-3.465169,0.480957,,,,0.019970,-0.058349,0.061672,1.000000,-0.000003,0.00,0
335,1.075,-3.445199,0.422607,-3.445199,0.422607,-3.465170,0.482397,,,,0.019971,-0.059789,0.063036,1.000000,-0.000003,0.00,0
336,1.076,-3.445199,0.422607,-3.445199,0.422607,-3.465170,0.483837,,,,0.019971,-0.061229,0.064404,1.000000,-0.000003,0.00,0
337,1.077,-3.445199,0.422607,-3.445199,0.422607,-3.465170,0.485277,,,,0.019971,-0.062669,0.065774,1.000000,-0.000003,0.00,0
338,1.078,-3.445199,0.422607,-3.445199,0.422607,-3.465170,0.486717,,,,0.019971,-0.064109,0.067148,1.000000,-0.000003,0.00,0
339,1.080,-3.445199,0.422607,-3.445199,0.422607,-3.465170,0.488157,,,,0.019971,-0.065549,0.068524,1.000000,-0.000003,0.00,0
340,1.081,-3.445199,0.422607,-3.445199,0.422607,-3.465170,0.489597,,,,0.019971,-0.066989,0.069903,1.000000,-0.000003,0.00,0
341,1.082,-3.445199,0.422607,-3.445199,0.422607,-3.465170,0.491037,,,,0.019971,-0.068429,0.071284,1.000000,-0.000003,0.00,0
342,1.083,-3.445199,0.422607,-3.445199,0.422607,-3.465170,0.492477,,,,0.019971,-0.069869,0.072667,1.000000,-0.000003,0.00,0
343,1.084,-3.445199,0.422607,-3.445199,0.422607,-3.465170,0.493917,,,,0.019971,-0.071309,0.074053,1.000000,-0.000003,0.00,0
344,1.085,-3.445199,0.422607,-3.445199,0.422607,-3.465170,0.495357,,,,0.019971,-0.072749,0.075441,1.000000,-0.000003,0.00,0
345,1.097,-3.403884,0.421744,-3.408887,0.404735,-3.465170,0.496797,0.061286,-0.075053,0.096897,0.056283,-0.092062,0.107903,1.000000,-0.000003,10.51,1
346,1.100,-3.403884,0.421744,-3.403884,0.421744,-3.465170,0.498237,,,,0.061286,-0.076493,0.098016,1.000000,-0.000003,0.00,0
347,1.101,-3.403884,0.421744,-3.403884,0.421744,-3.465170,0.499677,,,,0.061286,-0.077933,0.099144,1.000000,-0.000003,0.00,0
348,1.102,-3.403884,0.421744,-3.403884,0.421744,-3.465170,0.501117,,,,0.061286,-0.079373,0.100280,1.000000,-0.000003,0.00,0
349,1.103,-3.403884,0.421744,-3.403884,0.421744,-3.465170,0.502557,,,,0.061286,-0.080813,0.101424,1.000000,-0.000003,0.00,0
350,1.105,-3.403884,0.421744,-3.403884,0.421744,-3.465170,0.503997,,,,0.061286,-0.082253,0.102575,1.000000,-0.000003,0.00,0
351,1.106,-3.403884,0.421744,-3.403884,0.421744,-3.465170,0.505437,,,,0.061286,-0.083693,0.103733,1.000000,-0.000003,0.00,0
352,1.107,-3.403884,0.421744,-3.403884,0.421744,-3.465170,0.506877,,,,0.061287,-0.085133,0.104898,1.000000,-0.000003,0.00,0
353,1.108,-3.403884,0.421744,-3.403884,0.421744,-3.465170,0.508317,,,,0.061287,-0.086573,0.106070,1.000000,-0.000003,0.00,0
354,1.110,-3.403884,0.421744,-3.403884,0.421744,-3.465170,0.509757,,,,0.061287,-0.088013,0.107249,1.000000,-0.000003,0.00,0
355,1.112,-3.403884,0.421744,-3.403884,0.421744,-3.465170,0.511197,,,,0.061287,-0.089453,0.108434,1.000000,-0.000003,0.00,0
356,1.113,-3.403884,0.421744,-3.403884,0.421744,-3.465170,0.512637,,,,0.061287,-0.090893,0.109625,1.000000,-0.000003,0.00,0
357,1.114,-3.403884,0.421744,-3.403884,0.421744,-3.465170,0.514077,,,,0.061287,-0.092333,0.110822,1.000000,-0.000003,0.00,0
358,1.115,-3.403884,0.421744,-3.403884,0.421744,-3.465170,0.515517,,,,0.061287,-0.093773,0.112024,1.000000,-0.000003,0.00,0
359,1.118,-3.403884,0.421744,-3.403884,0.421744,-3.465170,0.516957,,,,0.061287,-0.095213,0.113232,1.000000,-0.000003,0.00,0
360,1.130,-3.398056,0.417030,-3.426205,0.417442,-3.465170,0.518397,0.067114,-0.101366,0.121571,0.038965,-0.100955,0.108213,1.000000,-0.000003,11.01,1
361,1.131,-3.398056,0.417030,-3.398056,0.417030,-3.465170,0.519837,,,,0.067114,-0.102806,0.122774,1.000000,-0.000003,0.00,0
362,1.133,-3.398056,0.417030,-3.398056,0.417030,-3.465170,0.521277,,,,0.067114,-0.104246,0.123982,1.000000,-0.000003,0.00,0
363,1.134,-3.398056,0.417030,-3.398056,0.417030,-3.465170,0.522717,,,,0.067114,-0.105686,0.125195,1.000000,-0.000003,0.00,0
364,1.135,-3.398056,0.417030,-3.398056,0.417030,-3.465170,0.524157,,,,0.067114,-0.107126,0.126413,1.000000,-0.000003,0.00,0
365,1.137,-3.398056,0.417030,-3.398056,0.417030,-3.465170,0.525597,,,,0.067114,-0.108566,0.127636,1.000000,-0.000003,0.00,0
366,1.138,-3.398056,0.417030,-3.398056,0.417030,-3.465170,0.527037,,,,0.067114,-0.110006,0.128863,1.000000,-0.000003,0.00,0
367,1.140,-3.398056,0.417030,-3.398056,0.417030,-3.465170,0.528477,,,,0.067114,-0.111446,0.130095,1.000000,-0.000003,0.00,0
368,1.141,-3.398056,0.417030,-3.398056,0.417030,-3.465170,0.529917,,,,0.067114,-0.112886,0.131330,1.000000,-0.000003,0.00,0
369,1.142,-3.398056,0.417030,-3.398056,0.417030,-3.465170,0.531357,,,,0.067114,-0.114326,0.132570,1.000000,-0.000003,0.00,0
370,1.143,-3.398056,0.417030,-3.398056,0.417030,-3.465170,0.532797,,,,0.067114,-0.115766,0.133814,1.000000,-0.000003,0.00,0
371,1.145,-3.398056,0.417030,-3.398056,0.417030,-3.465170,0.534237,,,,0.067114,-0.117206,0.135062,1.000000,-0.000003,0.00,0
372,1.146,-3.398056,0.417030,-3.398056,0.417030,-3.465170,0.535677,,,,0.067114,-0.118646,0.136313,1.000000,-0.000003,0.00,0
373,1.147,-3.398056,0.417030,-3.398056,0.417030,-3.465170,0.537117,,,,0.067114,-0.120086,0.137568,1.000000,-0.000003,0.00,0
374,1.152,-3.398056,0.417030,-3.398056,0.417030,-3.465170,0.538557,,,,0.067114,-0.121526,0.138827,1.000000,-0.000003,0.00,0
375,1.164,-3.433002,0.443291,-3.463914,0.507695,-3.465170,0.539997,0.032168,-0.096706,0.101916,0.001257,-0.032301,0.032326,1.000000,-0.000003,11.01,1
376,1.166,-3.433002,0.443291,-3.433002,0.443291,-3.465170,0.541437,,,,0.032168,-0.098146,0.103283,1.000000,-0.000003,0.00,0
377,1.167,-3.433002,0.443291,-3.433002,0.443291,-3.465170,0.542877,,,,0.032168,-0.099586,0.104653,1.000000,-0.000003,0.00,0
378,1.168,-3.433002,0.443291,-3.433002,0.443291,-3.465170,0.544317,,,,0.032168,-0.101026,0.106024,1.000000,-0.000003,0.00,0
379,1.170,-3.433002,0.443291,-3.433002,0.443291,-3.465170,0.545757,,,,0.032168,-0.102466,0.107397,1.000000,-0.000003,0.00,0
380,1.171,-3.433002,0.443291,-3.433002,0.443291,-3.465170,0.547197,,,,0.032168,-0.103906,0.108772,1.000000,-0.000003,0.00,0
381,1.173,-3.433002,0.443291,-3.433002,0.443291,-3.465170,0.548637,,,,0.032168,-0.105346,0.110148,1.000000,-0.000003,0.00,0
382,1.174,-3.433002,0.443291,-3.433002,0.443291,-3.465170,0.550077,,,,0.032168,-0.106786,0.111526,1.000000,-0.000003,0.00,0
383,1.175,-3.433002,0.443291,-3.433002,0.443291,-3.465170,0.551517,,,,0.032168,-0.108226,0.112906,1.000000,-0.000003,0.00,0
384,1.176,-3.433002,0.443291,-3.433002,0.443291,-3.465170,0.552957,,,,0.032168,-0.109666,0.114287,1.000000,-0.000003,0.00,0
385,1.177,-3.433002,0.443291,-3.433002,0.443291,-3.465170,0.554397,,,,0.032168,-0.111106,0.115669,1.000000,-0.000003,0.00,0
386,1.180,-3.433002,0.443291,-3.433002,0.443291,-3.465170,0.555837,,,,0.032168,-0.112546,0.117053,1.000000,-0.000003,0.00,0
387,1.181,-3.433002,0.443291,-3.433002,0.443291,-3.465170,0.557277,,,,0.032168,-0.113986,0.118438,1.000000,-0.000003,0.00,0
388,1.182,-3.433002,0.443291,-3.433002,0.443291,-3.465170,0.558717,,,,0.032168,-0.115426,0.119825,1.000000,-0.000003,0.00,0
389,1.184,-3.433002,0.443291,-3.433002,0.443291,-3.465170,0.560157,,,,0.032168,-0.116866,0.121213,1.000000,-0.000003,0.00,0
390,1.196,-3.463150,0.488019,-3.499331,0.538920,-3.465170,0.561597,0.002020,-0.073578,0.073606,-0.034161,-0.022677,0.041003,1.000000,-0.000003,11.01,1
391,1.197,-3.463150,0.488019,-3.463150,0.488019,-3.465170,0.563037,,,,0.002020,-0.075018,0.075045,1.000000,-0.000003,0.00,0
392,1.198,-3.463150,0.488019,-3.463150,0.488019,-3.465170,0.564477,,,,0.002020,-0.076458,0.076485,1.000000,-0.000003,0.00,0
393,1.201,-3.463150,0.488019,-3.463150,0.488019,-3.465170,0.565917,,,,0.002020,-0.077898,0.077924,1.000000,-0.000003,0.00,0
394,1.207,-3.463150,0.488019,-3.463150,0.488019,-3.465170,0.567357,,,,0.002020,-0.079338,0.079364,1.000000,-0.000003,0.00,0
395,1.208,-3.463150,0.488019,-3.463150,0.488019,-3.465170,0.568797,,,,0.002020,-0.080778,0.080803,1.000000,-0.000003,0.00,0
396,1.210,-3.463150,0.488019,-3.463150,0.488019,-3.465170,0.570237,,,,0.002020,-0.082218,0.082243,1.000000,-0.000003,0.00,0
397,1.211,-3.463150,0.488019,-3.463150,0.488019,-3.465170,0.571677,,,,0.002020,-0.083658,0.083682,1.000000,-0.000003,0.00,0
398,1.212,-3.463150,0.488019,-3.463150,0.488019,-3.465170,0.573117,,,,0.002020,-0.085098,0.085122,1.000000,-0.000003,0.00,0
399,1.213,-3.463150,0.488019,-3.463150,0.488019,-3.465170,0.574557,,,,0.002020,-0.086538,0.086561,1.000000,-0.000003,0.00,0
400,1.214,-3.463150,0.488019,-3.463150,0.488019,-3.465170,0.575997,,,,0.002020,-0.087978,0.088001,1.000000,-0.000003,0.00,0
401,1.215,-3.463150,0.488019,-3.463150,0.488019,-3.465170,0.577437,,,,0.002020,-0.089418,0.089441,1.000000,-0.000003,0.00,0
402,1.216,-3.463150,0.488019,-3.463150,0.488019,-3.465170,0.578877,,,,0.002020,-0.090858,0.090880,1.000000,-0.000003,0.00,0
403,1.218,-3.463150,0.488019,-3.463150,0.488019,-3.465170,0.580317,,,,0.002020,-0.092298,0.092320,1.000000,-0.000003,0.00,0
404,1.218,-3.463150,0.488019,-3.463150,0.488019,-3.465170,0.581757,,,,0.002020,-0.093738,0.093760,1.000000,-0.000003,0.00,0
405,1.231,-3.450905,0.520441,-3.389469,0.514707,-3.465170,0.583197,0.014266,-0.062756,0.064357,0.075701,-0.068489,0.102086,1.000000,-0.000003,11.01,1
406,1.234,-3.450905,0.520441,-3.450905,0.520441,-3.465170,0.584637,,,,0.014266,-0.064196,0.065762,1.000000,-0.000003,0.00,0
407,1.235,-3.450905,0.520441,-3.450905,0.520441,-3.465170,0.586077,,,,0.014266,-0.065636,0.067168,1.000000,-0.000003,0.00,0
408,1.236,-3.450905,0.520441,-3.450905,0.520441,-3.465170,0.587517,,,,0.014266,-0.067076,0.068576,1.000000,-0.000003,0.00,0
409,1.237,-3.450905,0.520441,-3.450905,0.520441,-3.465170,0.588957,,,,0.014266,-0.068516,0.069985,1.000000,-0.000003,0.00,0
410,1.238,-3.450905,0.520441,-3.450905,0.520441,-3.465170,0.590397,,,,0.014266,-0.069956,0.071396,1.000000,-0.000003,0.00,0
411,1.240,-3.450905,0.520441,-3.450905,0.520441,-3.465170,0.591837,,,,0.014266,-0.071396,0.072807,1.000000,-0.000003,0.00,0
412,1.242,-3.450905,0.520441,-3.450905,0.520441,-3.465170,0.593277,,,,0.014266,-0.072836,0.074220,1.000000,-0.000003,0.00,0
413,1.243,-3.450905,0.520441,-3.450905,0.520441,-3.465170,0.594717,,,,0.014266,-0.074276,0.075634,1.000000,-0.000003,0.00,0
414,1.244,-3.450905,0.520441,-3.450905,0.520441,-3.465170,0.596157,,,,0.014266,-0.075716,0.077048,1.000000,-0.000003,0.00,0
415,1.245,-3.450905,0.520441,-3.450905,0.520441,-3.465170,0.597597,,,,0.014266,-0.077156,0.078464,1.000000,-0.000003,0.00,0
416,1.246,-3.450905,0.520441,-3.450905,0.520441,-3.465170,0.599037,,,,0.014266,-0.078596,0.079880,1.000000,-0.000003,0.00,0
417,1.249,-3.450905,0.520441,-3.450905,0.520441,-3.465170,0.600477,,,,0.014266,-0.080036,0.081298,1.000000,-0.000003,0.00,0
418,1.250,-3.450905,0.520441,-3.450905,0.520441,-3.465170,0.601917,,,,0.014266,-0.081476,0.082716,1.000000,-0.000003,0.00,0
419,1.252,-3.450905,0.520441,-3.450905,0.520441,-3.465170,0.603357,,,,0.014266,-0.082916,0.084134,1.000000,-0.000003,0.00,0
420,1.264,-3.446280,0.528754,-3.450040,0.532634,-3.465170,0.604797,0.018890,-0.076043,0.078354,0.015130,-0.072163,0.073732,1.000000,-0.000003,11.01,1
421,1.265,-3.446280,0.528754,-3.446280,0.528754,-3.465170,0.606237,,,,0.018890,-0.077483,0.079753,1.000000,-0.000003,0.00,0
422,1.267,-3.446280,0.528754,-3.446280,0.528754,-3.465170,0.607677,,,,0.018890,-0.078923,0.081152,1.000000,-0.000003,0.00,0
423,1.268,-3.446280,0.528754,-3.446280,0.528754,-3.465170,0.609117,,,,0.018890,-0.080363,0.082554,1.000000,-0.000003,0.00,0
424,1.269,-3.446280,0.528754,-3.446280,0.528754,-3.465170,0.610557,,,,0.018890,-0.081803,0.083956,1.000000,-0.000003,0.00,0
425,1.271,-3.446280,0.528754,-3.446280,0.528754,-3.465170,0.611997,,,,0.018890,-0.083243,0.085360,1.000000,-0.000003,0.00,0
426,1.272,-3.446280,0.528754,-3.446280,0.528754,-3.465170,0.613437,,,,0.018890,-0.084683,0.086765,1.000000,-0.000003,0.00,0
427,1.273,-3.446280,0.528754,-3.446280,0.528754,-3.465170,0.614877,,,,0.018890,-0.086123,0.088171,1.000000,-0.000003,0.00,0
428,1.274,-3.446280,0.528754,-3.446280,0.528754,-3.465170,0.616317,,,,0.018890,-0.087563,0.089578,1.000000,-0.000003,0.00,0
429,1.275,-3.446280,0.528754,-3.446280,0.528754,-3.465170,0.617757,,,,0.018890,-0.089003,0.090986,1.000000,-0.000003,0.00,0
430,1.277,-3.446280,0.528754,-3.446280,0.528754,-3.465170,0.619197,,,,0.018890,-0.090443,0.092395,1.000000,-0.000003,0.00,0
431,1.278,-3.446280,0.528754,-3.446280,0.528754,-3.465170,0.620637,,,,0.018890,-0.091883,0.093805,1.000000,-0.000003,0.00,0
432,1.279,-3.446280,0.528754,-3.446280,0.528754,-3.465170,0.622077,,,,0.018890,-0.093323,0.095216,1.000000,-0.000003,0.00,0
433,1.281,-3.446280,0.528754,-3.446280,0.528754,-3.465170,0.623517,,,,0.018890,-0.094763,0.096628,1.000000,-0.000003,0.00,0
434,1.282,-3.446280,0.528754,-3.446280,0.528754,-3.465170,0.624957,,,,0.018890,-0.096203,0.098040,1.000000,-0.000003,0.00,0
435,1.294,-3.435424,0.518279,-3.466762,0.507495,-3.465170,0.626397,0.029746,-0.108118,0.112136,-0.001592,-0.118902,0.118913,1.000000,-0.000003,10.51,1
436,1.295,-3.435424,0.518279,-3.435424,0.518279,-3.465170,0.627837,,,,0.029746,-0.109558,0.113525,1.000000,-0.000003,0.00,0
437,1.298,-3.435424,0.518279,-3.435424,0.518279,-3.465170,0.629277,,,,0.029746,-0.110998,0.114915,1.000000,-0.000003,0.00,0
438,1.299,-3.435424,0.518279,-3.435424,0.518279,-3.465170,0.630717,,,,0.029746,-0.112438,0.116307,1.000000,-0.000003,0.00,0
439,1.300,-3.435424,0.518279,-3.435424,0.518279,-3.465170,0.632157,,,,0.029746,-0.113878,0.117699,1.000000,-0.000003,0.00,0
440,1.301,-3.435424,0.518279,-3.435424,0.518279,-3.465170,0.633597,,,,0.029746,-0.115318,0.119093,1.000000,-0.000003,0.00,0
441,1.303,-3.435424,0.518279,-3.435424,0.518279,-3.465170,0.635037,,,,0.029746,-0.116758,0.120488,1.000000,-0.000003,0.00,0
442,1.304,-3.435424,0.518279,-3.435424,0.518279,-3.465170,0.636477,,,,0.029746,-0.118198,0.121884,1.000000,-0.000003,0.00,0
443,1.306,-3.435424,0.518279,-3.435424,0.518279,-3.465170,0.637917,,,,0.029746,-0.119638,0.123281,1.000000,-0.000003,0.00,0
444,1.307,-3.435424,0.518279,-3.435424,0.518279,-3.465170,0.639357,,,,0.029746,-0.121078,0.124679,1.000000,-0.000003,0.00,0
445,1.308,-3.435424,0.518279,-3.435424,0.518279,-3.465170,0.640797,,,,0.029746,-0.122518,0.126078,1.000000,-0.000003,0.00,0
446,1.309,-3.435424,0.518279,-3.435424,0.518279,-3.465170,0.642237,,,,0.029746,-0.123958,0.127478,1.000000,-0.000003,0.00,0
447,1.310,-3.435424,0.518279,-3.435424,0.518279,-3.465170,0.643677,,,,0.029746,-0.125398,0.128878,1.000000,-0.000003,0.00,0
448,1.311,-3.435424,0.518279,-3.435424,0.518279,-3.465170,0.645117,,,,0.029746,-0.126838,0.130280,1.000000,-0.000003,0.00,0
449,1.312,-3.435424,0.518279,-3.435424,0.518279,-3.465170,0.646557,,,,0.029746,-0.128278,0.131682,1.000000,-0.000003,0.00,0
450,1.325,-3.470036,0.556043,-3.493304,0.628000,-3.465170,0.647997,-0.004866,-0.091954,0.092083,-0.028134,-0.019998,0.034517,1.000000,-0.000003,11.01,1
451,1.326,-3.470036,0.556043,-3.470036,0.556043,-3.464429,0.649437,,,,-0.005606,-0.093394,0.093562,1.000000,-0.000003,0.00,0
452,1.327,-3.470036,0.556043,-3.470036,0.556043,-3.463644,0.650877,,,,-0.006391,-0.094834,0.095049,1.000000,-0.000003,0.00,0
453,1.328,-3.470036,0.556043,-3.470036,0.556043,-3.462853,0.652317,,,,-0.007182,-0.096274,0.096542,1.000000,-0.000003,0.00,0
454,1.330,-3.470036,0.556043,-3.470036,0.556043,-3.462062,0.653757,,,,-0.007973,-0.097714,0.098039,1.000000,-0.000003,0.00,0
455,1.331,-3.470036,0.556043,-3.470036,0.556043,-3.461273,0.655197,,,,-0.008763,-0.099154,0.099541,1.000000,-0.000003,0.00,0
456,1.334,-3.470036,0.556043,-3.470036,0.556043,-3.460484,0.656637,,,,-0.009552,-0.100594,0.101047,1.000000,-0.000003,0.00,0
457,1.335,-3.470036,0.556043,-3.470036,0.556043,-3.459696,0.658077,,,,-0.010340,-0.102034,0.102557,1.000000,-0.000003,0.00,0
458,1.336,-3.470036,0.556043,-3.470036,0.556043,-3.458909,0.659517,,,,-0.011127,-0.103474,0.104071,1.000000,-0.000003,0.00,0
459,1.338,-3.470036,0.556043,-3.470036,0.556043,-3.458122,0.660957,,,,-0.011913,-0.104914,0.105588,1.000000,-0.000003,0.00,0
460,1.338,-3.470036,0.556043,-3.470036,0.556043,-3.457336,0.662397,,,,-0.012699,-0.106354,0.107110,1.000000,-0.000003,0.00,0
461,1.341,-3.470036,0.556043,-3.470036,0.556043,-3.456550,0.663837,,,,-0.013485,-0.107794,0.108634,1.000000,-0.000003,0.00,0
462,1.342,-3.470036,0.556043,-3.470036,0.556043,-3.455765,0.665277,,,,-0.014271,-0.109234,0.110162,1.000000,-0.000003,0.00,0
463,1.344,-3.470036,0.556043,-3.470036,0.556043,-3.454980,0.666717,,,,-0.015056,-0.110674,0.111694,1.000000,-0.000003,0.00,0
464,1.345,-3.470036,0.556043,-3.470036,0.556043,-3.454195,0.668157,,,,-0.015841,-0.112114,0.113228,1.000000,-0.000003,0.00,0
465,1.357,-3.464402,0.591048,-3.433140,0.637648,-3.453410,0.669597,-0.010992,-0.078550,0.079315,0.020270,-0.031949,0.037837,1.000000,-0.000003,11.01,1
466,1.360,-3.464402,0.591048,-3.464402,0.591048,-3.453366,0.671037,,,,-0.011037,-0.079990,0.080747,1.000000,-0.000003,0.00,0
467,1.361,-3.464402,0.591048,-3.464402,0.591048,-3.453366,0.672477,,,,-0.011036,-0.081430,0.082174,1.000000,-0.000003,0.00,0
468,1.363,-3.464402,0.591048,-3.464402,0.591048,-3.453372,0.673917,,,,-0.011030,-0.082870,0.083600,1.000000,-0.000003,0.00,0
469,1.364,-3.464402,0.591048,-3.464402,0.591048,-3.453379,0.675357,,,,-0.011024,-0.084310,0.085027,1.000000,-0.000003,0.00,0
470,1.365,-3.464402,0.591048,-3.464402,0.591048,-3.453384,0.676797,,,,-0.011018,-0.085750,0.086455,1.000000,-0.000003,0.00,0
471,1.366,-3.464402,0.591048,-3.464402,0.591048,-3.453388,0.678237,,,,-0.011014,-0.087190,0.087883,1.000000,-0.000003,0.00,0
472,1.367,-3.464402,0.591048,-3.464402,0.591048,-3.453391,0.679677,,,,-0.011011,-0.088630,0.089311,1.000000,-0.000003,0.00,0
473,1.368,-3.464402,0.591048,-3.464402,0.591048,-3.453394,0.681117,,,,-0.011008,-0.090070,0.090740,1.000000,-0.000003,0.00,0
474,1.370,-3.464402,0.591048,-3.464402,0.591048,-3.453396,0.682557,,,,-0.011006,-0.091510,0.092169,1.000000,-0.000003,0.00,0
475,1.371,-3.464402,0.591048,-3.464402,0.591048,-3.453398,0.683997,,,,-0.011004,-0.092950,0.093599,1.000000,-0.000003,0.00,0
476,1.372,-3.464402,0.591048,-3.464402,0.591048,-3.453399,0.685437,,,,-0.011003,-0.094390,0.095029,1.000000,-0.000003,0.00,0
477,1.373,-3.464402,0.591048,-3.464402,0.591048,-3.453400,0.686877,,,,-0.011002,-0.095830,0.096459,1.000000,-0.000003,0.00,0
478,1.375,-3.464402,0.591048,-3.464402,0.591048,-3.453401,0.688317,,,,-0.011001,-0.097270,0.097890,1.000000,-0.000003,0.00,0
479,1.375,-3.464402,0.591048,-3.464402,0.591048,-3.453402,0.689757,,,,-0.011001,-0.098710,0.099321,1.000000,-0.000003,0.00,0
480,1.389,-3.445187,0.653853,-3.409116,0.695911,-3.453402,0.691197,0.008215,-0.037344,0.038237,0.044286,0.004714,0.044537,1.000000,-0.000003,11.51,1
481,1.390,-3.445187,0.653853,-3.445187,0.653853,-3.453403,0.692637,,,,0.008216,-0.038784,0.039645,1.000000,-0.000003,0.00,0
482,1.391,-3.445187,0.653853,-3.445187,0.653853,-3.453403,0.694077,,,,0.008216,-0.040224,0.041055,1.000000,-0.000003,0.00,0
483,1.393,-3.445187,0.653853,-3.445187,0.653853,-3.453403,0.695517,,,,0.008216,-0.041664,0.042467,1.000000,-0.000003,0.00,0
484,1.394,-3.445187,0.653853,-3.445187,0.653853,-3.453403,0.696957,,,,0.008216,-0.043104,0.043880,1.000000,-0.000003,0.00,0
485,1.397,-3.445187,0.653853,-3.445187,0.653853,-3.453403,0.698397,,,,0.008217,-0.044544,0.045296,1.000000,-0.000003,0.00,0
486,1.398,-3.445187,0.653853,-3.445187,0.653853,-3.453404,0.699837,,,,0.008217,-0.045984,0.046713,1.000000,-0.000003,0.00,0
487,1.399,-3.445187,0.653853,-3.445187,0.653853,-3.453404,0.701277,,,,0.008217,-0.047424,0.048131,1.000000,-0.000003,0.00,0
488,1.400,-3.445187,0.653853,-3.445187,0.653853,-3.453404,0.702717,,,,0.008217,-0.048864,0.049550,1.000000,-0.000003,0.00,0
489,1.401,-3.445187,0.653853,-3.445187,0.653853,-3.453404,0.704157,,,,0.008217,-0.050304,0.050971,1.000000,-0.000003,0.00,0
490,1.403,-3.445187,0.653853,-3.445187,0.653853,-3.453404,0.705597,,,,0.008217,-0.051744,0.052393,1.000000,-0.000002,0.00,0
491,1.404,-3.445187,0.653853,-3.445187,0.653853,-3.453404,0.707037,,,,0.008217,-0.053184,0.053815,1.000000,-0.000002,0.00,0
492,1.407,-3.445187,0.653853,-3.445187,0.653853,-3.453404,0.708477,,,,0.008217,-0.054624,0.055239,1.000000,-0.000002,0.00,0
493,1.409,-3.445187,0.653853,-3.445187,0.653853,-3.453404,0.709917,,,,0.008217,-0.056064,0.056663,1.000000,-0.000002,0.00,0
494,1.410,-3.445187,0.653853,-3.445187,0.653853,-3.453404,0.711357,,,,0.008217,-0.057504,0.058088,1.000000,-0.000002,0.00,0
495,1.422,-3.406234,0.678239,-3.376446,0.701158,-3.453404,0.712797,0.047170,-0.034558,0.058475,0.076958,-0.011639,0.077833,1.000000,-0.000002,11.01,1
496,1.424,-3.406234,0.678239,-3.406234,0.678239,-3.453404,0.714237,,,,0.047170,-0.035998,0.059337,1.000000,-0.000002,0.00,0
497,1.425,-3.406234,0.678239,-3.406234,0.678239,-3.453404,0.715677,,,,0.047170,-0.037438,0.060221,1.000000,-0.000002,0.00,0
498,1.427,-3.406234,0.678239,-3.406234,0.678239,-3.453404,0.717117,,,,0.047170,-0.038878,0.061127,1.000000,-0.000002,0.00,0
499,1.429,-3.406234,0.678239,-3.406234,0.678239,-3.453404,0.718557,,,,0.047170,-0.040318,0.062053,1.000000,-0.000002,0.00,0
500,1.429,-3.406234,0.678239,-3.406234,0.678239,-3.453404,0.719997,,,,0.047170,-0.041758,0.062998,1.000000,-0.000002,0.00,0
501,1.431,-3.406234,0.678239,-3.406234,0.678239,-3.453404,0.721437,,,,0.047170,-0.043198,0.063962,1.000000,-0.000002,0.00,0
502,1.432,-3.406234,0.678239,-3.406234,0.678239,-3.453404,0.722877,,,,0.047170,-0.044638,0.064943,1.000000,-0.000002,0.00,0
503,1.433,-3.406234,0.678239,-3.406234,0.678239,-3.453404,0.724317,,,,0.047170,-0.046078,0.065941,1.000000,-0.000002,0.00,0
504,1.434,-3.406234,0.678239,-3.406234,0.678239,-3.453404,0.725757,,,,0.047170,-0.047518,0.066955,1.000000,-0.000002,0.00,0
505,1.435,-3.406234,0.678239,-3.406234,0.678239,-3.453404,0.727197,,,,0.047170,-0.048958,0.067985,1.000000,-0.000002,0.00,0
506,1.437,-3.406234,0.678239,-3.406234,0.678239,-3.453404,0.728637,,,,0.047170,-0.050398,0.069029,1.000000,-0.000002,0.00,0
507,1.438,-3.406234,0.678239,-3.406234,0.678239,-3.453404,0.730077,,,,0.047170,-0.051838,0.070087,1.000000,-0.000002,0.00,0
508,1.439,-3.406234,0.678239,-3.406234,0.678239,-3.453404,0.731517,,,,0.047170,-0.053278,0.071159,1.000000,-0.000002,0.00,0
509,1.440,-3.406234,0.678239,-3.406234,0.678239,-3.453404,0.732957,,,,0.047170,-0.054718,0.072243,1.000000,-0.000002,0.00,0
510,1.454,-3.387590,0.719723,-3.377207,0.762101,-3.453404,0.734397,0.065814,-0.014674,0.067430,0.076197,0.027704,0.081077,1.000000,-0.000002,10.51,1
511,1.455,-3.387590,0.719723,-3.387590,0.719723,-3.453404,0.735837,,,,0.065814,-0.016114,0.067758,1.000000,-0.000002,0.00,0
512,1.457,-3.387590,0.719723,-3.387590,0.719723,-3.453404,0.737277,,,,0.065814,-0.017554,0.068115,1.000000,-0.000002,0.00,0
513,1.457,-3.387590,0.719723,-3.387590,0.719723,-3.453404,0.738717,,,,0.065814,-0.018994,0.068500,1.000000,-0.000002,0.00,0
514,1.458,-3.387590,0.719723,-3.387590,0.719723,-3.453404,0.740157,,,,0.065814,-0.020434,0.068914,1.000000,-0.000002,0.00,0
515,1.459,-3.387590,0.719723,-3.387590,0.719723,-3.453404,0.741597,,,,0.065814,-0.021874,0.069354,1.000000,-0.000002,0.00,0
516,1.462,-3.387590,0.719723,-3.387590,0.719723,-3.453404,0.743037,,,,0.065814,-0.023314,0.069822,1.000000,-0.000002,0.00,0
517,1.463,-3.387590,0.719723,-3.387590,0.719723,-3.453404,0.744477,,,,0.065814,-0.024754,0.070316,1.000000,-0.000002,0.00,0
518,1.465,-3.387590,0.719723,-3.387590,0.719723,-3.453404,0.745917,,,,0.065814,-0.026194,0.070835,1.000000,-0.000002,0.00,0
519,1.465,-3.387590,0.719723,-3.387590,0.719723,-3.453404,0.747357,,,,0.065814,-0.027634,0.071380,1.000000,-0.000002,0.00,0
520,1.468,-3.387590,0.719723,-3.387590,0.719723,-3.453404,0.748797,,,,0.065814,-0.029074,0.071950,1.000000,-0.000002,0.00,0
521,1.469,-3.387590,0.719723,-3.387590,0.719723,-3.453404,0.750237,,,,0.065815,-0.030514,0.072544,1.000000,-0.000002,0.00,0
522,1.470,-3.387590,0.719723,-3.387590,0.719723,-3.453404,0.751677,,,,0.065815,-0.031954,0.073161,1.000000,-0.000002,0.00,0
523,1.471,-3.387590,0.719723,-3.387590,0.719723,-3.453404,0.753117,,,,0.065815,-0.033394,0.073802,1.000000,-0.000002,0.00,0
524,1.472,-3.387590,0.719723,-3.387590,0.719723,-3.453404,0.754557,,,,0.065815,-0.034834,0.074464,1.000000,-0.000002,0.00,0
525,1.485,-3.415003,0.738801,-3.491354,0.753144,-3.453404,0.755997,0.038402,-0.017196,0.042076,-0.037950,-0.002853,0.038057,1.000000,-0.000002,10.51,1
526,1.487,-3.415003,0.738801,-3.415003,0.738801,-3.453404,0.757437,,,,0.038402,-0.018636,0.042685,1.000000,-0.000002,0.00,0
527,1.488,-3.415003,0.738801,-3.415003,0.738801,-3.453404,0.758877,,,,0.038402,-0.020076,0.043333,1.000000,-0.000002,0.00,0
528,1.489,-3.415003,0.738801,-3.415003,0.738801,-3.453404,0.760317,,,,0.038402,-0.021516,0.044018,1.000000,-0.000002,0.00,0
529,1.490,-3.415003,0.738801,-3.415003,0.738801,-3.453404,0.761757,,,,0.038402,-0.022956,0.044740,1.000000,-0.000002,0.00,0
530,1.492,-3.415003,0.738801,-3.415003,0.738801,-3.453404,0.763197,,,,0.038402,-0.024396,0.045496,1.000000,-0.000002,0.00,0
531,1.493,-3.415003,0.738801,-3.415003,0.738801,-3.453404,0.764637,,,,0.038402,-0.025836,0.046284,1.000000,-0.000002,0.00,0
532,1.494,-3.415003,0.738801,-3.415003,0.738801,-3.453404,0.766077,,,,0.038402,-0.027276,0.047103,1.000000,-0.000002,0.00,0
533,1.495,-3.415003,0.738801,-3.415003,0.738801,-3.453404,0.767517,,,,0.038402,-0.028716,0.047951,1.000000,-0.000002,0.00,0
534,1.497,-3.415003,0.738801,-3.415003,0.738801,-3.453404,0.768957,,,,0.038402,-0.030156,0.048827,1.000000,-0.000002,0.00,0
535,1.498,-3.415003,0.738801,-3.415003,0.738801,-3.453404,0.770397,,,,0.038402,-0.031596,0.049729,1.000000,-0.000002,0.00,0
536,1.499,-3.415003,0.738801,-3.415003,0.738801,-3.453404,0.771837,,,,0.038402,-0.033036,0.050656,1.000000,-0.000002,0.00,0
537,1.500,-3.415003,0.738801,-3.415003,0.738801,-3.453404,0.773277,,,,0.038402,-0.034476,0.051607,1.000000,-0.000002,0.00,0
538,1.501,-3.415003,0.738801,-3.415003,0.738801,-3.453404,0.774717,,,,0.038402,-0.035916,0.052580,1.000000,-0.000002,0.00,0
539,1.507,-3.415003,0.738801,-3.415003,0.738801,-3.453404,0.776157,,,,0.038402,-0.037356,0.053574,1.000000,-0.000002,0.00,0
540,1.519,-3.450872,0.768018,-3.484055,0.788810,-3.453404,0.777597,0.002533,-0.009579,0.009908,-0.030651,0.011214,0.032638,1.000000,-0.000002,10.62,1
541,1.520,-3.450872,0.768018,-3.450872,0.768018,-3.453404,0.779037,,,,0.002533,-0.011019,0.011306,1.000000,-0.000002,0.00,0
542,1.521,-3.450872,0.768018,-3.450872,0.768018,-3.453404,0.780477,,,,0.002533,-0.012459,0.012713,1.000000,-0.000002,0.00,0
543,1.523,-3.450872,0.768018,-3.450872,0.768018,-3.453404,0.781917,,,,0.002533,-0.013899,0.014127,1.000000,-0.000002,0.00,0
544,1.525,-3.450872,0.768018,-3.450872,0.768018,-3.453404,0.783357,,,,0.002533,-0.015339,0.015546,1.000000,-0.000002,0.00,0
545,1.526,-3.450872,0.768018,-3.450872,0.768018,-3.453404,0.784797,,,,0.002533,-0.016779,0.016969,1.000000,-0.000002,0.00,0
546,1.527,-3.450872,0.768018,-3.450872,0.768018,-3.453404,0.786237,,,,0.002533,-0.018219,0.018394,1.000000,-0.000002,0.00,0
547,1.528,-3.450872,0.768018,-3.450872,0.768018,-3.453404,0.787677,,,,0.002533,-0.019659,0.019821,1.000000,-0.000002,0.00,0
548,1.530,-3.450872,0.768018,-3.450872,0.768018,-3.453404,0.789117,,,,0.002533,-0.021099,0.021250,1.000000,-0.000002,0.00,0
549,1.531,-3.450872,0.768018,-3.450872,0.768018,-3.453404,0.790557,,,,0.002533,-0.022539,0.022680,1.000000,-0.000002,0.00,0
550,1.532,-3.450872,0.768018,-3.450872,0.768018,-3.453404,0.791997,,,,0.002533,-0.023979,0.024112,1.000000,-0.000003,0.00,0
551,1.533,-3.450872,0.768018,-3.450872,0.768018,-3.453404,0.793437,,,,0.002533,-0.025419,0.025544,1.000000,-0.000003,0.00,0
552,1.534,-3.450872,0.768018,-3.450872,0.768018,-3.453404,0.794877,,,,0.002533,-0.026859,0.026978,1.000000,-0.000003,0.00,0
553,1.536,-3.450872,0.768018,-3.450872,0.768018,-3.453404,0.796317,,,,0.002533,-0.028299,0.028412,1.000000,-0.000003,0.00,0
554,1.537,-3.450872,0.768018,-3.450872,0.768018,-3.453404,0.797757,,,,0.002533,-0.029739,0.029846,1.000000,-0.000003,0.00,0
555,1.548,-3.488966,0.764729,-3.491489,0.752231,-3.453404,0.799197,-0.035562,-0.034468,0.049525,-0.038085,-0.046965,0.060467,1.000000,-0.000003,11.01,1
556,1.551,-3.488966,0.764729,-3.488966,0.764729,-3.452464,0.800637,,,,-0.036502,-0.035908,0.051204,1.000000,-0.000003,0.00,0
557,1.552,-3.488966,0.764729,-3.488966,0.764729,-3.451466,0.802077,,,,-0.037500,-0.037348,0.052926,1.000000,-0.000003,0.00,0
558,1.554,-3.488966,0.764729,-3.488966,0.764729,-3.450461,0.803517,,,,-0.038505,-0.038788,0.054655,1.000000,-0.000003,0.00,0
559,1.555,-3.488966,0.764729,-3.488966,0.764729,-3.449457,0.804957,,,,-0.039509,-0.040228,0.056385,1.000000,-0.000003,0.00,0
560,1.556,-3.488966,0.764729,-3.488966,0.764729,-3.448453,0.806397,,,,-0.040513,-0.041668,0.058116,1.000000,-0.000003,0.00,0
561,1.557,-3.488966,0.764729,-3.488966,0.764729,-3.447451,0.807837,,,,-0.041515,-0.043108,0.059848,1.000000,-0.000003,0.00,0
562,1.558,-3.488966,0.764729,-3.488966,0.764729,-3.446451,0.809277,,,,-0.042515,-0.044548,0.061580,1.000000,-0.000003,0.00,0
563,1.560,-3.488966,0.764729,-3.488966,0.764729,-3.445451,0.810717,,,,-0.043515,-0.045988,0.063313,1.000000,-0.000003,0.00,0
564,1.561,-3.488966,0.764729,-3.488966,0.764729,-3.444452,0.812157,,,,-0.044514,-0.047428,0.065046,1.000000,-0.000003,0.00,0
565,1.563,-3.488966,0.764729,-3.488966,0.764729,-3.443453,0.813597,,,,-0.045513,-0.048868,0.066780,1.000000,-0.000003,0.00,0
566,1.564,-3.488966,0.764729,-3.488966,0.764729,-3.442455,0.815037,,,,-0.046511,-0.050308,0.068514,1.000000,-0.000003,0.00,0
567,1.565,-3.488966,0.764729,-3.488966,0.764729,-3.441457,0.816477,,,,-0.047509,-0.051748,0.070249,1.000000,-0.000003,0.00,0
568,1.566,-3.488966,0.764729,-3.488966,0.764729,-3.440460,0.817917,,,,-0.048506,-0.053188,0.071985,1.000000,-0.000003,0.00,0
569,1.567,-3.488966,0.764729,-3.488966,0.764729,-3.439462,0.819357,,,,-0.049504,-0.054628,0.073721,1.000000,-0.000003,0.00,0
570,1.581,-3.468663,0.761705,-3.430444,0.744074,-3.438465,0.820797,-0.030198,-0.059092,0.066360,0.008022,-0.076723,0.077141,1.000000,-0.000003,11.02,1
571,1.582,-3.468663,0.761705,-3.468663,0.761705,-3.438409,0.822237,,,,-0.030254,-0.060532,0.067671,1.000000,-0.000003,0.00,0
572,1.583,-3.468663,0.761705,-3.468663,0.761705,-3.438409,0.823677,,,,-0.030254,-0.061972,0.068962,1.000000,-0.000003,0.00,0
573,1.584,-3.468663,0.761705,-3.468663,0.761705,-3.438418,0.825117,,,,-0.030245,-0.063412,0.070255,1.000000,-0.000003,0.00,0
574,1.585,-3.468663,0.761705,-3.468663,0.761705,-3.438426,0.826557,,,,-0.030237,-0.064852,0.071554,1.000000,-0.000003,0.00,0
575,1.588,-3.468663,0.761705,-3.468663,0.761705,-3.438432,0.827997,,,,-0.030231,-0.066292,0.072859,1.000000,-0.000003,0.00,0
576,1.589,-3.468663,0.761705,-3.468663,0.761705,-3.438438,0.829437,,,,-0.030225,-0.067732,0.074170,1.000000,-0.000003,0.00,0
577,1.591,-3.468663,0.761705,-3.468663,0.761705,-3.438442,0.830877,,,,-0.030221,-0.069172,0.075485,1.000000,-0.000003,0.00,0
578,1.592,-3.468663,0.761705,-3.468663,0.761705,-3.438445,0.832317,,,,-0.030218,-0.070612,0.076806,1.000000,-0.000003,0.00,0
579,1.593,-3.468663,0.761705,-3.468663,0.761705,-3.438448,0.833757,,,,-0.030215,-0.072052,0.078131,1.000000,-0.000003,0.00,0
580,1.594,-3.468663,0.761705,-3.468663,0.761705,-3.438450,0.835197,,,,-0.030213,-0.073492,0.079460,1.000000,-0.000003,0.00,0
581,1.595,-3.468663,0.761705,-3.468663,0.761705,-3.438452,0.836637,,,,-0.030211,-0.074932,0.080793,1.000000,-0.000003,0.00,0
582,1.597,-3.468663,0.761705,-3.468663,0.761705,-3.438453,0.838077,,,,-0.030210,-0.076372,0.082130,1.000000,-0.000003,0.00,0
583,1.598,-3.468663,0.761705,-3.468663,0.761705,-3.438454,0.839517,,,,-0.030209,-0.077812,0.083470,1.000000,-0.000003,0.00,0
584,1.598,-3.468663,0.761705,-3.468663,0.761705,-3.438455,0.840957,,,,-0.030208,-0.079252,0.084814,1.000000,-0.000003,0.00,0
585,1.611,-3.442221,0.763158,-3.404729,0.793168,-3.438455,0.842397,-0.003765,-0.079239,0.079328,0.033726,-0.049229,0.059674,1.000000,-0.000003,10.01,1
586,1.614,-3.442221,0.763158,-3.442221,0.763158,-3.438456,0.843837,,,,-0.003765,-0.080679,0.080767,1.000000,-0.000003,0.00,0
587,1.615,-3.442221,0.763158,-3.442221,0.763158,-3.438456,0.845277,,,,-0.003764,-0.082119,0.082205,1.000000,-0.000003,0.00,0
588,1.617,-3.442221,0.763158,-3.442221,0.763158,-3.438457,0.846717,,,,-0.003764,-0.083559,0.083644,1.000000,-0.000003,0.00,0
589,1.618,-3.442221,0.763158,-3.442221,0.763158,-3.438457,0.848157,,,,-0.003764,-0.084999,0.085082,1.000000,-0.000003,0.00,0
590,1.619,-3.442221,0.763158,-3.442221,0.763158,-3.438457,0.849597,,,,-0.003764,-0.086439,0.086521,1.000000,-0.000003,0.00,0
591,1.620,-3.442221,0.763158,-3.442221,0.763158,-3.438457,0.851037,,,,-0.003763,-0.087879,0.087960,1.000000,-0.000003,0.00,0
592,1.622,-3.442221,0.763158,-3.442221,0.763158,-3.438457,0.852477,,,,-0.003763,-0.089319,0.089398,1.000000,-0.000003,0.00,0
593,1.623,-3.442221,0.763158,-3.442221,0.763158,-3.438458,0.853917,,,,-0.003763,-0.090759,0.090837,1.000000,-0.000003,0.00,0
594,1.624,-3.442221,0.763158,-3.442221,0.763158,-3.438458,0.855357,,,,-0.003763,-0.092199,0.092276,1.000000,-0.000003,0.00,0
595,1.625,-3.442221,0.763158,-3.442221,0.763158,-3.438458,0.856797,,,,-0.003763,-0.093639,0.093715,1.000000,-0.000003,0.00,0
596,1.626,-3.442221,0.763158,-3.442221,0.763158,-3.438458,0.858237,,,,-0.003763,-0.095079,0.095154,1.000000,-0.000003,0.00,0
597,1.627,-3.442221,0.763158,-3.442221,0.763158,-3.438458,0.859677,,,,-0.003763,-0.096519,0.096592,1.000000,-0.000003,0.00,0
598,1.628,-3.442221,0.763158,-3.442221,0.763158,-3.438458,0.861117,,,,-0.003763,-0.097959,0.098031,1.000000,-0.000003,0.00,0
599,1.630,-3.442221,0.763158,-3.442221,0.763158,-3.438458,0.862557,,,,-0.003763,-0.099399,0.099470,1.000000,-0.000003,0.00,0
600,1.643,-3.422553,0.789143,-3.432486,0.830186,-3.438458,0.863997,0.015905,-0.074854,0.076525,0.005972,-0.033811,0.034334,1.000000,-0.000003,11.01,1
601,1.644,-3.422553,0.789143,-3.422553,0.789143,-3.438458,0.865437,,,,0.015905,-0.076294,0.077935,1.000000,-0.000003,0.00,0
602,1.645,-3.422553,0.789143,-3.422553,0.789143,-3.438458,0.866877,,,,0.015905,-0.077734,0.079345,1.000000,-0.000003,0.00,0
603,1.647,-3.422553,0.789143,-3.422553,0.789143,-3.438458,0.868317,,,,0.015905,-0.079174,0.080756,1.000000,-0.000003,0.00,0
604,1.648,-3.422553,0.789143,-3.422553,0.789143,-3.438458,0.869757,,,,0.015905,-0.080614,0.082168,1.000000,-0.000003,0.00,0
605,1.651,-3.422553,0.789143,-3.422553,0.789143,-3.438458,0.871197,,,,0.015905,-0.082054,0.083582,1.000000,-0.000003,0.00,0
606,1.652,-3.422553,0.789143,-3.422553,0.789143,-3.438458,0.872637,,,,0.015905,-0.083494,0.084996,1.000000,-0.000003,0.00,0
607,1.654,-3.422553,0.789143,-3.422553,0.789143,-3.438458,0.874077,,,,0.015905,-0.084934,0.086411,1.000000,-0.000003,0.00,0
608,1.655,-3.422553,0.789143,-3.422553,0.789143,-3.438458,0.875517,,,,0.015905,-0.086374,0.087827,1.000000,-0.000003,0.00,0
609,1.655,-3.422553,0.789143,-3.422553,0.789143,-3.438458,0.876957,,,,0.015905,-0.087814,0.089243,1.000000,-0.000003,0.00,0
610,1.656,-3.422553,0.789143,-3.422553,0.789143,-3.438458,0.878397,,,,0.015905,-0.089254,0.090660,1.000000,-0.000003,0.00,0
611,1.658,-3.422553,0.789143,-3.422553,0.789143,-3.438458,0.879837,,,,0.015905,-0.090694,0.092078,1.000000,-0.000003,0.00,0
612,1.658,-3.422553,0.789143,-3.422553,0.789143,-3.438458,0.881277,,,,0.015905,-0.092134,0.093497,1.000000,-0.000003,0.00,0
613,1.660,-3.422553,0.789143,-3.422553,0.789143,-3.438458,0.882717,,,,0.015905,-0.093574,0.094916,1.000000,-0.000003,0.00,0
614,1.662,-3.422553,0.789143,-3.422553,0.789143,-3.438458,0.884157,,,,0.015905,-0.095014,0.096336,1.000000,-0.000003,0.00,0
615,1.674,-3.422898,0.849178,-3.431479,0.924181,-3.438458,0.885597,0.015560,-0.036419,0.039603,0.006979,0.038584,0.039210,1.000000,-0.000003,11.01,1
616,1.676,-3.422898,0.849178,-3.422898,0.849178,-3.438458,0.887037,,,,0.015560,-0.037859,0.040931,1.000000,-0.000003,0.00,0
617,1.677,-3.422898,0.849178,-3.422898,0.849178,-3.438458,0.888477,,,,0.015560,-0.039299,0.042267,1.000000,-0.000003,0.00,0
618,1.678,-3.422898,0.849178,-3.422898,0.849178,-3.438458,0.889917,,,,0.015560,-0.040739,0.043609,1.000000,-0.000003,0.00,0
619,1.680,-3.422898,0.849178,-3.422898,0.849178,-3.438458,0.891357,,,,0.015560,-0.042179,0.044957,1.000000,-0.000003,0.00,0
620,1.681,-3.422898,0.849178,-3.422898,0.849178,-3.438458,0.892797,,,,0.015560,-0.043619,0.046311,1.000000,-0.000003,0.00,0
621,1.682,-3.422898,0.849178,-3.422898,0.849178,-3.438458,0.894237,,,,0.015560,-0.045059,0.047670,1.000000,-0.000003,0.00,0
622,1.683,-3.422898,0.849178,-3.422898,0.849178,-3.438458,0.895677,,,,0.015560,-0.046499,0.049033,1.000000,-0.000003,0.00,0
623,1.684,-3.422898,0.849178,-3.422898,0.849178,-3.438458,0.897117,,,,0.015560,-0.047939,0.050401,1.000000,-0.000003,0.00,0
624,1.685,-3.422898,0.849178,-3.422898,0.849178,-3.438458,0.898557,,,,0.015560,-0.049379,0.051772,1.000000,-0.000003,0.00,0
625,1.687,-3.422898,0.849178,-3.422898,0.849178,-3.438458,0.899997,,,,0.015560,-0.050819,0.053147,1.000000,-0.000003,0.00,0
626,1.688,-3.422898,0.849178,-3.422898,0.849178,-3.438458,0.901437,,,,0.015560,-0.052259,0.054526,1.000000,-0.000003,0.00,0
627,1.689,-3.422898,0.849178,-3.422898,0.849178,-3.438458,0.902877,,,,0.015560,-0.053699,0.055908,1.000000,-0.000003,0.00,0
628,1.690,-3.422898,0.849178,-3.422898,0.849178,-3.438458,0.904317,,,,0.015560,-0.055139,0.057292,1.000000,-0.000003,0.00,0
629,1.692,-3.422898,0.849178,-3.422898,0.849178,-3.438458,0.905757,,,,0.015560,-0.056579,0.058679,1.000000,-0.000003,0.00,0
630,1.703,-3.446238,0.874160,-3.474750,0.868112,-3.438458,0.907197,-0.007781,-0.033037,0.033941,-0.036292,-0.039085,0.053336,1.000000,-0.000003,10.52,1
631,1.705,-3.446238,0.874160,-3.446238,0.874160,-3.438458,0.908609,,,,-0.007781,-0.034450,0.035317,1.000000,-0.000003,0.00,0
632,1.708,-3.446238,0.874160,-3.446238,0.874160,-3.438458,0.910019,,,,-0.007781,-0.035859,0.036693,1.000000,-0.000003,0.00,0
633,1.709,-3.446238,0.874160,-3.446238,0.874160,-3.438458,0.911428,,,,-0.007781,-0.037268,0.038072,1.000000,-0.000003,0.00,0
634,1.710,-3.446238,0.874160,-3.446238,0.874160,-3.438458,0.912837,,,,-0.007781,-0.038677,0.039452,1.000000,-0.000003,0.00,0
635,1.711,-3.446238,0.874160,-3.446238,0.874160,-3.438458,0.914246,,,,-0.007781,-0.040086,0.040834,1.000000,-0.000003,0.00,0
636,1.713,-3.446238,0.874160,-3.446238,0.874160,-3.438458,0.915655,,,,-0.007781,-0.041495,0.042218,1.000000,-0.000003,0.00,0
637,1.714,-3.446238,0.874160,-3.446238,0.874160,-3.438458,0.917064,,,,-0.007781,-0.042904,0.043604,1.000000,-0.000003,0.00,0
638,1.716,-3.446238,0.874160,-3.446238,0.874160,-3.438458,0.918473,,,,-0.007781,-0.044314,0.044991,1.000000,-0.000003,0.00,0
639,1.717,-3.446238,0.874160,-3.446238,0.874160,-3.438458,0.919883,,,,-0.007781,-0.045723,0.046380,1.000000,-0.000003,0.00,0
640,1.718,-3.446238,0.874160,-3.446238,0.874160,-3.438458,0.921292,,,,-0.007781,-0.047132,0.047770,1.000000,-0.000003,0.00,0
641,1.719,-3.446238,0.874160,-3.446238,0.874160,-3.438458,0.922701,,,,-0.007781,-0.048541,0.049161,1.000000,-0.000003,0.00,0
642,1.720,-3.446238,0.874160,-3.446238,0.874160,-3.438458,0.924111,,,,-0.007781,-0.049951,0.050553,1.000000,-0.000003,0.00,0
643,1.721,-3.446238,0.874160,-3.446238,0.874160,-3.438458,0.925520,,,,-0.007781,-0.051360,0.051946,1.000000,-0.000003,0.00,0
644,1.722,-3.446238,0.874160,-3.446238,0.874160,-3.438458,0.926929,,,,-0.007781,-0.052769,0.053340,1.000000,-0.000003,0.00,0
645,1.735,-3.445225,0.899322,-3.429447,0.905672,-3.438458,0.928339,-0.006767,-0.029017,0.029795,0.009011,-0.022666,0.024392,1.000000,-0.000003,10.01,1
646,1.737,-3.445225,0.899322,-3.445225,0.899322,-3.438458,0.929492,,,,-0.006767,-0.030171,0.030920,1.000000,-0.000003,0.00,0
647,1.739,-3.445225,0.899322,-3.445225,0.899322,-3.438458,0.930621,,,,-0.006767,-0.031299,0.032022,1.000000,-0.000003,0.00,0
648,1.739,-3.445225,0.899322,-3.445225,0.899322,-3.438458,0.931744,,,,-0.006767,-0.032423,0.033121,1.000000,-0.000003,0.00,0
649,1.741,-3.445225,0.899322,-3.445225,0.899322,-3.438458,0.932868,,,,-0.006767,-0.033546,0.034222,1.000000,-0.000003,0.00,0
650,1.743,-3.445225,0.899322,-3.445225,0.899322,-3.438458,0.933992,,,,-0.006767,-0.034670,0.035324,1.000000,-0.000003,0.00,0
651,1.744,-3.445225,0.899322,-3.445225,0.899322,-3.438458,0.935116,,,,-0.006767,-0.035795,0.036429,1.000000,-0.000003,0.00,0
652,1.747,-3.445225,0.899322,-3.445225,0.899322,-3.438458,0.936242,,,,-0.006767,-0.036920,0.037535,1.000000,-0.000003,0.00,0
653,1.748,-3.445225,0.899322,-3.445225,0.899322,-3.438458,0.937368,,,,-0.006767,-0.038046,0.038643,1.000000,-0.000003,0.00,0
654,1.749,-3.445225,0.899322,-3.445225,0.899322,-3.438458,0.938494,,,,-0.006767,-0.039172,0.039752,1.000000,-0.000003,0.00,0
655,1.750,-3.445225,0.899322,-3.445225,0.899322,-3.438458,0.939620,,,,-0.006767,-0.040298,0.040863,1.000000,-0.000003,0.00,0
656,1.751,-3.445225,0.899322,-3.445225,0.899322,-3.438458,0.940747,,,,-0.006767,-0.041425,0.041974,1.000000,-0.000003,0.00,0
657,1.752,-3.445225,0.899322,-3.445225,0.899322,-3.438458,0.941874,,,,-0.006767,-0.042552,0.043087,1.000000,-0.000003,0.00,0
658,1.753,-3.445225,0.899322,-3.445225,0.899322,-3.438458,0.943001,,,,-0.006767,-0.043679,0.044200,1.000000,-0.000003,0.00,0
659,1.754,-3.445225,0.899322,-3.445225,0.899322,-3.438458,0.944128,,,,-0.006767,-0.044806,0.045314,1.000000,-0.000003,0.00,0
660,1.765,-3.415338,0.903059,-3.341818,0.935392,-3.438458,0.945255,0.023119,-0.042196,0.048115,0.096639,-0.009863,0.097141,1.000000,-0.000003,10.01,1
661,1.769,-3.415338,0.903059,-3.415338,0.903059,-3.438458,0.946345,,,,0.023119,-0.043286,0.049073,1.000000,-0.000003,0.00,0
662,1.770,-3.415338,0.903059,-3.415338,0.903059,-3.438458,0.947430,,,,0.023119,-0.044371,0.050033,1.000000,-0.000003,0.00,0
663,1.771,-3.415338,0.903059,-3.415338,0.903059,-3.438458,0.948515,,,,0.023119,-0.045456,0.050998,1.000000,-0.000003,0.00,0
664,1.772,-3.415338,0.903059,-3.415338,0.903059,-3.438458,0.949600,,,,0.023119,-0.046541,0.051967,1.000000,-0.000003,0.00,0
665,1.773,-3.415338,0.903059,-3.415338,0.903059,-3.438458,0.950685,,,,0.023119,-0.047626,0.052941,1.000000,-0.000003,0.00,0
666,1.774,-3.415338,0.903059,-3.415338,0.903059,-3.438458,0.951770,,,,0.023119,-0.048711,0.053920,1.000000,-0.000003,0.00,0
667,1.775,-3.415338,0.903059,-3.415338,0.903059,-3.438458,0.952856,,,,0.023119,-0.049797,0.054902,1.000000,-0.000003,0.00,0
668,1.777,-3.415338,0.903059,-3.415338,0.903059,-3.438458,0.953941,,,,0.023119,-0.050882,0.055888,1.000000,-0.000003,0.00,0
669,1.778,-3.415338,0.903059,-3.415338,0.903059,-3.438458,0.955027,,,,0.023119,-0.051968,0.056878,1.000000,-0.000003,0.00,0
670,1.780,-3.415338,0.903059,-3.415338,0.903059,-3.438458,0.956112,,,,0.023119,-0.053053,0.057872,1.000000,-0.000003,0.00,0
671,1.781,-3.415338,0.903059,-3.415338,0.903059,-3.438458,0.957198,,,,0.023119,-0.054139,0.058869,1.000000,-0.000003,0.00,0
672,1.782,-3.415338,0.903059,-3.415338,0.903059,-3.438458,0.958283,,,,0.023119,-0.055224,0.059869,1.000000,-0.000003,0.00,0
673,1.783,-3.415338,0.903059,-3.415338,0.903059,-3.438458,0.959369,,,,0.023119,-0.056310,0.060871,1.000000,-0.000003,0.00,0
674,1.784,-3.415338,0.903059,-3.415338,0.903059,-3.438458,0.960455,,,,0.023119,-0.057396,0.061877,1.000000,-0.000003,0.00,0
675,1.797,-3.408108,0.954875,-3.453057,1.023560,-3.438458,0.961540,0.030350,-0.006665,0.031074,-0.014600,0.062020,0.063715,1.000000,-0.000003,10.51,1
676,1.798,-3.408108,0.954875,-3.408108,0.954875,-3.438458,0.962626,,,,0.030350,-0.007751,0.031324,1.000000,-0.000003,0.00,0
677,1.800,-3.408108,0.954875,-3.408108,0.954875,-3.437317,0.961423,,,,0.029210,-0.006548,0.029934,1.000000,-0.000005,0.00,0
678,1.801,-3.408108,0.954875,-3.408108,0.954875,-3.436105,0.959990,,,,0.027998,-0.005115,0.028461,1.000000,-0.000004,0.00,0
679,1.803,-3.408108,0.954875,-3.408108,0.954875,-3.434884,0.958515,,,,0.026777,-0.003640,0.027023,1.000000,-0.000005,0.00,0
680,1.809,-3.408108,0.954875,-3.408108,0.954875,-3.433663,0.957037,,,,0.025556,-0.002163,0.025647,1.000000,-0.000005,0.00,0
681,1.810,-3.408108,0.954875,-3.408108,0.954875,-3.432444,0.955565,,,,0.024337,-0.000690,0.024346,1.000000,-0.000005,0.00,0
682,1.811,-3.408108,0.954875,-3.408108,0.954875,-3.431227,0.954099,,,,0.023119,0.000776,0.023132,1.000000,-0.000006,0.00,0
683,1.813,-3.408108,0.954875,-3.408108,0.954875,-3.430010,0.952638,,,,0.021903,0.002237,0.022017,1.000000,-0.000006,0.00,0
684,1.814,-3.408108,0.954875,-3.408108,0.954875,-3.428795,0.951182,,,,0.020688,0.003693,0.021015,1.000000,-0.000006,0.00,0
685,1.815,-3.408108,0.954875,-3.408108,0.954875,-3.427581,0.949729,,,,0.019474,0.005146,0.020142,1.000000,-0.000006,0.00,0
686,1.817,-3.408108,0.954875,-3.408108,0.954875,-3.426368,0.948279,,,,0.018260,0.006596,0.019415,1.000000,-0.000007,0.00,0
687,1.818,-3.408108,0.954875,-3.408108,0.954875,-3.425155,0.946831,,,,0.017048,0.008044,0.018850,1.000000,-0.000007,0.00,0
688,1.819,-3.408108,0.954875,-3.408108,0.954875,-3.423943,0.945384,,,,0.015835,0.009491,0.018461,1.000000,-0.000007,0.00,0
689,1.821,-3.408108,0.954875,-3.408108,0.954875,-3.422731,0.943939,,,,0.014623,0.010936,0.018260,1.000000,-0.000007,0.00,0
690,1.833,-3.408589,0.983223,-3.430890,0.990716,-3.421519,0.942495,0.012930,0.040727,0.042731,-0.009372,0.048220,0.049122,1.000000,-0.000007,10.01,1
691,1.835,-3.408589,0.983223,-3.408589,0.983223,-3.420302,0.941052,,,,0.011713,0.042170,0.043767,1.000000,-0.000007,0.00,0
692,1.836,-3.408589,0.983223,-3.408589,0.983223,-3.419085,0.939610,,,,0.010496,0.043613,0.044858,1.000000,-0.000007,0.00,0
693,1.837,-3.408589,0.983223,-3.408589,0.983223,-3.417868,0.938168,,,,0.009280,0.045055,0.046001,1.000000,-0.000007,0.00,0
694,1.838,-3.408589,0.983223,-3.408589,0.983223,-3.416652,0.936726,,,,0.008063,0.046496,0.047190,1.000000,-0.000007,0.00,0
695,1.840,-3.408589,0.983223,-3.408589,0.983223,-3.415435,0.935285,,,,0.006847,0.047938,0.048424,1.000000,-0.000007,0.00,0
696,1.841,-3.408589,0.983223,-3.408589,0.983223,-3.414219,0.933844,,,,0.005630,0.049379,0.049698,1.000000,-0.000007,0.00,0
697,1.842,-3.408589,0.983223,-3.408589,0.983223,-3.413002,0.932403,,,,0.004414,0.050819,0.051011,1.000000,-0.000007,0.00,0
698,1.843,-3.408589,0.983223,-3.408589,0.983223,-3.411786,0.930963,,,,0.003197,0.052260,0.052358,1.000000,-0.000007,0.00,0
699,1.845,-3.408589,0.983223,-3.408589,0.983223,-3.410570,0.929522,,,,0.001981,0.053700,0.053737,1.000000,-0.000007,0.00,0
700,1.846,-3.408589,0.983223,-3.408589,0.983223,-3.409353,0.928082,,,,0.000765,0.055141,0.055146,1.000000,-0.000007,0.00,0
701,1.847,-3.408589,0.983223,-3.408589,0.983223,-3.408137,0.926642,,,,-0.000452,0.056581,0.056583,1.000000,-0.000007,0.00,0
702,1.847,-3.408589,0.983223,-3.408589,0.983223,-3.406921,0.925201,,,,-0.001668,0.058021,0.058045,1.000000,-0.000007,0.00,0
703,1.850,-3.408589,0.983223,-3.408589,0.983223,-3.405704,0.923761,,,,-0.002884,0.059461,0.059531,1.000000,-0.000007,0.00,0
704,1.851,-3.408589,0.983223,-3.408589,0.983223,-3.404488,0.922321,,,,-0.004100,0.060902,0.061040,1.000000,-0.000007,0.00,0
705,1.864,-3.445850,0.977257,-3.453603,0.917494,-3.403272,0.920881,-0.042578,0.056376,0.070648,-0.050331,-0.003387,0.050445,1.000000,-0.000007,11.01,1
706,1.865,-3.445850,0.977257,-3.445850,0.977257,-3.401844,0.919441,,,,-0.044006,0.057816,0.072658,1.000000,-0.000007,0.00,0
707,1.866,-3.445850,0.977257,-3.445850,0.977257,-3.400404,0.918001,,,,-0.045446,0.059256,0.074677,1.000000,-0.000007,0.00,0
708,1.867,-3.445850,0.977257,-3.445850,0.977257,-3.398962,0.916561,,,,-0.046888,0.060696,0.076697,1.000000,-0.000007,0.00,0
709,1.868,-3.445850,0.977257,-3.445850,0.977257,-3.397520,0.915121,,,,-0.048330,0.062136,0.078719,1.000000,-0.000007,0.00,0
710,1.870,-3.445850,0.977257,-3.445850,0.977257,-3.396079,0.913681,,,,-0.049771,0.063576,0.080741,1.000000,-0.000007,0.00,0
711,1.872,-3.445850,0.977257,-3.445850,0.977257,-3.394638,0.912241,,,,-0.051212,0.065016,0.082764,1.000000,-0.000007,0.00,0
712,1.873,-3.445850,0.977257,-3.445850,0.977257,-3.393197,0.910801,,,,-0.052653,0.066456,0.084787,1.000000,-0.000007,0.00,0
713,1.875,-3.445850,0.977257,-3.445850,0.977257,-3.391756,0.909361,,,,-0.054094,0.067896,0.086811,1.000000,-0.000007,0.00,0
714,1.876,-3.445850,0.977257,-3.445850,0.977257,-3.390315,0.907921,,,,-0.055535,0.069336,0.088835,1.000000,-0.000007,0.00,0
715,1.877,-3.445850,0.977257,-3.445850,0.977257,-3.388875,0.906481,,,,-0.056975,0.070776,0.090859,1.000000,-0.000007,0.00,0
716,1.878,-3.445850,0.977257,-3.445850,0.977257,-3.387434,0.905041,,,,-0.058416,0.072216,0.092885,1.000000,-0.000007,0.00,0
717,1.880,-3.445850,0.977257,-3.445850,0.977257,-3.385994,0.903600,,,,-0.059856,0.073656,0.094910,1.000000,-0.000007,0.00,0
718,1.881,-3.445850,0.977257,-3.445850,0.977257,-3.384554,0.902160,,,,-0.061296,0.075096,0.096936,1.000000,-0.000007,0.00,0
719,1.882,-3.445850,0.977257,-3.445850,0.977257,-3.383114,0.900720,,,,-0.062737,0.076536,0.098963,1.000000,-0.000007,0.00,0
720,1.894,-3.418641,0.923431,-3.371431,0.862084,-3.381673,0.899280,-0.036968,0.024151,0.044157,0.010242,-0.037197,0.038581,1.000000,-0.000007,10.51,1
721,14.784,-3.418641,0.923431,-3.418641,0.923431,-3.380338,0.897840,,,,-0.038303,0.025591,0.046065,1.000000,-0.000007,0.00,0
722,14.789,-3.418641,0.923431,-3.418641,0.923431,-3.379010,0.896400,,,,-0.039632,0.027031,0.047972,1.000000,-0.000007,0.00,0
723,14.791,-3.418641,0.923431,-3.418641,0.923431,-3.377682,0.894960,,,,-0.040960,0.028471,0.049883,1.000000,-0.000007,0.00,0
724,14.792,-3.418641,0.923431,-3.418641,0.923431,-3.376354,0.893520,,,,-0.042288,0.029911,0.051797,1.000000,-0.000007,0.00,0
725,14.793,-3.418641,0.923431,-3.418641,0.923431,-3.375026,0.892080,,,,-0.043616,0.031351,0.053714,1.000000,-0.000007,0.00,0
726,14.794,-3.418641,0.923431,-3.418641,0.923431,-3.373697,0.890640,,,,-0.044944,0.032791,0.055634,1.000000,-0.000007,0.00,0
727,14.795,-3.418641,0.923431,-3.418641,0.923431,-3.372369,0.889200,,,,-0.046272,0.034231,0.057557,1.000000,-0.000007,0.00,0
728,14.796,-3.418641,0.923431,-3.418641,0.923431,-3.371041,0.887760,,,,-0.047601,0.035671,0.059483,1.000000,-0.000007,0.00,0
729,14.797,-3.418641,0.923431,-3.418641,0.923431,-3.369712,0.886320,,,,-0.048929,0.037111,0.061411,1.000000,-0.000007,0.00,0
730,14.798,-3.418641,0.923431,-3.418641,0.923431,-3.368384,0.884880,,,,-0.050258,0.038551,0.063340,1.000000,-0.000007,0.00,0
731,14.798,-3.418641,0.923431,-3.418641,0.923431,-3.367055,0.883440,,,,-0.051586,0.039991,0.065272,1.000000,-0.000007,0.00,0
732,14.801,-3.418641,0.923431,-3.418641,0.923431,-3.365726,0.882000,,,,-0.052915,0.041431,0.067205,1.000000,-0.000007,0.00,0
733,14.802,-3.418641,0.923431,-3.418641,0.923431,-3.364398,0.880560,,,,-0.054244,0.042871,0.069139,1.000000,-0.000007,0.00,0
734,14.803,-3.418641,0.923431,-3.418641,0.923431,-3.363069,0.879120,,,,-0.055572,0.044311,0.071075,1.000000,-0.000007,0.00,0
735,14.816,-3.359584,0.877786,-3.253716,0.853780,-3.361740,0.877680,0.002157,0.000105,0.002159,0.108024,-0.023901,0.110637,1.000000,-0.000007,12.52,1
736,14.817,-3.359584,0.877786,-3.359584,0.877786,-3.361666,0.876240,,,,0.002083,0.001545,0.002593,1.000000,-0.000007,0.00,0
737,14.820,-3.359584,0.877786,-3.359584,0.877786,-3.361667,0.874800,,,,0.002084,0.002985,0.003641,1.000000,-0.000007,0.00,0
738,14.821,-3.359584,0.877786,-3.359584,0.877786,-3.361679,0.873360,,,,0.002095,0.004425,0.004896,1.000000,-0.000007,0.00,0
739,14.823,-3.359584,0.877786,-3.359584,0.877786,-3.361690,0.871920,,,,0.002106,0.005865,0.006232,1.000000,-0.000007,0.00,0
740,14.824,-3.359584,0.877786,-3.359584,0.877786,-3.361699,0.870480,,,,0.002115,0.007305,0.007605,1.000000,-0.000007,0.00,0
741,14.825,-3.359584,0.877786,-3.359584,0.877786,-3.361706,0.869040,,,,0.002123,0.008745,0.008999,1.000000,-0.000007,0.00,0
742,14.826,-3.359584,0.877786,-3.359584,0.877786,-3.361712,0.867600,,,,0.002129,0.010185,0.010405,1.000000,-0.000007,0.00,0
743,14.827,-3.359584,0.877786,-3.359584,0.877786,-3.361717,0.866160,,,,0.002133,0.011625,0.011819,1.000000,-0.000007,0.00,0
744,14.828,-3.359584,0.877786,-3.359584,0.877786,-3.361720,0.864720,,,,0.002137,0.013065,0.013239,1.000000,-0.000007,0.00,0
745,14.831,-3.359584,0.877786,-3.359584,0.877786,-3.361723,0.863280,,,,0.002140,0.014505,0.014662,1.000000,-0.000007,0.00,0
746,14.833,-3.359584,0.877786,-3.359584,0.877786,-3.361726,0.861840,,,,0.002142,0.015945,0.016089,1.000000,-0.000007,0.00,0
747,14.834,-3.359584,0.877786,-3.359584,0.877786,-3.361727,0.860400,,,,0.002144,0.017385,0.017517,1.000000,-0.000007,0.00,0
748,14.835,-3.359584,0.877786,-3.359584,0.877786,-3.361729,0.858960,,,,0.002145,0.018825,0.018947,1.000000,-0.000007,0.00,0
749,14.837,-3.359584,0.877786,-3.359584,0.877786,-3.361730,0.857520,,,,0.002146,0.020265,0.020379,1.000000,-0.000007,0.00,0
750,14.849,-3.342807,0.854034,-3.403274,0.846239,-3.361731,0.856080,0.018924,-0.002046,0.019034,-0.041543,-0.009841,0.042693,1.000000,-0.000007,10.52,1
751,14.851,-3.342807,0.854034,-3.342807,0.854034,-3.361732,0.854640,,,,0.018925,-0.000606,0.018935,1.000000,-0.000007,0.00,0
752,14.855,-3.342807,0.854034,-3.342807,0.854034,-3.361732,0.853200,,,,0.018925,0.000834,0.018944,1.000000,-0.000007,0.00,0
753,14.858,-3.342807,0.854034,-3.342807,0.854034,-3.361733,0.851760,,,,0.018926,0.002274,0.019062,1.000000,-0.000007,0.00,0
754,14.859,-3.342807,0.854034,-3.342807,0.854034,-3.361733,0.850320,,,,0.018926,0.003714,0.019287,1.000000,-0.000007,0.00,0
755,14.860,-3.342807,0.854034,-3.342807,0.854034,-3.361733,0.848880,,,,0.018926,0.005154,0.019616,1.000000,-0.000007,0.00,0
756,14.862,-3.342807,0.854034,-3.342807,0.854034,-3.361733,0.847440,,,,0.018927,0.006594,0.020042,1.000000,-0.000007,0.00,0
757,14.863,-3.342807,0.854034,-3.342807,0.854034,-3.361734,0.846000,,,,0.018927,0.008034,0.020561,1.000000,-0.000007,0.00,0
758,14.864,-3.342807,0.854034,-3.342807,0.854034,-3.361734,0.844560,,,,0.018927,0.009474,0.021166,1.000000,-0.000007,0.00,0
759,14.865,-3.342807,0.854034,-3.342807,0.854034,-3.361734,0.843120,,,,0.018927,0.010914,0.021848,1.000000,-0.000007,0.00,0
760,14.867,-3.342807,0.854034,-3.342807,0.854034,-3.361734,0.841680,,,,0.018927,0.012354,0.022602,1.000000,-0.000007,0.00,0
761,14.869,-3.342807,0.854034,-3.342807,0.854034,-3.361734,0.840240,,,,0.018927,0.013794,0.023420,1.000000,-0.000007,0.00,0
762,14.869,-3.342807,0.854034,-3.342807,0.854034,-3.361734,0.838800,,,,0.018927,0.015234,0.024296,1.000000,-0.000007,0.00,0
763,14.871,-3.342807,0.854034,-3.342807,0.854034,-3.361734,0.837360,,,,0.018927,0.016674,0.025224,1.000000,-0.000007,0.00,0
764,14.872,-3.342807,0.854034,-3.342807,0.854034,-3.361734,0.835920,,,,0.018927,0.018114,0.026198,1.000000,-0.000007,0.00,0
765,14.885,-3.369722,0.841928,-3.452175,0.825765,-3.361734,0.834480,-0.007987,0.007447,0.010921,-0.090441,-0.008716,0.090860,1.000000,-0.000007,10.51,1
766,14.887,-3.369722,0.841928,-3.369722,0.841928,-3.361734,0.833040,,,,-0.007987,0.008887,0.011949,1.000000,-0.000007,0.00,0
767,14.888,-3.369722,0.841928,-3.369722,0.841928,-3.361734,0.831600,,,,-0.007987,0.010327,0.013056,1.000000,-0.000007,0.00,0
768,14.890,-3.369722,0.841928,-3.369722,0.841928,-3.361734,0.830160,,,,-0.007987,0.011767,0.014222,1.000000,-0.000007,0.00,0
769,14.891,-3.369722,0.841928,-3.369722,0.841928,-3.361734,0.828720,,,,-0.007987,0.013207,0.015435,1.000000,-0.000007,0.00,0
770,14.892,-3.369722,0.841928,-3.369722,0.841928,-3.361734,0.827280,,,,-0.007987,0.014647,0.016684,1.000000,-0.000007,0.00,0
771,14.893,-3.369722,0.841928,-3.369722,0.841928,-3.361734,0.825840,,,,-0.007987,0.016087,0.017961,1.000000,-0.000007,0.00,0
772,14.894,-3.369722,0.841928,-3.369722,0.841928,-3.361734,0.824400,,,,-0.007987,0.017527,0.019262,1.000000,-0.000007,0.00,0
773,14.895,-3.369722,0.841928,-3.369722,0.841928,-3.361734,0.822960,,,,-0.007987,0.018967,0.020581,1.000000,-0.000007,0.00,0
774,14.897,-3.369722,0.841928,-3.369722,0.841928,-3.361734,0.821520,,,,-0.007987,0.020407,0.021915,1.000000,-0.000007,0.00,0
775,14.898,-3.369722,0.841928,-3.369722,0.841928,-3.361734,0.820080,,,,-0.007987,0.021847,0.023262,1.000000,-0.000007,0.00,0
776,14.899,-3.369722,0.841928,-3.369722,0.841928,-3.361734,0.818640,,,,-0.007987,0.023287,0.024619,1.000000,-0.000007,0.00,0
777,14.900,-3.369722,0.841928,-3.369722,0.841928,-3.361734,0.817200,,,,-0.007987,0.024727,0.025985,1.000000,-0.000007,0.00,0
778,14.901,-3.369722,0.841928,-3.369722,0.841928,-3.361734,0.815760,,,,-0.007987,0.026167,0.027359,1.000000,-0.000007,0.00,0
779,14.902,-3.369722,0.841928,-3.369722,0.841928,-3.361734,0.814320,,,,-0.007987,0.027607,0.028740,1.000000,-0.000007,0.00,0
780,14.915,-3.415693,0.815867,-3.391630,0.775597,-3.361734,0.812880,-0.053959,0.002987,0.054041,-0.029895,-0.037283,0.047789,1.000000,-0.000007,10.01,1
781,14.917,-3.415693,0.815867,-3.415693,0.815867,-3.360511,0.811440,,,,-0.055182,0.004427,0.055359,1.000000,-0.000007,0.00,0
782,14.919,-3.415693,0.815867,-3.415693,0.815867,-3.359214,0.810000,,,,-0.056479,0.005867,0.056783,1.000000,-0.000007,0.00,0
783,14.919,-3.415693,0.815867,-3.415693,0.815867,-3.357908,0.808560,,,,-0.057786,0.007307,0.058246,1.000000,-0.000007,0.00,0
784,14.920,-3.415693,0.815867,-3.415693,0.815867,-3.356601,0.807120,,,,-0.059092,0.008747,0.059736,1.000000,-0.000007,0.00,0
785,14.922,-3.415693,0.815867,-3.415693,0.815867,-3.355296,0.805680,,,,-0.060397,0.010187,0.061250,1.000000,-0.000007,0.00,0
786,14.923,-3.415693,0.815867,-3.415693,0.815867,-3.353993,0.804240,,,,-0.061700,0.011627,0.062786,1.000000,-0.000007,0.00,0
787,14.924,-3.415693,0.815867,-3.415693,0.815867,-3.352692,0.802800,,,,-0.063001,0.013067,0.064342,1.000000,-0.000007,0.00,0
788,14.925,-3.415693,0.815867,-3.415693,0.815867,-3.351392,0.801360,,,,-0.064301,0.014507,0.065917,1.000000,-0.000007,0.00,0
789,14.927,-3.415693,0.815867,-3.415693,0.815867,-3.350092,0.799920,,,,-0.065601,0.015947,0.067511,1.000000,-0.000007,0.00,0
790,14.928,-3.415693,0.815867,-3.415693,0.815867,-3.348794,0.798480,,,,-0.066899,0.017387,0.069122,1.000000,-0.000007,0.00,0
791,14.929,-3.415693,0.815867,-3.415693,0.815867,-3.347496,0.797040,,,,-0.068197,0.018827,0.070748,1.000000,-0.000007,0.00,0
792,14.930,-3.415693,0.815867,-3.415693,0.815867,-3.346198,0.795600,,,,-0.069495,0.020267,0.072390,1.000000,-0.000007,0.00,0
793,14.931,-3.415693,0.815867,-3.415693,0.815867,-3.344901,0.794160,,,,-0.070792,0.021707,0.074045,1.000000,-0.000007,0.00,0
794,14.932,-3.415693,0.815867,-3.415693,0.815867,-3.343604,0.792720,,,,-0.072089,0.023147,0.075714,1.000000,-0.000007,0.00,0
795,14.945,-3.406298,0.779968,-3.375090,0.738540,-3.342308,0.791280,-0.063991,-0.011313,0.064983,-0.032782,-0.052740,0.062098,1.000000,-0.000007,10.01,1
796,14.947,-3.406298,0.779968,-3.406298,0.779968,-3.341111,0.789840,,,,-0.065188,-0.009873,0.065931,1.000000,-0.000007,0.00,0
797,14.949,-3.406298,0.779968,-3.406298,0.779968,-3.339920,0.788400,,,,-0.066379,-0.008433,0.066912,1.000000,-0.000007,0.00,0
798,14.950,-3.406298,0.779968,-3.406298,0.779968,-3.338729,0.786960,,,,-0.067569,-0.006993,0.067930,1.000000,-0.000007,0.00,0
799,14.951,-3.406298,0.779968,-3.406298,0.779968,-3.337539,0.785520,,,,-0.068759,-0.005553,0.068983,1.000000,-0.000007,0.00,0
800,14.953,-3.406298,0.779968,-3.406298,0.779968,-3.336349,0.784080,,,,-0.069949,-0.004113,0.070070,1.000000,-0.000007,0.00,0
801,14.954,-3.406298,0.779968,-3.406298,0.779968,-3.335159,0.782640,,,,-0.071139,-0.002673,0.071189,1.000000,-0.000007,0.00,0
802,14.955,-3.406298,0.779968,-3.406298,0.779968,-3.333969,0.781200,,,,-0.072329,-0.001233,0.072340,1.000000,-0.000007,0.00,0
803,14.957,-3.406298,0.779968,-3.406298,0.779968,-3.332779,0.779760,,,,-0.073520,0.000207,0.073520,1.000000,-0.000007,0.00,0
804,14.958,-3.406298,0.779968,-3.406298,0.779968,-3.331588,0.778320,,,,-0.074710,0.001647,0.074728,1.000000,-0.000007,0.00,0
805,14.959,-3.406298,0.779968,-3.406298,0.779968,-3.330398,0.776880,,,,-0.075900,0.003087,0.075963,1.000000,-0.000007,0.00,0
806,14.960,-3.406298,0.779968,-3.406298,0.779968,-3.329208,0.775440,,,,-0.077091,0.004527,0.077224,1.000000,-0.000007,0.00,0
807,14.961,-3.406298,0.779968,-3.406298,0.779968,-3.328017,0.774000,,,,-0.078281,0.005967,0.078508,1.000000,-0.000007,0.00,0
808,14.962,-3.406298,0.779968,-3.406298,0.779968,-3.326827,0.772560,,,,-0.079472,0.007407,0.079816,1.000000,-0.000007,0.00,0
809,14.963,-3.406298,0.779968,-3.406298,0.779968,-3.325636,0.771120,,,,-0.080662,0.008847,0.081146,1.000000,-0.000007,0.00,0
810,14.975,-3.356269,0.737080,-3.302086,0.697103,-3.324446,0.769680,-0.031823,-0.032600,0.045557,0.022360,-0.072577,0.075944,1.000000,-0.000007,10.01,1
811,14.977,-3.356269,0.737080,-3.356269,0.737080,-3.324379,0.768240,,,,-0.031890,-0.031160,0.044586,1.000000,-0.000007,0.00,0
812,14.978,-3.356269,0.737080,-3.356269,0.737080,-3.324380,0.766800,,,,-0.031888,-0.029720,0.043591,1.000000,-0.000007,0.00,0
813,14.980,-3.356269,0.737080,-3.356269,0.737080,-3.324390,0.765360,,,,-0.031878,-0.028280,0.042614,1.000000,-0.000007,0.00,0
814,14.981,-3.356269,0.737080,-3.356269,0.737080,-3.324400,0.763920,,,,-0.031868,-0.026840,0.041665,1.000000,-0.000007,0.00,0
815,14.982,-3.356269,0.737080,-3.356269,0.737080,-3.324409,0.762480,,,,-0.031860,-0.025400,0.040746,1.000000,-0.000007,0.00,0
816,14.983,-3.356269,0.737080,-3.356269,0.737080,-3.324415,0.761040,,,,-0.031854,-0.023960,0.039859,1.000000,-0.000007,0.00,0
817,14.985,-3.356269,0.737080,-3.356269,0.737080,-3.324420,0.759600,,,,-0.031848,-0.022520,0.039006,1.000000,-0.000007,0.00,0
818,14.986,-3.356269,0.737080,-3.356269,0.737080,-3.324424,0.758160,,,,-0.031844,-0.021080,0.038189,1.000000,-0.000007,0.00,0
819,14.987,-3.356269,0.737080,-3.356269,0.737080,-3.324428,0.756720,,,,-0.031841,-0.019640,0.037411,1.000000,-0.000007,0.00,0
820,14.989,-3.356269,0.737080,-3.356269,0.737080,-3.324430,0.755280,,,,-0.031838,-0.018200,0.036673,1.000000,-0.000007,0.00,0
821,14.990,-3.356269,0.737080,-3.356269,0.737080,-3.324432,0.753840,,,,-0.031836,-0.016760,0.035978,1.000000,-0.000007,0.00,0
822,14.991,-3.356269,0.737080,-3.356269,0.737080,-3.324434,0.752400,,,,-0.031835,-0.015320,0.035329,1.000000,-0.000007,0.00,0
823,14.992,-3.356269,0.737080,-3.356269,0.737080,-3.324435,0.750960,,,,-0.031833,-0.013880,0.034728,1.000000,-0.000007,0.00,0
824,14.998,-3.356269,0.737080,-3.356269,0.737080,-3.324436,0.749520,,,,-0.031832,-0.012440,0.034177,1.000000,-0.000007,0.00,0
825,15.010,-3.342650,0.734771,-3.350775,0.768669,-3.324437,0.748080,-0.018213,-0.013309,0.022558,-0.026338,0.020589,0.033430,1.000000,-0.000007,10.01,1
826,15.011,-3.342650,0.734771,-3.342650,0.734771,-3.324438,0.746640,,,,-0.018212,-0.011869,0.021739,1.000000,-0.000007,0.00,0
827,15.013,-3.342650,0.734771,-3.342650,0.734771,-3.324438,0.745200,,,,-0.018212,-0.010429,0.020987,1.000000,-0.000007,0.00,0
828,15.014,-3.342650,0.734771,-3.342650,0.734771,-3.324439,0.743760,,,,-0.018212,-0.008989,0.020309,1.000000,-0.000007,0.00,0
829,15.016,-3.342650,0.734771,-3.342650,0.734771,-3.324439,0.743627,,,,-0.018211,-0.008856,0.020250,1.000000,-0.000009,0.00,0
830,15.022,-3.342650,0.734771,-3.342650,0.734771,-3.324440,0.743448,,,,-0.018210,-0.008677,0.020172,1.000000,-0.000009,0.00,0
831,15.028,-3.342650,0.734771,-3.342650,0.734771,-3.324440,0.742449,,,,-0.018210,-0.007678,0.019763,1.000000,-0.000008,0.00,0
832,15.035,-3.342650,0.734771,-3.342650,0.734771,-3.324440,0.741429,,,,-0.018210,-0.006658,0.019389,1.000000,-0.000008,0.00,0
833,15.040,-3.342650,0.734771,-3.342650,0.734771,-3.324440,0.740411,,,,-0.018210,-0.005640,0.019063,1.000000,-0.000008,0.00,0
834,15.047,-3.342650,0.734771,-3.342650,0.734771,-3.324440,0.739399,,,,-0.018210,-0.004628,0.018789,1.000000,-0.000008,0.00,0
835,15.054,-3.342650,0.734771,-3.342650,0.734771,-3.324440,0.738393,,,,-0.018210,-0.003622,0.018567,1.000000,-0.000008,0.00,0
836,15.060,-3.342650,0.734771,-3.342650,0.734771,-3.324440,0.737394,,,,-0.018210,-0.002623,0.018398,1.000000,-0.000008,0.00,0
837,15.065,-3.342650,0.734771,-3.342650,0.734771,-3.324440,0.736402,,,,-0.018210,-0.001631,0.018283,1.000000,-0.000008,0.00,0
838,15.072,-3.342650,0.734771,-3.342650,0.734771,-3.324440,0.735419,,,,-0.018210,-0.000648,0.018221,1.000000,-0.000008,0.00,0
839,15.078,-3.342650,0.734771,-3.342650,0.734771,-3.324440,0.734442,,,,-0.018210,0.000329,0.018213,1.000000,-0.000008,0.00,0
840,15.094,-3.327019,0.732899,-3.328195,0.732925,-3.324440,0.733474,-0.002578,-0.000575,0.002642,-0.003755,-0.000549,0.003795,1.000000,-0.000008,10.01,1
841,15.101,-3.327019,0.732899,-3.327019,0.732899,-3.324440,0.732513,,,,-0.002578,0.000386,0.002607,1.000000,-0.000008,0.00,0
842,15.106,-3.327019,0.732899,-3.327019,0.732899,-3.324440,0.731560,,,,-0.002578,0.001339,0.002905,1.000000,-0.000008,0.00,0
843,15.112,-3.327019,0.732899,-3.327019,0.732899,-3.324440,0.730615,,,,-0.002578,0.002284,0.003444,1.000000,-0.000008,0.00,0
844,15.119,-3.327019,0.732899,-3.327019,0.732899,-3.324440,0.729678,,,,-0.002578,0.003221,0.004126,1.000000,-0.000008,0.00,0
845,15.124,-3.327019,0.732899,-3.327019,0.732899,-3.324440,0.728749,,,,-0.002578,0.004150,0.004885,1.000000,-0.000008,0.00,0
846,15.130,-3.327019,0.732899,-3.327019,0.732899,-3.324440,0.727828,,,,-0.002578,0.005071,0.005689,1.000000,-0.000008,0.00,0
847,15.136,-3.327019,0.732899,-3.327019,0.732899,-3.324440,0.726915,,,,-0.002578,0.005984,0.006516,1.000000,-0.000008,0.00,0
848,15.142,-3.327019,0.732899,-3.327019,0.732899,-3.324440,0.726010,,,,-0.002578,0.006889,0.007356,1.000000,-0.000008,0.00,0
849,15.147,-3.327019,0.732899,-3.327019,0.732899,-3.324440,0.725112,,,,-0.002578,0.007787,0.008203,1.000000,-0.000008,0.00,0
850,15.154,-3.327019,0.732899,-3.327019,0.732899,-3.324440,0.724223,,,,-0.002578,0.008676,0.009051,1.000000,-0.000008,0.00,0
851,15.158,-3.327019,0.732899,-3.327019,0.732899,-3.324440,0.723341,,,,-0.002578,0.009558,0.009900,1.000000,-0.000008,0.00,0
852,15.164,-3.327019,0.732899,-3.327019,0.732899,-3.324440,0.722466,,,,-0.002578,0.010433,0.010747,1.000000,-0.000008,0.00,0
853,15.170,-3.327019,0.732899,-3.327019,0.732899,-3.324440,0.721600,,,,-0.002578,0.011299,0.011590,1.000000,-0.000008,0.00,0
854,15.175,-3.327019,0.732899,-3.327019,0.732899,-3.324440,0.720741,,,,-0.002578,0.012158,0.012429,1.000000,-0.000008,0.00,0
855,15.192,-3.333508,0.724307,-3.321553,0.671327,-3.324440,0.719889,-0.009067,0.004418,0.010086,0.002888,-0.048561,0.048647,1.000000,-0.000008,10.09,1
856,15.197,-3.333508,0.724307,-3.333508,0.724307,-3.324440,0.719044,,,,-0.009067,0.005263,0.010484,1.000000,-0.000008,0.00,0
857,15.203,-3.333508,0.724307,-3.333508,0.724307,-3.324440,0.718207,,,,-0.009067,0.006100,0.010928,1.000000,-0.000008,0.00,0
858,15.208,-3.333508,0.724307,-3.333508,0.724307,-3.324440,0.717377,,,,-0.009067,0.006930,0.011412,1.000000,-0.000008,0.00,0
859,15.215,-3.333508,0.724307,-3.333508,0.724307,-3.324440,0.716554,,,,-0.009067,0.007753,0.011930,1.000000,-0.000008,0.00,0
860,15.221,-3.333508,0.724307,-3.333508,0.724307,-3.324440,0.715738,,,,-0.009067,0.008569,0.012475,1.000000,-0.000008,0.00,0
861,15.227,-3.333508,0.724307,-3.333508,0.724307,-3.324440,0.714928,,,,-0.009067,0.009379,0.013045,1.000000,-0.000008,0.00,0
862,15.232,-3.333508,0.724307,-3.333508,0.724307,-3.324440,0.714124,,,,-0.009067,0.010183,0.013635,1.000000,-0.000008,0.00,0
863,15.238,-3.333508,0.724307,-3.333508,0.724307,-3.324440,0.713325,,,,-0.009067,0.010982,0.014241,1.000000,-0.000008,0.00,0
864,15.243,-3.333508,0.724307,-3.333508,0.724307,-3.324440,0.712530,,,,-0.009067,0.011777,0.014863,1.000000,-0.000008,0.00,0
865,15.250,-3.333508,0.724307,-3.333508,0.724307,-3.324440,0.711740,,,,-0.009067,0.012567,0.015497,1.000000,-0.000008,0.00,0
866,15.255,-3.333508,0.724307,-3.333508,0.724307,-3.324440,0.710954,,,,-0.009067,0.013353,0.016140,1.000000,-0.000008,0.00,0
867,15.260,-3.333508,0.724307,-3.333508,0.724307,-3.324440,0.710173,,,,-0.009067,0.014134,0.016792,1.000000,-0.000008,0.00,0
868,15.265,-3.333508,0.724307,-3.333508,0.724307,-3.324440,0.709397,,,,-0.009067,0.014910,0.017451,1.000000,-0.000008,0.00,0
869,15.272,-3.333508,0.724307,-3.333508,0.724307,-3.324440,0.708625,,,,-0.009067,0.015682,0.018115,1.000000,-0.000008,0.00,0
870,15.289,-3.319205,0.671892,-3.307868,0.611423,-3.324440,0.707857,0.005235,-0.035965,0.036344,0.016573,-0.096433,0.097847,1.000000,-0.000008,10.51,1
871,15.299,-3.319205,0.671892,-3.319205,0.671892,-3.324440,0.707092,,,,0.005235,-0.035200,0.035588,1.000000,-0.000008,0.00,0
872,15.305,-3.319205,0.671892,-3.319205,0.671892,-3.324440,0.706332,,,,0.005235,-0.034440,0.034836,1.000000,-0.000008,0.00,0
873,15.312,-3.319205,0.671892,-3.319205,0.671892,-3.324441,0.705576,,,,0.005235,-0.033684,0.034089,1.000000,-0.000008,0.00,0
874,15.319,-3.319205,0.671892,-3.319205,0.671892,-3.324441,0.704824,,,,0.005235,-0.032932,0.033346,1.000000,-0.000008,0.00,0
875,15.324,-3.319205,0.671892,-3.319205,0.671892,-3.324441,0.704075,,,,0.005235,-0.032183,0.032606,1.000000,-0.000008,0.00,0
876,15.331,-3.319205,0.671892,-3.319205,0.671892,-3.324441,0.703330,,,,0.005235,-0.031438,0.031871,1.000000,-0.000008,0.00,0
877,15.336,-3.319205,0.671892,-3.319205,0.671892,-3.324441,0.702589,,,,0.005235,-0.030697,0.031140,1.000000,-0.000008,0.00,0
878,15.341,-3.319205,0.671892,-3.319205,0.671892,-3.324441,0.701851,,,,0.005235,-0.029959,0.030413,1.000000,-0.000008,0.00,0
879,15.347,-3.319205,0.671892,-3.319205,0.671892,-3.324441,0.701118,,,,0.005235,-0.029226,0.029691,1.000000,-0.000008,0.00,0
880,15.354,-3.319205,0.671892,-3.319205,0.671892,-3.324441,0.700388,,,,0.005235,-0.028496,0.028973,1.000000,-0.000008,0.00,0
881,15.358,-3.319205,0.671892,-3.319205,0.671892,-3.324441,0.699661,,,,0.005236,-0.027769,0.028258,1.000000,-0.000008,0.00,0
882,15.366,-3.319205,0.671892,-3.319205,0.671892,-3.324441,0.698937,,,,0.005236,-0.027045,0.027547,1.000000,-0.000008,0.00,0
883,15.371,-3.319205,0.671892,-3.319205,0.671892,-3.324441,0.698216,,,,0.005236,-0.026325,0.026840,1.000000,-0.000008,0.00,0
884,15.377,-3.319205,0.671892,-3.319205,0.671892,-3.324441,0.697500,,,,0.005236,-0.025608,0.026138,1.000000,-0.000008,0.00,0
885,15.393,-3.318915,0.653652,-3.327325,0.678207,-3.324441,0.696786,0.005525,-0.043134,0.043486,-0.002885,-0.018579,0.018802,1.000000,-0.000008,10.01,1
886,15.400,-3.318915,0.653652,-3.318915,0.653652,-3.324441,0.696076,,,,0.005525,-0.042424,0.042782,1.000000,-0.000008,0.00,0
887,15.407,-3.318915,0.653652,-3.318915,0.653652,-3.324441,0.695369,,,,0.005525,-0.041716,0.042081,1.000000,-0.000008,0.00,0
888,15.413,-3.318915,0.653652,-3.318915,0.653652,-3.324441,0.694664,,,,0.005525,-0.041012,0.041382,1.000000,-0.000008,0.00,0
889,15.419,-3.318915,0.653652,-3.318915,0.653652,-3.324441,0.693963,,,,0.005525,-0.040311,0.040688,1.000000,-0.000008,0.00,0
890,15.424,-3.318915,0.653652,-3.318915,0.653652,-3.324441,0.693265,,,,0.005525,-0.039613,0.039996,1.000000,-0.000008,0.00,0
891,15.428,-3.318915,0.653652,-3.318915,0.653652,-3.324441,0.692571,,,,0.005525,-0.038918,0.039309,1.000000,-0.000008,0.00,0
892,15.435,-3.318915,0.653652,-3.318915,0.653652,-3.324441,0.691879,,,,0.005525,-0.038226,0.038624,1.000000,-0.000008,0.00,0
893,15.441,-3.318915,0.653652,-3.318915,0.653652,-3.324441,0.691190,,,,0.005525,-0.037537,0.037942,1.000000,-0.000008,0.00,0
894,15.447,-3.318915,0.653652,-3.318915,0.653652,-3.324441,0.690504,,,,0.005525,-0.036851,0.037263,1.000000,-0.000008,0.00,0
895,15.454,-3.318915,0.653652,-3.318915,0.653652,-3.324441,0.689820,,,,0.005525,-0.036168,0.036588,1.000000,-0.000008,0.00,0
896,15.458,-3.318915,0.653652,-3.318915,0.653652,-3.324441,0.689141,,,,0.005525,-0.035488,0.035916,1.000000,-0.000008,0.00,0
897,15.465,-3.318915,0.653652,-3.318915,0.653652,-3.324441,0.688463,,,,0.005526,-0.034811,0.035246,1.000000,-0.000008,0.00,0
898,15.471,-3.318915,0.653652,-3.318915,0.653652,-3.324441,0.687788,,,,0.005526,-0.034136,0.034580,1.000000,-0.000008,0.00,0
899,15.476,-3.318915,0.653652,-3.318915,0.653652,-3.324441,0.687116,,,,0.005526,-0.033464,0.033917,1.000000,-0.000008,0.00,0
900,15.493,-3.304678,0.650691,-3.278842,0.662444,-3.324441,0.686447,0.019762,-0.035755,0.040853,0.045599,-0.024003,0.051530,1.000000,-0.000008,10.51,1
901,15.500,-3.304678,0.650691,-3.304678,0.650691,-3.324441,0.685780,,,,0.019762,-0.035089,0.040272,1.000000,-0.000008,0.00,0
902,15.505,-3.304678,0.650691,-3.304678,0.650691,-3.324441,0.685117,,,,0.019762,-0.034426,0.039695,1.000000,-0.000008,0.00,0
903,15.510,-3.304678,0.650691,-3.304678,0.650691,-3.324441,0.684458,,,,0.019762,-0.033766,0.039124,1.000000,-0.000008,0.00,0
904,15.516,-3.304678,0.650691,-3.304678,0.650691,-3.324441,0.683803,,,,0.019762,-0.033111,0.038561,1.000000,-0.000008,0.00,0
905,15.522,-3.304678,0.650691,-3.304678,0.650691,-3.324441,0.683152,,,,0.019762,-0.032460,0.038003,1.000000,-0.000008,0.00,0
906,15.527,-3.304678,0.650691,-3.304678,0.650691,-3.324441,0.682504,,,,0.019762,-0.031813,0.037451,1.000000,-0.000008,0.00,0
907,15.534,-3.304678,0.650691,-3.304678,0.650691,-3.324441,0.681861,,,,0.019762,-0.031169,0.036906,1.000000,-0.000008,0.00,0
908,15.538,-3.304678,0.650691,-3.304678,0.650691,-3.324441,0.681221,,,,0.019762,-0.030530,0.036368,1.000000,-0.000008,0.00,0
909,15.545,-3.304678,0.650691,-3.304678,0.650691,-3.324441,0.680584,,,,0.019762,-0.029893,0.035835,1.000000,-0.000008,0.00,0
910,15.550,-3.304678,0.650691,-3.304678,0.650691,-3.324441,0.679951,,,,0.019762,-0.029260,0.035309,1.000000,-0.000008,0.00,0
911,15.557,-3.304678,0.650691,-3.304678,0.650691,-3.324441,0.679322,,,,0.019762,-0.028631,0.034789,1.000000,-0.000008,0.00,0
912,15.563,-3.304678,0.650691,-3.304678,0.650691,-3.324441,0.678696,,,,0.019762,-0.028005,0.034276,1.000000,-0.000008,0.00,0
913,15.568,-3.304678,0.650691,-3.304678,0.650691,-3.324441,0.678073,,,,0.019762,-0.027382,0.033769,1.000000,-0.000008,0.00,0
914,15.575,-3.304678,0.650691,-3.304678,0.650691,-3.324441,0.677455,,,,0.019763,-0.026763,0.033269,1.000000,-0.000008,0.00,0
915,15.591,-3.301216,0.661462,-3.297482,0.643735,-3.324441,0.676839,0.023225,-0.015377,0.027854,0.026959,-0.033104,0.042693,1.000000,-0.000008,11.01,1
916,15.602,-3.301216,0.661462,-3.301216,0.661462,-3.324441,0.676228,,,,0.023225,-0.014766,0.027521,1.000000,-0.000008,0.00,0
917,15.607,-3.301216,0.661462,-3.301216,0.661462,-3.324441,0.675619,,,,0.023225,-0.014158,0.027200,1.000000,-0.000008,0.00,0
918,15.614,-3.301216,0.661462,-3.301216,0.661462,-3.324441,0.675014,,,,0.023225,-0.013552,0.026889,1.000000,-0.000008,0.00,0
919,15.620,-3.301216,0.661462,-3.301216,0.661462,-3.324441,0.674412,,,,0.023225,-0.012950,0.026591,1.000000,-0.000008,0.00,0
920,15.625,-3.301216,0.661462,-3.301216,0.661462,-3.324441,0.673813,,,,0.023225,-0.012351,0.026305,1.000000,-0.000008,0.00,0
921,15.630,-3.301216,0.661462,-3.301216,0.661462,-3.324441,0.673218,,,,0.023225,-0.011756,0.026030,1.000000,-0.000008,0.00,0
922,15.635,-3.301216,0.661462,-3.301216,0.661462,-3.324441,0.672626,,,,0.023225,-0.011164,0.025769,1.000000,-0.000008,0.00,0
923,15.639,-3.301216,0.661462,-3.301216,0.661462,-3.324441,0.672051,,,,0.023225,-0.010589,0.025525,1.000000,-0.000008,0.00,0
924,15.645,-3.301216,0.661462,-3.301216,0.661462,-3.324441,0.671501,,,,0.023225,-0.010039,0.025302,1.000000,-0.000007,0.00,0
925,15.652,-3.301216,0.661462,-3.301216,0.661462,-3.324441,0.670938,,,,0.023225,-0.009476,0.025083,1.000000,-0.000007,0.00,0
926,15.658,-3.301216,0.661462,-3.301216,0.661462,-3.324441,0.670370,,,,0.023225,-0.008908,0.024874,1.000000,-0.000006,0.00,0
927,15.663,-3.301216,0.661462,-3.301216,0.661462,-3.324441,0.669799,,,,0.023225,-0.008337,0.024676,1.000000,-0.000005,0.00,0
928,15.670,-3.301216,0.661462,-3.301216,0.661462,-3.324441,0.669231,,,,0.023225,-0.007769,0.024490,1.000000,-0.000005,0.00,0
929,15.675,-3.301216,0.661462,-3.301216,0.661462,-3.324441,0.668664,,,,0.023225,-0.007202,0.024316,1.000000,-0.000004,0.00,0
930,15.692,-3.286953,0.653803,-3.284536,0.655231,-3.324441,0.668099,0.037488,-0.014296,0.040121,0.039904,-0.012868,0.041928,1.000000,-0.000004,10.01,1
931,15.699,-3.286953,0.653803,-3.286953,0.653803,-3.324441,0.667538,,,,0.037488,-0.013735,0.039924,1.000000,-0.000003,0.00,0
932,15.705,-3.286953,0.653803,-3.286953,0.653803,-3.324441,0.666980,,,,0.037488,-0.013177,0.039736,1.000000,-0.000003,0.00,0
933,15.711,-3.286953,0.653803,-3.286953,0.653803,-3.324441,0.666425,,,,0.037488,-0.012621,0.039555,1.000000,-0.000002,0.00,0
934,15.717,-3.286953,0.653803,-3.286953,0.653803,-3.324441,0.665872,,,,0.037488,-0.012069,0.039382,1.000000,-0.000002,0.00,0
935,15.722,-3.286953,0.653803,-3.286953,0.653803,-3.324441,0.665322,,,,0.037488,-0.011519,0.039217,1.000000,-0.000002,0.00,0
936,15.729,-3.286953,0.653803,-3.286953,0.653803,-3.324441,0.664775,,,,0.037488,-0.010972,0.039060,1.000000,-0.000001,0.00,0
937,15.735,-3.286953,0.653803,-3.286953,0.653803,-3.324441,0.664230,,,,0.037488,-0.010427,0.038911,1.000000,-0.000001,0.00,0
938,15.740,-3.286953,0.653803,-3.286953,0.653803,-3.324441,0.663689,,,,0.037488,-0.009886,0.038769,1.000000,-0.000000,0.00,0
939,15.747,-3.286953,0.653803,-3.286953,0.653803,-3.324441,0.663151,,,,0.037488,-0.009348,0.038635,1.000000,0.000000,0.00,0
940,15.752,-3.286953,0.653803,-3.286953,0.653803,-3.324441,0.662616,,,,0.037488,-0.008813,0.038510,1.000000,0.000001,0.00,0
941,15.758,-3.286953,0.653803,-3.286953,0.653803,-3.324441,0.662084,,,,0.037488,-0.008280,0.038391,1.000000,0.000001,0.00,0
942,15.764,-3.286953,0.653803,-3.286953,0.653803,-3.324441,0.661554,,,,0.037488,-0.007751,0.038280,1.000000,0.000002,0.00,0
943,15.770,-3.286953,0.653803,-3.286953,0.653803,-3.324441,0.661027,,,,0.037488,-0.007223,0.038177,1.000000,0.000002,0.00,0
944,15.776,-3.286953,0.653803,-3.286953,0.653803,-3.324441,0.660502,,,,0.037488,-0.006699,0.038081,1.000000,0.000003,0.00,0
945,15.793,-3.295866,0.650509,-3.305580,0.652561,-3.324441,0.659980,0.028575,-0.009471,0.030103,0.018860,-0.007420,0.020267,1.000000,0.000003,10.56,1
946,15.798,-3.295866,0.650509,-3.295866,0.650509,-3.324441,0.659461,,,,0.028575,-0.008952,0.029944,1.000000,0.000003,0.00,0
947,15.804,-3.295866,0.650509,-3.295866,0.650509,-3.324441,0.658946,,,,0.028575,-0.008437,0.029794,1.000000,0.000004,0.00,0
948,15.811,-3.295866,0.650509,-3.295866,0.650509,-3.324441,0.658431,,,,0.028575,-0.007922,0.029653,1.000000,0.000004,0.00,0
949,15.817,-3.295866,0.650509,-3.295866,0.650509,-3.324441,0.657920,,,,0.028575,-0.007411,0.029520,1.000000,0.000005,0.00,0
950,15.823,-3.295866,0.650509,-3.295866,0.650509,-3.324441,0.657412,,,,0.028575,-0.006903,0.029397,1.000000,0.000005,0.00,0
951,15.828,-3.295866,0.650509,-3.295866,0.650509,-3.324441,0.656906,,,,0.028575,-0.006397,0.029282,1.000000,0.000006,0.00,0
952,15.834,-3.295866,0.650509,-3.295866,0.650509,-3.324441,0.656404,,,,0.028575,-0.005895,0.029176,1.000000,0.000006,0.00,0
953,15.841,-3.295866,0.650509,-3.295866,0.650509,-3.324441,0.655903,,,,0.028575,-0.005394,0.029079,1.000000,0.000007,0.00,0
954,15.846,-3.295866,0.650509,-3.295866,0.650509,-3.324441,0.655405,,,,0.028575,-0.004896,0.028991,1.000000,0.000007,0.00,0
955,15.852,-3.295866,0.650509,-3.295866,0.650509,-3.324441,0.654911,,,,0.028575,-0.004402,0.028912,1.000000,0.000007,0.00,0
956,15.859,-3.295866,0.650509,-3.295866,0.650509,-3.324441,0.654418,,,,0.028575,-0.003909,0.028841,1.000000,0.000008,0.00,0
957,15.864,-3.295866,0.650509,-3.295866,0.650509,-3.324441,0.653927,,,,0.028575,-0.003418,0.028778,1.000000,0.000008,0.00,0
958,15.870,-3.295866,0.650509,-3.295866,0.650509,-3.324441,0.653440,,,,0.028575,-0.002931,0.028725,1.000000,0.000009,0.00,0
959,15.877,-3.295866,0.650509,-3.295866,0.650509,-3.324441,0.652954,,,,0.028575,-0.002445,0.028679,1.000000,0.000009,0.00,0
960,15.892,-3.295187,0.670850,-3.295444,0.704756,-3.324441,0.652471,0.029254,0.018378,0.034548,0.028996,0.052285,0.059787,1.000000,0.000010,10.51,1
961,15.904,-3.295187,0.670850,-3.295187,0.670850,-3.324441,0.651990,,,,0.029254,0.018859,0.034806,1.000000,0.000010,0.00,0
962,15.910,-3.295187,0.670850,-3.295187,0.670850,-3.324441,0.651512,,,,0.029254,0.019337,0.035067,1.000000,0.000010,0.00,0
963,15.917,-3.295187,0.670850,-3.295187,0.670850,-3.324441,0.651037,,,,0.029254,0.019812,0.035331,1.000000,0.000011,0.00,0
964,15.922,-3.295187,0.670850,-3.295187,0.670850,-3.324441,0.650564,,,,0.029254,0.020286,0.035599,1.000000,0.000011,0.00,0
965,15.927,-3.295187,0.670850,-3.295187,0.670850,-3.324441,0.650093,,,,0.029254,0.020756,0.035869,1.000000,0.000012,0.00,0
966,15.934,-3.295187,0.670850,-3.295187,0.670850,-3.324441,0.649624,,,,0.029254,0.021225,0.036143,1.000000,0.000012,0.00,0
967,15.938,-3.295187,0.670850,-3.295187,0.670850,-3.324441,0.649158,,,,0.029254,0.021692,0.036418,1.000000,0.000012,0.00,0
968,15.945,-3.295187,0.670850,-3.295187,0.670850,-3.324441,0.648694,,,,0.029254,0.022155,0.036696,1.000000,0.000013,0.00,0
969,15.951,-3.295187,0.670850,-3.295187,0.670850,-3.324441,0.648233,,,,0.029254,0.022617,0.036977,1.000000,0.000013,0.00,0
970,15.957,-3.295187,0.670850,-3.295187,0.670850,-3.324441,0.647773,,,,0.029254,0.023076,0.037260,1.000000,0.000014,0.00,0
971,15.962,-3.295187,0.670850,-3.295187,0.670850,-3.324441,0.647316,,,,0.029254,0.023533,0.037544,1.000000,0.000014,0.00,0
972,15.967,-3.295187,0.670850,-3.295187,0.670850,-3.324441,0.646861,,,,0.029254,0.023988,0.037831,1.000000,0.000014,0.00,0
973,15.974,-3.295187,0.670850,-3.295187,0.670850,-3.324441,0.646408,,,,0.029254,0.024441,0.038120,1.000000,0.000015,0.00,0
974,15.981,-3.295187,0.670850,-3.295187,0.670850,-3.324441,0.645958,,,,0.029254,0.024892,0.038411,1.000000,0.000015,0.00,0
975,15.997,-3.283129,0.641301,-3.248363,0.566586,-3.324441,0.645509,0.041311,-0.004208,0.041525,0.076078,-0.078923,0.109621,1.000000,0.000016,11.51,1
976,16.003,-3.283129,0.641301,-3.283129,0.641301,-3.324441,0.645063,,,,0.041311,-0.003762,0.041482,1.000000,0.000016,0.00,0
977,16.010,-3.283129,0.641301,-3.283129,0.641301,-3.324441,0.644619,,,,0.041311,-0.003318,0.041444,1.000000,0.000016,0.00,0
978,16.015,-3.283129,0.641301,-3.283129,0.641301,-3.324441,0.644177,,,,0.041311,-0.002876,0.041411,1.000000,0.000017,0.00,0
979,16.022,-3.283129,0.641301,-3.283129,0.641301,-3.324441,0.643738,,,,0.041311,-0.002437,0.041383,1.000000,0.000017,0.00,0
980,16.027,-3.283129,0.641301,-3.283129,0.641301,-3.324441,0.643300,,,,0.041311,-0.001999,0.041359,1.000000,0.000017,0.00,0
981,16.034,-3.283129,0.641301,-3.283129,0.641301,-3.324440,0.642864,,,,0.041311,-0.001563,0.041341,1.000000,0.000018,0.00,0
982,16.040,-3.283129,0.641301,-3.283129,0.641301,-3.324440,0.642432,,,,0.041311,-0.001131,0.041326,1.000000,0.000018,0.00,0
983,16.046,-3.283129,0.641301,-3.283129,0.641301,-3.324440,0.642000,,,,0.041311,-0.000699,0.041317,1.000000,0.000019,0.00,0
984,16.052,-3.283129,0.641301,-3.283129,0.641301,-3.324440,0.641572,,,,0.041311,-0.000271,0.041312,1.000000,0.000019,0.00,0
985,16.057,-3.283129,0.641301,-3.283129,0.641301,-3.324440,0.641144,,,,0.041311,0.000157,0.041311,1.000000,0.000019,0.00,0
986,16.062,-3.283129,0.641301,-3.283129,0.641301,-3.324440,0.640720,,,,0.041311,0.000581,0.041315,1.000000,0.000020,0.00,0
987,16.067,-3.283129,0.641301,-3.283129,0.641301,-3.324440,0.640297,,,,0.041311,0.001004,0.041323,1.000000,0.000020,0.00,0
988,16.073,-3.283129,0.641301,-3.283129,0.641301,-3.324440,0.639876,,,,0.041311,0.001425,0.041336,1.000000,0.000020,0.00,0
989,16.078,-3.283129,0.641301,-3.283129,0.641301,-3.324440,0.639457,,,,0.041311,0.001844,0.041352,1.000000,0.000021,0.00,0
990,16.094,-3.296802,0.635692,-3.346597,0.635733,-3.324440,0.639040,0.027639,-0.003348,0.027841,-0.022157,-0.003307,0.022402,1.000000,0.000021,10.51,1
991,16.102,-3.296802,0.635692,-3.296802,0.635692,-3.324440,0.638626,,,,0.027639,-0.002934,0.027794,1.000000,0.000021,0.00,0
992,16.107,-3.296802,0.635692,-3.296802,0.635692,-3.324440,0.638214,,,,0.027639,-0.002522,0.027754,1.000000,0.000022,0.00,0
993,16.113,-3.296802,0.635692,-3.296802,0.635692,-3.324440,0.637804,,,,0.027639,-0.002112,0.027719,1.000000,0.000022,0.00,0
994,16.119,-3.296802,0.635692,-3.296802,0.635692,-3.324440,0.637394,,,,0.027639,-0.001703,0.027691,1.000000,0.000022,0.00,0
995,16.125,-3.296802,0.635692,-3.296802,0.635692,-3.324440,0.636987,,,,0.027639,-0.001295,0.027669,1.000000,0.000023,0.00,0
996,16.130,-3.296802,0.635692,-3.296802,0.635692,-3.324440,0.636581,,,,0.027639,-0.000889,0.027653,1.000000,0.000023,0.00,0
997,16.135,-3.296802,0.635692,-3.296802,0.635692,-3.324440,0.636178,,,,0.027639,-0.000486,0.027643,1.000000,0.000024,0.00,0
998,16.141,-3.296802,0.635692,-3.296802,0.635692,-3.324440,0.635777,,,,0.027639,-0.000085,0.027639,1.000000,0.000024,0.00,0
999,16.146,-3.296802,0.635692,-3.296802,0.635692,-3.324440,0.635378,,,,0.027639,0.000314,0.027641,1.000000,0.000024,0.00,0
1000,16.153,-3.296802,0.635692,-3.296802,0.635692,-3.324440,0.634980,,,,0.027639,0.000712,0.027648,1.000000,0.000025,0.00,0
1001,16.158,-3.296802,0.635692,-3.296802,0.635692,-3.324440,0.634584,,,,0.027639,0.001108,0.027661,1.000000,0.000025,0.00,0
1002,16.164,-3.296802,0.635692,-3.296802,0.635692,-3.324440,0.634190,,,,0.027639,0.001502,0.027679,1.000000,0.000025,0.00,0
1003,16.171,-3.296802,0.635692,-3.296802,0.635692,-3.324440,0.633797,,,,0.027639,0.001894,0.027704,1.000000,0.000026,0.00,0
1004,16.177,-3.296802,0.635692,-3.296802,0.635692,-3.324440,0.633407,,,,0.027639,0.002285,0.027733,1.000000,0.000026,0.00,0
1005,16.194,-3.288169,0.615663,-3.269546,0.644669,-3.324440,0.633018,0.036272,-0.017356,0.040210,0.054894,0.011650,0.056117,1.000000,0.000026,11.51,1
1006,16.205,-3.288169,0.615663,-3.288169,0.615663,-3.324440,0.632632,,,,0.036272,-0.016969,0.040045,1.000000,0.000027,0.00,0
1007,16.211,-3.288169,0.615663,-3.288169,0.615663,-3.324440,0.632247,,,,0.036272,-0.016584,0.039883,1.000000,0.000027,0.00,0
1008,16.217,-3.288169,0.615663,-3.288169,0.615663,-3.324440,0.631864,,,,0.036272,-0.016201,0.039725,1.000000,0.000027,0.00,0
1009,16.223,-3.288169,0.615663,-3.288169,0.615663,-3.324440,0.631483,,,,0.036272,-0.015820,0.039572,1.000000,0.000028,0.00,0
1010,16.228,-3.288169,0.615663,-3.288169,0.615663,-3.324440,0.631103,,,,0.036272,-0.015440,0.039421,1.000000,0.000028,0.00,0
1011,16.236,-3.288169,0.615663,-3.288169,0.615663,-3.324440,0.630724,,,,0.036272,-0.015062,0.039274,1.000000,0.000028,0.00,0
1012,16.242,-3.288169,0.615663,-3.288169,0.615663,-3.324440,0.630348,,,,0.036271,-0.014685,0.039132,1.000000,0.000029,0.00,0
1013,16.247,-3.288169,0.615663,-3.288169,0.615663,-3.324440,0.629974,,,,0.036271,-0.014311,0.038993,1.000000,0.000029,0.00,0
1014,16.253,-3.288169,0.615663,-3.288169,0.615663,-3.324440,0.629601,,,,0.036271,-0.013939,0.038858,1.000000,0.000029,0.00,0
1015,16.259,-3.288169,0.615663,-3.288169,0.615663,-3.324440,0.629230,,,,0.036271,-0.013567,0.038726,1.000000,0.000030,0.00,0
1016,16.265,-3.288169,0.615663,-3.288169,0.615663,-3.324440,0.628860,,,,0.036271,-0.013198,0.038598,1.000000,0.000030,0.00,0
1017,16.271,-3.288169,0.615663,-3.288169,0.615663,-3.324440,0.628493,,,,0.036271,-0.012831,0.038474,1.000000,0.000030,0.00,0
1018,16.276,-3.288169,0.615663,-3.288169,0.615663,-3.324440,0.628127,,,,0.036271,-0.012464,0.038353,1.000000,0.000030,0.00,0
1019,16.282,-3.288169,0.615663,-3.288169,0.615663,-3.324440,0.627762,,,,0.036271,-0.012099,0.038236,1.000000,0.000031,0.00,0
1020,16.298,-3.309816,0.624816,-3.313304,0.594045,-3.324440,0.627399,0.014624,-0.002584,0.014851,0.011136,-0.033354,0.035164,1.000000,0.000031,10.46,1
1021,16.306,-3.309816,0.624816,-3.309816,0.624816,-3.324440,0.627038,,,,0.014624,-0.002222,0.014792,1.000000,0.000031,0.00,0
1022,16.312,-3.309816,0.624816,-3.309816,0.624816,-3.324440,0.626679,,,,0.014624,-0.001863,0.014743,1.000000,0.000032,0.00,0
1023,16.317,-3.309816,0.624816,-3.309816,0.624816,-3.324440,0.626321,,,,0.014624,-0.001506,0.014702,1.000000,0.000032,0.00,0
1024,16.323,-3.309816,0.624816,-3.309816,0.624816,-3.324440,0.625965,,,,0.014624,-0.001149,0.014669,1.000000,0.000032,0.00,0
1025,16.328,-3.309816,0.624816,-3.309816,0.624816,-3.324440,0.625611,,,,0.014624,-0.000795,0.014646,1.000000,0.000033,0.00,0
1026,16.334,-3.309816,0.624816,-3.309816,0.624816,-3.324440,0.625258,,,,0.014624,-0.000442,0.014631,1.000000,0.000033,0.00,0
1027,16.340,-3.309816,0.624816,-3.309816,0.624816,-3.324440,0.624906,,,,0.014624,-0.000090,0.014625,1.000000,0.000033,0.00,0
1028,16.345,-3.309816,0.624816,-3.309816,0.624816,-3.324440,0.624556,,,,0.014624,0.000260,0.014627,1.000000,0.000034,0.00,0
1029,16.350,-3.309816,0.624816,-3.309816,0.624816,-3.324440,0.624207,,,,0.014624,0.000608,0.014637,1.000000,0.000034,0.00,0
1030,16.355,-3.309816,0.624816,-3.309816,0.624816,-3.324440,0.623860,,,,0.014624,0.000955,0.014655,1.000000,0.000034,0.00,0
1031,16.360,-3.309816,0.624816,-3.309816,0.624816,-3.324440,0.623515,,,,0.014624,0.001300,0.014682,1.000000,0.000034,0.00,0
1032,16.365,-3.309816,0.624816,-3.309816,0.624816,-3.324440,0.623171,,,,0.014624,0.001644,0.014716,1.000000,0.000035,0.00,0
1033,16.371,-3.309816,0.624816,-3.309816,0.624816,-3.324440,0.622829,,,,0.014624,0.001987,0.014759,1.000000,0.000035,0.00,0
1034,16.377,-3.309816,0.624816,-3.309816,0.624816,-3.324440,0.622488,,,,0.014624,0.002328,0.014808,1.000000,0.000035,0.00,0
1035,16.393,-3.290441,0.628644,-3.288472,0.647218,-3.324440,0.622149,0.033999,0.006495,0.034614,0.035968,0.025069,0.043842,1.000000,0.000036,10.01,1
1036,16.401,-3.290441,0.628644,-3.290441,0.628644,-3.324440,0.621810,,,,0.033999,0.006833,0.034679,1.000000,0.000036,0.00,0
1037,16.407,-3.290441,0.628644,-3.290441,0.628644,-3.324440,0.621473,,,,0.033999,0.007171,0.034747,1.000000,0.000036,0.00,0
1038,16.414,-3.290441,0.628644,-3.290441,0.628644,-3.324440,0.621138,,,,0.033999,0.007506,0.034818,1.000000,0.000037,0.00,0
1039,16.420,-3.290441,0.628644,-3.290441,0.628644,-3.324440,0.620805,,,,0.033999,0.007839,0.034891,1.000000,0.000037,0.00,0
1040,16.425,-3.290441,0.628644,-3.290441,0.628644,-3.324440,0.620473,,,,0.033999,0.008171,0.034967,1.000000,0.000037,0.00,0
1041,16.432,-3.290441,0.628644,-3.290441,0.628644,-3.324440,0.620143,,,,0.033999,0.008501,0.035046,1.000000,0.000037,0.00,0
1042,16.438,-3.290441,0.628644,-3.290441,0.628644,-3.324440,0.619814,,,,0.033999,0.008830,0.035127,1.000000,0.000038,0.00,0
1043,16.443,-3.290441,0.628644,-3.290441,0.628644,-3.324440,0.619486,,,,0.033999,0.009158,0.035211,1.000000,0.000038,0.00,0
1044,16.448,-3.290441,0.628644,-3.290441,0.628644,-3.324440,0.619160,,,,0.033999,0.009484,0.035297,1.000000,0.000038,0.00,0
1045,16.455,-3.290441,0.628644,-3.290441,0.628644,-3.324440,0.618836,,,,0.033999,0.009808,0.035385,1.000000,0.000038,0.00,0
1046,16.461,-3.290441,0.628644,-3.290441,0.628644,-3.324440,0.618512,,,,0.033999,0.010131,0.035476,1.000000,0.000039,0.00,0
1047,16.466,-3.290441,0.628644,-3.290441,0.628644,-3.324440,0.618190,,,,0.033999,0.010454,0.035570,1.000000,0.000039,0.00,0
1048,16.473,-3.290441,0.628644,-3.290441,0.628644,-3.324440,0.617869,,,,0.033999,0.010774,0.035665,1.000000,0.000039,0.00,0
1049,16.478,-3.290441,0.628644,-3.290441,0.628644,-3.324440,0.617550,,,,0.033999,0.011094,0.035763,1.000000,0.000040,0.00,0
1050,16.495,-3.310777,0.597922,-3.330555,0.552503,-3.324440,0.617232,0.013662,-0.019310,0.023655,-0.006116,-0.064729,0.065018,1.000000,0.000040,10.50,1
1051,16.505,-3.310777,0.597922,-3.310777,0.597922,-3.324440,0.616916,,,,0.013662,-0.018994,0.023397,1.000000,0.000040,0.00,0
1052,16.512,-3.310777,0.597922,-3.310777,0.597922,-3.324440,0.616601,,,,0.013662,-0.018679,0.023143,1.000000,0.000040,0.00,0
1053,16.519,-3.310777,0.597922,-3.310777,0.597922,-3.324440,0.616287,,,,0.013662,-0.018365,0.022890,1.000000,0.000041,0.00,0
1054,16.525,-3.310777,0.597922,-3.310777,0.597922,-3.324440,0.615975,,,,0.013662,-0.018053,0.022640,1.000000,0.000041,0.00,0
1055,16.530,-3.310777,0.597922,-3.310777,0.597922,-3.324440,0.615665,,,,0.013662,-0.017743,0.022393,1.000000,0.000041,0.00,0
1056,16.537,-3.310777,0.597922,-3.310777,0.597922,-3.324440,0.615356,,,,0.013662,-0.017434,0.022149,1.000000,0.000041,0.00,0
1057,16.542,-3.310777,0.597922,-3.310777,0.597922,-3.324440,0.615047,,,,0.013662,-0.017126,0.021908,1.000000,0.000042,0.00,0
1058,16.548,-3.310777,0.597922,-3.310777,0.597922,-3.324440,0.614740,,,,0.013662,-0.016818,0.021668,1.000000,0.000042,0.00,0
1059,16.554,-3.310777,0.597922,-3.310777,0.597922,-3.324440,0.614434,,,,0.013662,-0.016512,0.021431,1.000000,0.000042,0.00,0
1060,16.560,-3.310777,0.597922,-3.310777,0.597922,-3.324440,0.614130,,,,0.013662,-0.016208,0.021198,1.000000,0.000043,0.00,0
1061,16.565,-3.310777,0.597922,-3.310777,0.597922,-3.324440,0.613827,,,,0.013662,-0.015905,0.020967,1.000000,0.000043,0.00,0
1062,16.571,-3.310777,0.597922,-3.310777,0.597922,-3.324439,0.613525,,,,0.013662,-0.015603,0.020739,1.000000,0.000043,0.00,0
1063,16.577,-3.310777,0.597922,-3.310777,0.597922,-3.324439,0.613224,,,,0.013662,-0.015303,0.020514,1.000000,0.000043,0.00,0
1064,16.583,-3.310777,0.597922,-3.310777,0.597922,-3.324439,0.612925,,,,0.013662,-0.015003,0.020291,1.000000,0.000044,0.00,0
1065,16.600,-3.325018,0.600312,-3.356028,0.601216,-3.324439,0.612627,-0.000579,-0.012315,0.012328,-0.031588,-0.011411,0.033586,1.000000,0.000044,11.01,1
1066,16.605,-3.325018,0.600312,-3.325018,0.600312,-3.324439,0.612331,,,,-0.000579,-0.012018,0.012032,1.000000,0.000044,0.00,0
1067,16.611,-3.325018,0.600312,-3.325018,0.600312,-3.324439,0.612036,,,,-0.000579,-0.011723,0.011738,1.000000,0.000044,0.00,0
1068,16.617,-3.325018,0.600312,-3.325018,0.600312,-3.324439,0.611743,,,,-0.000579,-0.011430,0.011445,1.000000,0.000045,0.00,0
1069,16.622,-3.325018,0.600312,-3.325018,0.600312,-3.324439,0.611450,,,,-0.000579,-0.011138,0.011153,1.000000,0.000045,0.00,0
1070,16.629,-3.325018,0.600312,-3.325018,0.600312,-3.324439,0.611158,,,,-0.000579,-0.010846,0.010861,1.000000,0.000045,0.00,0
1071,16.634,-3.325018,0.600312,-3.325018,0.600312,-3.324439,0.610867,,,,-0.000579,-0.010555,0.010570,1.000000,0.000045,0.00,0
1072,16.639,-3.325018,0.600312,-3.325018,0.600312,-3.324439,0.610578,,,,-0.000579,-0.010265,0.010282,1.000000,0.000046,0.00,0
1073,16.647,-3.325018,0.600312,-3.325018,0.600312,-3.324439,0.610290,,,,-0.000579,-0.009978,0.009994,1.000000,0.000046,0.00,0
1074,16.652,-3.325018,0.600312,-3.325018,0.600312,-3.324439,0.610004,,,,-0.000579,-0.009691,0.009708,1.000000,0.000046,0.00,0
1075,16.659,-3.325018,0.600312,-3.325018,0.600312,-3.324439,0.609719,,,,-0.000579,-0.009406,0.009424,1.000000,0.000046,0.00,0
1076,16.665,-3.325018,0.600312,-3.325018,0.600312,-3.324439,0.609435,,,,-0.000579,-0.009122,0.009140,1.000000,0.000047,0.00,0
1077,16.672,-3.325018,0.600312,-3.325018,0.600312,-3.324439,0.609151,,,,-0.000579,-0.008839,0.008858,1.000000,0.000047,0.00,0
1078,16.677,-3.325018,0.600312,-3.325018,0.600312,-3.324439,0.608869,,,,-0.000579,-0.008556,0.008576,1.000000,0.000047,0.00,0
1079,16.684,-3.325018,0.600312,-3.325018,0.600312,-3.324439,0.608588,,,,-0.000579,-0.008275,0.008296,1.000000,0.000047,0.00,0
1080,16.700,-3.340791,0.574460,-3.335789,0.569661,-3.324439,0.608309,-0.016352,-0.033849,0.037591,-0.011350,-0.038648,0.040280,1.000000,0.000048,11.01,1
1081,16.706,-3.340791,0.574460,-3.340791,0.574460,-3.324439,0.608031,,,,-0.016352,-0.033571,0.037341,1.000000,0.000048,0.00,0
1082,16.712,-3.340791,0.574460,-3.340791,0.574460,-3.324439,0.607754,,,,-0.016352,-0.033294,0.037093,1.000000,0.000048,0.00,0
1083,16.718,-3.340791,0.574460,-3.340791,0.574460,-3.324439,0.607479,,,,-0.016352,-0.033018,0.036845,1.000000,0.000048,0.00,0
1084,16.723,-3.340791,0.574460,-3.340791,0.574460,-3.324439,0.607204,,,,-0.016352,-0.032744,0.036600,1.000000,0.000049,0.00,0
1085,16.729,-3.340791,0.574460,-3.340791,0.574460,-3.324439,0.606931,,,,-0.016352,-0.032471,0.036355,1.000000,0.000049,0.00,0
1086,16.735,-3.340791,0.574460,-3.340791,0.574460,-3.324439,0.606658,,,,-0.016352,-0.032198,0.036112,1.000000,0.000049,0.00,0
1087,16.741,-3.340791,0.574460,-3.340791,0.574460,-3.324439,0.606387,,,,-0.016352,-0.031926,0.035870,1.000000,0.000049,0.00,0
1088,16.747,-3.340791,0.574460,-3.340791,0.574460,-3.324439,0.606116,,,,-0.016352,-0.031656,0.035630,1.000000,0.000049,0.00,0
1089,16.753,-3.340791,0.574460,-3.340791,0.574460,-3.324439,0.605848,,,,-0.016352,-0.031388,0.035391,1.000000,0.000050,0.00,0
1090,16.759,-3.340791,0.574460,-3.340791,0.574460,-3.324439,0.605580,,,,-0.016352,-0.031120,0.035154,1.000000,0.000050,0.00,0
1091,16.765,-3.340791,0.574460,-3.340791,0.574460,-3.324439,0.605312,,,,-0.016352,-0.030852,0.034917,1.000000,0.000050,0.00,0
1092,16.771,-3.340791,0.574460,-3.340791,0.574460,-3.324439,0.605045,,,,-0.016352,-0.030585,0.034682,1.000000,0.000050,0.00,0
1093,16.777,-3.340791,0.574460,-3.340791,0.574460,-3.324439,0.604780,,,,-0.016352,-0.030320,0.034448,1.000000,0.000051,0.00,0
1094,16.783,-3.340791,0.574460,-3.340791,0.574460,-3.324439,0.604517,,,,-0.016352,-0.030057,0.034217,1.000000,0.000051,0.00,0
1095,16.800,-3.348622,0.576085,-3.354048,0.557379,-3.324439,0.604255,-0.024183,-0.028169,0.037125,-0.029609,-0.046876,0.055444,1.000000,0.000051,11.01,1
1096,16.811,-3.348622,0.576085,-3.348622,0.576085,-3.324439,0.603994,,,,-0.024183,-0.027908,0.036928,1.000000,0.000051,0.00,0
1097,16.817,-3.348622,0.576085,-3.348622,0.576085,-3.324439,0.603733,,,,-0.024183,-0.027648,0.036732,1.000000,0.000052,0.00,0
1098,16.823,-3.348622,0.576085,-3.348622,0.576085,-3.324439,0.603474,,,,-0.024183,-0.027389,0.036537,1.000000,0.000052,0.00,0
1099,16.828,-3.348622,0.576085,-3.348622,0.576085,-3.324439,0.603215,,,,-0.024183,-0.027130,0.036343,1.000000,0.000052,0.00,0
1100,16.835,-3.348622,0.576085,-3.348622,0.576085,-3.324439,0.602958,,,,-0.024183,-0.026873,0.036152,1.000000,0.000052,0.00,0
1101,16.840,-3.348622,0.576085,-3.348622,0.576085,-3.324439,0.602702,,,,-0.024183,-0.026617,0.035962,1.000000,0.000052,0.00,0
1102,16.845,-3.348622,0.576085,-3.348622,0.576085,-3.324439,0.602447,,,,-0.024183,-0.026362,0.035774,1.000000,0.000053,0.00,0
1103,16.852,-3.348622,0.576085,-3.348622,0.576085,-3.324439,0.602193,,,,-0.024183,-0.026108,0.035587,1.000000,0.000053,0.00,0
1104,16.857,-3.348622,0.576085,-3.348622,0.576085,-3.324439,0.601940,,,,-0.024183,-0.025855,0.035401,1.000000,0.000053,0.00,0
1105,16.862,-3.348622,0.576085,-3.348622,0.576085,-3.324439,0.601687,,,,-0.024183,-0.025602,0.035217,1.000000,0.000053,0.00,0
1106,16.868,-3.348622,0.576085,-3.348622,0.576085,-3.324439,0.601436,,,,-0.024183,-0.025350,0.035035,1.000000,0.000053,0.00,0
1107,16.875,-3.348622,0.576085,-3.348622,0.576085,-3.324439,0.601185,,,,-0.024183,-0.025099,0.034854,1.000000,0.000054,0.00,0
1108,16.881,-3.348622,0.576085,-3.348622,0.576085,-3.324439,0.600935,,,,-0.024183,-0.024850,0.034674,1.000000,0.000054,0.00,0
1109,16.887,-3.348622,0.576085,-3.348622,0.576085,-3.324439,0.600686,,,,-0.024183,-0.024601,0.034497,1.000000,0.000054,0.00,0
1110,16.904,-3.327506,0.569229,-3.292680,0.580648,-3.324439,0.600440,-0.003067,-0.031211,0.031361,0.031759,-0.019792,0.037421,1.000000,0.000054,11.01,1
1111,16.911,-3.327506,0.569229,-3.327506,0.569229,-3.324439,0.600194,,,,-0.003067,-0.030965,0.031117,1.000000,0.000055,0.00,0
1112,16.916,-3.327506,0.569229,-3.327506,0.569229,-3.324439,0.599950,,,,-0.003067,-0.030721,0.030874,1.000000,0.000055,0.00,0
1113,16.922,-3.327506,0.569229,-3.327506,0.569229,-3.324439,0.599707,,,,-0.003067,-0.030478,0.030632,1.000000,0.000055,0.00,0
1114,16.928,-3.327506,0.569229,-3.327506,0.569229,-3.324439,0.599464,,,,-0.003067,-0.030235,0.030390,1.000000,0.000055,0.00,0
1115,16.935,-3.327506,0.569229,-3.327506,0.569229,-3.324439,0.599223,,,,-0.003067,-0.029993,0.030150,1.000000,0.000055,0.00,0
1116,16.940,-3.327506,0.569229,-3.327506,0.569229,-3.324439,0.598981,,,,-0.003067,-0.029752,0.029910,1.000000,0.000056,0.00,0
1117,16.947,-3.327506,0.569229,-3.327506,0.569229,-3.324439,0.598742,,,,-0.003067,-0.029513,0.029672,1.000000,0.000056,0.00,0
1118,16.953,-3.327506,0.569229,-3.327506,0.569229,-3.324439,0.598503,,,,-0.003067,-0.029274,0.029434,1.000000,0.000056,0.00,0
1119,16.959,-3.327506,0.569229,-3.327506,0.569229,-3.324439,0.598266,,,,-0.003067,-0.029037,0.029198,1.000000,0.000056,0.00,0
1120,16.964,-3.327506,0.569229,-3.327506,0.569229,-3.324439,0.598029,,,,-0.003067,-0.028800,0.028963,1.000000,0.000056,0.00,0
1121,16.970,-3.327506,0.569229,-3.327506,0.569229,-3.324439,0.597793,,,,-0.003067,-0.028564,0.028728,1.000000,0.000057,0.00,0
1122,16.975,-3.327506,0.569229,-3.327506,0.569229,-3.324439,0.597557,,,,-0.003067,-0.028328,0.028494,1.000000,0.000057,0.00,0
1123,16.981,-3.327506,0.569229,-3.327506,0.569229,-3.324439,0.597323,,,,-0.003067,-0.028094,0.028260,1.000000,0.000057,0.00,0
1124,16.987,-3.327506,0.569229,-3.327506,0.569229,-3.324439,0.597089,,,,-0.003067,-0.027860,0.028028,1.000000,0.000057,0.00,0
1125,17.004,-3.331661,0.549565,-3.348253,0.510668,-3.324439,0.596855,-0.007222,-0.047290,0.047839,-0.023815,-0.086187,0.089417,1.000000,0.000057,10.01,1
1126,17.011,-3.331661,0.549565,-3.331661,0.549565,-3.324439,0.596623,,,,-0.007222,-0.047058,0.047609,1.000000,0.000058,0.00,0
1127,17.017,-3.331661,0.549565,-3.331661,0.549565,-3.324439,0.596392,,,,-0.007222,-0.046827,0.047380,1.000000,0.000058,0.00,0
1128,17.022,-3.331661,0.549565,-3.331661,0.549565,-3.324439,0.596162,,,,-0.007222,-0.046597,0.047153,1.000000,0.000058,0.00,0
1129,17.029,-3.331661,0.549565,-3.331661,0.549565,-3.324439,0.595933,,,,-0.007222,-0.046368,0.046927,1.000000,0.000058,0.00,0
1130,17.034,-3.331661,0.549565,-3.331661,0.549565,-3.324439,0.595705,,,,-0.007222,-0.046140,0.046702,1.000000,0.000058,0.00,0
1131,17.039,-3.331661,0.549565,-3.331661,0.549565,-3.324439,0.595478,,,,-0.007222,-0.045913,0.046478,1.000000,0.000059,0.00,0
1132,17.045,-3.331661,0.549565,-3.331661,0.549565,-3.324439,0.595253,,,,-0.007222,-0.045688,0.046255,1.000000,0.000059,0.00,0
1133,17.051,-3.331661,0.549565,-3.331661,0.549565,-3.324438,0.595028,,,,-0.007222,-0.045463,0.046033,1.000000,0.000059,0.00,0
1134,17.057,-3.331661,0.549565,-3.331661,0.549565,-3.324438,0.594803,,,,-0.007222,-0.045238,0.045811,1.000000,0.000059,0.00,0
1135,17.064,-3.331661,0.549565,-3.331661,0.549565,-3.324438,0.594580,,,,-0.007222,-0.045015,0.045590,1.000000,0.000059,0.00,0
1136,17.070,-3.331661,0.549565,-3.331661,0.549565,-3.324438,0.594357,,,,-0.007222,-0.044792,0.045371,1.000000,0.000060,0.00,0
1137,17.076,-3.331661,0.549565,-3.331661,0.549565,-3.324438,0.594136,,,,-0.007222,-0.044571,0.045152,1.000000,0.000060,0.00,0
1138,17.084,-3.331661,0.549565,-3.331661,0.549565,-3.324438,0.593915,,,,-0.007222,-0.044350,0.044935,1.000000,0.000060,0.00,0
1139,17.090,-3.331661,0.549565,-3.331661,0.549565,-3.324438,0.593696,,,,-0.007222,-0.044131,0.044718,1.000000,0.000060,0.00,0
1140,17.107,-3.327901,0.555037,-3.342770,0.573795,-3.324438,0.593477,-0.003463,-0.038440,0.038595,-0.018331,-0.019682,0.026896,1.000000,0.000060,10.85,1
1141,17.118,-3.327901,0.555037,-3.327901,0.555037,-3.324438,0.593259,,,,-0.003463,-0.038222,0.038379,1.000000,0.000061,0.00,0
1142,17.123,-3.327901,0.555037,-3.327901,0.555037,-3.324438,0.593042,,,,-0.003463,-0.038005,0.038163,1.000000,0.000061,0.00,0
1143,17.128,-3.327901,0.555037,-3.327901,0.555037,-3.324438,0.592827,,,,-0.003463,-0.037790,0.037948,1.000000,0.000061,0.00,0
1144,17.135,-3.327901,0.555037,-3.327901,0.555037,-3.324438,0.592611,,,,-0.003463,-0.037574,0.037734,1.000000,0.000061,0.00,0
1145,17.141,-3.327901,0.555037,-3.327901,0.555037,-3.324438,0.592396,,,,-0.003463,-0.037359,0.037519,1.000000,0.000061,0.00,0
1146,17.147,-3.327901,0.555037,-3.327901,0.555037,-3.324438,0.592182,,,,-0.003463,-0.037145,0.037306,1.000000,0.000061,0.00,0
1147,17.153,-3.327901,0.555037,-3.327901,0.555037,-3.324438,0.591969,,,,-0.003463,-0.036932,0.037094,1.000000,0.000062,0.00,0
1148,17.158,-3.327901,0.555037,-3.327901,0.555037,-3.324438,0.591756,,,,-0.003463,-0.036719,0.036882,1.000000,0.000062,0.00,0
1149,17.164,-3.327901,0.555037,-3.327901,0.555037,-3.324438,0.591544,,,,-0.003463,-0.036507,0.036671,1.000000,0.000062,0.00,0
1150,17.170,-3.327901,0.555037,-3.327901,0.555037,-3.324438,0.591333,,,,-0.003463,-0.036296,0.036461,1.000000,0.000062,0.00,0
1151,17.176,-3.327901,0.555037,-3.327901,0.555037,-3.324438,0.591123,,,,-0.003463,-0.036086,0.036252,1.000000,0.000062,0.00,0
1152,17.182,-3.327901,0.555037,-3.327901,0.555037,-3.324438,0.590915,,,,-0.003463,-0.035878,0.036045,1.000000,0.000063,0.00,0
1153,17.187,-3.327901,0.555037,-3.327901,0.555037,-3.324438,0.590707,,,,-0.003463,-0.035670,0.035838,1.000000,0.000063,0.00,0
1154,17.194,-3.327901,0.555037,-3.327901,0.555037,-3.324438,0.590500,,,,-0.003463,-0.035463,0.035632,1.000000,0.000063,0.00,0
1155,17.210,-3.342306,0.549377,-3.335895,0.563668,-3.324438,0.590295,-0.017868,-0.040917,0.044649,-0.011456,-0.026626,0.028986,1.000000,0.000063,11.51,1
1156,17.217,-3.342306,0.549377,-3.342306,0.549377,-3.324438,0.590089,,,,-0.017868,-0.040712,0.044460,1.000000,0.000063,0.00,0
1157,17.224,-3.342306,0.549377,-3.342306,0.549377,-3.324438,0.589884,,,,-0.017868,-0.040506,0.044272,1.000000,0.000063,0.00,0
1158,17.230,-3.342306,0.549377,-3.342306,0.549377,-3.324438,0.589679,,,,-0.017868,-0.040302,0.044085,1.000000,0.000064,0.00,0
1159,17.235,-3.342306,0.549377,-3.342306,0.549377,-3.324438,0.589476,,,,-0.017868,-0.040099,0.043900,1.000000,0.000064,0.00,0
1160,17.241,-3.342306,0.549377,-3.342306,0.549377,-3.324438,0.589273,,,,-0.017868,-0.039896,0.043715,1.000000,0.000064,0.00,0
1161,17.247,-3.342306,0.549377,-3.342306,0.549377,-3.324438,0.589072,,,,-0.017868,-0.039695,0.043531,1.000000,0.000064,0.00,0
1162,17.253,-3.342306,0.549377,-3.342306,0.549377,-3.324438,0.588872,,,,-0.017868,-0.039494,0.043348,1.000000,0.000064,0.00,0
1163,17.258,-3.342306,0.549377,-3.342306,0.549377,-3.324438,0.588672,,,,-0.017868,-0.039295,0.043166,1.000000,0.000064,0.00,0
1164,17.265,-3.342306,0.549377,-3.342306,0.549377,-3.324438,0.588473,,,,-0.017868,-0.039096,0.042986,1.000000,0.000065,0.00,0
1165,17.271,-3.342306,0.549377,-3.342306,0.549377,-3.324438,0.588275,,,,-0.017868,-0.038898,0.042805,1.000000,0.000065,0.00,0
1166,17.277,-3.342306,0.549377,-3.342306,0.549377,-3.324438,0.588079,,,,-0.017868,-0.038701,0.042627,1.000000,0.000065,0.00,0
1167,17.282,-3.342306,0.549377,-3.342306,0.549377,-3.324438,0.587882,,,,-0.017868,-0.038505,0.042449,1.000000,0.000065,0.00,0
1168,17.289,-3.342306,0.549377,-3.342306,0.549377,-3.324438,0.587687,,,,-0.017868,-0.038310,0.042272,1.000000,0.000065,0.00,0
1169,17.295,-3.342306,0.549377,-3.342306,0.549377,-3.324438,0.587493,,,,-0.017868,-0.038115,0.042096,1.000000,0.000065,0.00,0
1170,17.311,-3.330639,0.559233,-3.313252,0.540236,-3.324438,0.587299,-0.006201,-0.028066,0.028743,0.011186,-0.047063,0.048374,1.000000,0.000066,10.16,1
1171,17.318,-3.330639,0.559233,-3.330639,0.559233,-3.324438,0.587105,,,,-0.006201,-0.027872,0.028553,1.000000,0.000066,0.00,0
1172,17.324,-3.330639,0.559233,-3.330639,0.559233,-3.324438,0.586911,,,,-0.006201,-0.027678,0.028365,1.000000,0.000066,0.00,0
1173,17.329,-3.330639,0.559233,-3.330639,0.559233,-3.324438,0.586718,,,,-0.006201,-0.027485,0.028176,1.000000,0.000066,0.00,0
1174,17.335,-3.330639,0.559233,-3.330639,0.559233,-3.324438,0.586526,,,,-0.006201,-0.027293,0.027989,1.000000,0.000066,0.00,0
1175,17.342,-3.330639,0.559233,-3.330639,0.559233,-3.324438,0.586335,,,,-0.006201,-0.027102,0.027802,1.000000,0.000066,0.00,0
1176,17.347,-3.330639,0.559233,-3.330639,0.559233,-3.324438,0.586145,,,,-0.006201,-0.026912,0.027617,1.000000,0.000067,0.00,0
1177,17.353,-3.330639,0.559233,-3.330639,0.559233,-3.324438,0.585955,,,,-0.006201,-0.026722,0.027432,1.000000,0.000067,0.00,0
1178,17.359,-3.330639,0.559233,-3.330639,0.559233,-3.324438,0.585766,,,,-0.006201,-0.026533,0.027248,1.000000,0.000067,0.00,0
1179,17.365,-3.330639,0.559233,-3.330639,0.559233,-3.324438,0.585579,,,,-0.006201,-0.026346,0.027066,1.000000,0.000067,0.00,0
1180,17.370,-3.330639,0.559233,-3.330639,0.559233,-3.324438,0.585391,,,,-0.006201,-0.026158,0.026883,1.000000,0.000067,0.00,0
1181,17.377,-3.330639,0.559233,-3.330639,0.559233,-3.324438,0.585206,,,,-0.006201,-0.025973,0.026703,1.000000,0.000067,0.00,0
1182,17.382,-3.330639,0.559233,-3.330639,0.559233,-3.324438,0.585020,,,,-0.006201,-0.025787,0.026522,1.000000,0.000068,0.00,0
1183,17.388,-3.330639,0.559233,-3.330639,0.559233,-3.324438,0.584835,,,,-0.006201,-0.025602,0.026343,1.000000,0.000068,0.00,0
1184,17.393,-3.330639,0.559233,-3.330639,0.559233,-3.324438,0.584651,,,,-0.006201,-0.025418,0.026163,1.000000,0.000068,0.00,0
1185,17.410,-3.320611,0.565355,-3.312685,0.592162,-3.324438,0.584467,0.003827,-0.019112,0.019491,0.011752,0.007695,0.014047,1.000000,0.000068,11.52,1
1186,17.420,-3.320611,0.565355,-3.320611,0.565355,-3.324438,0.584284,,,,0.003827,-0.018929,0.019312,1.000000,0.000068,0.00,0
1187,17.426,-3.320611,0.565355,-3.320611,0.565355,-3.324438,0.584102,,,,0.003827,-0.018747,0.019134,1.000000,0.000068,0.00,0
1188,17.431,-3.320611,0.565355,-3.320611,0.565355,-3.324438,0.583920,,,,0.003827,-0.018565,0.018956,1.000000,0.000069,0.00,0
1189,17.437,-3.320611,0.565355,-3.320611,0.565355,-3.324438,0.583740,,,,0.003827,-0.018385,0.018779,1.000000,0.000069,0.00,0
1190,17.443,-3.320611,0.565355,-3.320611,0.565355,-3.324438,0.583560,,,,0.003827,-0.018205,0.018603,1.000000,0.000069,0.00,0
1191,17.449,-3.320611,0.565355,-3.320611,0.565355,-3.324438,0.583381,,,,0.003827,-0.018026,0.018427,1.000000,0.000069,0.00,0
1192,17.454,-3.320611,0.565355,-3.320611,0.565355,-3.324438,0.583202,,,,0.003827,-0.017847,0.018253,1.000000,0.000069,0.00,0
1193,17.458,-3.320611,0.565355,-3.320611,0.565355,-3.324438,0.583025,,,,0.003827,-0.017670,0.018080,1.000000,0.000069,0.00,0
1194,17.464,-3.320611,0.565355,-3.320611,0.565355,-3.324438,0.582849,,,,0.003827,-0.017494,0.017907,1.000000,0.000069,0.00,0
1195,17.470,-3.320611,0.565355,-3.320611,0.565355,-3.324438,0.582673,,,,0.003827,-0.017318,0.017736,1.000000,0.000070,0.00,0
1196,17.475,-3.320611,0.565355,-3.320611,0.565355,-3.324438,0.582498,,,,0.003827,-0.017143,0.017565,1.000000,0.000070,0.00,0
1197,17.482,-3.320611,0.565355,-3.320611,0.565355,-3.324438,0.582324,,,,0.003827,-0.016969,0.017395,1.000000,0.000070,0.00,0
1198,17.488,-3.320611,0.565355,-3.320611,0.565355,-3.324438,0.582150,,,,0.003827,-0.016795,0.017225,1.000000,0.000070,0.00,0
1199,17.494,-3.320611,0.565355,-3.320611,0.565355,-3.324438,0.581977,,,,0.003827,-0.016621,0.017056,1.000000,0.000070,0.00,0
1200,17.511,-3.314242,0.547140,-3.316788,0.509024,-3.324438,0.581804,0.010196,-0.034663,0.036132,0.007650,-0.072780,0.073181,1.000000,0.000070,11.01,1
1201,17.517,-3.314242,0.547140,-3.314242,0.547140,-3.324438,0.581631,,,,0.010196,-0.034491,0.035966,1.000000,0.000071,0.00,0
1202,17.523,-3.314242,0.547140,-3.314242,0.547140,-3.324438,0.581459,,,,0.010196,-0.034318,0.035801,1.000000,0.000071,0.00,0
1203,17.528,-3.314242,0.547140,-3.314242,0.547140,-3.324438,0.581288,,,,0.010196,-0.034148,0.035637,1.000000,0.000071,0.00,0
1204,17.535,-3.314242,0.547140,-3.314242,0.547140,-3.324438,0.581118,,,,0.010196,-0.033977,0.035474,1.000000,0.000071,0.00,0
1205,17.540,-3.314242,0.547140,-3.314242,0.547140,-3.324438,0.580947,,,,0.010196,-0.033807,0.035311,1.000000,0.000071,0.00,0
1206,17.546,-3.314242,0.547140,-3.314242,0.547140,-3.324438,0.580778,,,,0.010196,-0.033638,0.035149,1.000000,0.000071,0.00,0
1207,17.553,-3.314242,0.547140,-3.314242,0.547140,-3.324438,0.580609,,,,0.010196,-0.033469,0.034988,1.000000,0.000071,0.00,0
1208,17.558,-3.314242,0.547140,-3.314242,0.547140,-3.324438,0.580441,,,,0.010196,-0.033301,0.034827,1.000000,0.000072,0.00,0
1209,17.565,-3.314242,0.547140,-3.314242,0.547140,-3.324438,0.580274,,,,0.010196,-0.033133,0.034667,1.000000,0.000072,0.00,0
1210,17.571,-3.314242,0.547140,-3.314242,0.547140,-3.324437,0.580107,,,,0.010196,-0.032967,0.034507,1.000000,0.000072,0.00,0
1211,17.575,-3.314242,0.547140,-3.314242,0.547140,-3.324437,0.579941,,,,0.010196,-0.032801,0.034349,1.000000,0.000072,0.00,0
1212,17.583,-3.314242,0.547140,-3.314242,0.547140,-3.324437,0.579776,,,,0.010196,-0.032636,0.034191,1.000000,0.000072,0.00,0
1213,17.588,-3.314242,0.547140,-3.314242,0.547140,-3.324437,0.579612,,,,0.010196,-0.032471,0.034034,1.000000,0.000072,0.00,0
1214,17.593,-3.314242,0.547140,-3.314242,0.547140,-3.324437,0.579448,,,,0.010196,-0.032308,0.033878,1.000000,0.000072,0.00,0
1215,17.610,-3.329124,0.548622,-3.357898,0.544681,-3.324437,0.579285,-0.004686,-0.030663,0.031019,-0.033461,-0.034604,0.048136,1.000000,0.000073,11.25,1
1216,17.617,-3.329124,0.548622,-3.329124,0.548622,-3.324437,0.579123,,,,-0.004686,-0.030500,0.030858,1.000000,0.000073,0.00,0
1217,17.623,-3.329124,0.548622,-3.329124,0.548622,-3.324437,0.578960,,,,-0.004686,-0.030338,0.030698,1.000000,0.000073,0.00,0
1218,17.628,-3.329124,0.548622,-3.329124,0.548622,-3.324437,0.578798,,,,-0.004686,-0.030176,0.030537,1.000000,0.000073,0.00,0
1219,17.635,-3.329124,0.548622,-3.329124,0.548622,-3.324437,0.578636,,,,-0.004686,-0.030014,0.030378,1.000000,0.000073,0.00,0
1220,17.640,-3.329124,0.548622,-3.329124,0.548622,-3.324437,0.578476,,,,-0.004686,-0.029854,0.030220,1.000000,0.000073,0.00,0
1221,17.645,-3.329124,0.548622,-3.329124,0.548622,-3.324437,0.578316,,,,-0.004686,-0.029694,0.030061,1.000000,0.000073,0.00,0
1222,17.653,-3.329124,0.548622,-3.329124,0.548622,-3.324437,0.578157,,,,-0.004686,-0.029534,0.029904,1.000000,0.000074,0.00,0
1223,17.658,-3.329124,0.548622,-3.329124,0.548622,-3.324437,0.577999,,,,-0.004686,-0.029376,0.029748,1.000000,0.000074,0.00,0
1224,17.664,-3.329124,0.548622,-3.329124,0.548622,-3.324437,0.577841,,,,-0.004686,-0.029219,0.029592,1.000000,0.000074,0.00,0
1225,17.670,-3.329124,0.548622,-3.329124,0.548622,-3.324437,0.577683,,,,-0.004686,-0.029061,0.029437,1.000000,0.000074,0.00,0
1226,17.675,-3.329124,0.548622,-3.329124,0.548622,-3.324437,0.577527,,,,-0.004686,-0.028905,0.029282,1.000000,0.000074,0.00,0
1227,17.681,-3.329124,0.548622,-3.329124,0.548622,-3.324437,0.577371,,,,-0.004686,-0.028749,0.029129,1.000000,0.000074,0.00,0
1228,17.687,-3.329124,0.548622,-3.329124,0.548622,-3.324437,0.577216,,,,-0.004686,-0.028594,0.028975,1.000000,0.000074,0.00,0
1229,17.692,-3.329124,0.548622,-3.329124,0.548622,-3.324437,0.577062,,,,-0.004686,-0.028439,0.028823,1.000000,0.000074,0.00,0
1230,17.709,-3.330120,0.523844,-3.315673,0.517827,-3.324437,0.576908,-0.005683,-0.053063,0.053367,0.008764,-0.059080,0.059727,1.000000,0.000075,10.52,1
1231,17.721,-3.330120,0.523844,-3.330120,0.523844,-3.324437,0.576754,,,,-0.005683,-0.052910,0.053214,1.000000,0.000075,0.00,0
1232,17.726,-3.330120,0.523844,-3.330120,0.523844,-3.324437,0.576601,,,,-0.005683,-0.052757,0.053062,1.000000,0.000075,0.00,0
1233,17.733,-3.330120,0.523844,-3.330120,0.523844,-3.324437,0.576449,,,,-0.005683,-0.052605,0.052911,1.000000,0.000075,0.00,0
1234,17.738,-3.330120,0.523844,-3.330120,0.523844,-3.324437,0.576298,,,,-0.005683,-0.052454,0.052761,1.000000,0.000075,0.00,0
1235,17.745,-3.330120,0.523844,-3.330120,0.523844,-3.324437,0.576147,,,,-0.005683,-0.052303,0.052611,1.000000,0.000075,0.00,0
1236,17.751,-3.330120,0.523844,-3.330120,0.523844,-3.324437,0.575997,,,,-0.005683,-0.052153,0.052461,1.000000,0.000075,0.00,0
1237,17.757,-3.330120,0.523844,-3.330120,0.523844,-3.324437,0.575847,,,,-0.005683,-0.052003,0.052313,1.000000,0.000075,0.00,0
1238,17.763,-3.330120,0.523844,-3.330120,0.523844,-3.324437,0.575698,,,,-0.005683,-0.051854,0.052164,1.000000,0.000076,0.00,0
1239,17.768,-3.330120,0.523844,-3.330120,0.523844,-3.324437,0.575549,,,,-0.005683,-0.051705,0.052016,1.000000,0.000076,0.00,0
1240,17.774,-3.330120,0.523844,-3.330120,0.523844,-3.324437,0.575400,,,,-0.005683,-0.051556,0.051869,1.000000,0.000076,0.00,0
1241,17.779,-3.330120,0.523844,-3.330120,0.523844,-3.324437,0.575252,,,,-0.005683,-0.051408,0.051721,1.000000,0.000076,0.00,0
1242,17.786,-3.330120,0.523844,-3.330120,0.523844,-3.324437,0.575105,,,,-0.005683,-0.051261,0.051575,1.000000,0.000076,0.00,0
1243,17.792,-3.330120,0.523844,-3.330120,0.523844,-3.324437,0.574959,,,,-0.005683,-0.051114,0.051429,1.000000,0.000076,0.00,0
1244,17.797,-3.330120,0.523844,-3.330120,0.523844,-3.324437,0.574812,,,,-0.005683,-0.050968,0.051284,1.000000,0.000076,0.00,0
1245,17.814,-3.334923,0.523178,-3.331198,0.507024,-3.324437,0.574666,-0.010486,-0.051488,0.052545,-0.006761,-0.067641,0.067978,1.000000,0.000077,10.04,1
1246,17.820,-3.334923,0.523178,-3.334923,0.523178,-3.324437,0.574521,,,,-0.010486,-0.051344,0.052403,1.000000,0.000077,0.00,0
1247,17.826,-3.334923,0.523178,-3.334923,0.523178,-3.324437,0.574377,,,,-0.010486,-0.051199,0.052262,1.000000,0.000077,0.00,0
1248,17.831,-3.334923,0.523178,-3.334923,0.523178,-3.324437,0.574233,,,,-0.010486,-0.051055,0.052121,1.000000,0.000077,0.00,0
1249,17.836,-3.334923,0.523178,-3.334923,0.523178,-3.324437,0.574089,,,,-0.010486,-0.050912,0.051980,1.000000,0.000077,0.00,0
1250,17.843,-3.334923,0.523178,-3.334923,0.523178,-3.324437,0.573946,,,,-0.010486,-0.050769,0.051840,1.000000,0.000077,0.00,0
1251,17.849,-3.334923,0.523178,-3.334923,0.523178,-3.324437,0.573803,,,,-0.010486,-0.050626,0.051700,1.000000,0.000077,0.00,0
1252,17.856,-3.334923,0.523178,-3.334923,0.523178,-3.324437,0.573661,,,,-0.010486,-0.050484,0.051561,1.000000,0.000077,0.00,0
1253,17.862,-3.334923,0.523178,-3.334923,0.523178,-3.324437,0.573520,,,,-0.010486,-0.050342,0.051423,1.000000,0.000077,0.00,0
1254,17.867,-3.334923,0.523178,-3.334923,0.523178,-3.324437,0.573379,,,,-0.010486,-0.050201,0.051285,1.000000,0.000078,0.00,0
1255,17.873,-3.334923,0.523178,-3.334923,0.523178,-3.324437,0.573238,,,,-0.010486,-0.050060,0.051147,1.000000,0.000078,0.00,0
1256,17.880,-3.334923,0.523178,-3.334923,0.523178,-3.324437,0.573098,,,,-0.010486,-0.049921,0.051010,1.000000,0.000078,0.00,0
1257,17.887,-3.334923,0.523178,-3.334923,0.523178,-3.324437,0.572959,,,,-0.010486,-0.049781,0.050874,1.000000,0.000078,0.00,0
1258,17.893,-3.334923,0.523178,-3.334923,0.523178,-3.324437,0.572820,,,,-0.010486,-0.049642,0.050738,1.000000,0.000078,0.00,0
1259,17.898,-3.334923,0.523178,-3.334923,0.523178,-3.324437,0.572681,,,,-0.010486,-0.049504,0.050602,1.000000,0.000078,0.00,0
1260,17.915,-3.315999,0.528211,-3.301126,0.559782,-3.324437,0.572543,0.008438,-0.044332,0.045128,0.023311,-0.012761,0.026576,1.000000,0.000078,10.52,1
1261,17.922,-3.315999,0.528211,-3.315999,0.528211,-3.324437,0.572404,,,,0.008438,-0.044193,0.044992,1.000000,0.000078,0.00,0
1262,17.927,-3.315999,0.528211,-3.315999,0.528211,-3.324437,0.572267,,,,0.008438,-0.044056,0.044857,1.000000,0.000079,0.00,0
1263,17.933,-3.315999,0.528211,-3.315999,0.528211,-3.324437,0.572130,,,,0.008438,-0.043919,0.044723,1.000000,0.000079,0.00,0
1264,17.938,-3.315999,0.528211,-3.315999,0.528211,-3.324437,0.571994,,,,0.008438,-0.043783,0.044589,1.000000,0.000079,0.00,0
1265,17.944,-3.315999,0.528211,-3.315999,0.528211,-3.324437,0.571858,,,,0.008438,-0.043647,0.044455,1.000000,0.000079,0.00,0
1266,17.950,-3.315999,0.528211,-3.315999,0.528211,-3.324437,0.571724,,,,0.008438,-0.043513,0.044323,1.000000,0.000079,0.00,0
1267,17.955,-3.315999,0.528211,-3.315999,0.528211,-3.324437,0.571589,,,,0.008438,-0.043378,0.044191,1.000000,0.000079,0.00,0
1268,17.960,-3.315999,0.528211,-3.315999,0.528211,-3.324437,0.571455,,,,0.008438,-0.043244,0.044059,1.000000,0.000079,0.00,0
1269,17.965,-3.315999,0.528211,-3.315999,0.528211,-3.324437,0.571321,,,,0.008438,-0.043110,0.043928,1.000000,0.000079,0.00,0
1270,17.971,-3.315999,0.528211,-3.315999,0.528211,-3.324437,0.571189,,,,0.008438,-0.042978,0.043798,1.000000,0.000079,0.00,0
1271,17.976,-3.315999,0.528211,-3.315999,0.528211,-3.324437,0.571057,,,,0.008438,-0.042846,0.043669,1.000000,0.000080,0.00,0
1272,17.981,-3.315999,0.528211,-3.315999,0.528211,-3.324437,0.570925,,,,0.008438,-0.042714,0.043539,1.000000,0.000080,0.00,0
1273,17.988,-3.315999,0.528211,-3.315999,0.528211,-3.324437,0.570794,,,,0.008438,-0.042583,0.043411,1.000000,0.000080,0.00,0
1274,17.993,-3.315999,0.528211,-3.315999,0.528211,-3.324437,0.570664,,,,0.008438,-0.042453,0.043283,1.000000,0.000080,0.00,0
1275,18.008,-3.313383,0.508671,-3.307827,0.459208,-3.324437,0.570534,0.011053,-0.061863,0.062842,0.016610,-0.111326,0.112558,1.000000,0.000080,10.01,1
1276,18.018,-3.313383,0.508671,-3.313383,0.508671,-3.324437,0.570404,,,,0.011053,-0.061733,0.062715,1.000000,0.000080,0.00,0
1277,18.024,-3.313383,0.508671,-3.313383,0.508671,-3.324437,0.570275,,,,0.011053,-0.061604,0.062588,1.000000,0.000080,0.00,0
1278,18.031,-3.313383,0.508671,-3.313383,0.508671,-3.324437,0.570147,,,,0.011053,-0.061476,0.062461,1.000000,0.000080,0.00,0
1279,18.036,-3.313383,0.508671,-3.313383,0.508671,-3.324437,0.570019,,,,0.011053,-0.061348,0.062335,1.000000,0.000080,0.00,0
1280,18.042,-3.313383,0.508671,-3.313383,0.508671,-3.324437,0.569891,,,,0.011053,-0.061220,0.062210,1.000000,0.000081,0.00,0
1281,18.046,-3.313383,0.508671,-3.313383,0.508671,-3.324437,0.569765,,,,0.011053,-0.061093,0.062085,1.000000,0.000081,0.00,0
1282,18.053,-3.313383,0.508671,-3.313383,0.508671,-3.324437,0.569638,,,,0.011053,-0.060967,0.061961,1.000000,0.000081,0.00,0
1283,18.058,-3.313383,0.508671,-3.313383,0.508671,-3.324437,0.569512,,,,0.011053,-0.060841,0.061837,1.000000,0.000081,0.00,0
1284,18.064,-3.313383,0.508671,-3.313383,0.508671,-3.324437,0.569387,,,,0.011053,-0.060716,0.061714,1.000000,0.000081,0.00,0
1285,18.070,-3.313383,0.508671,-3.313383,0.508671,-3.324437,0.569262,,,,0.011053,-0.060591,0.061591,1.000000,0.000081,0.00,0
1286,18.075,-3.313383,0.508671,-3.313383,0.508671,-3.324437,0.569138,,,,0.011053,-0.060467,0.061469,1.000000,0.000081,0.00,0
1287,18.080,-3.313383,0.508671,-3.313383,0.508671,-3.324437,0.569014,,,,0.011053,-0.060342,0.061346,1.000000,0.000081,0.00,0
1288,18.087,-3.313383,0.508671,-3.313383,0.508671,-3.324437,0.568890,,,,0.011053,-0.060219,0.061225,1.000000,0.000081,0.00,0
1289,18.092,-3.313383,0.508671,-3.313383,0.508671,-3.324437,0.568767,,,,0.011053,-0.060095,0.061104,1.000000,0.000082,0.00,0
1290,18.109,-3.332008,0.508505,-3.387072,0.506525,-3.324437,0.568643,-0.007572,-0.060138,0.060613,-0.062636,-0.062118,0.088215,1.000000,0.000082,11.01,1
1291,18.115,-3.332008,0.508505,-3.332008,0.508505,-3.324437,0.568520,,,,-0.007572,-0.060016,0.060491,1.000000,0.000082,0.00,0
1292,18.121,-3.332008,0.508505,-3.332008,0.508505,-3.324437,0.568399,,,,-0.007572,-0.059894,0.060371,1.000000,0.000082,0.00,0
1293,18.126,-3.332008,0.508505,-3.332008,0.508505,-3.324437,0.568278,,,,-0.007572,-0.059773,0.060250,1.000000,0.000082,0.00,0
1294,18.133,-3.332008,0.508505,-3.332008,0.508505,-3.324437,0.568156,,,,-0.007572,-0.059651,0.060130,1.000000,0.000082,0.00,0
1295,18.137,-3.332008,0.508505,-3.332008,0.508505,-3.324437,0.568035,,,,-0.007572,-0.059531,0.060010,1.000000,0.000082,0.00,0
1296,18.143,-3.332008,0.508505,-3.332008,0.508505,-3.324437,0.567915,,,,-0.007572,-0.059411,0.059891,1.000000,0.000082,0.00,0
1297,18.150,-3.332008,0.508505,-3.332008,0.508505,-3.324437,0.567796,,,,-0.007572,-0.059291,0.059773,1.000000,0.000082,0.00,0
1298,18.155,-3.332008,0.508505,-3.332008,0.508505,-3.324437,0.567677,,,,-0.007572,-0.059172,0.059655,1.000000,0.000083,0.00,0
1299,18.162,-3.332008,0.508505,-3.332008,0.508505,-3.324437,0.567558,,,,-0.007572,-0.059053,0.059537,1.000000,0.000083,0.00,0
1300,18.167,-3.332008,0.508505,-3.332008,0.508505,-3.324436,0.567440,,,,-0.007572,-0.058935,0.059420,1.000000,0.000083,0.00,0
1301,18.174,-3.332008,0.508505,-3.332008,0.508505,-3.324436,0.567322,,,,-0.007572,-0.058818,0.059303,1.000000,0.000083,0.00,0
1302,18.178,-3.332008,0.508505,-3.332008,0.508505,-3.324436,0.567205,,,,-0.007572,-0.058701,0.059187,1.000000,0.000083,0.00,0
1303,18.185,-3.332008,0.508505,-3.332008,0.508505,-3.324436,0.567088,,,,-0.007572,-0.058584,0.059071,1.000000,0.000083,0.00,0
1304,18.191,-3.332008,0.508505,-3.332008,0.508505,-3.324436,0.566972,,,,-0.007572,-0.058467,0.058955,1.000000,0.000083,0.00,0
1305,18.207,-3.328080,0.485575,-3.289342,0.490993,-3.324436,0.566856,-0.003644,-0.081281,0.081362,0.035094,-0.075863,0.083587,1.000000,0.000083,10.52,1
1306,18.214,-3.328080,0.485575,-3.328080,0.485575,-3.324436,0.566740,,,,-0.003644,-0.081165,0.081247,1.000000,0.000083,0.00,0
1307,18.220,-3.328080,0.485575,-3.328080,0.485575,-3.324436,0.566624,,,,-0.003644,-0.081049,0.081131,1.000000,0.000083,0.00,0
1308,18.225,-3.328080,0.485575,-3.328080,0.485575,-3.324436,0.566509,,,,-0.003644,-0.080934,0.081016,1.000000,0.000084,0.00,0
1309,18.232,-3.328080,0.485575,-3.328080,0.485575,-3.324436,0.566394,,,,-0.003644,-0.080819,0.080901,1.000000,0.000084,0.00,0
1310,18.238,-3.328080,0.485575,-3.328080,0.485575,-3.324436,0.566280,,,,-0.003644,-0.080705,0.080787,1.000000,0.000084,0.00,0
1311,18.243,-3.328080,0.485575,-3.328080,0.485575,-3.324436,0.566166,,,,-0.003644,-0.080591,0.080673,1.000000,0.000084,0.00,0
1312,18.250,-3.328080,0.485575,-3.328080,0.485575,-3.324436,0.566053,,,,-0.003644,-0.080478,0.080560,1.000000,0.000084,0.00,0
1313,18.256,-3.328080,0.485575,-3.328080,0.485575,-3.324436,0.565940,,,,-0.003644,-0.080365,0.080448,1.000000,0.000084,0.00,0
1314,18.262,-3.328080,0.485575,-3.328080,0.485575,-3.324436,0.565828,,,,-0.003644,-0.080253,0.080335,1.000000,0.000084,0.00,0
1315,18.266,-3.328080,0.485575,-3.328080,0.485575,-3.324436,0.565716,,,,-0.003644,-0.080140,0.080223,1.000000,0.000084,0.00,0
1316,18.273,-3.328080,0.485575,-3.328080,0.485575,-3.324436,0.565604,,,,-0.003644,-0.080029,0.080112,1.000000,0.000084,0.00,0
1317,18.278,-3.328080,0.485575,-3.328080,0.485575,-3.324436,0.565494,,,,-0.003644,-0.079919,0.080002,1.000000,0.000084,0.00,0
1318,18.285,-3.328080,0.485575,-3.328080,0.485575,-3.324436,0.565384,,,,-0.003644,-0.079808,0.079891,1.000000,0.000084,0.00,0
1319,18.291,-3.328080,0.485575,-3.328080,0.485575,-3.324436,0.565273,,,,-0.003644,-0.079698,0.079781,1.000000,0.000085,0.00,0
1320,18.308,-3.333934,0.512209,-3.325386,0.539109,-3.324436,0.565163,-0.009497,-0.052954,0.053799,-0.000950,-0.026054,0.026072,1.000000,0.000085,11.02,1
1321,18.314,-3.333934,0.512209,-3.333934,0.512209,-3.324436,0.565054,,,,-0.009497,-0.052845,0.053691,1.000000,0.000085,0.00,0
1322,18.323,-3.333934,0.512209,-3.333934,0.512209,-3.324436,0.564945,,,,-0.009497,-0.052735,0.053584,1.000000,0.000085,0.00,0
1323,18.330,-3.333934,0.512209,-3.333934,0.512209,-3.324436,0.564835,,,,-0.009497,-0.052626,0.053476,1.000000,0.000085,0.00,0
1324,18.335,-3.333934,0.512209,-3.333934,0.512209,-3.324436,0.564726,,,,-0.009497,-0.052517,0.053369,1.000000,0.000085,0.00,0
1325,18.341,-3.333934,0.512209,-3.333934,0.512209,-3.324436,0.564617,,,,-0.009497,-0.052408,0.053262,1.000000,0.000085,0.00,0
1326,18.347,-3.333934,0.512209,-3.333934,0.512209,-3.324436,0.564509,,,,-0.009497,-0.052300,0.053155,1.000000,0.000085,0.00,0
1327,18.352,-3.333934,0.512209,-3.333934,0.512209,-3.324436,0.564402,,,,-0.009497,-0.052193,0.053050,1.000000,0.000085,0.00,0
1328,18.358,-3.333934,0.512209,-3.333934,0.512209,-3.324436,0.564295,,,,-0.009497,-0.052086,0.052944,1.000000,0.000085,0.00,0
1329,18.364,-3.333934,0.512209,-3.333934,0.512209,-3.324436,0.564188,,,,-0.009497,-0.051978,0.052839,1.000000,0.000085,0.00,0
1330,18.371,-3.333934,0.512209,-3.333934,0.512209,-3.324436,0.564081,,,,-0.009497,-0.051872,0.052734,1.000000,0.000086,0.00,0
1331,18.376,-3.333934,0.512209,-3.333934,0.512209,-3.324436,0.563975,,,,-0.009497,-0.051766,0.052630,1.000000,0.000086,0.00,0
1332,18.382,-3.333934,0.512209,-3.333934,0.512209,-3.324436,0.563870,,,,-0.009497,-0.051661,0.052526,1.000000,0.000086,0.00,0
1333,18.388,-3.333934,0.512209,-3.333934,0.512209,-3.324436,0.563765,,,,-0.009497,-0.051556,0.052423,1.000000,0.000086,0.00,0
1334,18.394,-3.333934,0.512209,-3.333934,0.512209,-3.324436,0.563660,,,,-0.009497,-0.051451,0.052320,1.000000,0.000086,0.00,0
1335,18.410,-3.315635,0.534485,-3.332178,0.573353,-3.324436,0.563556,0.008801,-0.029071,0.030374,-0.007742,0.009797,0.012487,1.000000,0.000086,11.51,1
1336,18.415,-3.315635,0.534485,-3.315635,0.534485,-3.324436,0.563452,,,,0.008801,-0.028967,0.030275,1.000000,0.000086,0.00,0
1337,18.421,-3.315635,0.534485,-3.315635,0.534485,-3.324436,0.563349,,,,0.008801,-0.028864,0.030176,1.000000,0.000086,0.00,0
1338,18.427,-3.315635,0.534485,-3.315635,0.534485,-3.324436,0.563246,,,,0.008801,-0.028761,0.030078,1.000000,0.000086,0.00,0
1339,18.433,-3.315635,0.534485,-3.315635,0.534485,-3.324436,0.563144,,,,0.008801,-0.028659,0.029979,1.000000,0.000086,0.00,0
1340,18.438,-3.315635,0.534485,-3.315635,0.534485,-3.324436,0.563042,,,,0.008801,-0.028557,0.029882,1.000000,0.000086,0.00,0
1341,18.444,-3.315635,0.534485,-3.315635,0.534485,-3.324436,0.562940,,,,0.008801,-0.028455,0.029785,1.000000,0.000087,0.00,0
1342,18.450,-3.315635,0.534485,-3.315635,0.534485,-3.324436,0.562838,,,,0.008801,-0.028353,0.029688,1.000000,0.000087,0.00,0
1343,18.455,-3.315635,0.534485,-3.315635,0.534485,-3.324436,0.562738,,,,0.008801,-0.028252,0.029591,1.000000,0.000087,0.00,0
1344,18.461,-3.315635,0.534485,-3.315635,0.534485,-3.324436,0.562637,,,,0.008801,-0.028152,0.029495,1.000000,0.000087,0.00,0
1345,18.466,-3.315635,0.534485,-3.315635,0.534485,-3.324436,0.562537,,,,0.008801,-0.028052,0.029400,1.000000,0.000087,0.00,0
1346,18.473,-3.315635,0.534485,-3.315635,0.534485,-3.324436,0.562438,,,,0.008801,-0.027952,0.029305,1.000000,0.000087,0.00,0
1347,18.478,-3.315635,0.534485,-3.315635,0.534485,-3.324436,0.562338,,,,0.008801,-0.027853,0.029210,1.000000,0.000087,0.00,0
1348,18.484,-3.315635,0.534485,-3.315635,0.534485,-3.324436,0.562239,,,,0.008801,-0.027754,0.029116,1.000000,0.000087,0.00,0
1349,18.490,-3.315635,0.534485,-3.315635,0.534485,-3.324436,0.562141,,,,0.008801,-0.027656,0.029022,1.000000,0.000087,0.00,0
1350,18.506,-3.321007,0.520062,-3.305458,0.447723,-3.324436,0.562043,0.003429,-0.041981,0.042121,0.018978,-0.114320,0.115884,1.000000,0.000087,11.51,1
1351,18.513,-3.321007,0.520062,-3.321007,0.520062,-3.324436,0.561946,,,,0.003429,-0.041884,0.042024,1.000000,0.000087,0.00,0
1352,18.519,-3.321007,0.520062,-3.321007,0.520062,-3.324436,0.561848,,,,0.003429,-0.041786,0.041927,1.000000,0.000087,0.00,0
1353,18.524,-3.321007,0.520062,-3.321007,0.520062,-3.324436,0.561751,,,,0.003429,-0.041689,0.041830,1.000000,0.000088,0.00,0
1354,18.531,-3.321007,0.520062,-3.321007,0.520062,-3.324436,0.561655,,,,0.003429,-0.041594,0.041735,1.000000,0.000088,0.00,0
1355,18.537,-3.321007,0.520062,-3.321007,0.520062,-3.324436,0.561560,,,,0.003428,-0.041498,0.041640,1.000000,0.000088,0.00,0
1356,18.542,-3.321007,0.520062,-3.321007,0.520062,-3.324436,0.561464,,,,0.003428,-0.041403,0.041544,1.000000,0.000088,0.00,0
1357,18.548,-3.321007,0.520062,-3.321007,0.520062,-3.324436,0.561369,,,,0.003428,-0.041307,0.041449,1.000000,0.000088,0.00,0
1358,18.553,-3.321007,0.520062,-3.321007,0.520062,-3.324436,0.561274,,,,0.003428,-0.041212,0.041354,1.000000,0.000088,0.00,0
1359,18.559,-3.321007,0.520062,-3.321007,0.520062,-3.324436,0.561178,,,,0.003428,-0.041117,0.041259,1.000000,0.000088,0.00,0
1360,18.565,-3.321007,0.520062,-3.321007,0.520062,-3.324436,0.561084,,,,0.003428,-0.041022,0.041165,1.000000,0.000088,0.00,0
1361,18.570,-3.321007,0.520062,-3.321007,0.520062,-3.324436,0.560990,,,,0.003428,-0.040928,0.041071,1.000000,0.000088,0.00,0
1362,18.577,-3.321007,0.520062,-3.321007,0.520062,-3.324436,0.560895,,,,0.003428,-0.040833,0.040977,1.000000,0.000088,0.00,0
1363,18.582,-3.321007,0.520062,-3.321007,0.520062,-3.324436,0.560801,,,,0.003428,-0.040739,0.040883,1.000000,0.000088,0.00,0
1364,18.587,-3.321007,0.520062,-3.321007,0.520062,-3.324436,0.560707,,,,0.003428,-0.040645,0.040789,1.000000,0.000088,0.00,0
1365,18.604,-3.338819,0.506174,-3.378820,0.497446,-3.324436,0.560614,-0.014383,-0.054439,0.056307,-0.054385,-0.063167,0.083353,1.000000,0.000089,11.01,1
1366,18.611,-3.338819,0.506174,-3.338819,0.506174,-3.324436,0.560521,,,,-0.014383,-0.054347,0.056218,1.000000,0.000089,0.00,0
1367,18.621,-3.338819,0.506174,-3.338819,0.506174,-3.324436,0.560429,,,,-0.014383,-0.054255,0.056129,1.000000,0.000089,0.00,0
1368,18.626,-3.338819,0.506174,-3.338819,0.506174,-3.324436,0.560337,,,,-0.014383,-0.054162,0.056040,1.000000,0.000089,0.00,0
1369,18.632,-3.338819,0.506174,-3.338819,0.506174,-3.324436,0.560245,,,,-0.014383,-0.054070,0.055951,1.000000,0.000089,0.00,0
1370,18.637,-3.338819,0.506174,-3.338819,0.506174,-3.324436,0.560153,,,,-0.014383,-0.053979,0.055862,1.000000,0.000089,0.00,0
1371,18.643,-3.338819,0.506174,-3.338819,0.506174,-3.324436,0.560062,,,,-0.014383,-0.053888,0.055775,1.000000,0.000089,0.00,0
1372,18.649,-3.338819,0.506174,-3.338819,0.506174,-3.324436,0.559972,,,,-0.014383,-0.053798,0.055687,1.000000,0.000089,0.00,0
1373,18.654,-3.338819,0.506174,-3.338819,0.506174,-3.324436,0.559882,,,,-0.014383,-0.053708,0.055600,1.000000,0.000089,0.00,0
1374,18.661,-3.338819,0.506174,-3.338819,0.506174,-3.324436,0.559792,,,,-0.014383,-0.053618,0.055513,1.000000,0.000089,0.00,0
1375,18.667,-3.338819,0.506174,-3.338819,0.506174,-3.324436,0.559703,,,,-0.014383,-0.053529,0.055427,1.000000,0.000089,0.00,0
1376,18.673,-3.338819,0.506174,-3.338819,0.506174,-3.324436,0.559614,,,,-0.014383,-0.053439,0.055341,1.000000,0.000089,0.00,0
1377,18.677,-3.338819,0.506174,-3.338819,0.506174,-3.324436,0.559525,,,,-0.014383,-0.053350,0.055255,1.000000,0.000089,0.00,0
1378,18.684,-3.338819,0.506174,-3.338819,0.506174,-3.324436,0.559436,,,,-0.014383,-0.053262,0.055169,1.000000,0.000090,0.00,0
1379,18.690,-3.338819,0.506174,-3.338819,0.506174,-3.324436,0.559348,,,,-0.014383,-0.053173,0.055084,1.000000,0.000090,0.00,0
1380,18.706,-3.334636,0.477830,-3.319629,0.488321,-3.324436,0.559260,-0.010200,-0.081430,0.082066,0.004807,-0.070939,0.071102,1.000000,0.000090,11.51,1
1381,18.713,-3.334636,0.477830,-3.334636,0.477830,-3.324436,0.559173,,,,-0.010200,-0.081343,0.081980,1.000000,0.000090,0.00,0
1382,18.719,-3.334636,0.477830,-3.334636,0.477830,-3.324436,0.559086,,,,-0.010200,-0.081256,0.081893,1.000000,0.000090,0.00,0
1383,18.725,-3.334636,0.477830,-3.334636,0.477830,-3.324436,0.558999,,,,-0.010200,-0.081169,0.081807,1.000000,0.000090,0.00,0
1384,18.731,-3.334636,0.477830,-3.334636,0.477830,-3.324436,0.558912,,,,-0.010200,-0.081082,0.081721,1.000000,0.000090,0.00,0
1385,18.736,-3.334636,0.477830,-3.334636,0.477830,-3.324436,0.558825,,,,-0.010200,-0.080995,0.081635,1.000000,0.000090,0.00,0
1386,18.743,-3.334636,0.477830,-3.334636,0.477830,-3.324436,0.558739,,,,-0.010200,-0.080909,0.081550,1.000000,0.000090,0.00,0
1387,18.748,-3.334636,0.477830,-3.334636,0.477830,-3.324436,0.558654,,,,-0.010200,-0.080823,0.081464,1.000000,0.000090,0.00,0
1388,18.754,-3.334636,0.477830,-3.334636,0.477830,-3.324436,0.558568,,,,-0.010200,-0.080737,0.081379,1.000000,0.000090,0.00,0
1389,18.758,-3.334636,0.477830,-3.334636,0.477830,-3.324436,0.558482,,,,-0.010200,-0.080652,0.081294,1.000000,0.000090,0.00,0
1390,18.764,-3.334636,0.477830,-3.334636,0.477830,-3.324436,0.558396,,,,-0.010200,-0.080566,0.081209,1.000000,0.000090,0.00,0
1391,18.770,-3.334636,0.477830,-3.334636,0.477830,-3.324436,0.558311,,,,-0.010200,-0.080480,0.081124,1.000000,0.000091,0.00,0
1392,18.775,-3.334636,0.477830,-3.334636,0.477830,-3.324436,0.558227,,,,-0.010200,-0.080397,0.081041,1.000000,0.000091,0.00,0
1393,18.781,-3.334636,0.477830,-3.334636,0.477830,-3.324436,0.558143,,,,-0.010200,-0.080313,0.080958,1.000000,0.000091,0.00,0
1394,18.788,-3.334636,0.477830,-3.334636,0.477830,-3.324436,0.558059,,,,-0.010200,-0.080229,0.080875,1.000000,0.000091,0.00,0
1395,18.804,-3.344255,0.498639,-3.334316,0.510151,-3.324436,0.557976,-0.019819,-0.059336,0.062558,-0.009880,-0.047825,0.048835,1.000000,0.000091,11.01,1
1396,18.811,-3.344255,0.498639,-3.344255,0.498639,-3.324436,0.557892,,,,-0.019819,-0.059252,0.062479,1.000000,0.000091,0.00,0
1397,18.817,-3.344255,0.498639,-3.344255,0.498639,-3.324436,0.557809,,,,-0.019819,-0.059169,0.062400,1.000000,0.000091,0.00,0
1398,18.822,-3.344255,0.498639,-3.344255,0.498639,-3.324436,0.557727,,,,-0.019819,-0.059087,0.062323,1.000000,0.000091,0.00,0
1399,18.828,-3.344255,0.498639,-3.344255,0.498639,-3.324436,0.557645,,,,-0.019819,-0.059006,0.062245,1.000000,0.000091,0.00,0
1400,18.834,-3.344255,0.498639,-3.344255,0.498639,-3.324436,0.557563,,,,-0.019819,-0.058924,0.062168,1.000000,0.000091,0.00,0
1401,18.838,-3.344255,0.498639,-3.344255,0.498639,-3.324436,0.557482,,,,-0.019819,-0.058842,0.062090,1.000000,0.000091,0.00,0
1402,18.845,-3.344255,0.498639,-3.344255,0.498639,-3.324436,0.557400,,,,-0.019819,-0.058761,0.062013,1.000000,0.000091,0.00,0
1403,18.852,-3.344255,0.498639,-3.344255,0.498639,-3.324436,0.557320,,,,-0.019819,-0.058680,0.061937,1.000000,0.000091,0.00,0
1404,18.857,-3.344255,0.498639,-3.344255,0.498639,-3.324436,0.557239,,,,-0.019819,-0.058600,0.061861,1.000000,0.000091,0.00,0
1405,18.863,-3.344255,0.498639,-3.344255,0.498639,-3.324436,0.557159,,,,-0.019819,-0.058520,0.061785,1.000000,0.000092,0.00,0
1406,18.868,-3.344255,0.498639,-3.344255,0.498639,-3.324436,0.557080,,,,-0.019819,-0.058440,0.061710,1.000000,0.000092,0.00,0
1407,18.875,-3.344255,0.498639,-3.344255,0.498639,-3.324436,0.557000,,,,-0.019819,-0.058361,0.061634,1.000000,0.000092,0.00,0
1408,18.881,-3.344255,0.498639,-3.344255,0.498639,-3.324436,0.556921,,,,-0.019819,-0.058281,0.061559,1.000000,0.000092,0.00,0
1409,18.887,-3.344255,0.498639,-3.344255,0.498639,-3.324436,0.556841,,,,-0.019819,-0.058202,0.061484,1.000000,0.000092,0.00,0
1410,18.903,-3.331080,0.536095,-3.339297,0.609814,-3.324436,0.556762,-0.006645,-0.020666,0.021708,-0.014862,0.053052,0.055094,1.000000,0.000092,10.01,1
1411,18.911,-3.331080,0.536095,-3.331080,0.536095,-3.324436,0.556682,,,,-0.006645,-0.020587,0.021633,1.000000,0.000092,0.00,0
1412,18.916,-3.331080,0.536095,-3.331080,0.536095,-3.324436,0.556604,,,,-0.006645,-0.020508,0.021558,1.000000,0.000092,0.00,0
1413,18.926,-3.331080,0.536095,-3.331080,0.536095,-3.324436,0.556525,,,,-0.006645,-0.020430,0.021483,1.000000,0.000092,0.00,0
1414,18.932,-3.331080,0.536095,-3.331080,0.536095,-3.324436,0.556447,,,,-0.006645,-0.020351,0.021409,1.000000,0.000092,0.00,0
1415,18.937,-3.331080,0.536095,-3.331080,0.536095,-3.324436,0.556368,,,,-0.006645,-0.020273,0.021334,1.000000,0.000092,0.00,0
1416,18.943,-3.331080,0.536095,-3.331080,0.536095,-3.324436,0.556291,,,,-0.006645,-0.020196,0.021261,1.000000,0.000092,0.00,0
1417,18.949,-3.331080,0.536095,-3.331080,0.536095,-3.324436,0.556213,,,,-0.006645,-0.020118,0.021187,1.000000,0.000092,0.00,0
1418,18.954,-3.331080,0.536095,-3.331080,0.536095,-3.324435,0.556136,,,,-0.006645,-0.020041,0.021114,1.000000,0.000092,0.00,0
1419,18.961,-3.331080,0.536095,-3.331080,0.536095,-3.324435,0.556059,,,,-0.006645,-0.019963,0.021040,1.000000,0.000092,0.00,0
1420,18.967,-3.331080,0.536095,-3.331080,0.536095,-3.324435,0.555982,,,,-0.006645,-0.019887,0.020968,1.000000,0.000093,0.00,0
1421,18.973,-3.331080,0.536095,-3.331080,0.536095,-3.324435,0.555906,,,,-0.006645,-0.019811,0.020895,1.000000,0.000093,0.00,0
1422,18.978,-3.331080,0.536095,-3.331080,0.536095,-3.324435,0.555830,,,,-0.006645,-0.019735,0.020824,1.000000,0.000093,0.00,0
1423,18.985,-3.331080,0.536095,-3.331080,0.536095,-3.324435,0.555755,,,,-0.006645,-0.019660,0.020752,1.000000,0.000093,0.00,0
1424,18.990,-3.331080,0.536095,-3.331080,0.536095,-3.324435,0.555680,,,,-0.006645,-0.019584,0.020681,1.000000,0.000093,0.00,0
1425,19.007,-3.346206,0.536784,-3.365005,0.490386,-3.324435,0.555604,-0.021771,-0.018821,0.028778,-0.040570,-0.065218,0.076807,1.000000,0.000093,11.51,1
1426,19.012,-3.346206,0.536784,-3.346206,0.536784,-3.324435,0.555529,,,,-0.021771,-0.018745,0.028729,1.000000,0.000093,0.00,0
1427,19.018,-3.346206,0.536784,-3.346206,0.536784,-3.324435,0.555455,,,,-0.021771,-0.018671,0.028681,1.000000,0.000093,0.00,0
1428,19.025,-3.346206,0.536784,-3.346206,0.536784,-3.324435,0.555382,,,,-0.021771,-0.018598,0.028633,1.000000,0.000093,0.00,0
1429,19.031,-3.346206,0.536784,-3.346206,0.536784,-3.324435,0.555308,,,,-0.021771,-0.018525,0.028585,1.000000,0.000093,0.00,0
1430,19.036,-3.346206,0.536784,-3.346206,0.536784,-3.324435,0.555235,,,,-0.021771,-0.018451,0.028538,1.000000,0.000093,0.00,0
1431,19.042,-3.346206,0.536784,-3.346206,0.536784,-3.324435,0.555162,,,,-0.021771,-0.018378,0.028490,1.000000,0.000093,0.00,0
1432,19.047,-3.346206,0.536784,-3.346206,0.536784,-3.324435,0.555088,,,,-0.021771,-0.018305,0.028443,1.000000,0.000093,0.00,0
1433,19.053,-3.346206,0.536784,-3.346206,0.536784,-3.324435,0.555015,,,,-0.021771,-0.018231,0.028396,1.000000,0.000093,0.00,0
1434,19.058,-3.346206,0.536784,-3.346206,0.536784,-3.324435,0.554942,,,,-0.021771,-0.018159,0.028349,1.000000,0.000093,0.00,0
1435,19.064,-3.346206,0.536784,-3.346206,0.536784,-3.324435,0.554871,,,,-0.021771,-0.018087,0.028304,1.000000,0.000093,0.00,0
1436,19.070,-3.346206,0.536784,-3.346206,0.536784,-3.324435,0.554800,,,,-0.021771,-0.018016,0.028258,1.000000,0.000094,0.00,0
1437,19.076,-3.346206,0.536784,-3.346206,0.536784,-3.324435,0.554728,,,,-0.021771,-0.017945,0.028213,1.000000,0.000094,0.00,0
1438,19.081,-3.346206,0.536784,-3.346206,0.536784,-3.324435,0.554657,,,,-0.021771,-0.017874,0.028168,1.000000,0.000094,0.00,0
1439,19.088,-3.346206,0.536784,-3.346206,0.536784,-3.324435,0.554586,,,,-0.021771,-0.017802,0.028123,1.000000,0.000094,0.00,0
1440,19.104,-3.374372,0.532216,-3.418815,0.496448,-3.324435,0.554515,-0.049937,-0.022299,0.054690,-0.094380,-0.058067,0.110812,1.000000,0.000094,11.01,1
1441,19.111,-3.374372,0.532216,-3.374372,0.532216,-3.324435,0.554444,,,,-0.049937,-0.022228,0.054661,1.000000,0.000094,0.00,0
1442,19.117,-3.374372,0.532216,-3.374372,0.532216,-3.324435,0.554374,,,,-0.049937,-0.022158,0.054632,1.000000,0.000094,0.00,0
1443,19.121,-3.374372,0.532216,-3.374372,0.532216,-3.324435,0.554305,,,,-0.049937,-0.022089,0.054604,1.000000,0.000094,0.00,0
1444,19.129,-3.374372,0.532216,-3.374372,0.532216,-3.324435,0.554236,,,,-0.049937,-0.022019,0.054576,1.000000,0.000094,0.00,0
1445,19.134,-3.374372,0.532216,-3.374372,0.532216,-3.324435,0.554166,,,,-0.049937,-0.021950,0.054548,1.000000,0.000094,0.00,0
1446,19.140,-3.374372,0.532216,-3.374372,0.532216,-3.324435,0.554097,,,,-0.049937,-0.021881,0.054521,1.000000,0.000094,0.00,0
1447,19.145,-3.374372,0.532216,-3.374372,0.532216,-3.324435,0.554028,,,,-0.049937,-0.021812,0.054493,1.000000,0.000094,0.00,0
1448,19.152,-3.374372,0.532216,-3.374372,0.532216,-3.324435,0.553959,,,,-0.049937,-0.021743,0.054465,1.000000,0.000094,0.00,0
1449,19.158,-3.374372,0.532216,-3.374372,0.532216,-3.324435,0.553891,,,,-0.049937,-0.021675,0.054438,1.000000,0.000094,0.00,0
1450,19.164,-3.374372,0.532216,-3.374372,0.532216,-3.324435,0.553823,,,,-0.049937,-0.021607,0.054411,1.000000,0.000094,0.00,0
1451,19.170,-3.374372,0.532216,-3.374372,0.532216,-3.324435,0.553756,,,,-0.049937,-0.021540,0.054385,1.000000,0.000094,0.00,0
1452,19.176,-3.374372,0.532216,-3.374372,0.532216,-3.324435,0.553689,,,,-0.049937,-0.021473,0.054358,1.000000,0.000094,0.00,0
1453,19.183,-3.374372,0.532216,-3.374372,0.532216,-3.324435,0.553622,,,,-0.049937,-0.021406,0.054332,1.000000,0.000095,0.00,0
1454,19.188,-3.374372,0.532216,-3.374372,0.532216,-3.324435,0.553555,,,,-0.049937,-0.021339,0.054305,1.000000,0.000095,0.00,0
1455,19.206,-3.377351,0.502803,-3.348232,0.521574,-3.324435,0.553488,-0.052915,-0.050685,0.073274,-0.023797,-0.031914,0.039809,1.000000,0.000095,11.51,1
1456,19.214,-3.377351,0.502803,-3.377351,0.502803,-3.324435,0.553422,,,,-0.052915,-0.050619,0.073228,1.000000,0.000095,0.00,0
1457,19.224,-3.377351,0.502803,-3.377351,0.502803,-3.324435,0.553356,,,,-0.052915,-0.050553,0.073182,1.000000,0.000095,0.00,0
1458,19.232,-3.377351,0.502803,-3.377351,0.502803,-3.324435,0.553290,,,,-0.052915,-0.050487,0.073137,1.000000,0.000095,0.00,0
1459,19.236,-3.377351,0.502803,-3.377351,0.502803,-3.324435,0.553225,,,,-0.052915,-0.050422,0.073092,1.000000,0.000095,0.00,0
1460,19.243,-3.377351,0.502803,-3.377351,0.502803,-3.324435,0.553160,,,,-0.052915,-0.050357,0.073047,1.000000,0.000095,0.00,0
1461,19.250,-3.377351,0.502803,-3.377351,0.502803,-3.324435,0.553095,,,,-0.052915,-0.050292,0.073003,1.000000,0.000095,0.00,0
1462,19.257,-3.377351,0.502803,-3.377351,0.502803,-3.324435,0.553031,,,,-0.052915,-0.050228,0.072958,1.000000,0.000095,0.00,0
1463,19.262,-3.377351,0.502803,-3.377351,0.502803,-3.324435,0.552967,,,,-0.052915,-0.050164,0.072914,1.000000,0.000095,0.00,0
1464,19.269,-3.377351,0.502803,-3.377351,0.502803,-3.324435,0.552903,,,,-0.052915,-0.050100,0.072870,1.000000,0.000095,0.00,0
1465,19.275,-3.377351,0.502803,-3.377351,0.502803,-3.324435,0.552839,,,,-0.052915,-0.050036,0.072826,1.000000,0.000095,0.00,0
1466,19.281,-3.377351,0.502803,-3.377351,0.502803,-3.324435,0.552775,,,,-0.052915,-0.049972,0.072782,1.000000,0.000095,0.00,0
1467,19.287,-3.377351,0.502803,-3.377351,0.502803,-3.324435,0.552711,,,,-0.052915,-0.049908,0.072738,1.000000,0.000095,0.00,0
1468,19.293,-3.377351,0.502803,-3.377351,0.502803,-3.324435,0.552648,,,,-0.052915,-0.049845,0.072695,1.000000,0.000095,0.00,0
1469,19.299,-3.377351,0.502803,-3.377351,0.502803,-3.324435,0.552585,,,,-0.052915,-0.049782,0.072652,1.000000,0.000095,0.00,0
1470,19.316,-3.360526,0.506198,-3.314532,0.500571,-3.324435,0.552523,-0.036091,-0.046325,0.058724,0.009903,-0.051951,0.052887,1.000000,0.000095,11.51,1
1471,19.322,-3.360526,0.506198,-3.360526,0.506198,-3.324435,0.552461,,,,-0.036091,-0.046263,0.058676,1.000000,0.000096,0.00,0
1472,19.328,-3.360526,0.506198,-3.360526,0.506198,-3.324435,0.552399,,,,-0.036091,-0.046201,0.058627,1.000000,0.000096,0.00,0
1473,19.334,-3.360526,0.506198,-3.360526,0.506198,-3.324435,0.552337,,,,-0.036091,-0.046139,0.058578,1.000000,0.000096,0.00,0
1474,19.340,-3.360526,0.506198,-3.360526,0.506198,-3.324435,0.552275,,,,-0.036091,-0.046077,0.058529,1.000000,0.000096,0.00,0
1475,19.345,-3.360526,0.506198,-3.360526,0.506198,-3.324435,0.552213,,,,-0.036091,-0.046016,0.058481,1.000000,0.000096,0.00,0
1476,19.351,-3.360526,0.506198,-3.360526,0.506198,-3.324435,0.552152,,,,-0.036091,-0.045954,0.058432,1.000000,0.000096,0.00,0
1477,19.358,-3.360526,0.506198,-3.360526,0.506198,-3.324435,0.552091,,,,-0.036091,-0.045893,0.058385,1.000000,0.000096,0.00,0
1478,19.364,-3.360526,0.506198,-3.360526,0.506198,-3.324435,0.552030,,,,-0.036091,-0.045832,0.058337,1.000000,0.000096,0.00,0
1479,19.370,-3.360526,0.506198,-3.360526,0.506198,-3.324435,0.551969,,,,-0.036091,-0.045771,0.058289,1.000000,0.000096,0.00,0
1480,19.376,-3.360526,0.506198,-3.360526,0.506198,-3.324435,0.551909,,,,-0.036091,-0.045711,0.058241,1.000000,0.000096,0.00,0
1481,19.382,-3.360526,0.506198,-3.360526,0.506198,-3.324435,0.551848,,,,-0.036091,-0.045650,0.058194,1.000000,0.000096,0.00,0
1482,19.387,-3.360526,0.506198,-3.360526,0.506198,-3.324435,0.551787,,,,-0.036091,-0.045589,0.058146,1.000000,0.000096,0.00,0
1483,19.393,-3.360526,0.506198,-3.360526,0.506198,-3.324435,0.551726,,,,-0.036091,-0.045528,0.058098,1.000000,0.000096,0.00,0
1484,19.397,-3.360526,0.506198,-3.360526,0.506198,-3.324435,0.551665,,,,-0.036091,-0.045467,0.058051,1.000000,0.000096,0.00,0
1485,19.414,-3.336866,0.532206,-3.347836,0.574473,-3.324435,0.551605,-0.012431,-0.019399,0.023040,-0.023401,0.022868,0.032719,1.000000,0.000096,9.51,1
1486,19.421,-3.336866,0.532206,-3.336866,0.532206,-3.324435,0.551544,,,,-0.012431,-0.019338,0.022989,1.000000,0.000096,0.00,0
1487,19.427,-3.336866,0.532206,-3.336866,0.532206,-3.324435,0.551485,,,,-0.012431,-0.019279,0.022940,1.000000,0.000096,0.00,0
1488,19.432,-3.336866,0.532206,-3.336866,0.532206,-3.324435,0.551427,,,,-0.012431,-0.019221,0.022890,1.000000,0.000096,0.00,0
1489,19.438,-3.336866,0.532206,-3.336866,0.532206,-3.324435,0.551368,,,,-0.012431,-0.019162,0.022841,1.000000,0.000096,0.00,0
1490,19.444,-3.336866,0.532206,-3.336866,0.532206,-3.324435,0.551309,,,,-0.012431,-0.019103,0.022792,1.000000,0.000097,0.00,0
1491,19.450,-3.336866,0.532206,-3.336866,0.532206,-3.324435,0.551250,,,,-0.012431,-0.019044,0.022743,1.000000,0.000097,0.00,0
1492,19.456,-3.336866,0.532206,-3.336866,0.532206,-3.324435,0.551192,,,,-0.012431,-0.018986,0.022693,1.000000,0.000097,0.00,0
1493,19.461,-3.336866,0.532206,-3.336866,0.532206,-3.324435,0.551133,,,,-0.012431,-0.018927,0.022644,1.000000,0.000097,0.00,0
1494,19.465,-3.336866,0.532206,-3.336866,0.532206,-3.324435,0.551074,,,,-0.012431,-0.018868,0.022595,1.000000,0.000097,0.00,0
1495,19.473,-3.336866,0.532206,-3.336866,0.532206,-3.324435,0.551017,,,,-0.012431,-0.018811,0.022547,1.000000,0.000097,0.00,0
1496,19.478,-3.336866,0.532206,-3.336866,0.532206,-3.324435,0.550959,,,,-0.012431,-0.018753,0.022499,1.000000,0.000097,0.00,0
1497,19.484,-3.336866,0.532206,-3.336866,0.532206,-3.324435,0.550901,,,,-0.012431,-0.018695,0.022451,1.000000,0.000097,0.00,0
1498,19.488,-3.336866,0.532206,-3.336866,0.532206,-3.324435,0.550844,,,,-0.012431,-0.018638,0.022403,1.000000,0.000097,0.00,0
1499,19.495,-3.336866,0.532206,-3.336866,0.532206,-3.324435,0.550786,,,,-0.012431,-0.018580,0.022355,1.000000,0.000097,0.00,0
1500,19.512,-3.342023,0.519382,-3.363702,0.483102,-3.324435,0.550728,-0.017588,-0.031346,0.035943,-0.039267,-0.067626,0.078200,1.000000,0.000097,10.01,1
1501,19.522,-3.342023,0.519382,-3.342023,0.519382,-3.324435,0.550670,,,,-0.017588,-0.031288,0.035893,1.000000,0.000097,0.00,0
1502,19.528,-3.342023,0.519382,-3.342023,0.519382,-3.324435,0.550613,,,,-0.017588,-0.031231,0.035843,1.000000,0.000097,0.00,0
1503,19.535,-3.342023,0.519382,-3.342023,0.519382,-3.324435,0.550556,,,,-0.017588,-0.031174,0.035794,1.000000,0.000097,0.00,0
1504,19.540,-3.342023,0.519382,-3.342023,0.519382,-3.324435,0.550500,,,,-0.017588,-0.031118,0.035744,1.000000,0.000097,0.00,0
1505,19.545,-3.342023,0.519382,-3.342023,0.519382,-3.324435,0.550444,,,,-0.017588,-0.031062,0.035696,1.000000,0.000097,0.00,0
1506,19.551,-3.342023,0.519382,-3.342023,0.519382,-3.324435,0.550389,,,,-0.017588,-0.031007,0.035648,1.000000,0.000097,0.00,0
1507,19.557,-3.342023,0.519382,-3.342023,0.519382,-3.324435,0.550333,,,,-0.017588,-0.030951,0.035599,1.000000,0.000097,0.00,0
1508,19.562,-3.342023,0.519382,-3.342023,0.519382,-3.324435,0.550277,,,,-0.017588,-0.030895,0.035551,1.000000,0.000097,0.00,0
1509,19.568,-3.342023,0.519382,-3.342023,0.519382,-3.324435,0.550222,,,,-0.017588,-0.030840,0.035503,1.000000,0.000097,0.00,0
1510,19.574,-3.342023,0.519382,-3.342023,0.519382,-3.324435,0.550166,,,,-0.017588,-0.030784,0.035454,1.000000,0.000097,0.00,0
1511,19.581,-3.342023,0.519382,-3.342023,0.519382,-3.324435,0.550111,,,,-0.017588,-0.030729,0.035406,1.000000,0.000098,0.00,0
1512,19.585,-3.342023,0.519382,-3.342023,0.519382,-3.324435,0.550056,,,,-0.017588,-0.030674,0.035359,1.000000,0.000098,0.00,0
1513,19.592,-3.342023,0.519382,-3.342023,0.519382,-3.324435,0.550003,,,,-0.017588,-0.030621,0.035312,1.000000,0.000098,0.00,0
1514,19.597,-3.342023,0.519382,-3.342023,0.519382,-3.324435,0.549949,,,,-0.017588,-0.030567,0.035266,1.000000,0.000098,0.00,0
1515,19.614,-3.366768,0.513418,-3.388766,0.482678,-3.324435,0.549895,-0.042333,-0.036478,0.055881,-0.064331,-0.067217,0.093041,1.000000,0.000098,10.01,1
1516,19.620,-3.366768,0.513418,-3.366768,0.513418,-3.324435,0.549842,,,,-0.042333,-0.036424,0.055846,1.000000,0.000098,0.00,0
1517,19.627,-3.366768,0.513418,-3.366768,0.513418,-3.324435,0.549788,,,,-0.042333,-0.036371,0.055811,1.000000,0.000098,0.00,0
1518,19.632,-3.366768,0.513418,-3.366768,0.513418,-3.324435,0.549735,,,,-0.042333,-0.036317,0.055776,1.000000,0.000098,0.00,0
1519,19.638,-3.366768,0.513418,-3.366768,0.513418,-3.324435,0.549681,,,,-0.042333,-0.036264,0.055742,1.000000,0.000098,0.00,0
1520,19.643,-3.366768,0.513418,-3.366768,0.513418,-3.324435,0.549628,,,,-0.042333,-0.036210,0.055707,1.000000,0.000098,0.00,0
1521,19.650,-3.366768,0.513418,-3.366768,0.513418,-3.324435,0.549576,,,,-0.042333,-0.036158,0.055673,1.000000,0.000098,0.00,0
1522,19.657,-3.366768,0.513418,-3.366768,0.513418,-3.324435,0.549524,,,,-0.042333,-0.036106,0.055639,1.000000,0.000098,0.00,0
1523,19.662,-3.366768,0.513418,-3.366768,0.513418,-3.324435,0.549472,,,,-0.042333,-0.036055,0.055606,1.000000,0.000098,0.00,0
1524,19.668,-3.366768,0.513418,-3.366768,0.513418,-3.324435,0.549421,,,,-0.042333,-0.036003,0.055573,1.000000,0.000098,0.00,0
1525,19.674,-3.366768,0.513418,-3.366768,0.513418,-3.324435,0.549369,,,,-0.042333,-0.035952,0.055539,1.000000,0.000098,0.00,0
1526,19.680,-3.366768,0.513418,-3.366768,0.513418,-3.324435,0.549318,,,,-0.042333,-0.035900,0.055506,1.000000,0.000098,0.00,0
1527,19.686,-3.366768,0.513418,-3.366768,0.513418,-3.324435,0.549266,,,,-0.042333,-0.035849,0.055473,1.000000,0.000098,0.00,0
1528,19.692,-3.366768,0.513418,-3.366768,0.513418,-3.324435,0.549215,,,,-0.042333,-0.035797,0.055439,1.000000,0.000098,0.00,0
1529,19.697,-3.366768,0.513418,-3.366768,0.513418,-3.324435,0.549164,,,,-0.042333,-0.035746,0.055406,1.000000,0.000098,0.00,0
1530,19.714,-3.366723,0.478552,-3.347700,0.469874,-3.324435,0.549113,-0.042288,-0.070562,0.082263,-0.023265,-0.079239,0.082584,1.000000,0.000098,11.01,1
1531,19.721,-3.366723,0.478552,-3.366723,0.478552,-3.324435,0.549063,,,,-0.042288,-0.070511,0.082220,1.000000,0.000098,0.00,0
1532,19.727,-3.366723,0.478552,-3.366723,0.478552,-3.324435,0.549014,,,,-0.042288,-0.070462,0.082178,1.000000,0.000098,0.00,0
1533,19.731,-3.366723,0.478552,-3.366723,0.478552,-3.324435,0.548964,,,,-0.042288,-0.070412,0.082135,1.000000,0.000099,0.00,0
1534,19.738,-3.366723,0.478552,-3.366723,0.478552,-3.324435,0.548915,,,,-0.042288,-0.070363,0.082093,1.000000,0.000099,0.00,0
1535,19.744,-3.366723,0.478552,-3.366723,0.478552,-3.324435,0.548865,,,,-0.042288,-0.070314,0.082050,1.000000,0.000099,0.00,0
1536,19.750,-3.366723,0.478552,-3.366723,0.478552,-3.324435,0.548816,,,,-0.042288,-0.070264,0.082008,1.000000,0.000099,0.00,0
1537,19.756,-3.366723,0.478552,-3.366723,0.478552,-3.324435,0.548766,,,,-0.042288,-0.070215,0.081966,1.000000,0.000099,0.00,0
1538,19.762,-3.366723,0.478552,-3.366723,0.478552,-3.324435,0.548717,,,,-0.042288,-0.070165,0.081923,1.000000,0.000099,0.00,0
1539,19.767,-3.366723,0.478552,-3.366723,0.478552,-3.324435,0.548668,,,,-0.042288,-0.070116,0.081881,1.000000,0.000099,0.00,0
1540,19.774,-3.366723,0.478552,-3.366723,0.478552,-3.324435,0.548619,,,,-0.042288,-0.070068,0.081840,1.000000,0.000099,0.00,0
1541,19.780,-3.366723,0.478552,-3.366723,0.478552,-3.324435,0.548571,,,,-0.042288,-0.070020,0.081799,1.000000,0.000099,0.00,0
1542,19.785,-3.366723,0.478552,-3.366723,0.478552,-3.324435,0.548524,,,,-0.042288,-0.069972,0.081758,1.000000,0.000099,0.00,0
1543,19.792,-3.366723,0.478552,-3.366723,0.478552,-3.324435,0.548476,,,,-0.042288,-0.069925,0.081718,1.000000,0.000099,0.00,0
1544,19.797,-3.366723,0.478552,-3.366723,0.478552,-3.324435,0.548429,,,,-0.042288,-0.069877,0.081677,1.000000,0.000099,0.00,0
1545,19.813,-3.347775,0.483585,-3.306860,0.498201,-3.324435,0.548382,-0.023340,-0.064797,0.068873,0.017574,-0.050181,0.053169,1.000000,0.000099,11.01,1
1546,19.821,-3.347775,0.483585,-3.347775,0.483585,-3.324435,0.548334,,,,-0.023340,-0.064750,0.068828,1.000000,0.000099,0.00,0
1547,19.828,-3.347775,0.483585,-3.347775,0.483585,-3.324435,0.548287,,,,-0.023340,-0.064702,0.068784,1.000000,0.000099,0.00,0
1548,19.834,-3.347775,0.483585,-3.347775,0.483585,-3.324435,0.548240,,,,-0.023340,-0.064655,0.068739,1.000000,0.000099,0.00,0
1549,19.840,-3.347775,0.483585,-3.347775,0.483585,-3.324435,0.548192,,,,-0.023340,-0.064608,0.068695,1.000000,0.000099,0.00,0
1550,19.846,-3.347775,0.483585,-3.347775,0.483585,-3.324435,0.548146,,,,-0.023340,-0.064562,0.068651,1.000000,0.000099,0.00,0
1551,19.852,-3.347775,0.483585,-3.347775,0.483585,-3.324435,0.548100,,,,-0.023340,-0.064515,0.068608,1.000000,0.000099,0.00,0
1552,19.858,-3.347775,0.483585,-3.347775,0.483585,-3.324435,0.548055,,,,-0.023341,-0.064470,0.068565,1.000000,0.000099,0.00,0
1553,19.864,-3.347775,0.483585,-3.347775,0.483585,-3.324435,0.548009,,,,-0.023341,-0.064425,0.068522,1.000000,0.000099,0.00,0
1554,19.871,-3.347775,0.483585,-3.347775,0.483585,-3.324435,0.547964,,,,-0.023341,-0.064379,0.068480,1.000000,0.000099,0.00,0
1555,19.876,-3.347775,0.483585,-3.347775,0.483585,-3.324435,0.547919,,,,-0.023341,-0.064334,0.068437,1.000000,0.000099,0.00,0
1556,19.881,-3.347775,0.483585,-3.347775,0.483585,-3.324435,0.547873,,,,-0.023341,-0.064289,0.068395,1.000000,0.000099,0.00,0
1557,19.887,-3.347775,0.483585,-3.347775,0.483585,-3.324435,0.547828,,,,-0.023341,-0.064244,0.068352,1.000000,0.000099,0.00,0
1558,19.894,-3.347775,0.483585,-3.347775,0.483585,-3.324435,0.547783,,,,-0.023341,-0.064198,0.068310,1.000000,0.000100,0.00,0
1559,19.900,-3.347775,0.483585,-3.347775,0.483585,-3.324435,0.547738,,,,-0.023341,-0.064153,0.068267,1.000000,0.000100,0.00,0
1560,19.917,-3.332180,0.510830,-3.341980,0.564414,-3.324435,0.547692,-0.007745,-0.036863,0.037668,-0.017545,0.016721,0.024237,1.000000,0.000100,11.01,1
1561,19.924,-3.332180,0.510830,-3.332180,0.510830,-3.324435,0.547648,,,,-0.007745,-0.036819,0.037625,1.000000,0.000100,0.00,0
1562,19.930,-3.332180,0.510830,-3.332180,0.510830,-3.324435,0.547605,,,,-0.007745,-0.036775,0.037582,1.000000,0.000100,0.00,0
1563,19.935,-3.332180,0.510830,-3.332180,0.510830,-3.324435,0.547562,,,,-0.007745,-0.036732,0.037540,1.000000,0.000100,0.00,0
1564,19.941,-3.332180,0.510830,-3.332180,0.510830,-3.324435,0.547519,,,,-0.007745,-0.036689,0.037498,1.000000,0.000100,0.00,0
1565,19.947,-3.332180,0.510830,-3.332180,0.510830,-3.324435,0.547475,,,,-0.007745,-0.036646,0.037455,1.000000,0.000100,0.00,0
1566,19.953,-3.332180,0.510830,-3.332180,0.510830,-3.324435,0.547432,,,,-0.007745,-0.036602,0.037413,1.000000,0.000100,0.00,0
1567,19.960,-3.332180,0.510830,-3.332180,0.510830,-3.324435,0.547389,,,,-0.007745,-0.036559,0.037371,1.000000,0.000100,0.00,0
1568,19.965,-3.332180,0.510830,-3.332180,0.510830,-3.324435,0.547346,,,,-0.007745,-0.036516,0.037328,1.000000,0.000100,0.00,0
1569,19.971,-3.332180,0.510830,-3.332180,0.510830,-3.324435,0.547302,,,,-0.007745,-0.036473,0.037286,1.000000,0.000100,0.00,0
1570,19.977,-3.332180,0.510830,-3.332180,0.510830,-3.324435,0.547259,,,,-0.007745,-0.036430,0.037244,1.000000,0.000100,0.00,0
1571,19.983,-3.332180,0.510830,-3.332180,0.510830,-3.324435,0.547216,,,,-0.007745,-0.036387,0.037202,1.000000,0.000100,0.00,0
1572,19.989,-3.332180,0.510830,-3.332180,0.510830,-3.324435,0.547174,,,,-0.007745,-0.036344,0.037160,1.000000,0.000100,0.00,0
1573,19.995,-3.332180,0.510830,-3.332180,0.510830,-3.324435,0.547132,,,,-0.007745,-0.036302,0.037119,1.000000,0.000100,0.00,0
1574,20.001,-3.332180,0.510830,-3.332180,0.510830,-3.324435,0.547091,,,,-0.007745,-0.036261,0.037079,1.000000,0.000100,0.00,0
1575,20.017,-3.337150,0.513415,-3.362609,0.477631,-3.324435,0.547050,-0.012715,-0.033634,0.035957,-0.038174,-0.069418,0.079222,1.000000,0.000100,10.51,1
1576,20.024,-3.337150,0.513415,-3.337150,0.513415,-3.324435,0.547008,,,,-0.012715,-0.033593,0.035919,1.000000,0.000100,0.00,0
1577,20.030,-3.337150,0.513415,-3.337150,0.513415,-3.324435,0.546967,,,,-0.012715,-0.033552,0.035880,1.000000,0.000100,0.00,0
1578,20.035,-3.337150,0.513415,-3.337150,0.513415,-3.324435,0.546926,,,,-0.012715,-0.033511,0.035842,1.000000,0.000100,0.00,0
1579,20.040,-3.337150,0.513415,-3.337150,0.513415,-3.324435,0.546885,,,,-0.012715,-0.033470,0.035803,1.000000,0.000100,0.00,0
1580,20.045,-3.337150,0.513415,-3.337150,0.513415,-3.324435,0.546844,,,,-0.012715,-0.033428,0.035765,1.000000,0.000100,0.00,0
1581,20.050,-3.337150,0.513415,-3.337150,0.513415,-3.324435,0.546803,,,,-0.012715,-0.033387,0.035727,1.000000,0.000100,0.00,0
1582,20.056,-3.337150,0.513415,-3.337150,0.513415,-3.324435,0.546761,,,,-0.012715,-0.033346,0.035688,1.000000,0.000100,0.00,0
1583,20.062,-3.337150,0.513415,-3.337150,0.513415,-3.324435,0.546720,,,,-0.012715,-0.033305,0.035650,1.000000,0.000100,0.00,0
1584,20.068,-3.337150,0.513415,-3.337150,0.513415,-3.324435,0.546679,,,,-0.012715,-0.033264,0.035611,1.000000,0.000100,0.00,0
1585,20.075,-3.337150,0.513415,-3.337150,0.513415,-3.324435,0.546639,,,,-0.012715,-0.033224,0.035574,1.000000,0.000101,0.00,0
1586,20.081,-3.337150,0.513415,-3.337150,0.513415,-3.324435,0.546599,,,,-0.012715,-0.033184,0.035536,1.000000,0.000101,0.00,0
1587,20.087,-3.337150,0.513415,-3.337150,0.513415,-3.324435,0.546559,,,,-0.012715,-0.033143,0.035499,1.000000,0.000101,0.00,0
1588,20.093,-3.337150,0.513415,-3.337150,0.513415,-3.324435,0.546519,,,,-0.012715,-0.033103,0.035461,1.000000,0.000101,0.00,0
1589,20.098,-3.337150,0.513415,-3.337150,0.513415,-3.324435,0.546479,,,,-0.012715,-0.033063,0.035424,1.000000,0.000101,0.00,0
1590,20.114,-3.366520,0.508715,-3.394971,0.484100,-3.324435,0.546438,-0.042085,-0.037723,0.056518,-0.070536,-0.062338,0.094135,1.000000,0.000101,10.01,1
1591,20.125,-3.366520,0.508715,-3.366520,0.508715,-3.324435,0.546398,,,,-0.042085,-0.037683,0.056491,1.000000,0.000101,0.00,0
1592,20.131,-3.366520,0.508715,-3.366520,0.508715,-3.324435,0.546358,,,,-0.042085,-0.037643,0.056464,1.000000,0.000101,0.00,0
1593,20.137,-3.366520,0.508715,-3.366520,0.508715,-3.324435,0.546318,,,,-0.042085,-0.037603,0.056437,1.000000,0.000101,0.00,0
1594,20.143,-3.366520,0.508715,-3.366520,0.508715,-3.324435,0.546278,,,,-0.042085,-0.037563,0.056411,1.000000,0.000101,0.00,0
1595,20.149,-3.366520,0.508715,-3.366520,0.508715,-3.324435,0.546238,,,,-0.042085,-0.037523,0.056384,1.000000,0.000101,0.00,0
1596,20.155,-3.366520,0.508715,-3.366520,0.508715,-3.324435,0.546199,,,,-0.042085,-0.037484,0.056358,1.000000,0.000101,0.00,0
1597,20.161,-3.366520,0.508715,-3.366520,0.508715,-3.324435,0.546161,,,,-0.042085,-0.037446,0.056333,1.000000,0.000101,0.00,0
1598,20.166,-3.366520,0.508715,-3.366520,0.508715,-3.324435,0.546123,,,,-0.042085,-0.037408,0.056307,1.000000,0.000101,0.00,0
1599,20.172,-3.366520,0.508715,-3.366520,0.508715,-3.324435,0.546085,,,,-0.042085,-0.037370,0.056282,1.000000,0.000101,0.00,0
1600,20.178,-3.366520,0.508715,-3.366520,0.508715,-3.324435,0.546047,,,,-0.042085,-0.037332,0.056257,1.000000,0.000101,0.00,0
1601,20.185,-3.366520,0.508715,-3.366520,0.508715,-3.324435,0.546009,,,,-0.042085,-0.037294,0.056232,1.000000,0.000101,0.00,0
1602,20.190,-3.366520,0.508715,-3.366520,0.508715,-3.324435,0.545971,,,,-0.042085,-0.037255,0.056206,1.000000,0.000101,0.00,0
1603,20.195,-3.366520,0.508715,-3.366520,0.508715,-3.324435,0.545932,,,,-0.042085,-0.037217,0.056181,1.000000,0.000101,0.00,0
1604,20.200,-3.366520,0.508715,-3.366520,0.508715,-3.324435,0.545894,,,,-0.042085,-0.037179,0.056156,1.000000,0.000101,0.00,0
1605,20.217,-3.366678,0.475127,-3.342455,0.463650,-3.324434,0.545856,-0.042244,-0.070729,0.082384,-0.018021,-0.082207,0.084159,1.000000,0.000101,11.51,1
1606,20.224,-3.366678,0.475127,-3.366678,0.475127,-3.324434,0.545818,,,,-0.042244,-0.070691,0.082352,1.000000,0.000101,0.00,0
1607,20.228,-3.366678,0.475127,-3.366678,0.475127,-3.324434,0.545780,,,,-0.042244,-0.070653,0.082319,1.000000,0.000101,0.00,0
1608,20.235,-3.366678,0.475127,-3.366678,0.475127,-3.324434,0.545743,,,,-0.042244,-0.070616,0.082287,1.000000,0.000101,0.00,0
1609,20.241,-3.366678,0.475127,-3.366678,0.475127,-3.324434,0.545707,,,,-0.042244,-0.070580,0.082256,1.000000,0.000101,0.00,0
1610,20.246,-3.366678,0.475127,-3.366678,0.475127,-3.324434,0.545670,,,,-0.042244,-0.070543,0.082225,1.000000,0.000101,0.00,0
1611,20.252,-3.366678,0.475127,-3.366678,0.475127,-3.324434,0.545634,,,,-0.042244,-0.070507,0.082194,1.000000,0.000101,0.00,0
1612,20.258,-3.366678,0.475127,-3.366678,0.475127,-3.324434,0.545598,,,,-0.042244,-0.070471,0.082163,1.000000,0.000101,0.00,0
1613,20.264,-3.366678,0.475127,-3.366678,0.475127,-3.324434,0.545562,,,,-0.042244,-0.070435,0.082132,1.000000,0.000101,0.00,0
1614,20.268,-3.366678,0.475127,-3.366678,0.475127,-3.324434,0.545526,,,,-0.042244,-0.070399,0.082101,1.000000,0.000101,0.00,0
1615,20.275,-3.366678,0.475127,-3.366678,0.475127,-3.324434,0.545490,,,,-0.042244,-0.070363,0.082070,1.000000,0.000101,0.00,0
1616,20.281,-3.366678,0.475127,-3.366678,0.475127,-3.324434,0.545454,,,,-0.042244,-0.070327,0.082039,1.000000,0.000102,0.00,0
1617,20.287,-3.366678,0.475127,-3.366678,0.475127,-3.324434,0.545418,,,,-0.042244,-0.070291,0.082009,1.000000,0.000102,0.00,0
1618,20.292,-3.366678,0.475127,-3.366678,0.475127,-3.324434,0.545382,,,,-0.042244,-0.070255,0.081978,1.000000,0.000102,0.00,0
1619,20.298,-3.366678,0.475127,-3.366678,0.475127,-3.324434,0.545346,,,,-0.042244,-0.070219,0.081947,1.000000,0.000102,0.00,0
1620,20.315,-3.353010,0.489330,-3.321606,0.520241,-3.324434,0.545311,-0.028576,-0.055980,0.062852,0.002829,-0.025070,0.025229,1.000000,0.000102,11.57,1
1621,20.324,-3.353010,0.489330,-3.353010,0.489330,-3.324434,0.545276,,,,-0.028576,-0.055945,0.062821,1.000000,0.000102,0.00,0
1622,20.331,-3.353010,0.489330,-3.353010,0.489330,-3.324434,0.545241,,,,-0.028576,-0.055910,0.062790,1.000000,0.000102,0.00,0
1623,20.338,-3.353010,0.489330,-3.353010,0.489330,-3.324434,0.545206,,,,-0.028576,-0.055875,0.062759,1.000000,0.000102,0.00,0
1624,20.345,-3.353010,0.489330,-3.353010,0.489330,-3.324434,0.545172,,,,-0.028576,-0.055841,0.062728,1.000000,0.000102,0.00,0
1625,20.351,-3.353010,0.489330,-3.353010,0.489330,-3.324434,0.545138,,,,-0.028576,-0.055807,0.062698,1.000000,0.000102,0.00,0
1626,20.358,-3.353010,0.489330,-3.353010,0.489330,-3.324434,0.545104,,,,-0.028576,-0.055774,0.062668,1.000000,0.000102,0.00,0
1627,20.365,-3.353010,0.489330,-3.353010,0.489330,-3.324434,0.545070,,,,-0.028576,-0.055740,0.062638,1.000000,0.000102,0.00,0
1628,20.370,-3.353010,0.489330,-3.353010,0.489330,-3.324434,0.545036,,,,-0.028576,-0.055706,0.062608,1.000000,0.000102,0.00,0
1629,20.377,-3.353010,0.489330,-3.353010,0.489330,-3.324434,0.545002,,,,-0.028576,-0.055672,0.062577,1.000000,0.000102,0.00,0
1630,20.383,-3.353010,0.489330,-3.353010,0.489330,-3.324434,0.544968,,,,-0.028576,-0.055638,0.062547,1.000000,0.000102,0.00,0
1631,20.389,-3.353010,0.489330,-3.353010,0.489330,-3.324434,0.544934,,,,-0.028576,-0.055604,0.062517,1.000000,0.000102,0.00,0
1632,20.395,-3.353010,0.489330,-3.353010,0.489330,-3.324434,0.544900,,,,-0.028576,-0.055570,0.062487,1.000000,0.000102,0.00,0
1633,20.402,-3.353010,0.489330,-3.353010,0.489330,-3.324434,0.544866,,,,-0.028576,-0.055536,0.062457,1.000000,0.000102,0.00,0
1634,20.407,-3.353010,0.489330,-3.353010,0.489330,-3.324434,0.544832,,,,-0.028576,-0.055502,0.062426,1.000000,0.000102,0.00,0
1635,20.424,-3.344704,0.514869,-3.370051,0.560715,-3.324434,0.544799,-0.020270,-0.029930,0.036148,-0.045617,0.015917,0.048314,1.000000,0.000102,10.51,1
1636,20.436,-3.344704,0.514869,-3.344704,0.514869,-3.324434,0.544766,,,,-0.020270,-0.029897,0.036120,1.000000,0.000102,0.00,0
1637,20.443,-3.344704,0.514869,-3.344704,0.514869,-3.324434,0.544733,,,,-0.020270,-0.029864,0.036093,1.000000,0.000102,0.00,0
1638,20.448,-3.344704,0.514869,-3.344704,0.514869,-3.324434,0.544701,,,,-0.020270,-0.029832,0.036067,1.000000,0.000102,0.00,0
1639,20.454,-3.344704,0.514869,-3.344704,0.514869,-3.324434,0.544669,,,,-0.020270,-0.029800,0.036040,1.000000,0.000102,0.00,0
1640,20.460,-3.344704,0.514869,-3.344704,0.514869,-3.324434,0.544637,,,,-0.020270,-0.029768,0.036014,1.000000,0.000102,0.00,0
1641,20.465,-3.344704,0.514869,-3.344704,0.514869,-3.324434,0.544605,,,,-0.020270,-0.029737,0.035988,1.000000,0.000102,0.00,0
1642,20.471,-3.344704,0.514869,-3.344704,0.514869,-3.324434,0.544573,,,,-0.020270,-0.029705,0.035961,1.000000,0.000102,0.00,0
1643,20.477,-3.344704,0.514869,-3.344704,0.514869,-3.324434,0.544541,,,,-0.020270,-0.029673,0.035935,1.000000,0.000102,0.00,0
1644,20.483,-3.344704,0.514869,-3.344704,0.514869,-3.324434,0.544509,,,,-0.020270,-0.029641,0.035909,1.000000,0.000102,0.00,0
1645,20.488,-3.344704,0.514869,-3.344704,0.514869,-3.324434,0.544478,,,,-0.020270,-0.029609,0.035882,1.000000,0.000102,0.00,0
1646,20.495,-3.344704,0.514869,-3.344704,0.514869,-3.324434,0.544446,,,,-0.020270,-0.029577,0.035856,1.000000,0.000102,0.00,0
1647,20.502,-3.344704,0.514869,-3.344704,0.514869,-3.324434,0.544414,,,,-0.020270,-0.029545,0.035830,1.000000,0.000102,0.00,0
1648,20.508,-3.344704,0.514869,-3.344704,0.514869,-3.324434,0.544382,,,,-0.020270,-0.029513,0.035804,1.000000,0.000102,0.00,0
1649,20.514,-3.344704,0.514869,-3.344704,0.514869,-3.324434,0.544350,,,,-0.020270,-0.029481,0.035777,1.000000,0.000102,0.00,0
1650,20.530,-3.350828,0.523025,-3.360827,0.488118,-3.324434,0.544318,-0.026394,-0.021294,0.033912,-0.036392,-0.056201,0.066955,1.000000,0.000102,10.01,1
1651,20.538,-3.350828,0.523025,-3.350828,0.523025,-3.324434,0.544287,,,,-0.026394,-0.021263,0.033893,1.000000,0.000103,0.00,0
1652,20.543,-3.350828,0.523025,-3.350828,0.523025,-3.324434,0.544257,,,,-0.026394,-0.021232,0.033874,1.000000,0.000103,0.00,0
1653,20.549,-3.350828,0.523025,-3.350828,0.523025,-3.324434,0.544226,,,,-0.026394,-0.021201,0.033854,1.000000,0.000103,0.00,0
1654,20.555,-3.350828,0.523025,-3.350828,0.523025,-3.324434,0.544195,,,,-0.026394,-0.021170,0.033835,1.000000,0.000103,0.00,0
1655,20.560,-3.350828,0.523025,-3.350828,0.523025,-3.324434,0.544164,,,,-0.026394,-0.021139,0.033816,1.000000,0.000103,0.00,0
1656,20.565,-3.350828,0.523025,-3.350828,0.523025,-3.324434,0.544133,,,,-0.026394,-0.021108,0.033796,1.000000,0.000103,0.00,0
1657,20.572,-3.350828,0.523025,-3.350828,0.523025,-3.324434,0.544102,,,,-0.026394,-0.021078,0.033777,1.000000,0.000103,0.00,0
1658,20.578,-3.350828,0.523025,-3.350828,0.523025,-3.324434,0.544071,,,,-0.026394,-0.021047,0.033758,1.000000,0.000103,0.00,0
1659,20.584,-3.350828,0.523025,-3.350828,0.523025,-3.324434,0.544041,,,,-0.026394,-0.021016,0.033739,1.000000,0.000103,0.00,0
1660,20.590,-3.350828,0.523025,-3.350828,0.523025,-3.324434,0.544010,,,,-0.026394,-0.020985,0.033719,1.000000,0.000103,0.00,0
1661,20.595,-3.350828,0.523025,-3.350828,0.523025,-3.324434,0.543979,,,,-0.026394,-0.020954,0.033700,1.000000,0.000103,0.00,0
1662,20.601,-3.350828,0.523025,-3.350828,0.523025,-3.324434,0.543948,,,,-0.026394,-0.020923,0.033681,1.000000,0.000103,0.00,0
1663,20.608,-3.350828,0.523025,-3.350828,0.523025,-3.324434,0.543917,,,,-0.026394,-0.020893,0.033662,1.000000,0.000103,0.00,0
1664,20.613,-3.350828,0.523025,-3.350828,0.523025,-3.324434,0.543886,,,,-0.026394,-0.020862,0.033643,1.000000,0.000103,0.00,0
1665,20.630,-3.375535,0.511700,-3.395727,0.486268,-3.324434,0.543856,-0.051101,-0.032155,0.060376,-0.071293,-0.057587,0.091646,1.000000,0.000103,11.06,1
1666,20.637,-3.375535,0.511700,-3.375535,0.511700,-3.324434,0.543826,,,,-0.051101,-0.032125,0.060360,1.000000,0.000103,0.00,0
1667,20.642,-3.375535,0.511700,-3.375535,0.511700,-3.324434,0.543796,,,,-0.051101,-0.032096,0.060344,1.000000,0.000103,0.00,0
1668,20.647,-3.375535,0.511700,-3.375535,0.511700,-3.324434,0.543766,,,,-0.051101,-0.032066,0.060328,1.000000,0.000103,0.00,0
1669,20.653,-3.375535,0.511700,-3.375535,0.511700,-3.324434,0.543738,,,,-0.051101,-0.032037,0.060313,1.000000,0.000103,0.00,0
1670,20.658,-3.375535,0.511700,-3.375535,0.511700,-3.324434,0.543709,,,,-0.051101,-0.032008,0.060298,1.000000,0.000103,0.00,0
1671,20.664,-3.375535,0.511700,-3.375535,0.511700,-3.324434,0.543680,,,,-0.051101,-0.031979,0.060282,1.000000,0.000103,0.00,0
1672,20.670,-3.375535,0.511700,-3.375535,0.511700,-3.324434,0.543651,,,,-0.051101,-0.031951,0.060267,1.000000,0.000103,0.00,0
1673,20.676,-3.375535,0.511700,-3.375535,0.511700,-3.324434,0.543622,,,,-0.051101,-0.031922,0.060252,1.000000,0.000103,0.00,0
1674,20.682,-3.375535,0.511700,-3.375535,0.511700,-3.324434,0.543593,,,,-0.051101,-0.031893,0.060237,1.000000,0.000103,0.00,0
1675,20.689,-3.375535,0.511700,-3.375535,0.511700,-3.324434,0.543565,,,,-0.051101,-0.031864,0.060221,1.000000,0.000103,0.00,0
1676,20.694,-3.375535,0.511700,-3.375535,0.511700,-3.324434,0.543536,,,,-0.051101,-0.031835,0.060206,1.000000,0.000103,0.00,0
1677,20.700,-3.375535,0.511700,-3.375535,0.511700,-3.324434,0.543507,,,,-0.051101,-0.031807,0.060191,1.000000,0.000103,0.00,0
1678,20.705,-3.375535,0.511700,-3.375535,0.511700,-3.324434,0.543478,,,,-0.051101,-0.031778,0.060176,1.000000,0.000103,0.00,0
1679,20.711,-3.375535,0.511700,-3.375535,0.511700,-3.324434,0.543450,,,,-0.051101,-0.031749,0.060161,1.000000,0.000103,0.00,0
1680,20.727,-3.378114,0.470463,-3.377789,0.437004,-3.324434,0.543421,-0.053680,-0.072957,0.090578,-0.053355,-0.106417,0.119043,1.000000,0.000103,10.01,1
1681,20.738,-3.378114,0.470463,-3.378114,0.470463,-3.324434,0.543392,,,,-0.053680,-0.072929,0.090555,1.000000,0.000103,0.00,0
1682,20.744,-3.378114,0.470463,-3.378114,0.470463,-3.324434,0.543363,,,,-0.053680,-0.072900,0.090532,1.000000,0.000103,0.00,0
1683,20.751,-3.378114,0.470463,-3.378114,0.470463,-3.324434,0.543336,,,,-0.053680,-0.072872,0.090509,1.000000,0.000103,0.00,0
1684,20.756,-3.378114,0.470463,-3.378114,0.470463,-3.324434,0.543308,,,,-0.053680,-0.072844,0.090487,1.000000,0.000103,0.00,0
1685,20.761,-3.378114,0.470463,-3.378114,0.470463,-3.324434,0.543280,,,,-0.053680,-0.072817,0.090465,1.000000,0.000103,0.00,0
1686,20.768,-3.378114,0.470463,-3.378114,0.470463,-3.324434,0.543253,,,,-0.053680,-0.072790,0.090443,1.000000,0.000103,0.00,0
1687,20.773,-3.378114,0.470463,-3.378114,0.470463,-3.324434,0.543227,,,,-0.053680,-0.072763,0.090422,1.000000,0.000103,0.00,0
1688,20.778,-3.378114,0.470463,-3.378114,0.470463,-3.324434,0.543200,,,,-0.053680,-0.072737,0.090400,1.000000,0.000103,0.00,0
1689,20.787,-3.378114,0.470463,-3.378114,0.470463,-3.324434,0.543173,,,,-0.053680,-0.072710,0.090379,1.000000,0.000103,0.00,0
1690,20.793,-3.378114,0.470463,-3.378114,0.470463,-3.324434,0.543146,,,,-0.053680,-0.072683,0.090357,1.000000,0.000103,0.00,0
1691,20.798,-3.378114,0.470463,-3.378114,0.470463,-3.324434,0.543120,,,,-0.053680,-0.072656,0.090336,1.000000,0.000104,0.00,0
1692,20.804,-3.378114,0.470463,-3.378114,0.470463,-3.324434,0.543093,,,,-0.053680,-0.072630,0.090314,1.000000,0.000104,0.00,0
1693,20.810,-3.378114,0.470463,-3.378114,0.470463,-3.324434,0.543066,,,,-0.053680,-0.072603,0.090293,1.000000,0.000104,0.00,0
1694,20.815,-3.378114,0.470463,-3.378114,0.470463,-3.324434,0.543039,,,,-0.053680,-0.072576,0.090271,1.000000,0.000104,0.00,0
1695,20.832,-3.365512,0.478912,-3.323019,0.513463,-3.324434,0.543013,-0.041077,-0.064101,0.076133,0.001415,-0.029550,0.029584,1.000000,0.000104,11.01,1
1696,20.838,-3.365512,0.478912,-3.365512,0.478912,-3.324434,0.542986,,,,-0.041077,-0.064074,0.076111,1.000000,0.000104,0.00,0
1697,20.844,-3.365512,0.478912,-3.365512,0.478912,-3.324434,0.542959,,,,-0.041077,-0.064048,0.076088,1.000000,0.000104,0.00,0
1698,20.850,-3.365512,0.478912,-3.365512,0.478912,-3.324434,0.542933,,,,-0.041077,-0.064021,0.076066,1.000000,0.000104,0.00,0
1699,20.855,-3.365512,0.478912,-3.365512,0.478912,-3.324434,0.542906,,,,-0.041077,-0.063994,0.076043,1.000000,0.000104,0.00,0
1700,20.861,-3.365512,0.478912,-3.365512,0.478912,-3.324434,0.542879,,,,-0.041077,-0.063968,0.076021,1.000000,0.000104,0.00,0
1701,20.866,-3.365512,0.478912,-3.365512,0.478912,-3.324434,0.542854,,,,-0.041077,-0.063942,0.076000,1.000000,0.000104,0.00,0
1702,20.873,-3.365512,0.478912,-3.365512,0.478912,-3.324434,0.542828,,,,-0.041077,-0.063916,0.075978,1.000000,0.000104,0.00,0
1703,20.878,-3.365512,0.478912,-3.365512,0.478912,-3.324434,0.542802,,,,-0.041077,-0.063891,0.075956,1.000000,0.000104,0.00,0
1704,20.884,-3.365512,0.478912,-3.365512,0.478912,-3.324434,0.542778,,,,-0.041077,-0.063866,0.075936,1.000000,0.000104,0.00,0
1705,20.891,-3.365512,0.478912,-3.365512,0.478912,-3.324434,0.542753,,,,-0.041077,-0.063841,0.075915,1.000000,0.000104,0.00,0
1706,20.896,-3.365512,0.478912,-3.365512,0.478912,-3.324434,0.542728,,,,-0.041077,-0.063817,0.075894,1.000000,0.000104,0.00,0
1707,20.902,-3.365512,0.478912,-3.365512,0.478912,-3.324434,0.542703,,,,-0.041077,-0.063792,0.075873,1.000000,0.000104,0.00,0
1708,20.908,-3.365512,0.478912,-3.365512,0.478912,-3.324434,0.542679,,,,-0.041077,-0.063767,0.075853,1.000000,0.000104,0.00,0
1709,20.914,-3.365512,0.478912,-3.365512,0.478912,-3.324434,0.542654,,,,-0.041077,-0.063742,0.075832,1.000000,0.000104,0.00,0
1710,20.931,-3.358279,0.500323,-3.374029,0.550503,-3.324434,0.542629,-0.033845,-0.042306,0.054178,-0.049595,0.007874,0.050216,1.000000,0.000104,11.01,1
1711,20.937,-3.358279,0.500323,-3.358279,0.500323,-3.324434,0.542605,,,,-0.033845,-0.042281,0.054159,1.000000,0.000104,0.00,0
1712,20.944,-3.358279,0.500323,-3.358279,0.500323,-3.324434,0.542580,,,,-0.033845,-0.042257,0.054140,1.000000,0.000104,0.00,0
1713,20.949,-3.358279,0.500323,-3.358279,0.500323,-3.324434,0.542555,,,,-0.033845,-0.042232,0.054120,1.000000,0.000104,0.00,0
1714,20.955,-3.358279,0.500323,-3.358279,0.500323,-3.324434,0.542531,,,,-0.033845,-0.042207,0.054101,1.000000,0.000104,0.00,0
1715,20.961,-3.358279,0.500323,-3.358279,0.500323,-3.324434,0.542506,,,,-0.033845,-0.042183,0.054082,1.000000,0.000104,0.00,0
1716,20.966,-3.358279,0.500323,-3.358279,0.500323,-3.324434,0.542481,,,,-0.033845,-0.042158,0.054063,1.000000,0.000104,0.00,0
1717,20.975,-3.358279,0.500323,-3.358279,0.500323,-3.324434,0.542457,,,,-0.033845,-0.042133,0.054043,1.000000,0.000104,0.00,0
1718,20.981,-3.358279,0.500323,-3.358279,0.500323,-3.324434,0.542432,,,,-0.033845,-0.042109,0.054024,1.000000,0.000104,0.00,0
1719,20.987,-3.358279,0.500323,-3.358279,0.500323,-3.324434,0.542408,,,,-0.033845,-0.042084,0.054005,1.000000,0.000104,0.00,0
1720,20.994,-3.358279,0.500323,-3.358279,0.500323,-3.324434,0.542384,,,,-0.033845,-0.042061,0.053987,1.000000,0.000104,0.00,0
1721,21.000,-3.358279,0.500323,-3.358279,0.500323,-3.324434,0.542360,,,,-0.033845,-0.042037,0.053968,1.000000,0.000104,0.00,0
1722,21.007,-3.358279,0.500323,-3.358279,0.500323,-3.324434,0.542337,,,,-0.033845,-0.042013,0.053950,1.000000,0.000104,0.00,0
1723,21.014,-3.358279,0.500323,-3.358279,0.500323,-3.324434,0.542313,,,,-0.033845,-0.041990,0.053932,1.000000,0.000104,0.00,0
1724,21.020,-3.358279,0.500323,-3.358279,0.500323,-3.324434,0.542290,,,,-0.033845,-0.041967,0.053914,1.000000,0.000104,0.00,0
1725,21.035,-3.357438,0.516103,-3.375267,0.484344,-3.324434,0.542268,-0.033004,-0.026164,0.042117,-0.050833,-0.057924,0.077066,1.000000,0.000104,10.01,1
1726,21.048,-3.357438,0.516103,-3.357438,0.516103,-3.324434,0.542245,,,,-0.033004,-0.026142,0.042103,1.000000,0.000104,0.00,0
1727,21.053,-3.357438,0.516103,-3.357438,0.516103,-3.324434,0.542223,,,,-0.033004,-0.026119,0.042089,1.000000,0.000104,0.00,0
1728,21.058,-3.357438,0.516103,-3.357438,0.516103,-3.324434,0.542200,,,,-0.033004,-0.026097,0.042075,1.000000,0.000104,0.00,0
1729,21.065,-3.357438,0.516103,-3.357438,0.516103,-3.324434,0.542177,,,,-0.033004,-0.026074,0.042061,1.000000,0.000104,0.00,0
1730,21.070,-3.357438,0.516103,-3.357438,0.516103,-3.324434,0.542155,,,,-0.033004,-0.026051,0.042047,1.000000,0.000104,0.00,0
1731,21.076,-3.357438,0.516103,-3.357438,0.516103,-3.324434,0.542132,,,,-0.033004,-0.026029,0.042033,1.000000,0.000104,0.00,0
1732,21.082,-3.357438,0.516103,-3.357438,0.516103,-3.324434,0.542109,,,,-0.033004,-0.026006,0.042019,1.000000,0.000104,0.00,0
1733,21.088,-3.357438,0.516103,-3.357438,0.516103,-3.324434,0.542087,,,,-0.033004,-0.025983,0.042005,1.000000,0.000104,0.00,0
1734,21.093,-3.357438,0.516103,-3.357438,0.516103,-3.324434,0.542064,,,,-0.033004,-0.025961,0.041991,1.000000,0.000104,0.00,0
1735,21.098,-3.357438,0.516103,-3.357438,0.516103,-3.324434,0.542042,,,,-0.033004,-0.025938,0.041977,1.000000,0.000104,0.00,0
1736,21.105,-3.357438,0.516103,-3.357438,0.516103,-3.324434,0.542019,,,,-0.033004,-0.025916,0.041963,1.000000,0.000104,0.00,0
1737,21.111,-3.357438,0.516103,-3.357438,0.516103,-3.324434,0.541996,,,,-0.033004,-0.025893,0.041949,1.000000,0.000104,0.00,0
1738,21.118,-3.357438,0.516103,-3.357438,0.516103,-3.324434,0.541974,,,,-0.033004,-0.025870,0.041935,1.000000,0.000104,0.00,0
1739,21.124,-3.357438,0.516103,-3.357438,0.516103,-3.324434,0.541951,,,,-0.033004,-0.025848,0.041921,1.000000,0.000105,0.00,0
1740,21.140,-3.381645,0.505912,-3.395638,0.482888,-3.324434,0.541928,-0.057211,-0.036017,0.067604,-0.071204,-0.059040,0.092497,1.000000,0.000105,11.51,1
1741,21.146,-3.381645,0.505912,-3.381645,0.505912,-3.324434,0.541906,,,,-0.057211,-0.035994,0.067592,1.000000,0.000105,0.00,0
1742,21.152,-3.381645,0.505912,-3.381645,0.505912,-3.324434,0.541884,,,,-0.057211,-0.035973,0.067580,1.000000,0.000105,0.00,0
1743,21.158,-3.381645,0.505912,-3.381645,0.505912,-3.324434,0.541863,,,,-0.057211,-0.035951,0.067569,1.000000,0.000105,0.00,0
1744,21.164,-3.381645,0.505912,-3.381645,0.505912,-3.324434,0.541841,,,,-0.057211,-0.035930,0.067558,1.000000,0.000105,0.00,0
1745,21.169,-3.381645,0.505912,-3.381645,0.505912,-3.324434,0.541821,,,,-0.057211,-0.035909,0.067547,1.000000,0.000105,0.00,0
1746,21.175,-3.381645,0.505912,-3.381645,0.505912,-3.324434,0.541800,,,,-0.057211,-0.035888,0.067536,1.000000,0.000105,0.00,0
1747,21.182,-3.381645,0.505912,-3.381645,0.505912,-3.324434,0.541780,,,,-0.057211,-0.035868,0.067525,1.000000,0.000105,0.00,0
1748,21.187,-3.381645,0.505912,-3.381645,0.505912,-3.324434,0.541759,,,,-0.057211,-0.035847,0.067514,1.000000,0.000105,0.00,0
1749,21.193,-3.381645,0.505912,-3.381645,0.505912,-3.324434,0.541739,,,,-0.057211,-0.035827,0.067503,1.000000,0.000105,0.00,0
1750,21.200,-3.381645,0.505912,-3.381645,0.505912,-3.324434,0.541718,,,,-0.057211,-0.035806,0.067492,1.000000,0.000105,0.00,0
1751,21.206,-3.381645,0.505912,-3.381645,0.505912,-3.324434,0.541697,,,,-0.057211,-0.035786,0.067481,1.000000,0.000105,0.00,0
1752,21.211,-3.381645,0.505912,-3.381645,0.505912,-3.324434,0.541677,,,,-0.057211,-0.035765,0.067470,1.000000,0.000105,0.00,0
1753,21.218,-3.381645,0.505912,-3.381645,0.505912,-3.324434,0.541656,,,,-0.057211,-0.035744,0.067459,1.000000,0.000105,0.00,0
1754,21.223,-3.381645,0.505912,-3.381645,0.505912,-3.324434,0.541636,,,,-0.057211,-0.035724,0.067448,1.000000,0.000105,0.00,0
1755,21.240,-3.392936,0.468237,-3.407903,0.437478,-3.324434,0.541615,-0.068502,-0.073378,0.100384,-0.083469,-0.104137,0.133460,1.000000,0.000105,11.01,1
1756,21.247,-3.392936,0.468237,-3.392936,0.468237,-3.324434,0.541595,,,,-0.068502,-0.073358,0.100369,1.000000,0.000105,0.00,0
1757,21.253,-3.392936,0.468237,-3.392936,0.468237,-3.324434,0.541574,,,,-0.068502,-0.073337,0.100354,1.000000,0.000105,0.00,0
1758,21.259,-3.392936,0.468237,-3.392936,0.468237,-3.324434,0.541553,,,,-0.068502,-0.073317,0.100339,1.000000,0.000105,0.00,0
1759,21.265,-3.392936,0.468237,-3.392936,0.468237,-3.324434,0.541533,,,,-0.068502,-0.073296,0.100324,1.000000,0.000105,0.00,0
1760,21.271,-3.392936,0.468237,-3.392936,0.468237,-3.324434,0.541512,,,,-0.068502,-0.073275,0.100309,1.000000,0.000105,0.00,0
1761,21.277,-3.392936,0.468237,-3.392936,0.468237,-3.324434,0.541492,,,,-0.068502,-0.073255,0.100294,1.000000,0.000105,0.00,0
1762,21.283,-3.392936,0.468237,-3.392936,0.468237,-3.324434,0.541471,,,,-0.068502,-0.073234,0.100279,1.000000,0.000105,0.00,0
1763,21.289,-3.392936,0.468237,-3.392936,0.468237,-3.324434,0.541451,,,,-0.068502,-0.073214,0.100264,1.000000,0.000105,0.00,0
1764,21.294,-3.392936,0.468237,-3.392936,0.468237,-3.323981,0.541449,,,,-0.068955,-0.073212,0.100573,1.000000,0.000105,0.00,0
1765,21.301,-3.392936,0.468237,-3.392936,0.468237,-3.322502,0.541444,,,,-0.070434,-0.073207,0.101588,1.000000,0.000105,0.00,0
1766,21.308,-3.392936,0.468237,-3.392936,0.468237,-3.322053,0.541443,,,,-0.070883,-0.073206,0.101900,1.000000,0.000105,0.00,0
1767,21.313,-3.392936,0.468237,-3.392936,0.468237,-3.321575,0.541443,,,,-0.071361,-0.073206,0.102233,1.000000,0.000105,0.00,0
1768,21.320,-3.392936,0.468237,-3.392936,0.468237,-3.321095,0.541443,,,,-0.071841,-0.073206,0.102568,1.000000,0.000105,0.00,0
1769,21.325,-3.392936,0.468237,-3.392936,0.468237,-3.320615,0.541443,,,,-0.072321,-0.073206,0.102905,1.000000,0.000105,0.00,0
1770,21.342,-3.385276,0.466865,-3.352285,0.480229,-3.320135,0.541443,-0.065140,-0.074578,0.099021,-0.032150,-0.061214,0.069144,1.000000,0.000105,10.01,1
1771,21.354,-3.385276,0.466865,-3.385276,0.466865,-3.318660,0.541439,,,,-0.066616,-0.074574,0.099994,1.000000,0.000105,0.00,0
1772,21.360,-3.385276,0.466865,-3.385276,0.466865,-3.318665,0.541419,,,,-0.066610,-0.074554,0.099976,1.000000,0.000105,0.00,0
1773,21.367,-3.385276,0.466865,-3.385276,0.466865,-3.318671,0.541399,,,,-0.066605,-0.074534,0.099958,1.000000,0.000105,0.00,0
1774,21.373,-3.385276,0.466865,-3.385276,0.466865,-3.318673,0.541380,,,,-0.066603,-0.074514,0.099942,1.000000,0.000105,0.00,0
1775,21.377,-3.385276,0.466865,-3.385276,0.466865,-3.318674,0.541360,,,,-0.066602,-0.074495,0.099927,1.000000,0.000105,0.00,0
1776,21.384,-3.385276,0.466865,-3.385276,0.466865,-3.318674,0.541340,,,,-0.066602,-0.074475,0.099912,1.000000,0.000105,0.00,0
1777,21.390,-3.385276,0.466865,-3.385276,0.466865,-3.318674,0.541321,,,,-0.066602,-0.074456,0.099897,1.000000,0.000105,0.00,0
1778,21.396,-3.385276,0.466865,-3.385276,0.466865,-3.318674,0.541301,,,,-0.066602,-0.074436,0.099882,1.000000,0.000105,0.00,0
1779,21.403,-3.385276,0.466865,-3.385276,0.466865,-3.318674,0.541282,,,,-0.066602,-0.074416,0.099868,1.000000,0.000105,0.00,0
1780,21.408,-3.385276,0.466865,-3.385276,0.466865,-3.318674,0.541262,,,,-0.066602,-0.074397,0.099853,1.000000,0.000105,0.00,0
1781,21.414,-3.385276,0.466865,-3.385276,0.466865,-3.318221,0.541262,,,,-0.067055,-0.074397,0.100156,1.000000,0.000105,0.00,0
1782,21.421,-3.385276,0.466865,-3.385276,0.466865,-3.316742,0.541258,,,,-0.068533,-0.074393,0.101149,1.000000,0.000105,0.00,0
1783,21.427,-3.385276,0.466865,-3.385276,0.466865,-3.316293,0.541257,,,,-0.068982,-0.074392,0.101453,1.000000,0.000105,0.00,0
1784,24.681,-3.385276,0.466865,-3.385276,0.466865,-3.316287,0.541257,,,,-0.068989,-0.074391,0.101457,1.000000,0.000105,0.00,0
1785,24.693,-3.390698,0.470829,-3.411905,0.494778,-3.316287,0.542562,-0.074411,-0.071734,0.103357,-0.095618,-0.047784,0.106893,1.000000,0.000103,11.01,1
1786,24.695,-3.390698,0.470829,-3.390698,0.470829,-3.316287,0.543997,,,,-0.074411,-0.073168,0.104358,1.000000,0.000102,0.00,0
1787,24.698,-3.390698,0.470829,-3.390698,0.470829,-3.316286,0.545457,,,,-0.074411,-0.074628,0.105387,1.000000,0.000102,0.00,0
1788,24.699,-3.390698,0.470829,-3.390698,0.470829,-3.316286,0.546919,,,,-0.074411,-0.076090,0.106427,1.000000,0.000103,0.00,0
1789,24.700,-3.390698,0.470829,-3.390698,0.470829,-3.316286,0.548377,,,,-0.074412,-0.077549,0.107475,1.000000,0.000103,0.00,0
1790,24.701,-3.390698,0.470829,-3.390698,0.470829,-3.316286,0.549833,,,,-0.074412,-0.079004,0.108530,1.000000,0.000103,0.00,0
1791,24.702,-3.390698,0.470829,-3.390698,0.470829,-3.316286,0.551285,,,,-0.074412,-0.080456,0.109592,1.000000,0.000103,0.00,0
1792,24.704,-3.390698,0.470829,-3.390698,0.470829,-3.316286,0.552734,,,,-0.074412,-0.081906,0.110660,1.000000,0.000103,0.00,0
1793,24.705,-3.390698,0.470829,-3.390698,0.470829,-3.316285,0.554182,,,,-0.074412,-0.083353,0.111736,1.000000,0.000103,0.00,0
1794,24.707,-3.390698,0.470829,-3.390698,0.470829,-3.316285,0.555628,,,,-0.074412,-0.084799,0.112819,1.000000,0.000103,0.00,0
1795,24.708,-3.390698,0.470829,-3.390698,0.470829,-3.316285,0.557072,,,,-0.074413,-0.086244,0.113909,1.000000,0.000103,0.00,0
1796,24.709,-3.390698,0.470829,-3.390698,0.470829,-3.316285,0.558516,,,,-0.074413,-0.087687,0.115006,1.000000,0.000103,0.00,0
1797,24.711,-3.390698,0.470829,-3.390698,0.470829,-3.316285,0.559959,,,,-0.074413,-0.089130,0.116110,1.000000,0.000103,0.00,0
1798,24.712,-3.390698,0.470829,-3.390698,0.470829,-3.316285,0.561401,,,,-0.074413,-0.090573,0.117221,1.000000,0.000103,0.00,0
1799,24.713,-3.390698,0.470829,-3.390698,0.470829,-3.316284,0.562843,,,,-0.074413,-0.092014,0.118338,1.000000,0.000103,0.00,0
1800,24.725,-3.363168,0.495467,-3.325315,0.511394,-3.316284,0.564284,-0.046884,-0.068817,0.083270,-0.009030,-0.052891,0.053656,1.000000,0.000103,10.02,1
1801,24.727,-3.363168,0.495467,-3.363168,0.495467,-3.316284,0.565725,,,,-0.046884,-0.070258,0.084465,1.000000,0.000103,0.00,0
1802,24.729,-3.363168,0.495467,-3.363168,0.495467,-3.316284,0.567166,,,,-0.046884,-0.071699,0.085668,1.000000,0.000103,0.00,0
1803,24.730,-3.363168,0.495467,-3.363168,0.495467,-3.316284,0.568607,,,,-0.046885,-0.073140,0.086877,1.000000,0.000103,0.00,0
1804,24.732,-3.363168,0.495467,-3.363168,0.495467,-3.316284,0.570047,,,,-0.046885,-0.074581,0.088093,1.000000,0.000103,0.00,0
1805,24.734,-3.363168,0.495467,-3.363168,0.495467,-3.316284,0.571488,,,,-0.046885,-0.076021,0.089316,1.000000,0.000103,0.00,0
1806,24.735,-3.363168,0.495467,-3.363168,0.495467,-3.316283,0.572928,,,,-0.046885,-0.077461,0.090545,1.000000,0.000103,0.00,0
1807,24.737,-3.363168,0.495467,-3.363168,0.495467,-3.316283,0.574368,,,,-0.046885,-0.078902,0.091781,1.000000,0.000103,0.00,0
1808,24.738,-3.363168,0.495467,-3.363168,0.495467,-3.316283,0.575809,,,,-0.046885,-0.080342,0.093022,1.000000,0.000103,0.00,0
1809,24.739,-3.363168,0.495467,-3.363168,0.495467,-3.316283,0.577249,,,,-0.046886,-0.081782,0.094268,1.000000,0.000103,0.00,0
1810,24.740,-3.363168,0.495467,-3.363168,0.495467,-3.316283,0.578689,,,,-0.046886,-0.083222,0.095521,1.000000,0.000103,0.00,0
1811,24.742,-3.363168,0.495467,-3.363168,0.495467,-3.316283,0.580129,,,,-0.046886,-0.084662,0.096778,1.000000,0.000103,0.00,0
1812,24.743,-3.363168,0.495467,-3.363168,0.495467,-3.316282,0.581569,,,,-0.046886,-0.086102,0.098040,1.000000,0.000103,0.00,0
1813,24.745,-3.363168,0.495467,-3.363168,0.495467,-3.316282,0.583009,,,,-0.046886,-0.087542,0.099307,1.000000,0.000103,0.00,0
1814,24.746,-3.363168,0.495467,-3.363168,0.495467,-3.316282,0.584449,,,,-0.046886,-0.088982,0.100579,1.000000,0.000103,0.00,0
1815,24.757,-3.336584,0.510240,-3.272532,0.524549,-3.316282,0.585889,-0.020302,-0.075649,0.078326,0.043750,-0.061341,0.075344,1.000000,0.000103,10.01,1
1816,24.760,-3.336584,0.510240,-3.336584,0.510240,-3.316282,0.587329,,,,-0.020302,-0.077089,0.079718,1.000000,0.000103,0.00,0
1817,24.762,-3.336584,0.510240,-3.336584,0.510240,-3.316282,0.588769,,,,-0.020302,-0.078529,0.081111,1.000000,0.000103,0.00,0
1818,24.763,-3.336584,0.510240,-3.336584,0.510240,-3.316282,0.590209,,,,-0.020303,-0.079969,0.082506,1.000000,0.000103,0.00,0
1819,24.765,-3.336584,0.510240,-3.336584,0.510240,-3.316281,0.591649,,,,-0.020303,-0.081409,0.083903,1.000000,0.000103,0.00,0
1820,24.766,-3.336584,0.510240,-3.336584,0.510240,-3.316281,0.593089,,,,-0.020303,-0.082849,0.085301,1.000000,0.000103,0.00,0
1821,24.767,-3.336584,0.510240,-3.336584,0.510240,-3.316281,0.594529,,,,-0.020303,-0.084289,0.086700,1.000000,0.000103,0.00,0
1822,24.768,-3.336584,0.510240,-3.336584,0.510240,-3.316281,0.595969,,,,-0.020303,-0.085729,0.088101,1.000000,0.000103,0.00,0
1823,24.770,-3.336584,0.510240,-3.336584,0.510240,-3.316281,0.597409,,,,-0.020303,-0.087169,0.089502,1.000000,0.000103,0.00,0
1824,24.772,-3.336584,0.510240,-3.336584,0.510240,-3.316281,0.598849,,,,-0.020303,-0.088609,0.090906,1.000000,0.000103,0.00,0
1825,24.773,-3.336584,0.510240,-3.336584,0.510240,-3.316281,0.600289,,,,-0.020304,-0.090049,0.092310,1.000000,0.000103,0.00,0
1826,24.775,-3.336584,0.510240,-3.336584,0.510240,-3.316280,0.601729,,,,-0.020304,-0.091489,0.093715,1.000000,0.000103,0.00,0
1827,24.775,-3.336584,0.510240,-3.336584,0.510240,-3.316280,0.603169,,,,-0.020304,-0.092929,0.095121,1.000000,0.000103,0.00,0
1828,24.777,-3.336584,0.510240,-3.336584,0.510240,-3.316280,0.604609,,,,-0.020304,-0.094369,0.096529,1.000000,0.000103,0.00,0
1829,24.778,-3.336584,0.510240,-3.336584,0.510240,-3.316280,0.606049,,,,-0.020304,-0.095809,0.097937,1.000000,0.000103,0.00,0
1830,24.791,-3.305771,0.505340,-3.319466,0.480079,-3.316280,0.607489,0.010509,-0.102149,0.102688,-0.003187,-0.127411,0.127451,1.000000,0.000103,10.01,1
1831,24.793,-3.305771,0.505340,-3.305771,0.505340,-3.316280,0.608929,,,,0.010509,-0.103589,0.104121,1.000000,0.000103,0.00,0
1832,24.794,-3.305771,0.505340,-3.305771,0.505340,-3.316280,0.610369,,,,0.010508,-0.105029,0.105553,1.000000,0.000103,0.00,0
1833,24.795,-3.305771,0.505340,-3.305771,0.505340,-3.316279,0.611809,,,,0.010508,-0.106469,0.106986,1.000000,0.000103,0.00,0
1834,24.797,-3.305771,0.505340,-3.305771,0.505340,-3.316279,0.613249,,,,0.010508,-0.107909,0.108419,1.000000,0.000103,0.00,0
1835,24.798,-3.305771,0.505340,-3.305771,0.505340,-3.316279,0.614689,,,,0.010508,-0.109349,0.109853,1.000000,0.000103,0.00,0
1836,24.800,-3.305771,0.505340,-3.305771,0.505340,-3.316279,0.616129,,,,0.010508,-0.110789,0.111286,1.000000,0.000103,0.00,0
1837,24.801,-3.305771,0.505340,-3.305771,0.505340,-3.316279,0.617569,,,,0.010508,-0.112229,0.112720,1.000000,0.000103,0.00,0
1838,24.803,-3.305771,0.505340,-3.305771,0.505340,-3.316279,0.619009,,,,0.010508,-0.113669,0.114154,1.000000,0.000103,0.00,0
1839,24.804,-3.305771,0.505340,-3.305771,0.505340,-3.316279,0.620449,,,,0.010507,-0.115109,0.115588,1.000000,0.000103,0.00,0
1840,24.805,-3.305771,0.505340,-3.305771,0.505340,-3.316278,0.621889,,,,0.010507,-0.116549,0.117022,1.000000,0.000103,0.00,0
1841,24.806,-3.305771,0.505340,-3.305771,0.505340,-3.316278,0.623329,,,,0.010507,-0.117989,0.118456,1.000000,0.000103,0.00,0
1842,24.807,-3.305771,0.505340,-3.305771,0.505340,-3.316278,0.624769,,,,0.010507,-0.119429,0.119890,1.000000,0.000103,0.00,0
1843,24.808,-3.305771,0.505340,-3.305771,0.505340,-3.316278,0.626209,,,,0.010507,-0.120869,0.121325,1.000000,0.000103,0.00,0
1844,24.811,-3.305771,0.505340,-3.305771,0.505340,-3.316278,0.627649,,,,0.010507,-0.122309,0.122759,1.000000,0.000103,0.00,0
1845,24.822,-3.311829,0.545852,-3.343489,0.632928,-3.316278,0.629089,0.004448,-0.083238,0.083356,-0.027211,0.003839,0.027481,1.000000,0.000103,10.01,1
1846,24.824,-3.311829,0.545852,-3.311829,0.545852,-3.316278,0.630529,,,,0.004448,-0.084678,0.084794,1.000000,0.000103,0.00,0
1847,24.825,-3.311829,0.545852,-3.311829,0.545852,-3.316277,0.631969,,,,0.004448,-0.086117,0.086232,1.000000,0.000103,0.00,0
1848,24.827,-3.311829,0.545852,-3.311829,0.545852,-3.316277,0.633409,,,,0.004448,-0.087557,0.087670,1.000000,0.000103,0.00,0
1849,24.828,-3.311829,0.545852,-3.311829,0.545852,-3.316277,0.634849,,,,0.004448,-0.088997,0.089109,1.000000,0.000103,0.00,0
1850,24.829,-3.311829,0.545852,-3.311829,0.545852,-3.316277,0.636289,,,,0.004448,-0.090437,0.090547,1.000000,0.000103,0.00,0
1851,24.831,-3.311829,0.545852,-3.311829,0.545852,-3.316277,0.637729,,,,0.004448,-0.091877,0.091985,1.000000,0.000103,0.00,0
1852,24.832,-3.311829,0.545852,-3.311829,0.545852,-3.316277,0.639169,,,,0.004447,-0.093317,0.093423,1.000000,0.000103,0.00,0
1853,24.834,-3.311829,0.545852,-3.311829,0.545852,-3.316277,0.640609,,,,0.004447,-0.094757,0.094862,1.000000,0.000103,0.00,0
1854,24.835,-3.311829,0.545852,-3.311829,0.545852,-3.316277,0.642049,,,,0.004447,-0.096197,0.096300,1.000000,0.000103,0.00,0
1855,24.835,-3.311829,0.545852,-3.311829,0.545852,-3.316276,0.643489,,,,0.004447,-0.097637,0.097739,1.000000,0.000103,0.00,0
1856,24.836,-3.311829,0.545852,-3.311829,0.545852,-3.316276,0.644929,,,,0.004447,-0.099077,0.099177,1.000000,0.000103,0.00,0
1857,24.838,-3.311829,0.545852,-3.311829,0.545852,-3.316276,0.646369,,,,0.004447,-0.100517,0.100616,1.000000,0.000103,0.00,0
1858,24.838,-3.311829,0.545852,-3.311829,0.545852,-3.316276,0.647809,,,,0.004447,-0.101957,0.102054,1.000000,0.000103,0.00,0
1859,24.840,-3.311829,0.545852,-3.311829,0.545852,-3.316276,0.649249,,,,0.004447,-0.103397,0.103493,1.000000,0.000103,0.00,0
1860,24.853,-3.339225,0.587168,-3.354720,0.648497,-3.316276,0.650689,-0.022949,-0.063521,0.067540,-0.038444,-0.002192,0.038507,1.000000,0.000103,10.01,1
1861,24.855,-3.339225,0.587168,-3.339225,0.587168,-3.316275,0.652129,,,,-0.022950,-0.064961,0.068896,1.000000,0.000103,0.00,0
1862,24.856,-3.339225,0.587168,-3.339225,0.587168,-3.316275,0.653569,,,,-0.022950,-0.066401,0.070256,1.000000,0.000103,0.00,0
1863,24.857,-3.339225,0.587168,-3.339225,0.587168,-3.316274,0.655009,,,,-0.022951,-0.067841,0.071619,1.000000,0.000103,0.00,0
1864,24.858,-3.339225,0.587168,-3.339225,0.587168,-3.316273,0.656449,,,,-0.022952,-0.069281,0.072984,1.000000,0.000103,0.00,0
1865,24.861,-3.339225,0.587168,-3.339225,0.587168,-3.316273,0.657889,,,,-0.022952,-0.070721,0.074353,1.000000,0.000103,0.00,0
1866,24.863,-3.339225,0.587168,-3.339225,0.587168,-3.316273,0.659329,,,,-0.022952,-0.072161,0.075724,1.000000,0.000103,0.00,0
1867,24.864,-3.339225,0.587168,-3.339225,0.587168,-3.316273,0.660769,,,,-0.022952,-0.073601,0.077097,1.000000,0.000103,0.00,0
1868,24.865,-3.339225,0.587168,-3.339225,0.587168,-3.316273,0.662209,,,,-0.022952,-0.075041,0.078473,1.000000,0.000103,0.00,0
1869,24.866,-3.339225,0.587168,-3.339225,0.587168,-3.316273,0.663649,,,,-0.022952,-0.076481,0.079851,1.000000,0.000103,0.00,0
1870,24.867,-3.339225,0.587168,-3.339225,0.587168,-3.316273,0.665089,,,,-0.022952,-0.077921,0.081231,1.000000,0.000103,0.00,0
1871,24.868,-3.339225,0.587168,-3.339225,0.587168,-3.316273,0.666529,,,,-0.022952,-0.079361,0.082614,1.000000,0.000103,0.00,0
1872,24.870,-3.339225,0.587168,-3.339225,0.587168,-3.316273,0.667969,,,,-0.022952,-0.080801,0.083998,1.000000,0.000103,0.00,0
1873,24.872,-3.339225,0.587168,-3.339225,0.587168,-3.316273,0.669409,,,,-0.022952,-0.082241,0.085384,1.000000,0.000103,0.00,0
1874,24.873,-3.339225,0.587168,-3.339225,0.587168,-3.316274,0.670849,,,,-0.022951,-0.083681,0.086772,1.000000,0.000103,0.00,0
1875,24.884,-3.330696,0.655474,-3.293878,0.684999,-3.316274,0.672289,-0.014422,-0.016815,0.022153,0.022395,0.012709,0.025750,1.000000,0.000103,10.51,1
1876,24.887,-3.330696,0.655474,-3.330696,0.655474,-3.316274,0.673229,,,,-0.014422,-0.017754,0.022874,1.000000,0.000104,0.00,0
1877,24.889,-3.330696,0.655474,-3.330696,0.655474,-3.316274,0.674118,,,,-0.014422,-0.018644,0.023571,1.000000,0.000104,0.00,0
1878,24.890,-3.330696,0.655474,-3.330696,0.655474,-3.316274,0.674999,,,,-0.014422,-0.019524,0.024273,1.000000,0.000104,0.00,0
1879,24.891,-3.330696,0.655474,-3.330696,0.655474,-3.316274,0.675879,,,,-0.014422,-0.020404,0.024986,1.000000,0.000104,0.00,0
1880,24.893,-3.330696,0.655474,-3.330696,0.655474,-3.316274,0.676760,,,,-0.014422,-0.021285,0.025711,1.000000,0.000104,0.00,0
1881,24.894,-3.330696,0.655474,-3.330696,0.655474,-3.316274,0.677642,,,,-0.014422,-0.022168,0.026446,1.000000,0.000104,0.00,0
1882,24.895,-3.330696,0.655474,-3.330696,0.655474,-3.316274,0.678526,,,,-0.014422,-0.023051,0.027191,1.000000,0.000104,0.00,0
1883,24.896,-3.330696,0.655474,-3.330696,0.655474,-3.316274,0.679410,,,,-0.014422,-0.023936,0.027945,1.000000,0.000103,0.00,0
1884,24.897,-3.330696,0.655474,-3.330696,0.655474,-3.316274,0.680296,,,,-0.014422,-0.024821,0.028707,1.000000,0.000103,0.00,0
1885,24.898,-3.330696,0.655474,-3.330696,0.655474,-3.316274,0.681181,,,,-0.014422,-0.025707,0.029476,1.000000,0.000103,0.00,0
1886,24.901,-3.330696,0.655474,-3.330696,0.655474,-3.316274,0.682068,,,,-0.014422,-0.026593,0.030252,1.000000,0.000103,0.00,0
1887,24.902,-3.330696,0.655474,-3.330696,0.655474,-3.316274,0.682955,,,,-0.014422,-0.027480,0.031034,1.000000,0.000103,0.00,0
1888,24.903,-3.330696,0.655474,-3.330696,0.655474,-3.316274,0.683842,,,,-0.014422,-0.028367,0.031823,1.000000,0.000103,0.00,0
1889,24.905,-3.330696,0.655474,-3.330696,0.655474,-3.316274,0.684729,,,,-0.014422,-0.029254,0.032616,1.000000,0.000103,0.00,0
1890,24.917,-3.309195,0.640192,-3.278986,0.587080,-3.316274,0.685616,0.007079,-0.045424,0.045973,0.037288,-0.098536,0.105355,1.000000,0.000103,10.52,1
1891,24.919,-3.309195,0.640192,-3.309195,0.640192,-3.316274,0.686659,,,,0.007079,-0.046467,0.047003,1.000000,0.000103,0.00,0
1892,24.920,-3.309195,0.640192,-3.309195,0.640192,-3.316274,0.687717,,,,0.007079,-0.047526,0.048050,1.000000,0.000103,0.00,0
1893,24.921,-3.309195,0.640192,-3.309195,0.640192,-3.316274,0.688779,,,,0.007080,-0.048587,0.049100,1.000000,0.000103,0.00,0
1894,24.923,-3.309195,0.640192,-3.309195,0.640192,-3.316274,0.689840,,,,0.007080,-0.049648,0.050151,1.000000,0.000103,0.00,0
1895,24.924,-3.309195,0.640192,-3.309195,0.640192,-3.316274,0.690902,,,,0.007080,-0.050710,0.051202,1.000000,0.000103,0.00,0
1896,24.925,-3.309195,0.640192,-3.309195,0.640192,-3.316274,0.691963,,,,0.007080,-0.051771,0.052252,1.000000,0.000103,0.00,0
1897,24.927,-3.309195,0.640192,-3.309195,0.640192,-3.316274,0.693023,,,,0.007080,-0.052831,0.053303,1.000000,0.000103,0.00,0
1898,24.928,-3.309195,0.640192,-3.309195,0.640192,-3.316274,0.694083,,,,0.007080,-0.053891,0.054354,1.000000,0.000103,0.00,0
1899,24.930,-3.309195,0.640192,-3.309195,0.640192,-3.316274,0.695143,,,,0.007080,-0.054952,0.055406,1.000000,0.000103,0.00,0
1900,24.931,-3.309195,0.640192,-3.309195,0.640192,-3.316274,0.696203,,,,0.007080,-0.056011,0.056457,1.000000,0.000103,0.00,0
1901,24.932,-3.309195,0.640192,-3.309195,0.640192,-3.316274,0.697263,,,,0.007080,-0.057071,0.057509,1.000000,0.000103,0.00,0
1902,24.934,-3.309195,0.640192,-3.309195,0.640192,-3.316274,0.698323,,,,0.007080,-0.058131,0.058560,1.000000,0.000103,0.00,0
1903,24.935,-3.309195,0.640192,-3.309195,0.640192,-3.316274,0.699382,,,,0.007080,-0.059191,0.059612,1.000000,0.000103,0.00,0
1904,24.936,-3.309195,0.640192,-3.309195,0.640192,-3.316274,0.700442,,,,0.007080,-0.060250,0.060665,1.000000,0.000103,0.00,0
1905,24.948,-3.291011,0.637096,-3.300167,0.639209,-3.316274,0.701501,0.025264,-0.064406,0.069183,0.016107,-0.062293,0.064342,1.000000,0.000103,11.01,1
1906,24.951,-3.291011,0.637096,-3.291011,0.637096,-3.316274,0.702592,,,,0.025264,-0.065497,0.070200,1.000000,0.000103,0.00,0
1907,24.952,-3.291011,0.637096,-3.291011,0.637096,-3.316274,0.703686,,,,0.025264,-0.066591,0.071222,1.000000,0.000103,0.00,0
1908,24.958,-3.291011,0.637096,-3.291011,0.637096,-3.316274,0.704781,,,,0.025264,-0.067685,0.072246,1.000000,0.000103,0.00,0
1909,24.959,-3.291011,0.637096,-3.291011,0.637096,-3.316274,0.705875,,,,0.025264,-0.068780,0.073273,1.000000,0.000103,0.00,0
1910,24.960,-3.291011,0.637096,-3.291011,0.637096,-3.316274,0.706970,,,,0.025264,-0.069874,0.074301,1.000000,0.000103,0.00,0
1911,24.961,-3.291011,0.637096,-3.291011,0.637096,-3.316274,0.708064,,,,0.025264,-0.070968,0.075331,1.000000,0.000103,0.00,0
1912,24.962,-3.291011,0.637096,-3.291011,0.637096,-3.316274,0.709159,,,,0.025264,-0.072063,0.076363,1.000000,0.000103,0.00,0
1913,24.963,-3.291011,0.637096,-3.291011,0.637096,-3.316274,0.710253,,,,0.025264,-0.073157,0.077396,1.000000,0.000103,0.00,0
1914,24.965,-3.291011,0.637096,-3.291011,0.637096,-3.316274,0.711347,,,,0.025264,-0.074251,0.078431,1.000000,0.000103,0.00,0
1915,24.965,-3.291011,0.637096,-3.291011,0.637096,-3.316274,0.712441,,,,0.025264,-0.075345,0.079468,1.000000,0.000103,0.00,0
1916,24.968,-3.291011,0.637096,-3.291011,0.637096,-3.316274,0.713535,,,,0.025264,-0.076439,0.080506,1.000000,0.000103,0.00,0
1917,24.970,-3.291011,0.637096,-3.291011,0.637096,-3.316274,0.714629,,,,0.025264,-0.077533,0.081546,1.000000,0.000103,0.00,0
1918,24.971,-3.291011,0.637096,-3.291011,0.637096,-3.316274,0.715723,,,,0.025264,-0.078627,0.082587,1.000000,0.000103,0.00,0
1919,24.972,-3.291011,0.637096,-3.291011,0.637096,-3.316274,0.716817,,,,0.025264,-0.079721,0.083629,1.000000,0.000103,0.00,0
1920,24.984,-3.300397,0.650443,-3.322037,0.725039,-3.316274,0.717911,0.015877,-0.067469,0.069312,-0.005763,0.007127,0.009166,1.000000,0.000103,10.55,1
1921,24.985,-3.300397,0.650443,-3.300397,0.650443,-3.316274,0.718870,,,,0.015877,-0.068427,0.070245,1.000000,0.000103,0.00,0
1922,24.988,-3.300397,0.650443,-3.300397,0.650443,-3.316274,0.719815,,,,0.015877,-0.069372,0.071166,1.000000,0.000103,0.00,0
1923,24.989,-3.300397,0.650443,-3.300397,0.650443,-3.316274,0.720757,,,,0.015877,-0.070315,0.072085,1.000000,0.000103,0.00,0
1924,24.990,-3.300397,0.650443,-3.300397,0.650443,-3.316274,0.721699,,,,0.015877,-0.071257,0.073004,1.000000,0.000103,0.00,0
1925,24.992,-3.300397,0.650443,-3.300397,0.650443,-3.316274,0.722642,,,,0.015877,-0.072199,0.073925,1.000000,0.000103,0.00,0
1926,24.993,-3.300397,0.650443,-3.300397,0.650443,-3.316274,0.723585,,,,0.015877,-0.073142,0.074846,1.000000,0.000103,0.00,0
1927,24.994,-3.300397,0.650443,-3.300397,0.650443,-3.316274,0.724528,,,,0.015877,-0.074086,0.075768,1.000000,0.000103,0.00,0
1928,24.995,-3.300397,0.650443,-3.300397,0.650443,-3.316274,0.725472,,,,0.015877,-0.075029,0.076691,1.000000,0.000103,0.00,0
1929,24.999,-3.300397,0.650443,-3.300397,0.650443,-3.316274,0.726415,,,,0.015877,-0.075973,0.077614,1.000000,0.000103,0.00,0
1930,25.000,-3.300397,0.650443,-3.300397,0.650443,-3.316274,0.727359,,,,0.015877,-0.076917,0.078538,1.000000,0.000103,0.00,0
1931,25.001,-3.300397,0.650443,-3.300397,0.650443,-3.316274,0.728303,,,,0.015877,-0.077861,0.079463,1.000000,0.000103,0.00,0
1932,25.002,-3.300397,0.650443,-3.300397,0.650443,-3.316274,0.729247,,,,0.015877,-0.078805,0.080388,1.000000,0.000103,0.00,0
1933,25.003,-3.300397,0.650443,-3.300397,0.650443,-3.316274,0.730192,,,,0.015877,-0.079749,0.081314,1.000000,0.000103,0.00,0
1934,25.005,-3.300397,0.650443,-3.300397,0.650443,-3.316274,0.731136,,,,0.015877,-0.080693,0.082241,1.000000,0.000103,0.00,0
1935,25.019,-3.316080,0.702278,-3.326036,0.742588,-3.316274,0.732080,0.000194,-0.029802,0.029802,-0.009761,0.010508,0.014342,1.000000,0.000103,10.09,1
1936,25.020,-3.316080,0.702278,-3.316080,0.702278,-3.316274,0.732168,,,,0.000194,-0.029889,0.029890,1.000000,0.000105,0.00,0
1937,25.021,-3.316080,0.702278,-3.316080,0.702278,-3.316274,0.730864,,,,0.000194,-0.028586,0.028586,1.000000,0.000107,0.00,0
1938,25.022,-3.316080,0.702278,-3.316080,0.702278,-3.316274,0.729415,,,,0.000194,-0.027137,0.027138,1.000000,0.000107,0.00,0
1939,25.025,-3.316080,0.702278,-3.316080,0.702278,-3.316274,0.727941,,,,0.000194,-0.025663,0.025663,1.000000,0.000107,0.00,0
1940,25.026,-3.316080,0.702278,-3.316080,0.702278,-3.316274,0.726467,,,,0.000194,-0.024189,0.024190,1.000000,0.000107,0.00,0
1941,25.027,-3.316080,0.702278,-3.316080,0.702278,-3.316274,0.724999,,,,0.000194,-0.022721,0.022721,1.000000,0.000106,0.00,0
1942,25.028,-3.316080,0.702278,-3.316080,0.702278,-3.316274,0.723536,,,,0.000194,-0.021258,0.021259,1.000000,0.000106,0.00,0
1943,25.029,-3.316080,0.702278,-3.316080,0.702278,-3.316274,0.722078,,,,0.000194,-0.019800,0.019801,1.000000,0.000106,0.00,0
1944,25.031,-3.316080,0.702278,-3.316080,0.702278,-3.316274,0.720624,,,,0.000194,-0.018346,0.018347,1.000000,0.000106,0.00,0
1945,25.032,-3.316080,0.702278,-3.316080,0.702278,-3.316274,0.719173,,,,0.000194,-0.016894,0.016896,1.000000,0.000106,0.00,0
1946,25.033,-3.316080,0.702278,-3.316080,0.702278,-3.316274,0.717724,,,,0.000194,-0.015446,0.015447,1.000000,0.000106,0.00,0
1947,25.034,-3.316080,0.702278,-3.316080,0.702278,-3.316274,0.716277,,,,0.000194,-0.013999,0.014000,1.000000,0.000105,0.00,0
1948,25.035,-3.316080,0.702278,-3.316080,0.702278,-3.316274,0.714831,,,,0.000194,-0.012553,0.012555,1.000000,0.000105,0.00,0
1949,25.037,-3.316080,0.702278,-3.316080,0.702278,-3.316274,0.713387,,,,0.000194,-0.011109,0.011110,1.000000,0.000105,0.00,0
1950,25.049,-3.317891,0.711059,-3.305600,0.665551,-3.316274,0.711944,-0.001617,-0.000884,0.001843,0.010675,-0.046393,0.047605,1.000000,0.000105,11.01,1
1951,25.051,-3.317891,0.711059,-3.317891,0.711059,-3.316274,0.710501,,,,-0.001617,0.000558,0.001710,1.000000,0.000105,0.00,0
1952,25.052,-3.317891,0.711059,-3.317891,0.711059,-3.316274,0.709059,,,,-0.001617,0.002000,0.002572,1.000000,0.000105,0.00,0
1953,25.053,-3.317891,0.711059,-3.317891,0.711059,-3.316274,0.707617,,,,-0.001617,0.003442,0.003803,1.000000,0.000105,0.00,0
1954,25.054,-3.317891,0.711059,-3.317891,0.711059,-3.316274,0.706176,,,,-0.001617,0.004883,0.005144,1.000000,0.000105,0.00,0
1955,25.055,-3.317891,0.711059,-3.317891,0.711059,-3.316274,0.704735,,,,-0.001617,0.006324,0.006528,1.000000,0.000105,0.00,0
1956,25.055,-3.317891,0.711059,-3.317891,0.711059,-3.316274,0.703294,,,,-0.001617,0.007765,0.007932,1.000000,0.000105,0.00,0
1957,25.057,-3.317891,0.711059,-3.317891,0.711059,-3.316274,0.701853,,,,-0.001617,0.009206,0.009347,1.000000,0.000105,0.00,0
1958,25.059,-3.317891,0.711059,-3.317891,0.711059,-3.316274,0.700413,,,,-0.001617,0.010646,0.010769,1.000000,0.000105,0.00,0
1959,25.059,-3.317891,0.711059,-3.317891,0.711059,-3.316274,0.698972,,,,-0.001617,0.012087,0.012195,1.000000,0.000105,0.00,0
1960,25.060,-3.317891,0.711059,-3.317891,0.711059,-3.316274,0.697532,,,,-0.001617,0.013527,0.013623,1.000000,0.000105,0.00,0
1961,25.061,-3.317891,0.711059,-3.317891,0.711059,-3.316274,0.696092,,,,-0.001617,0.014967,0.015055,1.000000,0.000105,0.00,0
1962,25.063,-3.317891,0.711059,-3.317891,0.711059,-3.316274,0.694652,,,,-0.001617,0.016408,0.016487,1.000000,0.000105,0.00,0
1963,25.064,-3.317891,0.711059,-3.317891,0.711059,-3.316274,0.693211,,,,-0.001617,0.017848,0.017921,1.000000,0.000105,0.00,0
1964,25.065,-3.317891,0.711059,-3.317891,0.711059,-3.316274,0.691771,,,,-0.001617,0.019288,0.019356,1.000000,0.000105,0.00,0
1965,25.078,-3.305060,0.671691,-3.283545,0.606934,-3.316274,0.690331,0.011214,-0.018640,0.021753,0.032729,-0.083397,0.089590,1.000000,0.000105,10.01,1
1966,25.081,-3.305060,0.671691,-3.305060,0.671691,-3.316274,0.688891,,,,0.011214,-0.017200,0.020533,1.000000,0.000105,0.00,0
1967,25.082,-3.305060,0.671691,-3.305060,0.671691,-3.316274,0.687451,,,,0.011214,-0.015760,0.019343,1.000000,0.000105,0.00,0
1968,25.083,-3.305060,0.671691,-3.305060,0.671691,-3.316274,0.686011,,,,0.011214,-0.014320,0.018188,1.000000,0.000105,0.00,0
1969,25.084,-3.305060,0.671691,-3.305060,0.671691,-3.316274,0.684571,,,,0.011214,-0.012880,0.017078,1.000000,0.000105,0.00,0
1970,25.085,-3.305060,0.671691,-3.305060,0.671691,-3.316274,0.683131,,,,0.011214,-0.011440,0.016020,1.000000,0.000105,0.00,0
1971,25.087,-3.305060,0.671691,-3.305060,0.671691,-3.316274,0.681691,,,,0.011214,-0.010000,0.015025,1.000000,0.000105,0.00,0
1972,25.088,-3.305060,0.671691,-3.305060,0.671691,-3.316274,0.680251,,,,0.011214,-0.008560,0.014108,1.000000,0.000105,0.00,0
1973,25.090,-3.305060,0.671691,-3.305060,0.671691,-3.316274,0.678811,,,,0.011214,-0.007120,0.013283,1.000000,0.000105,0.00,0
1974,25.091,-3.305060,0.671691,-3.305060,0.671691,-3.316274,0.677371,,,,0.011214,-0.005680,0.012570,1.000000,0.000105,0.00,0
1975,25.092,-3.305060,0.671691,-3.305060,0.671691,-3.316274,0.675931,,,,0.011214,-0.004240,0.011989,1.000000,0.000105,0.00,0
1976,25.094,-3.305060,0.671691,-3.305060,0.671691,-3.316274,0.674491,,,,0.011214,-0.002800,0.011558,1.000000,0.000105,0.00,0
1977,25.095,-3.305060,0.671691,-3.305060,0.671691,-3.316274,0.673051,,,,0.011214,-0.001360,0.011296,1.000000,0.000105,0.00,0
1978,25.096,-3.305060,0.671691,-3.305060,0.671691,-3.316274,0.671611,,,,0.011214,0.000080,0.011214,1.000000,0.000105,0.00,0
1979,25.098,-3.305060,0.671691,-3.305060,0.671691,-3.316274,0.670171,,,,0.011214,0.001520,0.011317,1.000000,0.000105,0.00,0
1980,25.111,-3.303017,0.625563,-3.319905,0.604204,-3.316274,0.668731,0.013258,-0.043168,0.045158,-0.003631,-0.064527,0.064629,1.000000,0.000105,11.05,1
1981,25.112,-3.303017,0.625563,-3.303017,0.625563,-3.316274,0.667291,,,,0.013258,-0.041728,0.043783,1.000000,0.000105,0.00,0
1982,25.113,-3.303017,0.625563,-3.303017,0.625563,-3.316274,0.665851,,,,0.013258,-0.040288,0.042413,1.000000,0.000105,0.00,0
1983,25.114,-3.303017,0.625563,-3.303017,0.625563,-3.316274,0.664411,,,,0.013258,-0.038848,0.041048,1.000000,0.000105,0.00,0
1984,25.117,-3.303017,0.625563,-3.303017,0.625563,-3.316274,0.662971,,,,0.013258,-0.037408,0.039688,1.000000,0.000105,0.00,0
1985,25.118,-3.303017,0.625563,-3.303017,0.625563,-3.316274,0.661531,,,,0.013258,-0.035968,0.038333,1.000000,0.000105,0.00,0
1986,25.119,-3.303017,0.625563,-3.303017,0.625563,-3.316274,0.660091,,,,0.013258,-0.034528,0.036986,1.000000,0.000105,0.00,0
1987,25.120,-3.303017,0.625563,-3.303017,0.625563,-3.316274,0.658651,,,,0.013258,-0.033088,0.035645,1.000000,0.000105,0.00,0
1988,25.121,-3.303017,0.625563,-3.303017,0.625563,-3.316274,0.657211,,,,0.013258,-0.031648,0.034312,1.000000,0.000105,0.00,0
1989,25.122,-3.303017,0.625563,-3.303017,0.625563,-3.316274,0.655771,,,,0.013258,-0.030208,0.032989,1.000000,0.000105,0.00,0
1990,25.123,-3.303017,0.625563,-3.303017,0.625563,-3.316274,0.654331,,,,0.013258,-0.028768,0.031676,1.000000,0.000105,0.00,0
1991,25.124,-3.303017,0.625563,-3.303017,0.625563,-3.316274,0.652891,,,,0.013258,-0.027328,0.030374,1.000000,0.000105,0.00,0
1992,25.125,-3.303017,0.625563,-3.303017,0.625563,-3.316274,0.651451,,,,0.013258,-0.025888,0.029085,1.000000,0.000106,0.00,0
1993,25.125,-3.303017,0.625563,-3.303017,0.625563,-3.316274,0.650011,,,,0.013258,-0.024448,0.027811,1.000000,0.000106,0.00,0
1994,25.128,-3.303017,0.625563,-3.303017,0.625563,-3.316274,0.648571,,,,0.013258,-0.023008,0.026554,1.000000,0.000106,0.00,0
1995,25.140,-3.307308,0.615357,-3.318476,0.634934,-3.316274,0.647131,0.008966,-0.031773,0.033014,-0.002202,-0.012197,0.012394,1.000000,0.000106,11.01,1
1996,25.142,-3.307308,0.615357,-3.307308,0.615357,-3.316274,0.645691,,,,0.008966,-0.030333,0.031631,1.000000,0.000106,0.00,0
1997,25.144,-3.307308,0.615357,-3.307308,0.615357,-3.316274,0.644251,,,,0.008966,-0.028893,0.030253,1.000000,0.000106,0.00,0
1998,25.145,-3.307308,0.615357,-3.307308,0.615357,-3.316274,0.642811,,,,0.008966,-0.027453,0.028880,1.000000,0.000106,0.00,0
1999,25.146,-3.307308,0.615357,-3.307308,0.615357,-3.316274,0.641371,,,,0.008966,-0.026013,0.027515,1.000000,0.000106,0.00,0
2000,25.147,-3.307308,0.615357,-3.307308,0.615357,-3.316274,0.639931,,,,0.008966,-0.024573,0.026158,1.000000,0.000106,0.00,0
2001,25.149,-3.307308,0.615357,-3.307308,0.615357,-3.316274,0.638491,,,,0.008966,-0.023133,0.024810,1.000000,0.000106,0.00,0
2002,25.151,-3.307308,0.615357,-3.307308,0.615357,-3.316274,0.637051,,,,0.008966,-0.021693,0.023473,1.000000,0.000106,0.00,0
2003,25.152,-3.307308,0.615357,-3.307308,0.615357,-3.316274,0.635611,,,,0.008966,-0.020253,0.022149,1.000000,0.000106,0.00,0
2004,25.153,-3.307308,0.615357,-3.307308,0.615357,-3.316274,0.634171,,,,0.008966,-0.018813,0.020841,1.000000,0.000106,0.00,0
2005,25.154,-3.307308,0.615357,-3.307308,0.615357,-3.316274,0.632731,,,,0.008966,-0.017373,0.019551,1.000000,0.000106,0.00,0
2006,25.155,-3.307308,0.615357,-3.307308,0.615357,-3.316274,0.631291,,,,0.008966,-0.015933,0.018283,1.000000,0.000106,0.00,0
