tick,timestamp,x_pred,y_pred,x_raw,y_raw,x_real,y_real,error_x,error_y,error_euclidean,error_x_raw,error_y_raw,error_euclidean_raw,yaw_cos,yaw_sin,inference_time_ms,smoothed
0,0.431,-3.970572,-0.024506,-3.970572,-0.024506,-3.899834,0.000004,-0.070738,-0.024510,0.074864,-0.070738,-0.024510,0.074864,1.000000,-0.000000,11.51,1
1,0.433,-3.970572,-0.024506,-3.970572,-0.024506,-3.898474,0.001311,,,,-0.072098,-0.025816,0.076581,1.000000,-0.000002,0.00,0
2,0.438,-3.970572,-0.024506,-3.970572,-0.024506,-3.897033,0.002746,,,,-0.073539,-0.027252,0.078426,1.000000,-0.000003,0.00,0
3,0.441,-3.970572,-0.024506,-3.970572,-0.024506,-3.895580,0.004206,,,,-0.074992,-0.028712,0.080300,1.000000,-0.000003,0.00,0
4,0.445,-3.970572,-0.024506,-3.970572,-0.024506,-3.894128,0.005668,,,,-0.076444,-0.030174,0.082183,1.000000,-0.000002,0.00,0
5,0.448,-3.970572,-0.024506,-3.970572,-0.024506,-3.892678,0.007126,,,,-0.077894,-0.031632,0.084071,1.000000,-0.000002,0.00,0
6,0.451,-3.970572,-0.024506,-3.970572,-0.024506,-3.891230,0.008581,,,,-0.079342,-0.033087,0.085964,1.000000,-0.000002,0.00,0
7,0.454,-3.970572,-0.024506,-3.970572,-0.024506,-3.889784,0.010033,,,,-0.080788,-0.034539,0.087861,1.000000,-0.000002,0.00,0
8,0.458,-3.970572,-0.024506,-3.970572,-0.024506,-3.888339,0.011482,,,,-0.082233,-0.035988,0.089763,1.000000,-0.000002,0.00,0
9,0.461,-3.970572,-0.024506,-3.970572,-0.024506,-3.886895,0.012930,,,,-0.083677,-0.037435,0.091669,1.000000,-0.000002,0.00,0
10,0.464,-3.970572,-0.024506,-3.970572,-0.024506,-3.885452,0.014376,,,,-0.085120,-0.038881,0.093580,1.000000,-0.000002,0.00,0
11,0.468,-3.970572,-0.024506,-3.970572,-0.024506,-3.884009,0.015820,,,,-0.086563,-0.040326,0.095495,1.000000,-0.000001,0.00,0
12,0.472,-3.970572,-0.024506,-3.970572,-0.024506,-3.882567,0.017264,,,,-0.088005,-0.041769,0.097414,1.000000,-0.000001,0.00,0
13,0.476,-3.970572,-0.024506,-3.970572,-0.024506,-3.881126,0.018707,,,,-0.089446,-0.043212,0.099337,1.000000,-0.000001,0.00,0
14,0.479,-3.970572,-0.024506,-3.970572,-0.024506,-3.879685,0.020149,,,,-0.090887,-0.044654,0.101265,1.000000,-0.000001,0.00,0
15,0.492,-3.957465,-0.014531,-3.944358,-0.004556,-3.878244,0.021591,-0.079221,-0.036121,0.087068,-0.066115,-0.026147,0.071097,1.000000,-0.000001,11.51,1
16,0.496,-3.957465,-0.014531,-3.957465,-0.014531,-3.876803,0.023032,,,,-0.080662,-0.037563,0.088980,1.000000,-0.000001,0.00,0
17,0.500,-3.957465,-0.014531,-3.957465,-0.014531,-3.875362,0.024473,,,,-0.082103,-0.039004,0.090897,1.000000,-0.000001,0.00,0
18,0.503,-3.957465,-0.014531,-3.957465,-0.014531,-3.873922,0.025914,,,,-0.083543,-0.040445,0.092818,1.000000,-0.000001,0.00,0
19,0.506,-3.957465,-0.014531,-3.957465,-0.014531,-3.872481,0.027355,,,,-0.084984,-0.041886,0.094745,1.000000,-0.000001,0.00,0
20,0.509,-3.957465,-0.014531,-3.957465,-0.014531,-3.871041,0.028795,,,,-0.086424,-0.043326,0.096676,1.000000,-0.000001,0.00,0
21,0.512,-3.957465,-0.014531,-3.957465,-0.014531,-3.869601,0.030236,,,,-0.087864,-0.044767,0.098611,1.000000,-0.000001,0.00,0
22,0.517,-3.957465,-0.014531,-3.957465,-0.014531,-3.868161,0.031676,,,,-0.089304,-0.046207,0.100550,1.000000,-0.000001,0.00,0
23,0.520,-3.957465,-0.014531,-3.957465,-0.014531,-3.866721,0.033116,,,,-0.090745,-0.047647,0.102493,1.000000,-0.000001,0.00,0
24,0.523,-3.957465,-0.014531,-3.957465,-0.014531,-3.865280,0.034557,,,,-0.092185,-0.049087,0.104439,1.000000,-0.000001,0.00,0
25,0.524,-3.957465,-0.014531,-3.957465,-0.014531,-3.863840,0.035997,,,,-0.093625,-0.050528,0.106389,1.000000,-0.000001,0.00,0
26,0.527,-3.957465,-0.014531,-3.957465,-0.014531,-3.862400,0.037437,,,,-0.095065,-0.051968,0.108342,1.000000,-0.000001,0.00,0
27,0.530,-3.957465,-0.014531,-3.957465,-0.014531,-3.860960,0.038877,,,,-0.096505,-0.053408,0.110298,1.000000,-0.000001,0.00,0
28,0.531,-3.957465,-0.014531,-3.957465,-0.014531,-3.859520,0.040317,,,,-0.097945,-0.054848,0.112256,1.000000,-0.000001,0.00,0
29,0.536,-3.957465,-0.014531,-3.957465,-0.014531,-3.858080,0.041757,,,,-0.099385,-0.056288,0.114218,1.000000,-0.000001,0.00,0
30,0.549,-3.925031,0.008634,-3.860162,0.054963,-3.856640,0.043197,-0.068391,-0.034564,0.076628,-0.003522,0.011765,0.012281,1.000000,-0.000001,10.51,1
31,0.552,-3.925031,0.008634,-3.925031,0.008634,-3.855200,0.044637,,,,-0.069831,-0.036004,0.078566,1.000000,-0.000001,0.00,0
32,0.556,-3.925031,0.008634,-3.925031,0.008634,-3.853760,0.046077,,,,-0.071271,-0.037444,0.080508,1.000000,-0.000001,0.00,0
33,0.559,-3.925031,0.008634,-3.925031,0.008634,-3.852320,0.047517,,,,-0.072711,-0.038884,0.082455,1.000000,-0.000001,0.00,0
34,0.562,-3.925031,0.008634,-3.925031,0.008634,-3.850880,0.048957,,,,-0.074151,-0.040324,0.084406,1.000000,-0.000001,0.00,0
35,0.565,-3.925031,0.008634,-3.925031,0.008634,-3.849440,0.050397,,,,-0.075591,-0.041764,0.086361,1.000000,-0.000001,0.00,0
36,0.568,-3.925031,0.008634,-3.925031,0.008634,-3.848000,0.051837,,,,-0.077031,-0.043204,0.088319,1.000000,-0.000001,0.00,0
37,0.572,-3.925031,0.008634,-3.925031,0.008634,-3.846560,0.053277,,,,-0.078471,-0.044644,0.090281,1.000000,-0.000001,0.00,0
38,0.578,-3.925031,0.008634,-3.925031,0.008634,-3.845120,0.054717,,,,-0.079911,-0.046084,0.092247,1.000000,-0.000001,0.00,0
39,0.581,-3.925031,0.008634,-3.925031,0.008634,-3.843680,0.056157,,,,-0.081351,-0.047524,0.094215,1.000000,-0.000001,0.00,0
40,0.584,-3.925031,0.008634,-3.925031,0.008634,-3.842240,0.057597,,,,-0.082791,-0.048964,0.096186,1.000000,-0.000001,0.00,0
41,0.587,-3.925031,0.008634,-3.925031,0.008634,-3.840800,0.059037,,,,-0.084231,-0.050404,0.098160,1.000000,-0.000001,0.00,0
42,0.590,-3.925031,0.008634,-3.925031,0.008634,-3.839360,0.060477,,,,-0.085671,-0.051844,0.100136,1.000000,-0.000001,0.00,0
43,0.593,-3.925031,0.008634,-3.925031,0.008634,-3.837920,0.061917,,,,-0.087111,-0.053284,0.102115,1.000000,-0.000001,0.00,0
44,0.596,-3.925031,0.008634,-3.925031,0.008634,-3.836480,0.063357,,,,-0.088551,-0.054724,0.104096,1.000000,-0.000001,0.00,0
45,0.612,-3.902320,0.032712,-3.902439,0.047730,-3.835040,0.064797,-0.067280,-0.032085,0.074539,-0.067399,-0.017068,0.069526,1.000000,-0.000001,11.51,1
46,0.613,-3.902320,0.032712,-3.902320,0.032712,-3.833600,0.066237,,,,-0.068720,-0.033525,0.076462,1.000000,-0.000001,0.00,0
47,0.621,-3.902320,0.032712,-3.902320,0.032712,-3.832160,0.067677,,,,-0.070160,-0.034965,0.078390,1.000000,-0.000001,0.00,0
48,0.625,-3.902320,0.032712,-3.902320,0.032712,-3.830720,0.069117,,,,-0.071600,-0.036405,0.080324,1.000000,-0.000001,0.00,0
49,0.628,-3.902320,0.032712,-3.902320,0.032712,-3.829280,0.070557,,,,-0.073040,-0.037845,0.082262,1.000000,-0.000001,0.00,0
50,0.631,-3.902320,0.032712,-3.902320,0.032712,-3.827840,0.071997,,,,-0.074480,-0.039285,0.084206,1.000000,-0.000001,0.00,0
51,0.636,-3.902320,0.032712,-3.902320,0.032712,-3.826400,0.073437,,,,-0.075920,-0.040725,0.086153,1.000000,-0.000001,0.00,0
52,0.640,-3.902320,0.032712,-3.902320,0.032712,-3.824960,0.074877,,,,-0.077360,-0.042165,0.088105,1.000000,-0.000001,0.00,0
53,0.643,-3.902320,0.032712,-3.902320,0.032712,-3.823520,0.076317,,,,-0.078800,-0.043605,0.090060,1.000000,-0.000001,0.00,0
54,0.646,-3.902320,0.032712,-3.902320,0.032712,-3.822080,0.077757,,,,-0.080240,-0.045045,0.092019,1.000000,-0.000001,0.00,0
55,0.649,-3.902320,0.032712,-3.902320,0.032712,-3.820640,0.079197,,,,-0.081680,-0.046485,0.093981,1.000000,-0.000001,0.00,0
56,0.652,-3.902320,0.032712,-3.902320,0.032712,-3.819200,0.080637,,,,-0.083120,-0.047925,0.095947,1.000000,-0.000001,0.00,0
57,0.656,-3.902320,0.032712,-3.902320,0.032712,-3.817760,0.082077,,,,-0.084560,-0.049365,0.097915,1.000000,-0.000001,0.00,0
58,0.660,-3.902320,0.032712,-3.902320,0.032712,-3.816320,0.083517,,,,-0.086000,-0.050805,0.099886,1.000000,-0.000001,0.00,0
59,0.663,-3.902320,0.032712,-3.902320,0.032712,-3.814880,0.084957,,,,-0.087440,-0.052245,0.101859,1.000000,-0.000001,0.00,0
60,0.678,-3.873803,0.046486,-3.858810,0.036764,-3.813440,0.086397,-0.060364,-0.039912,0.072365,-0.045370,-0.049633,0.067245,1.000000,-0.000001,11.51,1
61,0.680,-3.873803,0.046486,-3.873803,0.046486,-3.812000,0.087837,,,,-0.061804,-0.041352,0.074362,1.000000,-0.000001,0.00,0
62,0.684,-3.873803,0.046486,-3.873803,0.046486,-3.810560,0.089277,,,,-0.063244,-0.042792,0.076360,1.000000,-0.000001,0.00,0
63,0.687,-3.873803,0.046486,-3.873803,0.046486,-3.809120,0.090717,,,,-0.064684,-0.044232,0.078361,1.000000,-0.000002,0.00,0
64,0.690,-3.873803,0.046486,-3.873803,0.046486,-3.807680,0.092157,,,,-0.066124,-0.045672,0.080363,1.000000,-0.000002,0.00,0
65,0.692,-3.873803,0.046486,-3.873803,0.046486,-3.806240,0.093597,,,,-0.067564,-0.047112,0.082367,1.000000,-0.000002,0.00,0
66,0.696,-3.873803,0.046486,-3.873803,0.046486,-3.804800,0.095037,,,,-0.069004,-0.048552,0.084373,1.000000,-0.000002,0.00,0
67,0.700,-3.873803,0.046486,-3.873803,0.046486,-3.803360,0.096477,,,,-0.070444,-0.049992,0.086380,1.000000,-0.000002,0.00,0
68,0.704,-3.873803,0.046486,-3.873803,0.046486,-3.801920,0.097917,,,,-0.071884,-0.051432,0.088388,1.000000,-0.000002,0.00,0
69,0.705,-3.873803,0.046486,-3.873803,0.046486,-3.800480,0.099357,,,,-0.073324,-0.052872,0.090398,1.000000,-0.000002,0.00,0
70,0.708,-3.873803,0.046486,-3.873803,0.046486,-3.799040,0.100797,,,,-0.074764,-0.054312,0.092409,1.000000,-0.000002,0.00,0
71,0.711,-3.873803,0.046486,-3.873803,0.046486,-3.797600,0.102237,,,,-0.076204,-0.055752,0.094421,1.000000,-0.000002,0.00,0
72,0.714,-3.873803,0.046486,-3.873803,0.046486,-3.796160,0.103677,,,,-0.077644,-0.057192,0.096434,1.000000,-0.000002,0.00,0
73,0.717,-3.873803,0.046486,-3.873803,0.046486,-3.794720,0.105117,,,,-0.079084,-0.058632,0.098447,1.000000,-0.000002,0.00,0
74,0.720,-3.873803,0.046486,-3.873803,0.046486,-3.793280,0.106557,,,,-0.080524,-0.060072,0.100462,1.000000,-0.000002,0.00,0
75,0.734,-3.869499,0.051986,-3.847248,0.071463,-3.791840,0.107997,-0.077659,-0.056012,0.095751,-0.055409,-0.036535,0.066369,1.000000,-0.000002,10.51,1
76,0.736,-3.869499,0.051986,-3.869499,0.051986,-3.790400,0.109437,,,,-0.079099,-0.057452,0.097762,1.000000,-0.000002,0.00,0
77,0.740,-3.869499,0.051986,-3.869499,0.051986,-3.788960,0.110877,,,,-0.080539,-0.058892,0.099774,1.000000,-0.000002,0.00,0
78,0.744,-3.869499,0.051986,-3.869499,0.051986,-3.787520,0.112317,,,,-0.081979,-0.060332,0.101787,1.000000,-0.000002,0.00,0
79,0.748,-3.869499,0.051986,-3.869499,0.051986,-3.786080,0.113757,,,,-0.083419,-0.061772,0.103800,1.000000,-0.000002,0.00,0
80,0.752,-3.869499,0.051986,-3.869499,0.051986,-3.784640,0.115197,,,,-0.084859,-0.063212,0.105815,1.000000,-0.000002,0.00,0
81,0.756,-3.869499,0.051986,-3.869499,0.051986,-3.783200,0.116637,,,,-0.086299,-0.064652,0.107830,1.000000,-0.000002,0.00,0
82,0.759,-3.869499,0.051986,-3.869499,0.051986,-3.781760,0.118077,,,,-0.087739,-0.066092,0.109847,1.000000,-0.000002,0.00,0
83,0.763,-3.869499,0.051986,-3.869499,0.051986,-3.780320,0.119517,,,,-0.089179,-0.067532,0.111864,1.000000,-0.000002,0.00,0
84,0.767,-3.869499,0.051986,-3.869499,0.051986,-3.778880,0.120957,,,,-0.090619,-0.068972,0.113881,1.000000,-0.000002,0.00,0
85,0.770,-3.869499,0.051986,-3.869499,0.051986,-3.777440,0.122397,,,,-0.092059,-0.070412,0.115899,1.000000,-0.000002,0.00,0
86,0.773,-3.869499,0.051986,-3.869499,0.051986,-3.776000,0.123837,,,,-0.093499,-0.071852,0.117918,1.000000,-0.000002,0.00,0
87,0.776,-3.869499,0.051986,-3.869499,0.051986,-3.774560,0.125277,,,,-0.094939,-0.073292,0.119938,1.000000,-0.000002,0.00,0
88,0.780,-3.869499,0.051986,-3.869499,0.051986,-3.773120,0.126717,,,,-0.096379,-0.074732,0.121958,1.000000,-0.000002,0.00,0
89,0.783,-3.869499,0.051986,-3.869499,0.051986,-3.771680,0.128157,,,,-0.097819,-0.076172,0.123979,1.000000,-0.000002,0.00,0
90,0.798,-3.858392,0.080600,-3.869119,0.133573,-3.770240,0.129597,-0.088153,-0.048997,0.100854,-0.098879,0.003975,0.098959,1.000000,-0.000002,10.51,1
91,0.799,-3.858392,0.080600,-3.858392,0.080600,-3.768800,0.131037,,,,-0.089593,-0.050437,0.102814,1.000000,-0.000002,0.00,0
92,0.803,-3.858392,0.080600,-3.858392,0.080600,-3.767360,0.132477,,,,-0.091033,-0.051877,0.104777,1.000000,-0.000002,0.00,0
93,0.806,-3.858392,0.080600,-3.858392,0.080600,-3.765920,0.133917,,,,-0.092473,-0.053317,0.106742,1.000000,-0.000002,0.00,0
94,0.810,-3.858392,0.080600,-3.858392,0.080600,-3.764480,0.135357,,,,-0.093913,-0.054757,0.108710,1.000000,-0.000002,0.00,0
95,0.813,-3.858392,0.080600,-3.858392,0.080600,-3.763040,0.136797,,,,-0.095353,-0.056197,0.110681,1.000000,-0.000002,0.00,0
96,0.816,-3.858392,0.080600,-3.858392,0.080600,-3.761600,0.138237,,,,-0.096793,-0.057637,0.112654,1.000000,-0.000002,0.00,0
97,0.820,-3.858392,0.080600,-3.858392,0.080600,-3.760160,0.139677,,,,-0.098233,-0.059077,0.114629,1.000000,-0.000002,0.00,0
98,0.823,-3.858392,0.080600,-3.858392,0.080600,-3.758720,0.141117,,,,-0.099673,-0.060517,0.116606,1.000000,-0.000002,0.00,0
99,0.827,-3.858392,0.080600,-3.858392,0.080600,-3.757280,0.142557,,,,-0.101113,-0.061957,0.118585,1.000000,-0.000002,0.00,0
100,0.830,-3.858392,0.080600,-3.858392,0.080600,-3.755840,0.143997,,,,-0.102553,-0.063397,0.120566,1.000000,-0.000002,0.00,0
101,0.834,-3.858392,0.080600,-3.858392,0.080600,-3.754400,0.145437,,,,-0.103993,-0.064837,0.122549,1.000000,-0.000002,0.00,0
102,0.837,-3.858392,0.080600,-3.858392,0.080600,-3.752960,0.146877,,,,-0.105433,-0.066277,0.124534,1.000000,-0.000002,0.00,0
103,0.840,-3.858392,0.080600,-3.858392,0.080600,-3.751520,0.148317,,,,-0.106873,-0.067717,0.126520,1.000000,-0.000002,0.00,0
104,0.843,-3.858392,0.080600,-3.858392,0.080600,-3.750080,0.149757,,,,-0.108313,-0.069157,0.128508,1.000000,-0.000002,0.00,0
105,0.857,-3.814954,0.124519,-3.728493,0.168521,-3.748640,0.151197,-0.066314,-0.026678,0.071479,0.020147,0.017324,0.026571,1.000000,-0.000002,10.51,1
106,0.859,-3.814954,0.124519,-3.814954,0.124519,-3.747200,0.152637,,,,-0.067754,-0.028118,0.073357,1.000000,-0.000002,0.00,0
107,0.862,-3.814954,0.124519,-3.814954,0.124519,-3.745760,0.154077,,,,-0.069194,-0.029558,0.075243,1.000000,-0.000002,0.00,0
108,0.867,-3.814954,0.124519,-3.814954,0.124519,-3.744320,0.155517,,,,-0.070634,-0.030998,0.077136,1.000000,-0.000002,0.00,0
109,0.870,-3.814954,0.124519,-3.814954,0.124519,-3.742880,0.156957,,,,-0.072074,-0.032438,0.079037,1.000000,-0.000002,0.00,0
110,0.873,-3.814954,0.124519,-3.814954,0.124519,-3.741440,0.158397,,,,-0.073514,-0.033878,0.080944,1.000000,-0.000002,0.00,0
111,0.877,-3.814954,0.124519,-3.814954,0.124519,-3.740000,0.159837,,,,-0.074954,-0.035318,0.082858,1.000000,-0.000002,0.00,0
112,0.880,-3.814954,0.124519,-3.814954,0.124519,-3.738560,0.161277,,,,-0.076394,-0.036758,0.084777,1.000000,-0.000002,0.00,0
113,0.883,-3.814954,0.124519,-3.814954,0.124519,-3.737120,0.162717,,,,-0.077834,-0.038198,0.086702,1.000000,-0.000002,0.00,0
114,0.886,-3.814954,0.124519,-3.814954,0.124519,-3.735680,0.164157,,,,-0.079274,-0.039638,0.088631,1.000000,-0.000002,0.00,0
115,0.890,-3.814954,0.124519,-3.814954,0.124519,-3.734240,0.165597,,,,-0.080714,-0.041078,0.090566,1.000000,-0.000002,0.00,0
116,0.893,-3.814954,0.124519,-3.814954,0.124519,-3.732800,0.167037,,,,-0.082154,-0.042518,0.092504,1.000000,-0.000002,0.00,0
117,0.898,-3.814954,0.124519,-3.814954,0.124519,-3.731360,0.168477,,,,-0.083594,-0.043958,0.094447,1.000000,-0.000002,0.00,0
118,0.901,-3.814954,0.124519,-3.814954,0.124519,-3.729920,0.169917,,,,-0.085034,-0.045398,0.096394,1.000000,-0.000002,0.00,0
119,0.904,-3.814954,0.124519,-3.814954,0.124519,-3.728480,0.171357,,,,-0.086474,-0.046838,0.098344,1.000000,-0.000002,0.00,0
120,0.919,-3.752332,0.149452,-3.659384,0.146263,-3.727040,0.172797,-0.025292,-0.023345,0.034419,0.067656,-0.026534,0.072673,1.000000,-0.000002,10.51,1
121,0.920,-3.752332,0.149452,-3.752332,0.149452,-3.725600,0.174237,,,,-0.026732,-0.024785,0.036454,1.000000,-0.000002,0.00,0
122,0.927,-3.752332,0.149452,-3.752332,0.149452,-3.724160,0.175677,,,,-0.028172,-0.026225,0.038489,1.000000,-0.000002,0.00,0
123,0.931,-3.752332,0.149452,-3.752332,0.149452,-3.722720,0.177117,,,,-0.029612,-0.027665,0.040524,1.000000,-0.000002,0.00,0
124,0.934,-3.752332,0.149452,-3.752332,0.149452,-3.721280,0.178557,,,,-0.031052,-0.029105,0.042560,1.000000,-0.000002,0.00,0
125,0.938,-3.752332,0.149452,-3.752332,0.149452,-3.719840,0.179997,,,,-0.032492,-0.030545,0.044595,1.000000,-0.000002,0.00,0
126,0.942,-3.752332,0.149452,-3.752332,0.149452,-3.718400,0.181437,,,,-0.033932,-0.031985,0.046631,1.000000,-0.000002,0.00,0
127,0.946,-3.752332,0.149452,-3.752332,0.149452,-3.716960,0.182877,,,,-0.035372,-0.033425,0.048666,1.000000,-0.000002,0.00,0
128,0.949,-3.752332,0.149452,-3.752332,0.149452,-3.715520,0.184317,,,,-0.036812,-0.034865,0.050702,1.000000,-0.000002,0.00,0
129,0.952,-3.752332,0.149452,-3.752332,0.149452,-3.714080,0.185757,,,,-0.038252,-0.036305,0.052738,1.000000,-0.000002,0.00,0
130,0.955,-3.752332,0.149452,-3.752332,0.149452,-3.712640,0.187197,,,,-0.039692,-0.037745,0.054774,1.000000,-0.000002,0.00,0
131,0.958,-3.752332,0.149452,-3.752332,0.149452,-3.711200,0.188637,,,,-0.041132,-0.039185,0.056809,1.000000,-0.000002,0.00,0
132,0.961,-3.752332,0.149452,-3.752332,0.149452,-3.709760,0.190077,,,,-0.042572,-0.040625,0.058845,1.000000,-0.000002,0.00,0
133,0.962,-3.752332,0.149452,-3.752332,0.149452,-3.708320,0.191517,,,,-0.044012,-0.042065,0.060881,1.000000,-0.000002,0.00,0
134,0.967,-3.752332,0.149452,-3.752332,0.149452,-3.706880,0.192957,,,,-0.045452,-0.043505,0.062917,1.000000,-0.000002,0.00,0
135,0.980,-3.692752,0.163828,-3.690378,0.176700,-3.705440,0.194397,0.012688,-0.030569,0.033098,0.015062,-0.017697,0.023239,1.000000,-0.000002,10.50,1
136,0.984,-3.692752,0.163828,-3.692752,0.163828,-3.704000,0.195837,,,,0.011248,-0.032009,0.033928,1.000000,-0.000002,0.00,0
137,0.987,-3.692752,0.163828,-3.692752,0.163828,-3.702560,0.197277,,,,0.009808,-0.033449,0.034857,1.000000,-0.000002,0.00,0
138,0.990,-3.692752,0.163828,-3.692752,0.163828,-3.701120,0.198717,,,,0.008368,-0.034889,0.035879,1.000000,-0.000002,0.00,0
139,0.993,-3.692752,0.163828,-3.692752,0.163828,-3.699680,0.200157,,,,0.006928,-0.036329,0.036984,1.000000,-0.000002,0.00,0
140,0.995,-3.692752,0.163828,-3.692752,0.163828,-3.698240,0.201597,,,,0.005488,-0.037769,0.038166,1.000000,-0.000002,0.00,0
141,1.000,-3.692752,0.163828,-3.692752,0.163828,-3.696800,0.203037,,,,0.004048,-0.039209,0.039418,1.000000,-0.000002,0.00,0
142,1.004,-3.692752,0.163828,-3.692752,0.163828,-3.695360,0.204477,,,,0.002608,-0.040649,0.040733,1.000000,-0.000002,0.00,0
143,1.007,-3.692752,0.163828,-3.692752,0.163828,-3.693920,0.205917,,,,0.001168,-0.042089,0.042105,1.000000,-0.000002,0.00,0
144,1.009,-3.692752,0.163828,-3.692752,0.163828,-3.692480,0.207357,,,,-0.000272,-0.043529,0.043530,1.000000,-0.000002,0.00,0
145,1.012,-3.692752,0.163828,-3.692752,0.163828,-3.691040,0.208797,,,,-0.001712,-0.044969,0.045002,1.000000,-0.000002,0.00,0
146,1.016,-3.692752,0.163828,-3.692752,0.163828,-3.689600,0.210237,,,,-0.003152,-0.046409,0.046516,1.000000,-0.000002,0.00,0
147,1.020,-3.692752,0.163828,-3.692752,0.163828,-3.688160,0.211677,,,,-0.004592,-0.047849,0.048069,1.000000,-0.000002,0.00,0
148,1.023,-3.692752,0.163828,-3.692752,0.163828,-3.686720,0.213117,,,,-0.006032,-0.049289,0.049657,1.000000,-0.000002,0.00,0
149,1.026,-3.692752,0.163828,-3.692752,0.163828,-3.685280,0.214557,,,,-0.007472,-0.050729,0.051277,1.000000,-0.000002,0.00,0
150,1.040,-3.685353,0.175338,-3.706296,0.203051,-3.683840,0.215997,-0.001513,-0.040659,0.040687,-0.022456,-0.012946,0.025920,1.000000,-0.000002,10.51,1
151,1.043,-3.685353,0.175338,-3.685353,0.175338,-3.682400,0.217437,,,,-0.002953,-0.042099,0.042202,1.000000,-0.000002,0.00,0
152,1.046,-3.685353,0.175338,-3.685353,0.175338,-3.680960,0.218877,,,,-0.004393,-0.043539,0.043760,1.000000,-0.000002,0.00,0
153,1.049,-3.685353,0.175338,-3.685353,0.175338,-3.679520,0.220317,,,,-0.005833,-0.044979,0.045356,1.000000,-0.000002,0.00,0
154,1.052,-3.685353,0.175338,-3.685353,0.175338,-3.678080,0.221757,,,,-0.007273,-0.046419,0.046985,1.000000,-0.000002,0.00,0
155,1.055,-3.685353,0.175338,-3.685353,0.175338,-3.676640,0.223197,,,,-0.008713,-0.047859,0.048646,1.000000,-0.000002,0.00,0
156,1.058,-3.685353,0.175338,-3.685353,0.175338,-3.675200,0.224637,,,,-0.010153,-0.049299,0.050334,1.000000,-0.000002,0.00,0
157,1.062,-3.685353,0.175338,-3.685353,0.175338,-3.673760,0.226077,,,,-0.011593,-0.050739,0.052047,1.000000,-0.000002,0.00,0
158,1.065,-3.685353,0.175338,-3.685353,0.175338,-3.672320,0.227517,,,,-0.013033,-0.052179,0.053782,1.000000,-0.000002,0.00,0
159,1.068,-3.685353,0.175338,-3.685353,0.175338,-3.670880,0.228957,,,,-0.014473,-0.053619,0.055538,1.000000,-0.000002,0.00,0
160,1.071,-3.685353,0.175338,-3.685353,0.175338,-3.669440,0.230397,,,,-0.015913,-0.055059,0.057312,1.000000,-0.000002,0.00,0
161,1.074,-3.685353,0.175338,-3.685353,0.175338,-3.668000,0.231837,,,,-0.017353,-0.056499,0.059104,1.000000,-0.000002,0.00,0
162,1.077,-3.685353,0.175338,-3.685353,0.175338,-3.666560,0.233277,,,,-0.018793,-0.057939,0.060911,1.000000,-0.000002,0.00,0
163,1.081,-3.685353,0.175338,-3.685353,0.175338,-3.665120,0.234717,,,,-0.020233,-0.059379,0.062731,1.000000,-0.000002,0.00,0
164,1.084,-3.685353,0.175338,-3.685353,0.175338,-3.663680,0.236157,,,,-0.021673,-0.060819,0.064565,1.000000,-0.000002,0.00,0
165,1.098,-3.687503,0.193743,-3.665835,0.201479,-3.662240,0.237597,-0.025264,-0.043854,0.050610,-0.003596,-0.036118,0.036297,1.000000,-0.000002,10.67,1
166,1.101,-3.687503,0.193743,-3.687503,0.193743,-3.660800,0.239037,,,,-0.026704,-0.045294,0.052579,1.000000,-0.000002,0.00,0
167,1.105,-3.687503,0.193743,-3.687503,0.193743,-3.659360,0.240477,,,,-0.028144,-0.046734,0.054554,1.000000,-0.000002,0.00,0
168,1.109,-3.687503,0.193743,-3.687503,0.193743,-3.657920,0.241917,,,,-0.029584,-0.048174,0.056532,1.000000,-0.000002,0.00,0
169,1.113,-3.687503,0.193743,-3.687503,0.193743,-3.656480,0.243357,,,,-0.031024,-0.049614,0.058515,1.000000,-0.000002,0.00,0
170,1.116,-3.687503,0.193743,-3.687503,0.193743,-3.655040,0.244797,,,,-0.032464,-0.051054,0.060501,1.000000,-0.000002,0.00,0
171,1.120,-3.687503,0.193743,-3.687503,0.193743,-3.653600,0.246237,,,,-0.033904,-0.052494,0.062490,1.000000,-0.000002,0.00,0
172,1.125,-3.687503,0.193743,-3.687503,0.193743,-3.652160,0.247677,,,,-0.035344,-0.053934,0.064483,1.000000,-0.000002,0.00,0
173,1.128,-3.687503,0.193743,-3.687503,0.193743,-3.650720,0.249117,,,,-0.036784,-0.055374,0.066478,1.000000,-0.000002,0.00,0
174,1.132,-3.687503,0.193743,-3.687503,0.193743,-3.649280,0.250557,,,,-0.038224,-0.056814,0.068475,1.000000,-0.000002,0.00,0
175,1.135,-3.687503,0.193743,-3.687503,0.193743,-3.647840,0.251997,,,,-0.039664,-0.058254,0.070475,1.000000,-0.000002,0.00,0
176,1.139,-3.687503,0.193743,-3.687503,0.193743,-3.646400,0.253437,,,,-0.041104,-0.059694,0.072476,1.000000,-0.000002,0.00,0
177,1.143,-3.687503,0.193743,-3.687503,0.193743,-3.644960,0.254877,,,,-0.042544,-0.061134,0.074480,1.000000,-0.000002,0.00,0
178,1.147,-3.687503,0.193743,-3.687503,0.193743,-3.643520,0.256317,,,,-0.043984,-0.062574,0.076485,1.000000,-0.000002,0.00,0
179,1.150,-3.687503,0.193743,-3.687503,0.193743,-3.642080,0.257757,,,,-0.045424,-0.064014,0.078492,1.000000,-0.000002,0.00,0
180,1.165,-3.674093,0.219923,-3.650146,0.255239,-3.640640,0.259197,-0.033453,-0.039274,0.051590,-0.009507,-0.003958,0.010298,1.000000,-0.000002,10.51,1
181,1.167,-3.674093,0.219923,-3.674093,0.219923,-3.639200,0.260637,,,,-0.034893,-0.040714,0.053620,1.000000,-0.000002,0.00,0
182,1.171,-3.674093,0.219923,-3.674093,0.219923,-3.637760,0.262077,,,,-0.036333,-0.042154,0.055651,1.000000,-0.000002,0.00,0
183,1.173,-3.674093,0.219923,-3.674093,0.219923,-3.636320,0.263517,,,,-0.037773,-0.043594,0.057682,1.000000,-0.000002,0.00,0
184,1.176,-3.674093,0.219923,-3.674093,0.219923,-3.634880,0.264957,,,,-0.039213,-0.045034,0.059714,1.000000,-0.000002,0.00,0
185,1.180,-3.674093,0.219923,-3.674093,0.219923,-3.633440,0.266397,,,,-0.040653,-0.046474,0.061745,1.000000,-0.000002,0.00,0
186,1.183,-3.674093,0.219923,-3.674093,0.219923,-3.632000,0.267837,,,,-0.042093,-0.047914,0.063777,1.000000,-0.000002,0.00,0
187,1.187,-3.674093,0.219923,-3.674093,0.219923,-3.630560,0.269277,,,,-0.043533,-0.049354,0.065810,1.000000,-0.000002,0.00,0
188,1.190,-3.674093,0.219923,-3.674093,0.219923,-3.629120,0.270717,,,,-0.044973,-0.050794,0.067842,1.000000,-0.000002,0.00,0
189,1.193,-3.674093,0.219923,-3.674093,0.219923,-3.627680,0.272157,,,,-0.046413,-0.052234,0.069875,1.000000,-0.000002,0.00,0
190,1.196,-3.674093,0.219923,-3.674093,0.219923,-3.626240,0.273597,,,,-0.047853,-0.053674,0.071908,1.000000,-0.000002,0.00,0
191,1.200,-3.674093,0.219923,-3.674093,0.219923,-3.624800,0.275037,,,,-0.049293,-0.055114,0.073941,1.000000,-0.000002,0.00,0
192,1.203,-3.674093,0.219923,-3.674093,0.219923,-3.623360,0.276477,,,,-0.050733,-0.056554,0.075975,1.000000,-0.000002,0.00,0
193,1.206,-3.674093,0.219923,-3.674093,0.219923,-3.621920,0.277917,,,,-0.052173,-0.057994,0.078008,1.000000,-0.000002,0.00,0
194,1.209,-3.674093,0.219923,-3.674093,0.219923,-3.620480,0.279357,,,,-0.053613,-0.059434,0.080042,1.000000,-0.000002,0.00,0
195,1.223,-3.649029,0.230922,-3.631104,0.236046,-3.619040,0.280797,-0.029989,-0.049876,0.058197,-0.012064,-0.044751,0.046348,1.000000,-0.000002,10.50,1
196,1.225,-3.649029,0.230922,-3.649029,0.230922,-3.617600,0.282237,,,,-0.031429,-0.051316,0.060175,1.000000,-0.000002,0.00,0
197,1.232,-3.649029,0.230922,-3.649029,0.230922,-3.616160,0.283677,,,,-0.032869,-0.052756,0.062157,1.000000,-0.000002,0.00,0
198,1.236,-3.649029,0.230922,-3.649029,0.230922,-3.614720,0.285117,,,,-0.034309,-0.054196,0.064143,1.000000,-0.000002,0.00,0
199,1.238,-3.649029,0.230922,-3.649029,0.230922,-3.613280,0.286557,,,,-0.035749,-0.055636,0.066131,1.000000,-0.000002,0.00,0
200,1.242,-3.649029,0.230922,-3.649029,0.230922,-3.611840,0.287997,,,,-0.037189,-0.057076,0.068122,1.000000,-0.000002,0.00,0
201,1.245,-3.649029,0.230922,-3.649029,0.230922,-3.610400,0.289437,,,,-0.038629,-0.058516,0.070116,1.000000,-0.000002,0.00,0
202,1.248,-3.649029,0.230922,-3.649029,0.230922,-3.608960,0.290877,,,,-0.040069,-0.059956,0.072112,1.000000,-0.000002,0.00,0
203,1.252,-3.649029,0.230922,-3.649029,0.230922,-3.607520,0.292317,,,,-0.041509,-0.061395,0.074111,1.000000,-0.000002,0.00,0
204,1.255,-3.649029,0.230922,-3.649029,0.230922,-3.606080,0.293757,,,,-0.042949,-0.062835,0.076111,1.000000,-0.000002,0.00,0
205,1.259,-3.649029,0.230922,-3.649029,0.230922,-3.604640,0.295197,,,,-0.044389,-0.064275,0.078114,1.000000,-0.000002,0.00,0
206,1.262,-3.649029,0.230922,-3.649029,0.230922,-3.603200,0.296637,,,,-0.045829,-0.065715,0.080118,1.000000,-0.000002,0.00,0
207,1.266,-3.649029,0.230922,-3.649029,0.230922,-3.601760,0.298077,,,,-0.047269,-0.067155,0.082123,1.000000,-0.000002,0.00,0
208,1.270,-3.649029,0.230922,-3.649029,0.230922,-3.600320,0.299517,,,,-0.048709,-0.068595,0.084130,1.000000,-0.000002,0.00,0
209,1.274,-3.649029,0.230922,-3.649029,0.230922,-3.598880,0.300957,,,,-0.050149,-0.070035,0.086139,1.000000,-0.000002,0.00,0
210,1.287,-3.625132,0.255987,-3.594144,0.276676,-3.597440,0.302397,-0.027692,-0.046410,0.054044,0.003296,-0.025721,0.025932,1.000000,-0.000002,10.51,1
211,1.289,-3.625132,0.255987,-3.625132,0.255987,-3.596000,0.303837,,,,-0.029132,-0.047850,0.056020,1.000000,-0.000002,0.00,0
212,1.292,-3.625132,0.255987,-3.625132,0.255987,-3.594560,0.305277,,,,-0.030572,-0.049290,0.058001,1.000000,-0.000002,0.00,0
213,1.296,-3.625132,0.255987,-3.625132,0.255987,-3.593120,0.306717,,,,-0.032012,-0.050730,0.059986,1.000000,-0.000002,0.00,0
214,1.299,-3.625132,0.255987,-3.625132,0.255987,-3.591680,0.308157,,,,-0.033452,-0.052170,0.061974,1.000000,-0.000002,0.00,0
215,1.302,-3.625132,0.255987,-3.625132,0.255987,-3.590240,0.309597,,,,-0.034892,-0.053610,0.063965,1.000000,-0.000002,0.00,0
216,1.307,-3.625132,0.255987,-3.625132,0.255987,-3.588800,0.311037,,,,-0.036332,-0.055050,0.065958,1.000000,-0.000002,0.00,0
217,1.310,-3.625132,0.255987,-3.625132,0.255987,-3.587360,0.312477,,,,-0.037772,-0.056490,0.067955,1.000000,-0.000002,0.00,0
218,1.312,-3.625132,0.255987,-3.625132,0.255987,-3.585920,0.313917,,,,-0.039212,-0.057930,0.069953,1.000000,-0.000002,0.00,0
219,1.317,-3.625132,0.255987,-3.625132,0.255987,-3.584480,0.315357,,,,-0.040652,-0.059370,0.071954,1.000000,-0.000002,0.00,0
220,1.321,-3.625132,0.255987,-3.625132,0.255987,-3.583040,0.316797,,,,-0.042092,-0.060810,0.073957,1.000000,-0.000002,0.00,0
221,1.324,-3.625132,0.255987,-3.625132,0.255987,-3.581600,0.318237,,,,-0.043532,-0.062250,0.075961,1.000000,-0.000002,0.00,0
222,1.327,-3.625132,0.255987,-3.625132,0.255987,-3.580160,0.319677,,,,-0.044972,-0.063690,0.077967,1.000000,-0.000002,0.00,0
223,1.331,-3.625132,0.255987,-3.625132,0.255987,-3.578720,0.321117,,,,-0.046412,-0.065130,0.079975,1.000000,-0.000002,0.00,0
224,1.334,-3.625132,0.255987,-3.625132,0.255987,-3.577280,0.322557,,,,-0.047852,-0.066570,0.081984,1.000000,-0.000002,0.00,0
225,1.347,-3.626245,0.259410,-3.653487,0.265509,-3.575840,0.323997,-0.050405,-0.064586,0.081927,-0.077647,-0.058488,0.097210,1.000000,-0.000002,10.51,1
226,1.349,-3.626245,0.259410,-3.626245,0.259410,-3.574400,0.325437,,,,-0.051845,-0.066026,0.083949,1.000000,-0.000002,0.00,0
227,1.354,-3.626245,0.259410,-3.626245,0.259410,-3.572960,0.326877,,,,-0.053285,-0.067466,0.085971,1.000000,-0.000002,0.00,0
228,1.356,-3.626245,0.259410,-3.626245,0.259410,-3.571520,0.328317,,,,-0.054725,-0.068906,0.087994,1.000000,-0.000002,0.00,0
229,1.360,-3.626245,0.259410,-3.626245,0.259410,-3.570080,0.329757,,,,-0.056165,-0.070346,0.090018,1.000000,-0.000002,0.00,0
230,1.364,-3.626245,0.259410,-3.626245,0.259410,-3.568640,0.331197,,,,-0.057605,-0.071786,0.092042,1.000000,-0.000002,0.00,0
231,1.367,-3.626245,0.259410,-3.626245,0.259410,-3.567200,0.332637,,,,-0.059045,-0.073226,0.094066,1.000000,-0.000002,0.00,0
232,1.370,-3.626245,0.259410,-3.626245,0.259410,-3.565760,0.334077,,,,-0.060485,-0.074666,0.096091,1.000000,-0.000002,0.00,0
233,1.374,-3.626245,0.259410,-3.626245,0.259410,-3.564320,0.335517,,,,-0.061925,-0.076106,0.098117,1.000000,-0.000002,0.00,0
234,1.377,-3.626245,0.259410,-3.626245,0.259410,-3.562880,0.336957,,,,-0.063365,-0.077546,0.100143,1.000000,-0.000002,0.00,0
235,1.381,-3.626245,0.259410,-3.626245,0.259410,-3.561440,0.338397,,,,-0.064805,-0.078986,0.102169,1.000000,-0.000002,0.00,0
236,1.384,-3.626245,0.259410,-3.626245,0.259410,-3.560000,0.339837,,,,-0.066245,-0.080426,0.104196,1.000000,-0.000002,0.00,0
237,1.386,-3.626245,0.259410,-3.626245,0.259410,-3.558560,0.341277,,,,-0.067685,-0.081866,0.106223,1.000000,-0.000002,0.00,0
238,1.389,-3.626245,0.259410,-3.626245,0.259410,-3.557120,0.342717,,,,-0.069125,-0.083306,0.108251,1.000000,-0.000002,0.00,0
239,1.392,-3.626245,0.259410,-3.626245,0.259410,-3.555680,0.344157,,,,-0.070565,-0.084746,0.110279,1.000000,-0.000002,0.00,0
240,1.408,-3.624607,0.306637,-3.626192,0.377725,-3.554240,0.345597,-0.070368,-0.038960,0.080433,-0.071952,0.032128,0.078800,1.000000,-0.000002,10.01,1
241,1.409,-3.624607,0.306637,-3.624607,0.306637,-3.552800,0.347037,,,,-0.071808,-0.040400,0.082393,1.000000,-0.000002,0.00,0
242,1.410,-3.624607,0.306637,-3.624607,0.306637,-3.551360,0.348477,,,,-0.073248,-0.041840,0.084355,1.000000,-0.000002,0.00,0
243,1.414,-3.624607,0.306637,-3.624607,0.306637,-3.549920,0.349917,,,,-0.074688,-0.043280,0.086322,1.000000,-0.000002,0.00,0
244,1.418,-3.624607,0.306637,-3.624607,0.306637,-3.548480,0.351357,,,,-0.076128,-0.044720,0.088291,1.000000,-0.000002,0.00,0
245,1.421,-3.624607,0.306637,-3.624607,0.306637,-3.547040,0.352797,,,,-0.077568,-0.046160,0.090264,1.000000,-0.000002,0.00,0
246,1.425,-3.624607,0.306637,-3.624607,0.306637,-3.545600,0.354237,,,,-0.079008,-0.047600,0.092239,1.000000,-0.000002,0.00,0
247,1.427,-3.624607,0.306637,-3.624607,0.306637,-3.544159,0.355677,,,,-0.080448,-0.049040,0.094217,1.000000,-0.000002,0.00,0
248,1.430,-3.624607,0.306637,-3.624607,0.306637,-3.542719,0.357117,,,,-0.081888,-0.050480,0.096197,1.000000,-0.000002,0.00,0
249,1.433,-3.624607,0.306637,-3.624607,0.306637,-3.541279,0.358557,,,,-0.083328,-0.051920,0.098180,1.000000,-0.000002,0.00,0
250,1.436,-3.624607,0.306637,-3.624607,0.306637,-3.539839,0.359997,,,,-0.084768,-0.053360,0.100164,1.000000,-0.000002,0.00,0
251,1.439,-3.624607,0.306637,-3.624607,0.306637,-3.538399,0.361437,,,,-0.086208,-0.054800,0.102151,1.000000,-0.000002,0.00,0
252,1.442,-3.624607,0.306637,-3.624607,0.306637,-3.536959,0.362877,,,,-0.087648,-0.056240,0.104140,1.000000,-0.000002,0.00,0
253,1.446,-3.624607,0.306637,-3.624607,0.306637,-3.535519,0.364317,,,,-0.089088,-0.057680,0.106130,1.000000,-0.000002,0.00,0
254,1.450,-3.624607,0.306637,-3.624607,0.306637,-3.534079,0.365757,,,,-0.090528,-0.059120,0.108123,1.000000,-0.000002,0.00,0
255,1.464,-3.605483,0.322914,-3.536769,0.325509,-3.532639,0.367197,-0.072843,-0.044283,0.085247,-0.004130,-0.041688,0.041893,1.000000,-0.000002,11.01,1
256,1.465,-3.605483,0.322914,-3.605483,0.322914,-3.531199,0.368637,,,,-0.074283,-0.045723,0.087227,1.000000,-0.000002,0.00,0
257,1.468,-3.605483,0.322914,-3.605483,0.322914,-3.529759,0.370077,,,,-0.075723,-0.047163,0.089210,1.000000,-0.000002,0.00,0
258,1.471,-3.605483,0.322914,-3.605483,0.322914,-3.528319,0.371517,,,,-0.077163,-0.048603,0.091194,1.000000,-0.000002,0.00,0
259,1.475,-3.605483,0.322914,-3.605483,0.322914,-3.526879,0.372957,,,,-0.078603,-0.050043,0.093181,1.000000,-0.000002,0.00,0
260,1.478,-3.605483,0.322914,-3.605483,0.322914,-3.525439,0.374397,,,,-0.080043,-0.051483,0.095170,1.000000,-0.000002,0.00,0
261,1.482,-3.605483,0.322914,-3.605483,0.322914,-3.523999,0.375837,,,,-0.081483,-0.052923,0.097161,1.000000,-0.000002,0.00,0
262,1.486,-3.605483,0.322914,-3.605483,0.322914,-3.522559,0.377277,,,,-0.082923,-0.054363,0.099154,1.000000,-0.000002,0.00,0
263,1.488,-3.605483,0.322914,-3.605483,0.322914,-3.521119,0.378717,,,,-0.084363,-0.055803,0.101149,1.000000,-0.000002,0.00,0
264,1.491,-3.605483,0.322914,-3.605483,0.322914,-3.519679,0.380157,,,,-0.085803,-0.057243,0.103145,1.000000,-0.000002,0.00,0
265,1.494,-3.605483,0.322914,-3.605483,0.322914,-3.518239,0.381597,,,,-0.087243,-0.058683,0.105143,1.000000,-0.000002,0.00,0
266,1.497,-3.605483,0.322914,-3.605483,0.322914,-3.516799,0.383037,,,,-0.088683,-0.060123,0.107142,1.000000,-0.000002,0.00,0
267,1.501,-3.605483,0.322914,-3.605483,0.322914,-3.515359,0.384477,,,,-0.090123,-0.061563,0.109143,1.000000,-0.000002,0.00,0
268,1.504,-3.605483,0.322914,-3.605483,0.322914,-3.513919,0.385917,,,,-0.091563,-0.063003,0.111145,1.000000,-0.000002,0.00,0
269,1.507,-3.605483,0.322914,-3.605483,0.322914,-3.512479,0.387357,,,,-0.093003,-0.064443,0.113148,1.000000,-0.000002,0.00,0
270,1.522,-3.546851,0.332409,-3.477592,0.293993,-3.511039,0.388797,-0.035812,-0.056388,0.066799,0.033447,-0.094804,0.100531,1.000000,-0.000002,10.51,1
271,1.523,-3.546851,0.332409,-3.546851,0.332409,-3.509599,0.390237,,,,-0.037252,-0.057828,0.068788,1.000000,-0.000002,0.00,0
272,1.526,-3.546851,0.332409,-3.546851,0.332409,-3.508159,0.391677,,,,-0.038692,-0.059268,0.070779,1.000000,-0.000002,0.00,0
273,1.532,-3.546851,0.332409,-3.546851,0.332409,-3.506719,0.393117,,,,-0.040132,-0.060708,0.072774,1.000000,-0.000002,0.00,0
274,1.536,-3.546851,0.332409,-3.546851,0.332409,-3.505279,0.394557,,,,-0.041572,-0.062148,0.074770,1.000000,-0.000002,0.00,0
275,1.540,-3.546851,0.332409,-3.546851,0.332409,-3.503839,0.395997,,,,-0.043012,-0.063588,0.076769,1.000000,-0.000002,0.00,0
276,1.543,-3.546851,0.332409,-3.546851,0.332409,-3.502399,0.397437,,,,-0.044452,-0.065028,0.078769,1.000000,-0.000002,0.00,0
277,1.546,-3.546851,0.332409,-3.546851,0.332409,-3.500959,0.398877,,,,-0.045892,-0.066468,0.080771,1.000000,-0.000002,0.00,0
278,1.549,-3.546851,0.332409,-3.546851,0.332409,-3.499519,0.400317,,,,-0.047332,-0.067908,0.082775,1.000000,-0.000002,0.00,0
279,1.552,-3.546851,0.332409,-3.546851,0.332409,-3.498079,0.401757,,,,-0.048772,-0.069348,0.084781,1.000000,-0.000002,0.00,0
280,1.556,-3.546851,0.332409,-3.546851,0.332409,-3.496639,0.403197,,,,-0.050212,-0.070788,0.086788,1.000000,-0.000002,0.00,0
281,1.559,-3.546851,0.332409,-3.546851,0.332409,-3.495199,0.404637,,,,-0.051652,-0.072228,0.088796,1.000000,-0.000002,0.00,0
282,1.563,-3.546851,0.332409,-3.546851,0.332409,-3.493759,0.406077,,,,-0.053092,-0.073668,0.090806,1.000000,-0.000002,0.00,0
283,1.565,-3.546851,0.332409,-3.546851,0.332409,-3.492319,0.407517,,,,-0.054532,-0.075108,0.092816,1.000000,-0.000002,0.00,0
284,1.568,-3.546851,0.332409,-3.546851,0.332409,-3.490879,0.408957,,,,-0.055972,-0.076548,0.094828,1.000000,-0.000002,0.00,0
285,1.583,-3.472865,0.323351,-3.404235,0.350553,-3.489439,0.410397,0.016574,-0.087046,0.088609,0.085204,-0.059844,0.104120,1.000000,-0.000002,10.51,1
286,1.586,-3.472865,0.323351,-3.472865,0.323351,-3.488588,0.411837,,,,0.015723,-0.088485,0.089872,1.000000,-0.000002,0.00,0
287,1.589,-3.472865,0.323351,-3.472865,0.323351,-3.487773,0.413277,,,,0.014907,-0.089926,0.091153,1.000000,-0.000002,0.00,0
288,1.592,-3.472865,0.323351,-3.472865,0.323351,-3.486962,0.414717,,,,0.014097,-0.091366,0.092447,1.000000,-0.000002,0.00,0
289,1.596,-3.472865,0.323351,-3.472865,0.323351,-3.486151,0.416157,,,,0.013286,-0.092806,0.093752,1.000000,-0.000002,0.00,0
290,1.600,-3.472865,0.323351,-3.472865,0.323351,-3.485339,0.417597,,,,0.012474,-0.094245,0.095067,1.000000,-0.000002,0.00,0
291,1.603,-3.472865,0.323351,-3.472865,0.323351,-3.484527,0.419037,,,,0.011661,-0.095685,0.096393,1.000000,-0.000002,0.00,0
292,1.606,-3.472865,0.323351,-3.472865,0.323351,-3.483713,0.420477,,,,0.010848,-0.097125,0.097729,1.000000,-0.000002,0.00,0
293,1.609,-3.472865,0.323351,-3.472865,0.323351,-3.482899,0.421917,,,,0.010034,-0.098565,0.099075,1.000000,-0.000002,0.00,0
294,1.612,-3.472865,0.323351,-3.472865,0.323351,-3.482085,0.423357,,,,0.009220,-0.100005,0.100430,1.000000,-0.000002,0.00,0
295,1.616,-3.472865,0.323351,-3.472865,0.323351,-3.481270,0.424797,,,,0.008405,-0.101445,0.101793,1.000000,-0.000002,0.00,0
296,1.619,-3.472865,0.323351,-3.472865,0.323351,-3.480455,0.426237,,,,0.007590,-0.102885,0.103165,1.000000,-0.000002,0.00,0
297,1.623,-3.472865,0.323351,-3.472865,0.323351,-3.479640,0.427677,,,,0.006775,-0.104325,0.104545,1.000000,-0.000002,0.00,0
298,1.625,-3.472865,0.323351,-3.472865,0.323351,-3.478825,0.429117,,,,0.005959,-0.105765,0.105933,1.000000,-0.000002,0.00,0
299,1.628,-3.472865,0.323351,-3.472865,0.323351,-3.478009,0.430557,,,,0.005144,-0.107205,0.107329,1.000000,-0.000002,0.00,0
300,1.642,-3.471554,0.350624,-3.532833,0.407326,-3.477193,0.431997,0.005640,-0.081373,0.081568,-0.055639,-0.024671,0.060864,1.000000,-0.000002,10.51,1
301,1.644,-3.471554,0.350624,-3.471554,0.350624,-3.476392,0.433437,,,,0.004838,-0.082813,0.082954,1.000000,-0.000002,0.00,0
302,1.648,-3.471554,0.350624,-3.471554,0.350624,-3.475590,0.434877,,,,0.004037,-0.084253,0.084350,1.000000,-0.000002,0.00,0
303,1.651,-3.471554,0.350624,-3.471554,0.350624,-3.474789,0.436317,,,,0.003236,-0.085693,0.085754,1.000000,-0.000002,0.00,0
304,1.654,-3.471554,0.350624,-3.471554,0.350624,-3.473988,0.437757,,,,0.002435,-0.087133,0.087167,1.000000,-0.000002,0.00,0
305,1.657,-3.471554,0.350624,-3.471554,0.350624,-3.473187,0.439197,,,,0.001633,-0.088573,0.088588,1.000000,-0.000002,0.00,0
306,1.660,-3.471554,0.350624,-3.471554,0.350624,-3.472386,0.440637,,,,0.000832,-0.090013,0.090017,1.000000,-0.000003,0.00,0
307,1.661,-3.471554,0.350624,-3.471554,0.350624,-3.471585,0.442077,,,,0.000031,-0.091453,0.091453,1.000000,-0.000003,0.00,0
308,1.665,-3.471554,0.350624,-3.471554,0.350624,-3.470783,0.443517,,,,-0.000770,-0.092893,0.092896,1.000000,-0.000003,0.00,0
309,1.668,-3.471554,0.350624,-3.471554,0.350624,-3.469982,0.444957,,,,-0.001572,-0.094333,0.094346,1.000000,-0.000003,0.00,0
310,1.671,-3.471554,0.350624,-3.471554,0.350624,-3.469181,0.446397,,,,-0.002373,-0.095773,0.095802,1.000000,-0.000003,0.00,0
311,1.674,-3.471554,0.350624,-3.471554,0.350624,-3.468379,0.447837,,,,-0.003174,-0.097213,0.097265,1.000000,-0.000003,0.00,0
312,1.677,-3.471554,0.350624,-3.471554,0.350624,-3.467578,0.449277,,,,-0.003976,-0.098653,0.098733,1.000000,-0.000003,0.00,0
313,1.680,-3.471554,0.350624,-3.471554,0.350624,-3.466777,0.450717,,,,-0.004777,-0.100093,0.100207,1.000000,-0.000003,0.00,0
314,1.682,-3.471554,0.350624,-3.471554,0.350624,-3.465975,0.452157,,,,-0.005578,-0.101533,0.101686,1.000000,-0.000003,0.00,0
315,1.697,-3.460252,0.396487,-3.443687,0.431583,-3.465174,0.453597,0.004922,-0.057110,0.057322,0.021487,-0.022014,0.030762,1.000000,-0.000003,11.51,1
316,1.698,-3.460252,0.396487,-3.460252,0.396487,-3.465129,0.455037,,,,0.004877,-0.058550,0.058753,1.000000,-0.000003,0.00,0
317,1.701,-3.460252,0.396487,-3.460252,0.396487,-3.465130,0.456477,,,,0.004878,-0.059990,0.060188,1.000000,-0.000003,0.00,0
318,1.705,-3.460252,0.396487,-3.460252,0.396487,-3.465137,0.457917,,,,0.004885,-0.061430,0.061624,1.000000,-0.000003,0.00,0
319,1.708,-3.460252,0.396487,-3.460252,0.396487,-3.465143,0.459357,,,,0.004892,-0.062870,0.063060,1.000000,-0.000003,0.00,0
320,1.711,-3.460252,0.396487,-3.460252,0.396487,-3.465149,0.460797,,,,0.004897,-0.064310,0.064496,1.000000,-0.000003,0.00,0
321,1.715,-3.460252,0.396487,-3.460252,0.396487,-3.465153,0.462237,,,,0.004901,-0.065750,0.065932,1.000000,-0.000003,0.00,0
322,1.717,-3.460252,0.396487,-3.460252,0.396487,-3.465157,0.463677,,,,0.004905,-0.067190,0.067369,1.000000,-0.000003,0.00,0
323,1.720,-3.460252,0.396487,-3.460252,0.396487,-3.465160,0.465117,,,,0.004908,-0.068630,0.068805,1.000000,-0.000003,0.00,0
324,1.724,-3.460252,0.396487,-3.460252,0.396487,-3.465162,0.466557,,,,0.004910,-0.070070,0.070242,1.000000,-0.000003,0.00,0
325,1.727,-3.460252,0.396487,-3.460252,0.396487,-3.465164,0.467997,,,,0.004912,-0.071510,0.071678,1.000000,-0.000003,0.00,0
326,1.730,-3.460252,0.396487,-3.460252,0.396487,-3.465165,0.469437,,,,0.004913,-0.072950,0.073115,1.000000,-0.000003,0.00,0
327,1.733,-3.460252,0.396487,-3.460252,0.396487,-3.465166,0.470877,,,,0.004914,-0.074390,0.074552,1.000000,-0.000003,0.00,0
328,1.737,-3.460252,0.396487,-3.460252,0.396487,-3.465167,0.472317,,,,0.004915,-0.075830,0.075989,1.000000,-0.000003,0.00,0
329,1.740,-3.460252,0.396487,-3.460252,0.396487,-3.465168,0.473757,,,,0.004916,-0.077270,0.077426,1.000000,-0.000003,0.00,0
330,1.754,-3.445199,0.422607,-3.359077,0.428914,-3.465168,0.475197,0.019969,-0.052589,0.056253,0.106091,-0.046283,0.115747,1.000000,-0.000003,11.51,1
331,1.756,-3.445199,0.422607,-3.445199,0.422607,-3.465169,0.476637,,,,0.019970,-0.054029,0.057602,1.000000,-0.000003,0.00,0
332,1.759,-3.445199,0.422607,-3.445199,0.422607,-3.465169,0.478077,,,,0.019970,-0.055469,0.058955,1.000000,-0.000003,0.00,0
333,1.763,-3.445199,0.422607,-3.445199,0.422607,-3.465169,0.479517,,,,0.019970,-0.056909,0.060312,1.000000,-0.000003,0.00,0
334,1.766,-3.445199,0.422607,-3.445199,0.422607,-3.465169,0.480957,,,,0.019970,-0.058349,0.061672,1.000000,-0.000003,0.00,0
335,1.769,-3.445199,0.422607,-3.445199,0.422607,-3.465170,0.482397,,,,0.019971,-0.059789,0.063036,1.000000,-0.000003,0.00,0
336,1.772,-3.445199,0.422607,-3.445199,0.422607,-3.465170,0.483837,,,,0.019971,-0.061229,0.064404,1.000000,-0.000003,0.00,0
337,1.775,-3.445199,0.422607,-3.445199,0.422607,-3.465170,0.485277,,,,0.019971,-0.062669,0.065774,1.000000,-0.000003,0.00,0
338,1.778,-3.445199,0.422607,-3.445199,0.422607,-3.465170,0.486717,,,,0.019971,-0.064109,0.067148,1.000000,-0.000003,0.00,0
339,1.782,-3.445199,0.422607,-3.445199,0.422607,-3.465170,0.488157,,,,0.019971,-0.065549,0.068524,1.000000,-0.000003,0.00,0
340,1.785,-3.445199,0.422607,-3.445199,0.422607,-3.465170,0.489597,,,,0.019971,-0.066989,0.069903,1.000000,-0.000003,0.00,0
341,1.787,-3.445199,0.422607,-3.445199,0.422607,-3.465170,0.491037,,,,0.019971,-0.068429,0.071284,1.000000,-0.000003,0.00,0
342,1.790,-3.445199,0.422607,-3.445199,0.422607,-3.465170,0.492477,,,,0.019971,-0.069869,0.072667,1.000000,-0.000003,0.00,0
343,1.792,-3.445199,0.422607,-3.445199,0.422607,-3.465170,0.493917,,,,0.019971,-0.071309,0.074053,1.000000,-0.000003,0.00,0
344,1.794,-3.445199,0.422607,-3.445199,0.422607,-3.465170,0.495357,,,,0.019971,-0.072749,0.075441,1.000000,-0.000003,0.00,0
345,1.807,-3.403884,0.421744,-3.408887,0.404735,-3.465170,0.496797,0.061286,-0.075053,0.096897,0.056283,-0.092062,0.107903,1.000000,-0.000003,10.01,1
346,1.810,-3.403884,0.421744,-3.403884,0.421744,-3.465170,0.498237,,,,0.061286,-0.076493,0.098016,1.000000,-0.000003,0.00,0
347,1.813,-3.403884,0.421744,-3.403884,0.421744,-3.465170,0.499677,,,,0.061286,-0.077933,0.099144,1.000000,-0.000003,0.00,0
348,1.815,-3.403884,0.421744,-3.403884,0.421744,-3.465170,0.501117,,,,0.061286,-0.079373,0.100280,1.000000,-0.000003,0.00,0
349,1.819,-3.403884,0.421744,-3.403884,0.421744,-3.465170,0.502557,,,,0.061286,-0.080813,0.101424,1.000000,-0.000003,0.00,0
350,1.822,-3.403884,0.421744,-3.403884,0.421744,-3.465170,0.503997,,,,0.061286,-0.082253,0.102575,1.000000,-0.000003,0.00,0
351,1.825,-3.403884,0.421744,-3.403884,0.421744,-3.465170,0.505437,,,,0.061286,-0.083693,0.103733,1.000000,-0.000003,0.00,0
352,1.829,-3.403884,0.421744,-3.403884,0.421744,-3.465170,0.506877,,,,0.061287,-0.085133,0.104898,1.000000,-0.000003,0.00,0
353,1.836,-3.403884,0.421744,-3.403884,0.421744,-3.465170,0.508317,,,,0.061287,-0.086573,0.106070,1.000000,-0.000003,0.00,0
354,1.838,-3.403884,0.421744,-3.403884,0.421744,-3.465170,0.509757,,,,0.061287,-0.088013,0.107249,1.000000,-0.000003,0.00,0
355,1.841,-3.403884,0.421744,-3.403884,0.421744,-3.465170,0.511197,,,,0.061287,-0.089453,0.108434,1.000000,-0.000003,0.00,0
356,1.845,-3.403884,0.421744,-3.403884,0.421744,-3.465170,0.512637,,,,0.061287,-0.090893,0.109625,1.000000,-0.000003,0.00,0
357,1.849,-3.403884,0.421744,-3.403884,0.421744,-3.465170,0.514077,,,,0.061287,-0.092333,0.110822,1.000000,-0.000003,0.00,0
358,1.852,-3.403884,0.421744,-3.403884,0.421744,-3.465170,0.515517,,,,0.061287,-0.093773,0.112024,1.000000,-0.000003,0.00,0
359,1.855,-3.403884,0.421744,-3.403884,0.421744,-3.465170,0.516957,,,,0.061287,-0.095213,0.113232,1.000000,-0.000003,0.00,0
360,1.867,-3.398056,0.417030,-3.426205,0.417442,-3.465170,0.518397,0.067114,-0.101366,0.121571,0.038965,-0.100955,0.108213,1.000000,-0.000003,10.51,1
361,1.870,-3.398056,0.417030,-3.398056,0.417030,-3.465170,0.519837,,,,0.067114,-0.102806,0.122774,1.000000,-0.000003,0.00,0
362,1.873,-3.398056,0.417030,-3.398056,0.417030,-3.465170,0.521277,,,,0.067114,-0.104246,0.123982,1.000000,-0.000003,0.00,0
363,1.876,-3.398056,0.417030,-3.398056,0.417030,-3.465170,0.522717,,,,0.067114,-0.105686,0.125195,1.000000,-0.000003,0.00,0
364,1.879,-3.398056,0.417030,-3.398056,0.417030,-3.465170,0.524157,,,,0.067114,-0.107126,0.126413,1.000000,-0.000003,0.00,0
365,1.881,-3.398056,0.417030,-3.398056,0.417030,-3.465170,0.525597,,,,0.067114,-0.108566,0.127636,1.000000,-0.000003,0.00,0
366,1.886,-3.398056,0.417030,-3.398056,0.417030,-3.465170,0.527037,,,,0.067114,-0.110006,0.128863,1.000000,-0.000003,0.00,0
367,1.890,-3.398056,0.417030,-3.398056,0.417030,-3.465170,0.528477,,,,0.067114,-0.111446,0.130095,1.000000,-0.000003,0.00,0
368,1.891,-3.398056,0.417030,-3.398056,0.417030,-3.465170,0.529917,,,,0.067114,-0.112886,0.131330,1.000000,-0.000003,0.00,0
369,1.894,-3.398056,0.417030,-3.398056,0.417030,-3.465170,0.531357,,,,0.067114,-0.114326,0.132570,1.000000,-0.000003,0.00,0
370,1.897,-3.398056,0.417030,-3.398056,0.417030,-3.465170,0.532797,,,,0.067114,-0.115766,0.133814,1.000000,-0.000003,0.00,0
371,1.902,-3.398056,0.417030,-3.398056,0.417030,-3.465170,0.534237,,,,0.067114,-0.117206,0.135062,1.000000,-0.000003,0.00,0
372,1.904,-3.398056,0.417030,-3.398056,0.417030,-3.465170,0.535677,,,,0.067114,-0.118646,0.136313,1.000000,-0.000003,0.00,0
373,1.908,-3.398056,0.417030,-3.398056,0.417030,-3.465170,0.537117,,,,0.067114,-0.120086,0.137568,1.000000,-0.000003,0.00,0
374,1.911,-3.398056,0.417030,-3.398056,0.417030,-3.465170,0.538557,,,,0.067114,-0.121526,0.138827,1.000000,-0.000003,0.00,0
375,1.927,-3.433002,0.443291,-3.463914,0.507695,-3.465170,0.539997,0.032168,-0.096706,0.101916,0.001257,-0.032301,0.032326,1.000000,-0.000003,10.01,1
376,1.928,-3.433002,0.443291,-3.433002,0.443291,-3.465170,0.541437,,,,0.032168,-0.098146,0.103283,1.000000,-0.000003,0.00,0
377,1.931,-3.433002,0.443291,-3.433002,0.443291,-3.465170,0.542877,,,,0.032168,-0.099586,0.104653,1.000000,-0.000003,0.00,0
378,1.934,-3.433002,0.443291,-3.433002,0.443291,-3.465170,0.544317,,,,0.032168,-0.101026,0.106024,1.000000,-0.000003,0.00,0
379,1.938,-3.433002,0.443291,-3.433002,0.443291,-3.465170,0.545757,,,,0.032168,-0.102466,0.107397,1.000000,-0.000003,0.00,0
380,1.942,-3.433002,0.443291,-3.433002,0.443291,-3.465170,0.547197,,,,0.032168,-0.103906,0.108772,1.000000,-0.000003,0.00,0
381,1.946,-3.433002,0.443291,-3.433002,0.443291,-3.465170,0.548637,,,,0.032168,-0.105346,0.110148,1.000000,-0.000003,0.00,0
382,1.949,-3.433002,0.443291,-3.433002,0.443291,-3.465170,0.550077,,,,0.032168,-0.106786,0.111526,1.000000,-0.000003,0.00,0
383,1.953,-3.433002,0.443291,-3.433002,0.443291,-3.465170,0.551517,,,,0.032168,-0.108226,0.112906,1.000000,-0.000003,0.00,0
384,1.956,-3.433002,0.443291,-3.433002,0.443291,-3.465170,0.552957,,,,0.032168,-0.109666,0.114287,1.000000,-0.000003,0.00,0
385,1.959,-3.433002,0.443291,-3.433002,0.443291,-3.465170,0.554397,,,,0.032168,-0.111106,0.115669,1.000000,-0.000003,0.00,0
386,1.964,-3.433002,0.443291,-3.433002,0.443291,-3.465170,0.555837,,,,0.032168,-0.112546,0.117053,1.000000,-0.000003,0.00,0
387,1.965,-3.433002,0.443291,-3.433002,0.443291,-3.465170,0.557277,,,,0.032168,-0.113986,0.118438,1.000000,-0.000003,0.00,0
388,1.968,-3.433002,0.443291,-3.433002,0.443291,-3.465170,0.558717,,,,0.032168,-0.115426,0.119825,1.000000,-0.000003,0.00,0
389,1.972,-3.433002,0.443291,-3.433002,0.443291,-3.465170,0.560157,,,,0.032168,-0.116866,0.121213,1.000000,-0.000003,0.00,0
390,1.986,-3.463150,0.488019,-3.499331,0.538920,-3.465170,0.561597,0.002020,-0.073578,0.073606,-0.034161,-0.022677,0.041003,1.000000,-0.000003,10.51,1
391,1.988,-3.463150,0.488019,-3.463150,0.488019,-3.465170,0.563037,,,,0.002020,-0.075018,0.075045,1.000000,-0.000003,0.00,0
392,1.991,-3.463150,0.488019,-3.463150,0.488019,-3.465170,0.564477,,,,0.002020,-0.076458,0.076485,1.000000,-0.000003,0.00,0
393,1.994,-3.463150,0.488019,-3.463150,0.488019,-3.465170,0.565917,,,,0.002020,-0.077898,0.077924,1.000000,-0.000003,0.00,0
394,1.997,-3.463150,0.488019,-3.463150,0.488019,-3.465170,0.567357,,,,0.002020,-0.079338,0.079364,1.000000,-0.000003,0.00,0
395,2.002,-3.463150,0.488019,-3.463150,0.488019,-3.465170,0.568797,,,,0.002020,-0.080778,0.080803,1.000000,-0.000003,0.00,0
396,2.004,-3.463150,0.488019,-3.463150,0.488019,-3.465170,0.570237,,,,0.002020,-0.082218,0.082243,1.000000,-0.000003,0.00,0
397,2.007,-3.463150,0.488019,-3.463150,0.488019,-3.465170,0.571677,,,,0.002020,-0.083658,0.083682,1.000000,-0.000003,0.00,0
398,2.011,-3.463150,0.488019,-3.463150,0.488019,-3.465170,0.573117,,,,0.002020,-0.085098,0.085122,1.000000,-0.000003,0.00,0
399,2.015,-3.463150,0.488019,-3.463150,0.488019,-3.465170,0.574557,,,,0.002020,-0.086538,0.086561,1.000000,-0.000003,0.00,0
400,2.019,-3.463150,0.488019,-3.463150,0.488019,-3.465170,0.575997,,,,0.002020,-0.087978,0.088001,1.000000,-0.000003,0.00,0
401,2.022,-3.463150,0.488019,-3.463150,0.488019,-3.465170,0.577437,,,,0.002020,-0.089418,0.089441,1.000000,-0.000003,0.00,0
402,2.024,-3.463150,0.488019,-3.463150,0.488019,-3.465170,0.578877,,,,0.002020,-0.090858,0.090880,1.000000,-0.000003,0.00,0
403,2.026,-3.463150,0.488019,-3.463150,0.488019,-3.465170,0.580317,,,,0.002020,-0.092298,0.092320,1.000000,-0.000003,0.00,0
404,2.029,-3.463150,0.488019,-3.463150,0.488019,-3.465170,0.581757,,,,0.002020,-0.093738,0.093760,1.000000,-0.000003,0.00,0
405,2.044,-3.450905,0.520441,-3.389469,0.514707,-3.465170,0.583197,0.014266,-0.062756,0.064357,0.075701,-0.068489,0.102086,1.000000,-0.000003,10.50,1
406,2.047,-3.450905,0.520441,-3.450905,0.520441,-3.465170,0.584637,,,,0.014266,-0.064196,0.065762,1.000000,-0.000003,0.00,0
407,2.050,-3.450905,0.520441,-3.450905,0.520441,-3.465170,0.586077,,,,0.014266,-0.065636,0.067168,1.000000,-0.000003,0.00,0
408,2.052,-3.450905,0.520441,-3.450905,0.520441,-3.465170,0.587517,,,,0.014266,-0.067076,0.068576,1.000000,-0.000003,0.00,0
409,2.056,-3.450905,0.520441,-3.450905,0.520441,-3.465170,0.588957,,,,0.014266,-0.068516,0.069985,1.000000,-0.000003,0.00,0
410,2.059,-3.450905,0.520441,-3.450905,0.520441,-3.465170,0.590397,,,,0.014266,-0.069956,0.071396,1.000000,-0.000003,0.00,0
411,2.062,-3.450905,0.520441,-3.450905,0.520441,-3.465170,0.591837,,,,0.014266,-0.071396,0.072807,1.000000,-0.000003,0.00,0
412,2.066,-3.450905,0.520441,-3.450905,0.520441,-3.465170,0.593277,,,,0.014266,-0.072836,0.074220,1.000000,-0.000003,0.00,0
413,2.069,-3.450905,0.520441,-3.450905,0.520441,-3.465170,0.594717,,,,0.014266,-0.074276,0.075634,1.000000,-0.000003,0.00,0
414,2.072,-3.450905,0.520441,-3.450905,0.520441,-3.465170,0.596157,,,,0.014266,-0.075716,0.077048,1.000000,-0.000003,0.00,0
415,2.075,-3.450905,0.520441,-3.450905,0.520441,-3.465170,0.597597,,,,0.014266,-0.077156,0.078464,1.000000,-0.000003,0.00,0
416,2.078,-3.450905,0.520441,-3.450905,0.520441,-3.465170,0.599037,,,,0.014266,-0.078596,0.079880,1.000000,-0.000003,0.00,0
417,2.081,-3.450905,0.520441,-3.450905,0.520441,-3.465170,0.600477,,,,0.014266,-0.080036,0.081298,1.000000,-0.000003,0.00,0
418,2.084,-3.450905,0.520441,-3.450905,0.520441,-3.465170,0.601917,,,,0.014266,-0.081476,0.082716,1.000000,-0.000003,0.00,0
419,2.086,-3.450905,0.520441,-3.450905,0.520441,-3.465170,0.603357,,,,0.014266,-0.082916,0.084134,1.000000,-0.000003,0.00,0
420,2.100,-3.446280,0.528754,-3.450040,0.532634,-3.465170,0.604797,0.018890,-0.076043,0.078354,0.015130,-0.072163,0.073732,1.000000,-0.000003,10.01,1
421,2.101,-3.446280,0.528754,-3.446280,0.528754,-3.465170,0.606237,,,,0.018890,-0.077483,0.079753,1.000000,-0.000003,0.00,0
422,2.106,-3.446280,0.528754,-3.446280,0.528754,-3.465170,0.607677,,,,0.018890,-0.078923,0.081152,1.000000,-0.000003,0.00,0
423,2.109,-3.446280,0.528754,-3.446280,0.528754,-3.465170,0.609117,,,,0.018890,-0.080363,0.082554,1.000000,-0.000003,0.00,0
424,2.112,-3.446280,0.528754,-3.446280,0.528754,-3.465170,0.610557,,,,0.018890,-0.081803,0.083956,1.000000,-0.000003,0.00,0
425,2.115,-3.446280,0.528754,-3.446280,0.528754,-3.465170,0.611997,,,,0.018890,-0.083243,0.085360,1.000000,-0.000003,0.00,0
426,2.118,-3.446280,0.528754,-3.446280,0.528754,-3.465170,0.613437,,,,0.018890,-0.084683,0.086765,1.000000,-0.000003,0.00,0
427,2.121,-3.446280,0.528754,-3.446280,0.528754,-3.465170,0.614877,,,,0.018890,-0.086123,0.088171,1.000000,-0.000003,0.00,0
428,2.124,-3.446280,0.528754,-3.446280,0.528754,-3.465170,0.616317,,,,0.018890,-0.087563,0.089578,1.000000,-0.000003,0.00,0
429,2.127,-3.446280,0.528754,-3.446280,0.528754,-3.465170,0.617757,,,,0.018890,-0.089003,0.090986,1.000000,-0.000003,0.00,0
430,2.130,-3.446280,0.528754,-3.446280,0.528754,-3.465170,0.619197,,,,0.018890,-0.090443,0.092395,1.000000,-0.000003,0.00,0
431,2.137,-3.446280,0.528754,-3.446280,0.528754,-3.465170,0.620637,,,,0.018890,-0.091883,0.093805,1.000000,-0.000003,0.00,0
432,2.140,-3.446280,0.528754,-3.446280,0.528754,-3.465170,0.622077,,,,0.018890,-0.093323,0.095216,1.000000,-0.000003,0.00,0
433,2.143,-3.446280,0.528754,-3.446280,0.528754,-3.465170,0.623517,,,,0.018890,-0.094763,0.096628,1.000000,-0.000003,0.00,0
434,2.146,-3.446280,0.528754,-3.446280,0.528754,-3.465170,0.624957,,,,0.018890,-0.096203,0.098040,1.000000,-0.000003,0.00,0
435,2.158,-3.435424,0.518279,-3.466762,0.507495,-3.465170,0.626397,0.029746,-0.108118,0.112136,-0.001592,-0.118902,0.118913,1.000000,-0.000003,10.07,1
436,2.162,-3.435424,0.518279,-3.435424,0.518279,-3.465170,0.627837,,,,0.029746,-0.109558,0.113525,1.000000,-0.000003,0.00,0
437,2.166,-3.435424,0.518279,-3.435424,0.518279,-3.465170,0.629277,,,,0.029746,-0.110998,0.114915,1.000000,-0.000003,0.00,0
438,2.170,-3.435424,0.518279,-3.435424,0.518279,-3.465170,0.630717,,,,0.029746,-0.112438,0.116307,1.000000,-0.000003,0.00,0
439,2.173,-3.435424,0.518279,-3.435424,0.518279,-3.465170,0.632157,,,,0.029746,-0.113878,0.117699,1.000000,-0.000003,0.00,0
440,2.176,-3.435424,0.518279,-3.435424,0.518279,-3.465170,0.633597,,,,0.029746,-0.115318,0.119093,1.000000,-0.000003,0.00,0
441,2.180,-3.435424,0.518279,-3.435424,0.518279,-3.465170,0.635037,,,,0.029746,-0.116758,0.120488,1.000000,-0.000003,0.00,0
442,2.183,-3.435424,0.518279,-3.435424,0.518279,-3.465170,0.636477,,,,0.029746,-0.118198,0.121884,1.000000,-0.000003,0.00,0
443,2.187,-3.435424,0.518279,-3.435424,0.518279,-3.465170,0.637917,,,,0.029746,-0.119638,0.123281,1.000000,-0.000003,0.00,0
444,2.190,-3.435424,0.518279,-3.435424,0.518279,-3.465170,0.639357,,,,0.029746,-0.121078,0.124679,1.000000,-0.000003,0.00,0
445,2.192,-3.435424,0.518279,-3.435424,0.518279,-3.465170,0.640797,,,,0.029746,-0.122518,0.126078,1.000000,-0.000003,0.00,0
446,2.194,-3.435424,0.518279,-3.435424,0.518279,-3.465170,0.642237,,,,0.029746,-0.123958,0.127478,1.000000,-0.000003,0.00,0
447,2.197,-3.435424,0.518279,-3.435424,0.518279,-3.465170,0.643677,,,,0.029746,-0.125398,0.128878,1.000000,-0.000003,0.00,0
448,2.200,-3.435424,0.518279,-3.435424,0.518279,-3.465170,0.645117,,,,0.029746,-0.126838,0.130280,1.000000,-0.000003,0.00,0
449,2.203,-3.435424,0.518279,-3.435424,0.518279,-3.465170,0.646557,,,,0.029746,-0.128278,0.131682,1.000000,-0.000003,0.00,0
450,2.216,-3.470036,0.556043,-3.493304,0.628000,-3.465170,0.647997,-0.004866,-0.091954,0.092083,-0.028134,-0.019998,0.034517,1.000000,-0.000003,11.51,1
451,2.218,-3.470036,0.556043,-3.470036,0.556043,-3.464429,0.649437,,,,-0.005606,-0.093394,0.093562,1.000000,-0.000003,0.00,0
452,2.222,-3.470036,0.556043,-3.470036,0.556043,-3.463644,0.650877,,,,-0.006391,-0.094834,0.095049,1.000000,-0.000003,0.00,0
453,2.224,-3.470036,0.556043,-3.470036,0.556043,-3.462853,0.652317,,,,-0.007182,-0.096274,0.096542,1.000000,-0.000003,0.00,0
454,2.226,-3.470036,0.556043,-3.470036,0.556043,-3.462062,0.653757,,,,-0.007973,-0.097714,0.098039,1.000000,-0.000003,0.00,0
455,2.229,-3.470036,0.556043,-3.470036,0.556043,-3.461273,0.655197,,,,-0.008763,-0.099154,0.099541,1.000000,-0.000003,0.00,0
456,2.232,-3.470036,0.556043,-3.470036,0.556043,-3.460484,0.656637,,,,-0.009552,-0.100594,0.101047,1.000000,-0.000003,0.00,0
457,2.234,-3.470036,0.556043,-3.470036,0.556043,-3.459696,0.658077,,,,-0.010340,-0.102034,0.102557,1.000000,-0.000003,0.00,0
458,2.238,-3.470036,0.556043,-3.470036,0.556043,-3.458909,0.659517,,,,-0.011127,-0.103474,0.104071,1.000000,-0.000003,0.00,0
459,2.241,-3.470036,0.556043,-3.470036,0.556043,-3.458122,0.660957,,,,-0.011913,-0.104914,0.105588,1.000000,-0.000003,0.00,0
460,2.244,-3.470036,0.556043,-3.470036,0.556043,-3.457336,0.662397,,,,-0.012699,-0.106354,0.107110,1.000000,-0.000003,0.00,0
461,2.246,-3.470036,0.556043,-3.470036,0.556043,-3.456550,0.663837,,,,-0.013485,-0.107794,0.108634,1.000000,-0.000003,0.00,0
462,2.249,-3.470036,0.556043,-3.470036,0.556043,-3.455765,0.665277,,,,-0.014271,-0.109234,0.110162,1.000000,-0.000003,0.00,0
463,2.253,-3.470036,0.556043,-3.470036,0.556043,-3.454980,0.666717,,,,-0.015056,-0.110674,0.111694,1.000000,-0.000003,0.00,0
464,2.257,-3.470036,0.556043,-3.470036,0.556043,-3.454195,0.668157,,,,-0.015841,-0.112114,0.113228,1.000000,-0.000003,0.00,0
465,2.270,-3.464402,0.591048,-3.433140,0.637648,-3.453410,0.669597,-0.010992,-0.078550,0.079315,0.020270,-0.031949,0.037837,1.000000,-0.000003,10.50,1
466,2.272,-3.464402,0.591048,-3.464402,0.591048,-3.453366,0.671037,,,,-0.011037,-0.079990,0.080747,1.000000,-0.000003,0.00,0
467,2.277,-3.464402,0.591048,-3.464402,0.591048,-3.453366,0.672477,,,,-0.011036,-0.081430,0.082174,1.000000,-0.000003,0.00,0
468,2.280,-3.464402,0.591048,-3.464402,0.591048,-3.453372,0.673917,,,,-0.011030,-0.082870,0.083600,1.000000,-0.000003,0.00,0
469,2.281,-3.464402,0.591048,-3.464402,0.591048,-3.453379,0.675357,,,,-0.011024,-0.084310,0.085027,1.000000,-0.000003,0.00,0
470,2.284,-3.464402,0.591048,-3.464402,0.591048,-3.453384,0.676797,,,,-0.011018,-0.085750,0.086455,1.000000,-0.000003,0.00,0
471,2.287,-3.464402,0.591048,-3.464402,0.591048,-3.453388,0.678237,,,,-0.011014,-0.087190,0.087883,1.000000,-0.000003,0.00,0
472,2.290,-3.464402,0.591048,-3.464402,0.591048,-3.453391,0.679677,,,,-0.011011,-0.088630,0.089311,1.000000,-0.000003,0.00,0
473,2.293,-3.464402,0.591048,-3.464402,0.591048,-3.453394,0.681117,,,,-0.011008,-0.090070,0.090740,1.000000,-0.000003,0.00,0
474,2.297,-3.464402,0.591048,-3.464402,0.591048,-3.453396,0.682557,,,,-0.011006,-0.091510,0.092169,1.000000,-0.000003,0.00,0
475,2.298,-3.464402,0.591048,-3.464402,0.591048,-3.453398,0.683997,,,,-0.011004,-0.092950,0.093599,1.000000,-0.000003,0.00,0
476,2.302,-3.464402,0.591048,-3.464402,0.591048,-3.453399,0.685437,,,,-0.011003,-0.094390,0.095029,1.000000,-0.000003,0.00,0
477,2.304,-3.464402,0.591048,-3.464402,0.591048,-3.453400,0.686877,,,,-0.011002,-0.095830,0.096459,1.000000,-0.000003,0.00,0
478,2.306,-3.464402,0.591048,-3.464402,0.591048,-3.453401,0.688317,,,,-0.011001,-0.097270,0.097890,1.000000,-0.000003,0.00,0
479,2.309,-3.464402,0.591048,-3.464402,0.591048,-3.453402,0.689757,,,,-0.011001,-0.098710,0.099321,1.000000,-0.000003,0.00,0
480,2.323,-3.445187,0.653853,-3.409116,0.695911,-3.453402,0.691197,0.008215,-0.037344,0.038237,0.044286,0.004714,0.044537,1.000000,-0.000003,11.51,1
481,2.326,-3.445187,0.653853,-3.445187,0.653853,-3.453403,0.692637,,,,0.008216,-0.038784,0.039645,1.000000,-0.000003,0.00,0
482,2.329,-3.445187,0.653853,-3.445187,0.653853,-3.453403,0.694077,,,,0.008216,-0.040224,0.041055,1.000000,-0.000003,0.00,0
483,2.333,-3.445187,0.653853,-3.445187,0.653853,-3.453403,0.695517,,,,0.008216,-0.041664,0.042467,1.000000,-0.000003,0.00,0
484,2.336,-3.445187,0.653853,-3.445187,0.653853,-3.453403,0.696957,,,,0.008216,-0.043104,0.043880,1.000000,-0.000003,0.00,0
485,2.339,-3.445187,0.653853,-3.445187,0.653853,-3.453403,0.698397,,,,0.008217,-0.044544,0.045296,1.000000,-0.000003,0.00,0
486,2.341,-3.445187,0.653853,-3.445187,0.653853,-3.453404,0.699837,,,,0.008217,-0.045984,0.046713,1.000000,-0.000003,0.00,0
487,2.344,-3.445187,0.653853,-3.445187,0.653853,-3.453404,0.701277,,,,0.008217,-0.047424,0.048131,1.000000,-0.000003,0.00,0
488,2.347,-3.445187,0.653853,-3.445187,0.653853,-3.453404,0.702717,,,,0.008217,-0.048864,0.049550,1.000000,-0.000003,0.00,0
489,2.350,-3.445187,0.653853,-3.445187,0.653853,-3.453404,0.704157,,,,0.008217,-0.050304,0.050971,1.000000,-0.000003,0.00,0
490,2.354,-3.445187,0.653853,-3.445187,0.653853,-3.453404,0.705597,,,,0.008217,-0.051744,0.052393,1.000000,-0.000002,0.00,0
491,2.357,-3.445187,0.653853,-3.445187,0.653853,-3.453404,0.707037,,,,0.008217,-0.053184,0.053815,1.000000,-0.000002,0.00,0
492,2.360,-3.445187,0.653853,-3.445187,0.653853,-3.453404,0.708477,,,,0.008217,-0.054624,0.055239,1.000000,-0.000002,0.00,0
493,2.364,-3.445187,0.653853,-3.445187,0.653853,-3.453404,0.709917,,,,0.008217,-0.056064,0.056663,1.000000,-0.000002,0.00,0
494,2.367,-3.445187,0.653853,-3.445187,0.653853,-3.453404,0.711357,,,,0.008217,-0.057504,0.058088,1.000000,-0.000002,0.00,0
495,2.382,-3.406234,0.678239,-3.376446,0.701158,-3.453404,0.712797,0.047170,-0.034558,0.058475,0.076958,-0.011639,0.077833,1.000000,-0.000002,10.50,1
496,2.384,-3.406234,0.678239,-3.406234,0.678239,-3.453404,0.714237,,,,0.047170,-0.035998,0.059337,1.000000,-0.000002,0.00,0
497,2.387,-3.406234,0.678239,-3.406234,0.678239,-3.453404,0.715677,,,,0.047170,-0.037438,0.060221,1.000000,-0.000002,0.00,0
498,2.390,-3.406234,0.678239,-3.406234,0.678239,-3.453404,0.717117,,,,0.047170,-0.038878,0.061127,1.000000,-0.000002,0.00,0
499,2.393,-3.406234,0.678239,-3.406234,0.678239,-3.453404,0.718557,,,,0.047170,-0.040318,0.062053,1.000000,-0.000002,0.00,0
500,2.397,-3.406234,0.678239,-3.406234,0.678239,-3.453404,0.719997,,,,0.047170,-0.041758,0.062998,1.000000,-0.000002,0.00,0
501,2.400,-3.406234,0.678239,-3.406234,0.678239,-3.453404,0.721437,,,,0.047170,-0.043198,0.063962,1.000000,-0.000002,0.00,0
502,2.402,-3.406234,0.678239,-3.406234,0.678239,-3.453404,0.722877,,,,0.047170,-0.044638,0.064943,1.000000,-0.000002,0.00,0
503,2.406,-3.406234,0.678239,-3.406234,0.678239,-3.453404,0.724317,,,,0.047170,-0.046078,0.065941,1.000000,-0.000002,0.00,0
504,2.409,-3.406234,0.678239,-3.406234,0.678239,-3.453404,0.725757,,,,0.047170,-0.047518,0.066955,1.000000,-0.000002,0.00,0
505,2.412,-3.406234,0.678239,-3.406234,0.678239,-3.453404,0.727197,,,,0.047170,-0.048958,0.067985,1.000000,-0.000002,0.00,0
506,2.414,-3.406234,0.678239,-3.406234,0.678239,-3.453404,0.728637,,,,0.047170,-0.050398,0.069029,1.000000,-0.000002,0.00,0
507,2.418,-3.406234,0.678239,-3.406234,0.678239,-3.453404,0.730077,,,,0.047170,-0.051838,0.070087,1.000000,-0.000002,0.00,0
508,2.421,-3.406234,0.678239,-3.406234,0.678239,-3.453404,0.731517,,,,0.047170,-0.053278,0.071159,1.000000,-0.000002,0.00,0
509,2.425,-3.406234,0.678239,-3.406234,0.678239,-3.453404,0.732957,,,,0.047170,-0.054718,0.072243,1.000000,-0.000002,0.00,0
510,2.438,-3.387590,0.719723,-3.377207,0.762101,-3.453404,0.734397,0.065814,-0.014674,0.067430,0.076197,0.027704,0.081077,1.000000,-0.000002,10.03,1
511,2.441,-3.387590,0.719723,-3.387590,0.719723,-3.453404,0.735837,,,,0.065814,-0.016114,0.067758,1.000000,-0.000002,0.00,0
512,2.447,-3.387590,0.719723,-3.387590,0.719723,-3.453404,0.737277,,,,0.065814,-0.017554,0.068115,1.000000,-0.000002,0.00,0
513,2.449,-3.387590,0.719723,-3.387590,0.719723,-3.453404,0.738717,,,,0.065814,-0.018994,0.068500,1.000000,-0.000002,0.00,0
514,2.452,-3.387590,0.719723,-3.387590,0.719723,-3.453404,0.740157,,,,0.065814,-0.020434,0.068914,1.000000,-0.000002,0.00,0
515,2.456,-3.387590,0.719723,-3.387590,0.719723,-3.453404,0.741597,,,,0.065814,-0.021874,0.069354,1.000000,-0.000002,0.00,0
516,2.459,-3.387590,0.719723,-3.387590,0.719723,-3.453404,0.743037,,,,0.065814,-0.023314,0.069822,1.000000,-0.000002,0.00,0
517,2.462,-3.387590,0.719723,-3.387590,0.719723,-3.453404,0.744477,,,,0.065814,-0.024754,0.070316,1.000000,-0.000002,0.00,0
518,2.465,-3.387590,0.719723,-3.387590,0.719723,-3.453404,0.745917,,,,0.065814,-0.026194,0.070835,1.000000,-0.000002,0.00,0
519,2.466,-3.387590,0.719723,-3.387590,0.719723,-3.453404,0.747357,,,,0.065814,-0.027634,0.071380,1.000000,-0.000002,0.00,0
520,2.469,-3.387590,0.719723,-3.387590,0.719723,-3.453404,0.748797,,,,0.065814,-0.029074,0.071950,1.000000,-0.000002,0.00,0
521,2.472,-3.387590,0.719723,-3.387590,0.719723,-3.453404,0.750237,,,,0.065815,-0.030514,0.072544,1.000000,-0.000002,0.00,0
522,2.475,-3.387590,0.719723,-3.387590,0.719723,-3.453404,0.751677,,,,0.065815,-0.031954,0.073161,1.000000,-0.000002,0.00,0
523,2.480,-3.387590,0.719723,-3.387590,0.719723,-3.453404,0.753117,,,,0.065815,-0.033394,0.073802,1.000000,-0.000002,0.00,0
524,2.483,-3.387590,0.719723,-3.387590,0.719723,-3.453404,0.754557,,,,0.065815,-0.034834,0.074464,1.000000,-0.000002,0.00,0
525,2.497,-3.415003,0.738801,-3.491354,0.753144,-3.453404,0.755997,0.038402,-0.017196,0.042076,-0.037950,-0.002853,0.038057,1.000000,-0.000002,11.51,1
526,2.500,-3.415003,0.738801,-3.415003,0.738801,-3.453404,0.757437,,,,0.038402,-0.018636,0.042685,1.000000,-0.000002,0.00,0
527,2.502,-3.415003,0.738801,-3.415003,0.738801,-3.453404,0.758877,,,,0.038402,-0.020076,0.043333,1.000000,-0.000002,0.00,0
528,2.506,-3.415003,0.738801,-3.415003,0.738801,-3.453404,0.760317,,,,0.038402,-0.021516,0.044018,1.000000,-0.000002,0.00,0
529,2.509,-3.415003,0.738801,-3.415003,0.738801,-3.453404,0.761757,,,,0.038402,-0.022956,0.044740,1.000000,-0.000002,0.00,0
530,2.512,-3.415003,0.738801,-3.415003,0.738801,-3.453404,0.763197,,,,0.038402,-0.024396,0.045496,1.000000,-0.000002,0.00,0
531,2.515,-3.415003,0.738801,-3.415003,0.738801,-3.453404,0.764637,,,,0.038402,-0.025836,0.046284,1.000000,-0.000002,0.00,0
532,2.520,-3.415003,0.738801,-3.415003,0.738801,-3.453404,0.766077,,,,0.038402,-0.027276,0.047103,1.000000,-0.000002,0.00,0
533,2.522,-3.415003,0.738801,-3.415003,0.738801,-3.453404,0.767517,,,,0.038402,-0.028716,0.047951,1.000000,-0.000002,0.00,0
534,2.525,-3.415003,0.738801,-3.415003,0.738801,-3.453404,0.768957,,,,0.038402,-0.030156,0.048827,1.000000,-0.000002,0.00,0
535,2.527,-3.415003,0.738801,-3.415003,0.738801,-3.453404,0.770397,,,,0.038402,-0.031596,0.049729,1.000000,-0.000002,0.00,0
536,2.530,-3.415003,0.738801,-3.415003,0.738801,-3.453404,0.771837,,,,0.038402,-0.033036,0.050656,1.000000,-0.000002,0.00,0
537,2.534,-3.415003,0.738801,-3.415003,0.738801,-3.453404,0.773277,,,,0.038402,-0.034476,0.051607,1.000000,-0.000002,0.00,0
538,2.538,-3.415003,0.738801,-3.415003,0.738801,-3.453404,0.774717,,,,0.038402,-0.035916,0.052580,1.000000,-0.000002,0.00,0
539,2.541,-3.415003,0.738801,-3.415003,0.738801,-3.453404,0.776157,,,,0.038402,-0.037356,0.053574,1.000000,-0.000002,0.00,0
540,2.554,-3.450872,0.768018,-3.484055,0.788810,-3.453404,0.777597,0.002533,-0.009579,0.009908,-0.030651,0.011214,0.032638,1.000000,-0.000002,10.51,1
541,2.557,-3.450872,0.768018,-3.450872,0.768018,-3.453404,0.779037,,,,0.002533,-0.011019,0.011306,1.000000,-0.000002,0.00,0
542,2.560,-3.450872,0.768018,-3.450872,0.768018,-3.453404,0.780477,,,,0.002533,-0.012459,0.012713,1.000000,-0.000002,0.00,0
543,2.562,-3.450872,0.768018,-3.450872,0.768018,-3.453404,0.781917,,,,0.002533,-0.013899,0.014127,1.000000,-0.000002,0.00,0
544,2.567,-3.450872,0.768018,-3.450872,0.768018,-3.453404,0.783357,,,,0.002533,-0.015339,0.015546,1.000000,-0.000002,0.00,0
545,2.570,-3.450872,0.768018,-3.450872,0.768018,-3.453404,0.784797,,,,0.002533,-0.016779,0.016969,1.000000,-0.000002,0.00,0
546,2.574,-3.450872,0.768018,-3.450872,0.768018,-3.453404,0.786237,,,,0.002533,-0.018219,0.018394,1.000000,-0.000002,0.00,0
547,2.578,-3.450872,0.768018,-3.450872,0.768018,-3.453404,0.787677,,,,0.002533,-0.019659,0.019821,1.000000,-0.000002,0.00,0
548,2.581,-3.450872,0.768018,-3.450872,0.768018,-3.453404,0.789117,,,,0.002533,-0.021099,0.021250,1.000000,-0.000002,0.00,0
549,2.584,-3.450872,0.768018,-3.450872,0.768018,-3.453404,0.790557,,,,0.002533,-0.022539,0.022680,1.000000,-0.000002,0.00,0
550,2.587,-3.450872,0.768018,-3.450872,0.768018,-3.453404,0.791997,,,,0.002533,-0.023979,0.024112,1.000000,-0.000003,0.00,0
551,2.590,-3.450872,0.768018,-3.450872,0.768018,-3.453404,0.793437,,,,0.002533,-0.025419,0.025544,1.000000,-0.000003,0.00,0
552,2.593,-3.450872,0.768018,-3.450872,0.768018,-3.453404,0.794877,,,,0.002533,-0.026859,0.026978,1.000000,-0.000003,0.00,0
553,2.597,-3.450872,0.768018,-3.450872,0.768018,-3.453404,0.796317,,,,0.002533,-0.028299,0.028412,1.000000,-0.000003,0.00,0
554,2.600,-3.450872,0.768018,-3.450872,0.768018,-3.453404,0.797757,,,,0.002533,-0.029739,0.029846,1.000000,-0.000003,0.00,0
555,2.614,-3.488966,0.764729,-3.491489,0.752231,-3.453404,0.799197,-0.035562,-0.034468,0.049525,-0.038085,-0.046965,0.060467,1.000000,-0.000003,11.01,1
556,2.617,-3.488966,0.764729,-3.488966,0.764729,-3.452464,0.800637,,,,-0.036502,-0.035908,0.051204,1.000000,-0.000003,0.00,0
557,2.620,-3.488966,0.764729,-3.488966,0.764729,-3.451466,0.802077,,,,-0.037500,-0.037348,0.052926,1.000000,-0.000003,0.00,0
558,2.623,-3.488966,0.764729,-3.488966,0.764729,-3.450461,0.803517,,,,-0.038505,-0.038788,0.054655,1.000000,-0.000003,0.00,0
559,2.627,-3.488966,0.764729,-3.488966,0.764729,-3.449457,0.804957,,,,-0.039509,-0.040228,0.056385,1.000000,-0.000003,0.00,0
560,2.630,-3.488966,0.764729,-3.488966,0.764729,-3.448453,0.806397,,,,-0.040513,-0.041668,0.058116,1.000000,-0.000003,0.00,0
561,2.631,-3.488966,0.764729,-3.488966,0.764729,-3.447451,0.807837,,,,-0.041515,-0.043108,0.059848,1.000000,-0.000003,0.00,0
562,2.635,-3.488966,0.764729,-3.488966,0.764729,-3.446451,0.809277,,,,-0.042515,-0.044548,0.061580,1.000000,-0.000003,0.00,0
563,2.638,-3.488966,0.764729,-3.488966,0.764729,-3.445451,0.810717,,,,-0.043515,-0.045988,0.063313,1.000000,-0.000003,0.00,0
564,2.641,-3.488966,0.764729,-3.488966,0.764729,-3.444452,0.812157,,,,-0.044514,-0.047428,0.065046,1.000000,-0.000003,0.00,0
565,2.643,-3.488966,0.764729,-3.488966,0.764729,-3.443453,0.813597,,,,-0.045513,-0.048868,0.066780,1.000000,-0.000003,0.00,0
566,2.646,-3.488966,0.764729,-3.488966,0.764729,-3.442455,0.815037,,,,-0.046511,-0.050308,0.068514,1.000000,-0.000003,0.00,0
567,2.649,-3.488966,0.764729,-3.488966,0.764729,-3.441457,0.816477,,,,-0.047509,-0.051748,0.070249,1.000000,-0.000003,0.00,0
568,2.653,-3.488966,0.764729,-3.488966,0.764729,-3.440460,0.817917,,,,-0.048506,-0.053188,0.071985,1.000000,-0.000003,0.00,0
569,2.656,-3.488966,0.764729,-3.488966,0.764729,-3.439462,0.819357,,,,-0.049504,-0.054628,0.073721,1.000000,-0.000003,0.00,0
570,2.670,-3.468663,0.761705,-3.430444,0.744074,-3.438465,0.820797,-0.030198,-0.059092,0.066360,0.008022,-0.076723,0.077141,1.000000,-0.000003,10.51,1
571,2.673,-3.468663,0.761705,-3.468663,0.761705,-3.438409,0.822237,,,,-0.030254,-0.060532,0.067671,1.000000,-0.000003,0.00,0
572,2.676,-3.468663,0.761705,-3.468663,0.761705,-3.438409,0.823677,,,,-0.030254,-0.061972,0.068962,1.000000,-0.000003,0.00,0
573,2.679,-3.468663,0.761705,-3.468663,0.761705,-3.438418,0.825117,,,,-0.030245,-0.063412,0.070255,1.000000,-0.000003,0.00,0
574,2.682,-3.468663,0.761705,-3.468663,0.761705,-3.438426,0.826557,,,,-0.030237,-0.064852,0.071554,1.000000,-0.000003,0.00,0
575,2.686,-3.468663,0.761705,-3.468663,0.761705,-3.438432,0.827997,,,,-0.030231,-0.066292,0.072859,1.000000,-0.000003,0.00,0
576,2.689,-3.468663,0.761705,-3.468663,0.761705,-3.438438,0.829437,,,,-0.030225,-0.067732,0.074170,1.000000,-0.000003,0.00,0
577,2.692,-3.468663,0.761705,-3.468663,0.761705,-3.438442,0.830877,,,,-0.030221,-0.069172,0.075485,1.000000,-0.000003,0.00,0
578,2.694,-3.468663,0.761705,-3.468663,0.761705,-3.438445,0.832317,,,,-0.030218,-0.070612,0.076806,1.000000,-0.000003,0.00,0
579,2.697,-3.468663,0.761705,-3.468663,0.761705,-3.438448,0.833757,,,,-0.030215,-0.072052,0.078131,1.000000,-0.000003,0.00,0
580,2.701,-3.468663,0.761705,-3.468663,0.761705,-3.438450,0.835197,,,,-0.030213,-0.073492,0.079460,1.000000,-0.000003,0.00,0
581,2.703,-3.468663,0.761705,-3.468663,0.761705,-3.438452,0.836637,,,,-0.030211,-0.074932,0.080793,1.000000,-0.000003,0.00,0
582,2.706,-3.468663,0.761705,-3.468663,0.761705,-3.438453,0.838077,,,,-0.030210,-0.076372,0.082130,1.000000,-0.000003,0.00,0
583,2.709,-3.468663,0.761705,-3.468663,0.761705,-3.438454,0.839517,,,,-0.030209,-0.077812,0.083470,1.000000,-0.000003,0.00,0
584,2.713,-3.468663,0.761705,-3.468663,0.761705,-3.438455,0.840957,,,,-0.030208,-0.079252,0.084814,1.000000,-0.000003,0.00,0
585,2.727,-3.442221,0.763158,-3.404729,0.793168,-3.438455,0.842397,-0.003765,-0.079239,0.079328,0.033726,-0.049229,0.059674,1.000000,-0.000003,10.51,1
586,2.730,-3.442221,0.763158,-3.442221,0.763158,-3.438456,0.843837,,,,-0.003765,-0.080679,0.080767,1.000000,-0.000003,0.00,0
587,2.736,-3.442221,0.763158,-3.442221,0.763158,-3.438456,0.845277,,,,-0.003764,-0.082119,0.082205,1.000000,-0.000003,0.00,0
588,2.738,-3.442221,0.763158,-3.442221,0.763158,-3.438457,0.846717,,,,-0.003764,-0.083559,0.083644,1.000000,-0.000003,0.00,0
589,2.741,-3.442221,0.763158,-3.442221,0.763158,-3.438457,0.848157,,,,-0.003764,-0.084999,0.085082,1.000000,-0.000003,0.00,0
590,2.747,-3.442221,0.763158,-3.442221,0.763158,-3.438457,0.849597,,,,-0.003764,-0.086439,0.086521,1.000000,-0.000003,0.00,0
591,2.750,-3.442221,0.763158,-3.442221,0.763158,-3.438457,0.851037,,,,-0.003763,-0.087879,0.087960,1.000000,-0.000003,0.00,0
592,2.755,-3.442221,0.763158,-3.442221,0.763158,-3.438457,0.852477,,,,-0.003763,-0.089319,0.089398,1.000000,-0.000003,0.00,0
593,2.757,-3.442221,0.763158,-3.442221,0.763158,-3.438458,0.853917,,,,-0.003763,-0.090759,0.090837,1.000000,-0.000003,0.00,0
594,2.760,-3.442221,0.763158,-3.442221,0.763158,-3.438458,0.855357,,,,-0.003763,-0.092199,0.092276,1.000000,-0.000003,0.00,0
595,2.762,-3.442221,0.763158,-3.442221,0.763158,-3.438458,0.856797,,,,-0.003763,-0.093639,0.093715,1.000000,-0.000003,0.00,0
596,2.764,-3.442221,0.763158,-3.442221,0.763158,-3.438458,0.858237,,,,-0.003763,-0.095079,0.095154,1.000000,-0.000003,0.00,0
597,2.768,-3.442221,0.763158,-3.442221,0.763158,-3.438458,0.859677,,,,-0.003763,-0.096519,0.096592,1.000000,-0.000003,0.00,0
598,2.770,-3.442221,0.763158,-3.442221,0.763158,-3.438458,0.861117,,,,-0.003763,-0.097959,0.098031,1.000000,-0.000003,0.00,0
599,2.773,-3.442221,0.763158,-3.442221,0.763158,-3.438458,0.862557,,,,-0.003763,-0.099399,0.099470,1.000000,-0.000003,0.00,0
600,2.786,-3.422553,0.789143,-3.432486,0.830186,-3.438458,0.863997,0.015905,-0.074854,0.076525,0.005972,-0.033811,0.034334,1.000000,-0.000003,10.50,1
601,2.788,-3.422553,0.789143,-3.422553,0.789143,-3.438458,0.865437,,,,0.015905,-0.076294,0.077935,1.000000,-0.000003,0.00,0
602,2.792,-3.422553,0.789143,-3.422553,0.789143,-3.438458,0.866877,,,,0.015905,-0.077734,0.079345,1.000000,-0.000003,0.00,0
603,2.796,-3.422553,0.789143,-3.422553,0.789143,-3.438458,0.868317,,,,0.015905,-0.079174,0.080756,1.000000,-0.000003,0.00,0
604,2.799,-3.422553,0.789143,-3.422553,0.789143,-3.438458,0.869757,,,,0.015905,-0.080614,0.082168,1.000000,-0.000003,0.00,0
605,2.802,-3.422553,0.789143,-3.422553,0.789143,-3.438458,0.871197,,,,0.015905,-0.082054,0.083582,1.000000,-0.000003,0.00,0
606,2.806,-3.422553,0.789143,-3.422553,0.789143,-3.438458,0.872637,,,,0.015905,-0.083494,0.084996,1.000000,-0.000003,0.00,0
607,2.808,-3.422553,0.789143,-3.422553,0.789143,-3.438458,0.874077,,,,0.015905,-0.084934,0.086411,1.000000,-0.000003,0.00,0
608,2.810,-3.422553,0.789143,-3.422553,0.789143,-3.438458,0.875517,,,,0.015905,-0.086374,0.087827,1.000000,-0.000003,0.00,0
609,2.813,-3.422553,0.789143,-3.422553,0.789143,-3.438458,0.876957,,,,0.015905,-0.087814,0.089243,1.000000,-0.000003,0.00,0
610,2.815,-3.422553,0.789143,-3.422553,0.789143,-3.438458,0.878397,,,,0.015905,-0.089254,0.090660,1.000000,-0.000003,0.00,0
611,2.820,-3.422553,0.789143,-3.422553,0.789143,-3.438458,0.879837,,,,0.015905,-0.090694,0.092078,1.000000,-0.000003,0.00,0
612,2.824,-3.422553,0.789143,-3.422553,0.789143,-3.438458,0.881277,,,,0.015905,-0.092134,0.093497,1.000000,-0.000003,0.00,0
613,2.826,-3.422553,0.789143,-3.422553,0.789143,-3.438458,0.882717,,,,0.015905,-0.093574,0.094916,1.000000,-0.000003,0.00,0
614,2.830,-3.422553,0.789143,-3.422553,0.789143,-3.438458,0.884157,,,,0.015905,-0.095014,0.096336,1.000000,-0.000003,0.00,0
615,2.844,-3.422898,0.849178,-3.431479,0.924181,-3.438458,0.885597,0.015560,-0.036419,0.039603,0.006979,0.038584,0.039210,1.000000,-0.000003,11.02,1
616,2.847,-3.422898,0.849178,-3.422898,0.849178,-3.438458,0.887037,,,,0.015560,-0.037859,0.040931,1.000000,-0.000003,0.00,0
617,2.850,-3.422898,0.849178,-3.422898,0.849178,-3.438458,0.888477,,,,0.015560,-0.039299,0.042267,1.000000,-0.000003,0.00,0
618,2.854,-3.422898,0.849178,-3.422898,0.849178,-3.438458,0.889917,,,,0.015560,-0.040739,0.043609,1.000000,-0.000003,0.00,0
619,2.856,-3.422898,0.849178,-3.422898,0.849178,-3.438458,0.891357,,,,0.015560,-0.042179,0.044957,1.000000,-0.000003,0.00,0
620,2.858,-3.422898,0.849178,-3.422898,0.849178,-3.438458,0.892797,,,,0.015560,-0.043619,0.046311,1.000000,-0.000003,0.00,0
621,2.861,-3.422898,0.849178,-3.422898,0.849178,-3.438458,0.894237,,,,0.015560,-0.045059,0.047670,1.000000,-0.000003,0.00,0
622,2.862,-3.422898,0.849178,-3.422898,0.849178,-3.438458,0.895677,,,,0.015560,-0.046499,0.049033,1.000000,-0.000003,0.00,0
623,2.867,-3.422898,0.849178,-3.422898,0.849178,-3.438458,0.897117,,,,0.015560,-0.047939,0.050401,1.000000,-0.000003,0.00,0
624,2.870,-3.422898,0.849178,-3.422898,0.849178,-3.438458,0.898557,,,,0.015560,-0.049379,0.051772,1.000000,-0.000003,0.00,0
625,2.873,-3.422898,0.849178,-3.422898,0.849178,-3.438458,0.899997,,,,0.015560,-0.050819,0.053147,1.000000,-0.000003,0.00,0
626,2.875,-3.422898,0.849178,-3.422898,0.849178,-3.438458,0.901437,,,,0.015560,-0.052259,0.054526,1.000000,-0.000003,0.00,0
627,2.878,-3.422898,0.849178,-3.422898,0.849178,-3.438458,0.902877,,,,0.015560,-0.053699,0.055908,1.000000,-0.000003,0.00,0
628,2.881,-3.422898,0.849178,-3.422898,0.849178,-3.438458,0.904317,,,,0.015560,-0.055139,0.057292,1.000000,-0.000003,0.00,0
629,2.886,-3.422898,0.849178,-3.422898,0.849178,-3.438458,0.905757,,,,0.015560,-0.056579,0.058679,1.000000,-0.000003,0.00,0
630,2.900,-3.446238,0.874160,-3.474750,0.868112,-3.438458,0.907197,-0.007781,-0.033037,0.033941,-0.036292,-0.039085,0.053336,1.000000,-0.000003,11.01,1
631,2.902,-3.446238,0.874160,-3.446238,0.874160,-3.438458,0.908609,,,,-0.007781,-0.034450,0.035317,1.000000,-0.000003,0.00,0
632,2.905,-3.446238,0.874160,-3.446238,0.874160,-3.438458,0.910019,,,,-0.007781,-0.035859,0.036693,1.000000,-0.000003,0.00,0
633,2.908,-3.446238,0.874160,-3.446238,0.874160,-3.438458,0.911428,,,,-0.007781,-0.037268,0.038072,1.000000,-0.000003,0.00,0
634,2.911,-3.446238,0.874160,-3.446238,0.874160,-3.438458,0.912837,,,,-0.007781,-0.038677,0.039452,1.000000,-0.000003,0.00,0
635,2.915,-3.446238,0.874160,-3.446238,0.874160,-3.438458,0.914246,,,,-0.007781,-0.040086,0.040834,1.000000,-0.000003,0.00,0
636,2.918,-3.446238,0.874160,-3.446238,0.874160,-3.438458,0.915655,,,,-0.007781,-0.041495,0.042218,1.000000,-0.000003,0.00,0
637,2.920,-3.446238,0.874160,-3.446238,0.874160,-3.438458,0.917064,,,,-0.007781,-0.042904,0.043604,1.000000,-0.000003,0.00,0
638,2.922,-3.446238,0.874160,-3.446238,0.874160,-3.438458,0.918473,,,,-0.007781,-0.044314,0.044991,1.000000,-0.000003,0.00,0
639,2.926,-3.446238,0.874160,-3.446238,0.874160,-3.438458,0.919883,,,,-0.007781,-0.045723,0.046380,1.000000,-0.000003,0.00,0
640,2.929,-3.446238,0.874160,-3.446238,0.874160,-3.438458,0.921292,,,,-0.007781,-0.047132,0.047770,1.000000,-0.000003,0.00,0
641,2.931,-3.446238,0.874160,-3.446238,0.874160,-3.438458,0.922701,,,,-0.007781,-0.048541,0.049161,1.000000,-0.000003,0.00,0
642,2.935,-3.446238,0.874160,-3.446238,0.874160,-3.438458,0.924111,,,,-0.007781,-0.049951,0.050553,1.000000,-0.000003,0.00,0
643,2.938,-3.446238,0.874160,-3.446238,0.874160,-3.438458,0.925520,,,,-0.007781,-0.051360,0.051946,1.000000,-0.000003,0.00,0
644,2.941,-3.446238,0.874160,-3.446238,0.874160,-3.438458,0.926929,,,,-0.007781,-0.052769,0.053340,1.000000,-0.000003,0.00,0
645,2.957,-3.445225,0.899322,-3.429447,0.905672,-3.438458,0.928339,-0.006767,-0.029017,0.029795,0.009011,-0.022666,0.024392,1.000000,-0.000003,11.51,1
646,2.958,-3.445225,0.899322,-3.445225,0.899322,-3.438458,0.929492,,,,-0.006767,-0.030171,0.030920,1.000000,-0.000003,0.00,0
647,2.962,-3.445225,0.899322,-3.445225,0.899322,-3.438458,0.930621,,,,-0.006767,-0.031299,0.032022,1.000000,-0.000003,0.00,0
648,2.965,-3.445225,0.899322,-3.445225,0.899322,-3.438458,0.931744,,,,-0.006767,-0.032423,0.033121,1.000000,-0.000003,0.00,0
649,2.968,-3.445225,0.899322,-3.445225,0.899322,-3.438458,0.932868,,,,-0.006767,-0.033546,0.034222,1.000000,-0.000003,0.00,0
650,2.971,-3.445225,0.899322,-3.445225,0.899322,-3.438458,0.933992,,,,-0.006767,-0.034670,0.035324,1.000000,-0.000003,0.00,0
651,2.975,-3.445225,0.899322,-3.445225,0.899322,-3.438458,0.935116,,,,-0.006767,-0.035795,0.036429,1.000000,-0.000003,0.00,0
652,2.978,-3.445225,0.899322,-3.445225,0.899322,-3.438458,0.936242,,,,-0.006767,-0.036920,0.037535,1.000000,-0.000003,0.00,0
653,2.981,-3.445225,0.899322,-3.445225,0.899322,-3.438458,0.937368,,,,-0.006767,-0.038046,0.038643,1.000000,-0.000003,0.00,0
654,2.985,-3.445225,0.899322,-3.445225,0.899322,-3.438458,0.938494,,,,-0.006767,-0.039172,0.039752,1.000000,-0.000003,0.00,0
655,2.988,-3.445225,0.899322,-3.445225,0.899322,-3.438458,0.939620,,,,-0.006767,-0.040298,0.040863,1.000000,-0.000003,0.00,0
656,2.991,-3.445225,0.899322,-3.445225,0.899322,-3.438458,0.940747,,,,-0.006767,-0.041425,0.041974,1.000000,-0.000003,0.00,0
657,2.994,-3.445225,0.899322,-3.445225,0.899322,-3.438458,0.941874,,,,-0.006767,-0.042552,0.043087,1.000000,-0.000003,0.00,0
658,2.995,-3.445225,0.899322,-3.445225,0.899322,-3.438458,0.943001,,,,-0.006767,-0.043679,0.044200,1.000000,-0.000003,0.00,0
659,2.998,-3.445225,0.899322,-3.445225,0.899322,-3.438458,0.944128,,,,-0.006767,-0.044806,0.045314,1.000000,-0.000003,0.00,0
660,3.012,-3.415338,0.903059,-3.341818,0.935392,-3.438458,0.945255,0.023119,-0.042196,0.048115,0.096639,-0.009863,0.097141,1.000000,-0.000003,10.51,1
661,3.015,-3.415338,0.903059,-3.415338,0.903059,-3.438458,0.946345,,,,0.023119,-0.043286,0.049073,1.000000,-0.000003,0.00,0
662,3.018,-3.415338,0.903059,-3.415338,0.903059,-3.438458,0.947430,,,,0.023119,-0.044371,0.050033,1.000000,-0.000003,0.00,0
663,3.021,-3.415338,0.903059,-3.415338,0.903059,-3.438458,0.948515,,,,0.023119,-0.045456,0.050998,1.000000,-0.000003,0.00,0
664,3.022,-3.415338,0.903059,-3.415338,0.903059,-3.438458,0.949600,,,,0.023119,-0.046541,0.051967,1.000000,-0.000003,0.00,0
665,3.026,-3.415338,0.903059,-3.415338,0.903059,-3.438458,0.950685,,,,0.023119,-0.047626,0.052941,1.000000,-0.000003,0.00,0
666,3.029,-3.415338,0.903059,-3.415338,0.903059,-3.438458,0.951770,,,,0.023119,-0.048711,0.053920,1.000000,-0.000003,0.00,0
667,3.032,-3.415338,0.903059,-3.415338,0.903059,-3.438458,0.952856,,,,0.023119,-0.049797,0.054902,1.000000,-0.000003,0.00,0
668,3.035,-3.415338,0.903059,-3.415338,0.903059,-3.438458,0.953941,,,,0.023119,-0.050882,0.055888,1.000000,-0.000003,0.00,0
669,3.038,-3.415338,0.903059,-3.415338,0.903059,-3.438458,0.955027,,,,0.023119,-0.051968,0.056878,1.000000,-0.000003,0.00,0
670,3.041,-3.415338,0.903059,-3.415338,0.903059,-3.438458,0.956112,,,,0.023119,-0.053053,0.057872,1.000000,-0.000003,0.00,0
671,3.048,-3.415338,0.903059,-3.415338,0.903059,-3.438458,0.957198,,,,0.023119,-0.054139,0.058869,1.000000,-0.000003,0.00,0
672,3.051,-3.415338,0.903059,-3.415338,0.903059,-3.438458,0.958283,,,,0.023119,-0.055224,0.059869,1.000000,-0.000003,0.00,0
673,3.054,-3.415338,0.903059,-3.415338,0.903059,-3.438458,0.959369,,,,0.023119,-0.056310,0.060871,1.000000,-0.000003,0.00,0
674,3.057,-3.415338,0.903059,-3.415338,0.903059,-3.438458,0.960455,,,,0.023119,-0.057396,0.061877,1.000000,-0.000003,0.00,0
675,3.072,-3.408108,0.954875,-3.453057,1.023560,-3.438458,0.961540,0.030350,-0.006665,0.031074,-0.014600,0.062020,0.063715,1.000000,-0.000003,11.51,1
676,3.074,-3.408108,0.954875,-3.408108,0.954875,-3.438458,0.962626,,,,0.030350,-0.007751,0.031324,1.000000,-0.000003,0.00,0
677,3.077,-3.408108,0.954875,-3.408108,0.954875,-3.437317,0.961423,,,,0.029210,-0.006548,0.029934,1.000000,-0.000005,0.00,0
678,3.080,-3.408108,0.954875,-3.408108,0.954875,-3.436105,0.959990,,,,0.027998,-0.005115,0.028461,1.000000,-0.000004,0.00,0
679,3.082,-3.408108,0.954875,-3.408108,0.954875,-3.434884,0.958515,,,,0.026777,-0.003640,0.027023,1.000000,-0.000005,0.00,0
680,3.086,-3.408108,0.954875,-3.408108,0.954875,-3.433663,0.957037,,,,0.025556,-0.002163,0.025647,1.000000,-0.000005,0.00,0
681,3.089,-3.408108,0.954875,-3.408108,0.954875,-3.432444,0.955565,,,,0.024337,-0.000690,0.024346,1.000000,-0.000005,0.00,0
682,3.093,-3.408108,0.954875,-3.408108,0.954875,-3.431227,0.954099,,,,0.023119,0.000776,0.023132,1.000000,-0.000006,0.00,0
683,3.095,-3.408108,0.954875,-3.408108,0.954875,-3.430010,0.952638,,,,0.021903,0.002237,0.022017,1.000000,-0.000006,0.00,0
684,3.100,-3.408108,0.954875,-3.408108,0.954875,-3.428795,0.951182,,,,0.020688,0.003693,0.021015,1.000000,-0.000006,0.00,0
685,3.103,-3.408108,0.954875,-3.408108,0.954875,-3.427581,0.949729,,,,0.019474,0.005146,0.020142,1.000000,-0.000006,0.00,0
686,3.104,-3.408108,0.954875,-3.408108,0.954875,-3.426368,0.948279,,,,0.018260,0.006596,0.019415,1.000000,-0.000007,0.00,0
687,3.107,-3.408108,0.954875,-3.408108,0.954875,-3.425155,0.946831,,,,0.017048,0.008044,0.018850,1.000000,-0.000007,0.00,0
688,3.108,-3.408108,0.954875,-3.408108,0.954875,-3.423943,0.945384,,,,0.015835,0.009491,0.018461,1.000000,-0.000007,0.00,0
689,3.112,-3.408108,0.954875,-3.408108,0.954875,-3.422731,0.943939,,,,0.014623,0.010936,0.018260,1.000000,-0.000007,0.00,0
690,3.128,-3.408589,0.983223,-3.430890,0.990716,-3.421519,0.942495,0.012930,0.040727,0.042731,-0.009372,0.048220,0.049122,1.000000,-0.000007,10.51,1
691,3.129,-3.408589,0.983223,-3.408589,0.983223,-3.420302,0.941052,,,,0.011713,0.042170,0.043767,1.000000,-0.000007,0.00,0
692,3.133,-3.408589,0.983223,-3.408589,0.983223,-3.419085,0.939610,,,,0.010496,0.043613,0.044858,1.000000,-0.000007,0.00,0
693,3.137,-3.408589,0.983223,-3.408589,0.983223,-3.417868,0.938168,,,,0.009280,0.045055,0.046001,1.000000,-0.000007,0.00,0
694,3.140,-3.408589,0.983223,-3.408589,0.983223,-3.416652,0.936726,,,,0.008063,0.046496,0.047190,1.000000,-0.000007,0.00,0
695,3.143,-3.408589,0.983223,-3.408589,0.983223,-3.415435,0.935285,,,,0.006847,0.047938,0.048424,1.000000,-0.000007,0.00,0
696,3.146,-3.408589,0.983223,-3.408589,0.983223,-3.414219,0.933844,,,,0.005630,0.049379,0.049698,1.000000,-0.000007,0.00,0
697,3.149,-3.408589,0.983223,-3.408589,0.983223,-3.413002,0.932403,,,,0.004414,0.050819,0.051011,1.000000,-0.000007,0.00,0
698,3.153,-3.408589,0.983223,-3.408589,0.983223,-3.411786,0.930963,,,,0.003197,0.052260,0.052358,1.000000,-0.000007,0.00,0
699,3.156,-3.408589,0.983223,-3.408589,0.983223,-3.410570,0.929522,,,,0.001981,0.053700,0.053737,1.000000,-0.000007,0.00,0
700,3.159,-3.408589,0.983223,-3.408589,0.983223,-3.409353,0.928082,,,,0.000765,0.055141,0.055146,1.000000,-0.000007,0.00,0
701,3.162,-3.408589,0.983223,-3.408589,0.983223,-3.408137,0.926642,,,,-0.000452,0.056581,0.056583,1.000000,-0.000007,0.00,0
702,3.165,-3.408589,0.983223,-3.408589,0.983223,-3.406921,0.925201,,,,-0.001668,0.058021,0.058045,1.000000,-0.000007,0.00,0
703,3.168,-3.408589,0.983223,-3.408589,0.983223,-3.405704,0.923761,,,,-0.002884,0.059461,0.059531,1.000000,-0.000007,0.00,0
704,3.172,-3.408589,0.983223,-3.408589,0.983223,-3.404488,0.922321,,,,-0.004100,0.060902,0.061040,1.000000,-0.000007,0.00,0
705,3.186,-3.445850,0.977257,-3.453603,0.917494,-3.403272,0.920881,-0.042578,0.056376,0.070648,-0.050331,-0.003387,0.050445,1.000000,-0.000007,10.51,1
706,3.188,-3.445850,0.977257,-3.445850,0.977257,-3.401844,0.919441,,,,-0.044006,0.057816,0.072658,1.000000,-0.000007,0.00,0
707,3.192,-3.445850,0.977257,-3.445850,0.977257,-3.400404,0.918001,,,,-0.045446,0.059256,0.074677,1.000000,-0.000007,0.00,0
708,3.194,-3.445850,0.977257,-3.445850,0.977257,-3.398962,0.916561,,,,-0.046888,0.060696,0.076697,1.000000,-0.000007,0.00,0
709,3.197,-3.445850,0.977257,-3.445850,0.977257,-3.397520,0.915121,,,,-0.048330,0.062136,0.078719,1.000000,-0.000007,0.00,0
710,3.201,-3.445850,0.977257,-3.445850,0.977257,-3.396079,0.913681,,,,-0.049771,0.063576,0.080741,1.000000,-0.000007,0.00,0
711,3.203,-3.445850,0.977257,-3.445850,0.977257,-3.394638,0.912241,,,,-0.051212,0.065016,0.082764,1.000000,-0.000007,0.00,0
712,3.206,-3.445850,0.977257,-3.445850,0.977257,-3.393197,0.910801,,,,-0.052653,0.066456,0.084787,1.000000,-0.000007,0.00,0
713,3.210,-3.445850,0.977257,-3.445850,0.977257,-3.391756,0.909361,,,,-0.054094,0.067896,0.086811,1.000000,-0.000007,0.00,0
714,3.212,-3.445850,0.977257,-3.445850,0.977257,-3.390315,0.907921,,,,-0.055535,0.069336,0.088835,1.000000,-0.000007,0.00,0
715,3.215,-3.445850,0.977257,-3.445850,0.977257,-3.388875,0.906481,,,,-0.056975,0.070776,0.090859,1.000000,-0.000007,0.00,0
716,3.219,-3.445850,0.977257,-3.445850,0.977257,-3.387434,0.905041,,,,-0.058416,0.072216,0.092885,1.000000,-0.000007,0.00,0
717,3.222,-3.445850,0.977257,-3.445850,0.977257,-3.385994,0.903600,,,,-0.059856,0.073656,0.094910,1.000000,-0.000007,0.00,0
718,3.224,-3.445850,0.977257,-3.445850,0.977257,-3.384554,0.902160,,,,-0.061296,0.075096,0.096936,1.000000,-0.000007,0.00,0
719,3.228,-3.445850,0.977257,-3.445850,0.977257,-3.383114,0.900720,,,,-0.062737,0.076536,0.098963,1.000000,-0.000007,0.00,0
720,3.243,-3.418641,0.923431,-3.371431,0.862084,-3.381673,0.899280,-0.036968,0.024151,0.044157,0.010242,-0.037197,0.038581,1.000000,-0.000007,10.50,1
721,3.244,-3.418641,0.923431,-3.418641,0.923431,-3.380338,0.897840,,,,-0.038303,0.025591,0.046065,1.000000,-0.000007,0.00,0
722,3.248,-3.418641,0.923431,-3.418641,0.923431,-3.379010,0.896400,,,,-0.039632,0.027031,0.047972,1.000000,-0.000007,0.00,0
723,3.251,-3.418641,0.923431,-3.418641,0.923431,-3.377682,0.894960,,,,-0.040960,0.028471,0.049883,1.000000,-0.000007,0.00,0
724,3.254,-3.418641,0.923431,-3.418641,0.923431,-3.376354,0.893520,,,,-0.042288,0.029911,0.051797,1.000000,-0.000007,0.00,0
725,3.257,-3.418641,0.923431,-3.418641,0.923431,-3.375026,0.892080,,,,-0.043616,0.031351,0.053714,1.000000,-0.000007,0.00,0
726,3.259,-3.418641,0.923431,-3.418641,0.923431,-3.373697,0.890640,,,,-0.044944,0.032791,0.055634,1.000000,-0.000007,0.00,0
727,3.262,-3.418641,0.923431,-3.418641,0.923431,-3.372369,0.889200,,,,-0.046272,0.034231,0.057557,1.000000,-0.000007,0.00,0
728,3.264,-3.418641,0.923431,-3.418641,0.923431,-3.371041,0.887760,,,,-0.047601,0.035671,0.059483,1.000000,-0.000007,0.00,0
729,3.268,-3.418641,0.923431,-3.418641,0.923431,-3.369712,0.886320,,,,-0.048929,0.037111,0.061411,1.000000,-0.000007,0.00,0
730,3.270,-3.418641,0.923431,-3.418641,0.923431,-3.368384,0.884880,,,,-0.050258,0.038551,0.063340,1.000000,-0.000007,0.00,0
731,3.273,-3.418641,0.923431,-3.418641,0.923431,-3.367055,0.883440,,,,-0.051586,0.039991,0.065272,1.000000,-0.000007,0.00,0
732,3.276,-3.418641,0.923431,-3.418641,0.923431,-3.365726,0.882000,,,,-0.052915,0.041431,0.067205,1.000000,-0.000007,0.00,0
733,3.279,-3.418641,0.923431,-3.418641,0.923431,-3.364398,0.880560,,,,-0.054244,0.042871,0.069139,1.000000,-0.000007,0.00,0
734,3.282,-3.418641,0.923431,-3.418641,0.923431,-3.363069,0.879120,,,,-0.055572,0.044311,0.071075,1.000000,-0.000007,0.00,0
735,3.296,-3.359584,0.877786,-3.253716,0.853780,-3.361740,0.877680,0.002157,0.000105,0.002159,0.108024,-0.023901,0.110637,1.000000,-0.000007,10.51,1
736,3.299,-3.359584,0.877786,-3.359584,0.877786,-3.361666,0.876240,,,,0.002083,0.001545,0.002593,1.000000,-0.000007,0.00,0
737,3.302,-3.359584,0.877786,-3.359584,0.877786,-3.361667,0.874800,,,,0.002084,0.002985,0.003641,1.000000,-0.000007,0.00,0
738,3.306,-3.359584,0.877786,-3.359584,0.877786,-3.361679,0.873360,,,,0.002095,0.004425,0.004896,1.000000,-0.000007,0.00,0
739,3.309,-3.359584,0.877786,-3.359584,0.877786,-3.361690,0.871920,,,,0.002106,0.005865,0.006232,1.000000,-0.000007,0.00,0
740,3.312,-3.359584,0.877786,-3.359584,0.877786,-3.361699,0.870480,,,,0.002115,0.007305,0.007605,1.000000,-0.000007,0.00,0
741,3.314,-3.359584,0.877786,-3.359584,0.877786,-3.361706,0.869040,,,,0.002123,0.008745,0.008999,1.000000,-0.000007,0.00,0
742,3.319,-3.359584,0.877786,-3.359584,0.877786,-3.361712,0.867600,,,,0.002129,0.010185,0.010405,1.000000,-0.000007,0.00,0
743,3.322,-3.359584,0.877786,-3.359584,0.877786,-3.361717,0.866160,,,,0.002133,0.011625,0.011819,1.000000,-0.000007,0.00,0
744,3.326,-3.359584,0.877786,-3.359584,0.877786,-3.361720,0.864720,,,,0.002137,0.013065,0.013239,1.000000,-0.000007,0.00,0
745,3.329,-3.359584,0.877786,-3.359584,0.877786,-3.361723,0.863280,,,,0.002140,0.014505,0.014662,1.000000,-0.000007,0.00,0
746,3.335,-3.359584,0.877786,-3.359584,0.877786,-3.361726,0.861840,,,,0.002142,0.015945,0.016089,1.000000,-0.000007,0.00,0
747,3.338,-3.359584,0.877786,-3.359584,0.877786,-3.361727,0.860400,,,,0.002144,0.017385,0.017517,1.000000,-0.000007,0.00,0
748,3.341,-3.359584,0.877786,-3.359584,0.877786,-3.361729,0.858960,,,,0.002145,0.018825,0.018947,1.000000,-0.000007,0.00,0
749,3.344,-3.359584,0.877786,-3.359584,0.877786,-3.361730,0.857520,,,,0.002146,0.020265,0.020379,1.000000,-0.000007,0.00,0
750,3.363,-3.342807,0.854034,-3.403274,0.846239,-3.361731,0.856080,0.018924,-0.002046,0.019034,-0.041543,-0.009841,0.042693,1.000000,-0.000007,11.21,1
751,3.365,-3.342807,0.854034,-3.342807,0.854034,-3.361732,0.854640,,,,0.018925,-0.000606,0.018935,1.000000,-0.000007,0.00,0
752,3.369,-3.342807,0.854034,-3.342807,0.854034,-3.361732,0.853200,,,,0.018925,0.000834,0.018944,1.000000,-0.000007,0.00,0
753,3.372,-3.342807,0.854034,-3.342807,0.854034,-3.361733,0.851760,,,,0.018926,0.002274,0.019062,1.000000,-0.000007,0.00,0
754,3.376,-3.342807,0.854034,-3.342807,0.854034,-3.361733,0.850320,,,,0.018926,0.003714,0.019287,1.000000,-0.000007,0.00,0
755,3.379,-3.342807,0.854034,-3.342807,0.854034,-3.361733,0.848880,,,,0.018926,0.005154,0.019616,1.000000,-0.000007,0.00,0
756,3.382,-3.342807,0.854034,-3.342807,0.854034,-3.361733,0.847440,,,,0.018927,0.006594,0.020042,1.000000,-0.000007,0.00,0
757,3.385,-3.342807,0.854034,-3.342807,0.854034,-3.361734,0.846000,,,,0.018927,0.008034,0.020561,1.000000,-0.000007,0.00,0
758,3.389,-3.342807,0.854034,-3.342807,0.854034,-3.361734,0.844560,,,,0.018927,0.009474,0.021166,1.000000,-0.000007,0.00,0
759,3.392,-3.342807,0.854034,-3.342807,0.854034,-3.361734,0.843120,,,,0.018927,0.010914,0.021848,1.000000,-0.000007,0.00,0
760,3.396,-3.342807,0.854034,-3.342807,0.854034,-3.361734,0.841680,,,,0.018927,0.012354,0.022602,1.000000,-0.000007,0.00,0
761,3.398,-3.342807,0.854034,-3.342807,0.854034,-3.361734,0.840240,,,,0.018927,0.013794,0.023420,1.000000,-0.000007,0.00,0
762,3.402,-3.342807,0.854034,-3.342807,0.854034,-3.361734,0.838800,,,,0.018927,0.015234,0.024296,1.000000,-0.000007,0.00,0
763,3.405,-3.342807,0.854034,-3.342807,0.854034,-3.361734,0.837360,,,,0.018927,0.016674,0.025224,1.000000,-0.000007,0.00,0
764,3.409,-3.342807,0.854034,-3.342807,0.854034,-3.361734,0.835920,,,,0.018927,0.018114,0.026198,1.000000,-0.000007,0.00,0
765,3.423,-3.369722,0.841928,-3.452175,0.825765,-3.361734,0.834480,-0.007987,0.007447,0.010921,-0.090441,-0.008716,0.090860,1.000000,-0.000007,11.51,1
766,3.424,-3.369722,0.841928,-3.369722,0.841928,-3.361734,0.833040,,,,-0.007987,0.008887,0.011949,1.000000,-0.000007,0.00,0
767,3.428,-3.369722,0.841928,-3.369722,0.841928,-3.361734,0.831600,,,,-0.007987,0.010327,0.013056,1.000000,-0.000007,0.00,0
768,3.429,-3.369722,0.841928,-3.369722,0.841928,-3.361734,0.830160,,,,-0.007987,0.011767,0.014222,1.000000,-0.000007,0.00,0
769,3.433,-3.369722,0.841928,-3.369722,0.841928,-3.361734,0.828720,,,,-0.007987,0.013207,0.015435,1.000000,-0.000007,0.00,0
770,3.437,-3.369722,0.841928,-3.369722,0.841928,-3.361734,0.827280,,,,-0.007987,0.014647,0.016684,1.000000,-0.000007,0.00,0
771,3.440,-3.369722,0.841928,-3.369722,0.841928,-3.361734,0.825840,,,,-0.007987,0.016087,0.017961,1.000000,-0.000007,0.00,0
772,3.443,-3.369722,0.841928,-3.369722,0.841928,-3.361734,0.824400,,,,-0.007987,0.017527,0.019262,1.000000,-0.000007,0.00,0
773,3.446,-3.369722,0.841928,-3.369722,0.841928,-3.361734,0.822960,,,,-0.007987,0.018967,0.020581,1.000000,-0.000007,0.00,0
774,3.449,-3.369722,0.841928,-3.369722,0.841928,-3.361734,0.821520,,,,-0.007987,0.020407,0.021915,1.000000,-0.000007,0.00,0
775,3.452,-3.369722,0.841928,-3.369722,0.841928,-3.361734,0.820080,,,,-0.007987,0.021847,0.023262,1.000000,-0.000007,0.00,0
776,3.455,-3.369722,0.841928,-3.369722,0.841928,-3.361734,0.818640,,,,-0.007987,0.023287,0.024619,1.000000,-0.000007,0.00,0
777,3.458,-3.369722,0.841928,-3.369722,0.841928,-3.361734,0.817200,,,,-0.007987,0.024727,0.025985,1.000000,-0.000007,0.00,0
778,3.460,-3.369722,0.841928,-3.369722,0.841928,-3.361734,0.815760,,,,-0.007987,0.026167,0.027359,1.000000,-0.000007,0.00,0
779,3.463,-3.369722,0.841928,-3.369722,0.841928,-3.361734,0.814320,,,,-0.007987,0.027607,0.028740,1.000000,-0.000007,0.00,0
780,3.478,-3.415693,0.815867,-3.391630,0.775597,-3.361734,0.812880,-0.053959,0.002987,0.054041,-0.029895,-0.037283,0.047789,1.000000,-0.000007,10.51,1
781,3.479,-3.415693,0.815867,-3.415693,0.815867,-3.360511,0.811440,,,,-0.055182,0.004427,0.055359,1.000000,-0.000007,0.00,0
782,3.483,-3.415693,0.815867,-3.415693,0.815867,-3.359214,0.810000,,,,-0.056479,0.005867,0.056783,1.000000,-0.000007,0.00,0
783,3.486,-3.415693,0.815867,-3.415693,0.815867,-3.357908,0.808560,,,,-0.057786,0.007307,0.058246,1.000000,-0.000007,0.00,0
784,3.489,-3.415693,0.815867,-3.415693,0.815867,-3.356601,0.807120,,,,-0.059092,0.008747,0.059736,1.000000,-0.000007,0.00,0
785,3.492,-3.415693,0.815867,-3.415693,0.815867,-3.355296,0.805680,,,,-0.060397,0.010187,0.061250,1.000000,-0.000007,0.00,0
786,3.495,-3.415693,0.815867,-3.415693,0.815867,-3.353993,0.804240,,,,-0.061700,0.011627,0.062786,1.000000,-0.000007,0.00,0
787,3.498,-3.415693,0.815867,-3.415693,0.815867,-3.352692,0.802800,,,,-0.063001,0.013067,0.064342,1.000000,-0.000007,0.00,0
788,3.502,-3.415693,0.815867,-3.415693,0.815867,-3.351392,0.801360,,,,-0.064301,0.014507,0.065917,1.000000,-0.000007,0.00,0
789,3.506,-3.415693,0.815867,-3.415693,0.815867,-3.350092,0.799920,,,,-0.065601,0.015947,0.067511,1.000000,-0.000007,0.00,0
790,3.509,-3.415693,0.815867,-3.415693,0.815867,-3.348794,0.798480,,,,-0.066899,0.017387,0.069122,1.000000,-0.000007,0.00,0
791,3.512,-3.415693,0.815867,-3.415693,0.815867,-3.347496,0.797040,,,,-0.068197,0.018827,0.070748,1.000000,-0.000007,0.00,0
792,3.514,-3.415693,0.815867,-3.415693,0.815867,-3.346198,0.795600,,,,-0.069495,0.020267,0.072390,1.000000,-0.000007,0.00,0
793,3.517,-3.415693,0.815867,-3.415693,0.815867,-3.344901,0.794160,,,,-0.070792,0.021707,0.074045,1.000000,-0.000007,0.00,0
794,3.520,-3.415693,0.815867,-3.415693,0.815867,-3.343604,0.792720,,,,-0.072089,0.023147,0.075714,1.000000,-0.000007,0.00,0
795,3.535,-3.406298,0.779968,-3.375090,0.738540,-3.342308,0.791280,-0.063991,-0.011313,0.064983,-0.032782,-0.052740,0.062098,1.000000,-0.000007,10.51,1
796,3.536,-3.406298,0.779968,-3.406298,0.779968,-3.341111,0.789840,,,,-0.065188,-0.009873,0.065931,1.000000,-0.000007,0.00,0
797,3.539,-3.406298,0.779968,-3.406298,0.779968,-3.339920,0.788400,,,,-0.066379,-0.008433,0.066912,1.000000,-0.000007,0.00,0
798,3.544,-3.406298,0.779968,-3.406298,0.779968,-3.338729,0.786960,,,,-0.067569,-0.006993,0.067930,1.000000,-0.000007,0.00,0
799,3.547,-3.406298,0.779968,-3.406298,0.779968,-3.337539,0.785520,,,,-0.068759,-0.005553,0.068983,1.000000,-0.000007,0.00,0
800,3.550,-3.406298,0.779968,-3.406298,0.779968,-3.336349,0.784080,,,,-0.069949,-0.004113,0.070070,1.000000,-0.000007,0.00,0
801,3.553,-3.406298,0.779968,-3.406298,0.779968,-3.335159,0.782640,,,,-0.071139,-0.002673,0.071189,1.000000,-0.000007,0.00,0
802,3.555,-3.406298,0.779968,-3.406298,0.779968,-3.333969,0.781200,,,,-0.072329,-0.001233,0.072340,1.000000,-0.000007,0.00,0
803,3.558,-3.406298,0.779968,-3.406298,0.779968,-3.332779,0.779760,,,,-0.073520,0.000207,0.073520,1.000000,-0.000007,0.00,0
804,3.563,-3.406298,0.779968,-3.406298,0.779968,-3.331588,0.778320,,,,-0.074710,0.001647,0.074728,1.000000,-0.000007,0.00,0
805,3.566,-3.406298,0.779968,-3.406298,0.779968,-3.330398,0.776880,,,,-0.075900,0.003087,0.075963,1.000000,-0.000007,0.00,0
806,3.569,-3.406298,0.779968,-3.406298,0.779968,-3.329208,0.775440,,,,-0.077091,0.004527,0.077224,1.000000,-0.000007,0.00,0
807,3.572,-3.406298,0.779968,-3.406298,0.779968,-3.328017,0.774000,,,,-0.078281,0.005967,0.078508,1.000000,-0.000007,0.00,0
808,3.576,-3.406298,0.779968,-3.406298,0.779968,-3.326827,0.772560,,,,-0.079472,0.007407,0.079816,1.000000,-0.000007,0.00,0
809,3.579,-3.406298,0.779968,-3.406298,0.779968,-3.325636,0.771120,,,,-0.080662,0.008847,0.081146,1.000000,-0.000007,0.00,0
810,3.593,-3.356269,0.737080,-3.302086,0.697103,-3.324446,0.769680,-0.031823,-0.032600,0.045557,0.022360,-0.072577,0.075944,1.000000,-0.000007,10.51,1
811,3.595,-3.356269,0.737080,-3.356269,0.737080,-3.324379,0.768240,,,,-0.031890,-0.031160,0.044586,1.000000,-0.000007,0.00,0
812,3.598,-3.356269,0.737080,-3.356269,0.737080,-3.324380,0.766800,,,,-0.031888,-0.029720,0.043591,1.000000,-0.000007,0.00,0
813,3.601,-3.356269,0.737080,-3.356269,0.737080,-3.324390,0.765360,,,,-0.031878,-0.028280,0.042614,1.000000,-0.000007,0.00,0
814,3.604,-3.356269,0.737080,-3.356269,0.737080,-3.324400,0.763920,,,,-0.031868,-0.026840,0.041665,1.000000,-0.000007,0.00,0
815,3.607,-3.356269,0.737080,-3.356269,0.737080,-3.324409,0.762480,,,,-0.031860,-0.025400,0.040746,1.000000,-0.000007,0.00,0
816,3.610,-3.356269,0.737080,-3.356269,0.737080,-3.324415,0.761040,,,,-0.031854,-0.023960,0.039859,1.000000,-0.000007,0.00,0
817,3.613,-3.356269,0.737080,-3.356269,0.737080,-3.324420,0.759600,,,,-0.031848,-0.022520,0.039006,1.000000,-0.000007,0.00,0
818,3.616,-3.356269,0.737080,-3.356269,0.737080,-3.324424,0.758160,,,,-0.031844,-0.021080,0.038189,1.000000,-0.000007,0.00,0
819,3.619,-3.356269,0.737080,-3.356269,0.737080,-3.324428,0.756720,,,,-0.031841,-0.019640,0.037411,1.000000,-0.000007,0.00,0
820,3.622,-3.356269,0.737080,-3.356269,0.737080,-3.324430,0.755280,,,,-0.031838,-0.018200,0.036673,1.000000,-0.000007,0.00,0
821,3.626,-3.356269,0.737080,-3.356269,0.737080,-3.324432,0.753840,,,,-0.031836,-0.016760,0.035978,1.000000,-0.000007,0.00,0
822,3.629,-3.356269,0.737080,-3.356269,0.737080,-3.324434,0.752400,,,,-0.031835,-0.015320,0.035329,1.000000,-0.000007,0.00,0
823,3.631,-3.356269,0.737080,-3.356269,0.737080,-3.324435,0.750960,,,,-0.031833,-0.013880,0.034728,1.000000,-0.000007,0.00,0
824,3.635,-3.356269,0.737080,-3.356269,0.737080,-3.324436,0.749520,,,,-0.031832,-0.012440,0.034177,1.000000,-0.000007,0.00,0
825,3.649,-3.342650,0.734771,-3.350775,0.768669,-3.324437,0.748080,-0.018213,-0.013309,0.022558,-0.026338,0.020589,0.033430,1.000000,-0.000007,10.50,1
826,3.651,-3.342650,0.734771,-3.342650,0.734771,-3.324438,0.746640,,,,-0.018212,-0.011869,0.021739,1.000000,-0.000007,0.00,0
827,3.659,-3.342650,0.734771,-3.342650,0.734771,-3.324438,0.745200,,,,-0.018212,-0.010429,0.020987,1.000000,-0.000007,0.00,0
828,3.662,-3.342650,0.734771,-3.342650,0.734771,-3.324439,0.743760,,,,-0.018212,-0.008989,0.020309,1.000000,-0.000007,0.00,0
829,3.665,-3.342650,0.734771,-3.342650,0.734771,-3.324439,0.742320,,,,-0.018211,-0.007549,0.019714,1.000000,-0.000007,0.00,0
830,3.668,-3.342650,0.734771,-3.342650,0.734771,-3.324439,0.740880,,,,-0.018211,-0.006109,0.019208,1.000000,-0.000007,0.00,0
831,3.671,-3.342650,0.734771,-3.342650,0.734771,-3.324439,0.739440,,,,-0.018211,-0.004669,0.018800,1.000000,-0.000007,0.00,0
832,3.674,-3.342650,0.734771,-3.342650,0.734771,-3.324440,0.738000,,,,-0.018211,-0.003229,0.018495,1.000000,-0.000007,0.00,0
833,3.679,-3.342650,0.734771,-3.342650,0.734771,-3.324440,0.736560,,,,-0.018210,-0.001789,0.018298,1.000000,-0.000007,0.00,0
834,3.682,-3.342650,0.734771,-3.342650,0.734771,-3.324440,0.735120,,,,-0.018210,-0.000349,0.018214,1.000000,-0.000007,0.00,0
835,3.685,-3.342650,0.734771,-3.342650,0.734771,-3.324440,0.733680,,,,-0.018210,0.001091,0.018243,1.000000,-0.000007,0.00,0
836,3.688,-3.342650,0.734771,-3.342650,0.734771,-3.324440,0.732240,,,,-0.018210,0.002531,0.018385,1.000000,-0.000007,0.00,0
837,3.691,-3.342650,0.734771,-3.342650,0.734771,-3.324440,0.730800,,,,-0.018210,0.003971,0.018638,1.000000,-0.000007,0.00,0
838,3.694,-3.342650,0.734771,-3.342650,0.734771,-3.324440,0.729360,,,,-0.018210,0.005411,0.018997,1.000000,-0.000007,0.00,0
839,3.697,-3.342650,0.734771,-3.342650,0.734771,-3.324440,0.727920,,,,-0.018210,0.006851,0.019456,1.000000,-0.000007,0.00,0
840,3.712,-3.331354,0.729600,-3.341201,0.723028,-3.324440,0.726480,-0.006914,0.003120,0.007585,-0.016761,-0.003452,0.017113,1.000000,-0.000007,10.51,1
841,3.714,-3.331354,0.729600,-3.331354,0.729600,-3.324440,0.725040,,,,-0.006914,0.004560,0.008282,1.000000,-0.000007,0.00,0
842,3.718,-3.331354,0.729600,-3.331354,0.729600,-3.324440,0.723600,,,,-0.006914,0.006000,0.009154,1.000000,-0.000007,0.00,0
843,3.721,-3.331354,0.729600,-3.331354,0.729600,-3.324440,0.722160,,,,-0.006914,0.007440,0.010157,1.000000,-0.000007,0.00,0
844,3.724,-3.331354,0.729600,-3.331354,0.729600,-3.324440,0.720720,,,,-0.006914,0.008880,0.011254,1.000000,-0.000007,0.00,0
845,3.727,-3.331354,0.729600,-3.331354,0.729600,-3.324440,0.719280,,,,-0.006914,0.010320,0.012422,1.000000,-0.000007,0.00,0
846,3.730,-3.331354,0.729600,-3.331354,0.729600,-3.324440,0.717840,,,,-0.006914,0.011760,0.013642,1.000000,-0.000007,0.00,0
847,3.734,-3.331354,0.729600,-3.331354,0.729600,-3.324440,0.716400,,,,-0.006914,0.013200,0.014901,1.000000,-0.000007,0.00,0
848,3.737,-3.331354,0.729600,-3.331354,0.729600,-3.324440,0.714960,,,,-0.006914,0.014640,0.016191,1.000000,-0.000007,0.00,0
849,3.740,-3.331354,0.729600,-3.331354,0.729600,-3.324440,0.713520,,,,-0.006914,0.016080,0.017503,1.000000,-0.000007,0.00,0
850,3.742,-3.331354,0.729600,-3.331354,0.729600,-3.324440,0.712080,,,,-0.006914,0.017520,0.018835,1.000000,-0.000007,0.00,0
851,3.746,-3.331354,0.729600,-3.331354,0.729600,-3.324440,0.710640,,,,-0.006914,0.018960,0.020181,1.000000,-0.000007,0.00,0
852,3.749,-3.331354,0.729600,-3.331354,0.729600,-3.324440,0.709200,,,,-0.006914,0.020400,0.021540,1.000000,-0.000007,0.00,0
853,3.752,-3.331354,0.729600,-3.331354,0.729600,-3.324440,0.707760,,,,-0.006914,0.021840,0.022908,1.000000,-0.000007,0.00,0
854,3.755,-3.331354,0.729600,-3.331354,0.729600,-3.324440,0.706320,,,,-0.006914,0.023280,0.024285,1.000000,-0.000007,0.00,0
855,3.770,-3.336268,0.727158,-3.316829,0.689778,-3.324440,0.704880,-0.011828,0.022278,0.025224,0.007611,-0.015102,0.016912,1.000000,-0.000007,11.50,1
856,3.772,-3.336268,0.727158,-3.336268,0.727158,-3.324440,0.703440,,,,-0.011828,0.023718,0.026504,1.000000,-0.000007,0.00,0
857,3.776,-3.336268,0.727158,-3.336268,0.727158,-3.324440,0.702000,,,,-0.011828,0.025158,0.027800,1.000000,-0.000007,0.00,0
858,3.779,-3.336268,0.727158,-3.336268,0.727158,-3.324440,0.700560,,,,-0.011828,0.026598,0.029110,1.000000,-0.000007,0.00,0
859,3.782,-3.336268,0.727158,-3.336268,0.727158,-3.324440,0.699120,,,,-0.011828,0.028038,0.030431,1.000000,-0.000007,0.00,0
860,3.786,-3.336268,0.727158,-3.336268,0.727158,-3.324440,0.697680,,,,-0.011828,0.029478,0.031763,1.000000,-0.000007,0.00,0
861,3.789,-3.336268,0.727158,-3.336268,0.727158,-3.324440,0.696240,,,,-0.011828,0.030918,0.033104,1.000000,-0.000007,0.00,0
862,3.791,-3.336268,0.727158,-3.336268,0.727158,-3.324440,0.694800,,,,-0.011828,0.032358,0.034453,1.000000,-0.000007,0.00,0
863,3.796,-3.336268,0.727158,-3.336268,0.727158,-3.324440,0.693360,,,,-0.011828,0.033798,0.035808,1.000000,-0.000007,0.00,0
864,3.799,-3.336268,0.727158,-3.336268,0.727158,-3.324440,0.691920,,,,-0.011828,0.035238,0.037171,1.000000,-0.000007,0.00,0
865,3.802,-3.336268,0.727158,-3.336268,0.727158,-3.324440,0.690480,,,,-0.011828,0.036678,0.038538,1.000000,-0.000007,0.00,0
866,3.805,-3.336268,0.727158,-3.336268,0.727158,-3.324440,0.689040,,,,-0.011828,0.038118,0.039911,1.000000,-0.000007,0.00,0
867,3.808,-3.336268,0.727158,-3.336268,0.727158,-3.324440,0.687600,,,,-0.011828,0.039558,0.041289,1.000000,-0.000007,0.00,0
868,3.811,-3.336268,0.727158,-3.336268,0.727158,-3.324440,0.686160,,,,-0.011828,0.040998,0.042671,1.000000,-0.000007,0.00,0
869,3.815,-3.336268,0.727158,-3.336268,0.727158,-3.324440,0.684720,,,,-0.011828,0.042438,0.044056,1.000000,-0.000007,0.00,0
870,3.829,-3.311784,0.670744,-3.277322,0.599426,-3.324440,0.683280,0.012656,-0.012536,0.017814,0.047118,-0.083854,0.096185,1.000000,-0.000007,10.50,1
871,3.831,-3.311784,0.670744,-3.311784,0.670744,-3.324440,0.681840,,,,0.012656,-0.011096,0.016831,1.000000,-0.000007,0.00,0
872,3.834,-3.311784,0.670744,-3.311784,0.670744,-3.324440,0.680400,,,,0.012656,-0.009656,0.015919,1.000000,-0.000007,0.00,0
873,3.837,-3.311784,0.670744,-3.311784,0.670744,-3.324440,0.678960,,,,0.012656,-0.008216,0.015089,1.000000,-0.000007,0.00,0
874,3.839,-3.311784,0.670744,-3.311784,0.670744,-3.324440,0.677520,,,,0.012656,-0.006776,0.014356,1.000000,-0.000007,0.00,0
875,3.842,-3.311784,0.670744,-3.311784,0.670744,-3.324440,0.676080,,,,0.012656,-0.005336,0.013735,1.000000,-0.000007,0.00,0
876,3.846,-3.311784,0.670744,-3.311784,0.670744,-3.324440,0.674640,,,,0.012656,-0.003896,0.013242,1.000000,-0.000007,0.00,0
877,3.849,-3.311784,0.670744,-3.311784,0.670744,-3.324440,0.673200,,,,0.012656,-0.002456,0.012892,1.000000,-0.000007,0.00,0
878,3.853,-3.311784,0.670744,-3.311784,0.670744,-3.324440,0.671760,,,,0.012656,-0.001016,0.012697,1.000000,-0.000007,0.00,0
879,3.856,-3.311784,0.670744,-3.311784,0.670744,-3.324440,0.670320,,,,0.012656,0.000424,0.012663,1.000000,-0.000007,0.00,0
880,3.859,-3.311784,0.670744,-3.311784,0.670744,-3.324440,0.668880,,,,0.012656,0.001864,0.012793,1.000000,-0.000007,0.00,0
881,3.862,-3.311784,0.670744,-3.311784,0.670744,-3.324440,0.667440,,,,0.012656,0.003304,0.013080,1.000000,-0.000007,0.00,0
882,3.865,-3.311784,0.670744,-3.311784,0.670744,-3.324440,0.666000,,,,0.012656,0.004744,0.013516,1.000000,-0.000007,0.00,0
883,3.868,-3.311784,0.670744,-3.311784,0.670744,-3.324440,0.664560,,,,0.012656,0.006184,0.014086,1.000000,-0.000007,0.00,0
884,3.872,-3.311784,0.670744,-3.311784,0.670744,-3.324440,0.663120,,,,0.012656,0.007624,0.014775,1.000000,-0.000007,0.00,0
885,3.885,-3.260954,0.629084,-3.188711,0.598049,-3.324440,0.661680,0.063486,-0.032596,0.071365,0.135729,-0.063631,0.149905,1.000000,-0.000007,11.01,1
886,3.887,-3.260954,0.629084,-3.260954,0.629084,-3.324440,0.660240,,,,0.063486,-0.031156,0.070719,1.000000,-0.000007,0.00,0
887,3.891,-3.260954,0.629084,-3.260954,0.629084,-3.324440,0.658800,,,,0.063486,-0.029716,0.070097,1.000000,-0.000007,0.00,0
888,3.895,-3.260954,0.629084,-3.260954,0.629084,-3.324440,0.657360,,,,0.063486,-0.028276,0.069498,1.000000,-0.000007,0.00,0
889,3.897,-3.260954,0.629084,-3.260954,0.629084,-3.324440,0.655920,,,,0.063486,-0.026836,0.068925,1.000000,-0.000007,0.00,0
890,3.900,-3.260954,0.629084,-3.260954,0.629084,-3.324440,0.654480,,,,0.063486,-0.025396,0.068377,1.000000,-0.000007,0.00,0
891,3.902,-3.260954,0.629084,-3.260954,0.629084,-3.324440,0.653040,,,,0.063486,-0.023956,0.067856,1.000000,-0.000007,0.00,0
892,3.905,-3.260954,0.629084,-3.260954,0.629084,-3.324440,0.651600,,,,0.063486,-0.022516,0.067361,1.000000,-0.000007,0.00,0
893,3.907,-3.260954,0.629084,-3.260954,0.629084,-3.324440,0.650160,,,,0.063486,-0.021076,0.066893,1.000000,-0.000007,0.00,0
894,3.910,-3.260954,0.629084,-3.260954,0.629084,-3.324440,0.648720,,,,0.063486,-0.019636,0.066453,1.000000,-0.000007,0.00,0
895,3.912,-3.260954,0.629084,-3.260954,0.629084,-3.324440,0.647280,,,,0.063486,-0.018196,0.066042,1.000000,-0.000007,0.00,0
896,3.916,-3.260954,0.629084,-3.260954,0.629084,-3.324440,0.645840,,,,0.063486,-0.016756,0.065660,1.000000,-0.000007,0.00,0
897,3.919,-3.260954,0.629084,-3.260954,0.629084,-3.324440,0.644400,,,,0.063486,-0.015316,0.065307,1.000000,-0.000007,0.00,0
898,3.921,-3.260954,0.629084,-3.260954,0.629084,-3.324440,0.642960,,,,0.063486,-0.013876,0.064985,1.000000,-0.000007,0.00,0
899,3.923,-3.260954,0.629084,-3.260954,0.629084,-3.324440,0.641520,,,,0.063486,-0.012436,0.064693,1.000000,-0.000007,0.00,0
900,3.937,-3.277475,0.625562,-3.366392,0.679211,-3.324440,0.640080,0.046965,-0.014518,0.049158,-0.041952,0.039131,0.057369,1.000000,-0.000007,10.51,1
901,3.940,-3.277475,0.625562,-3.277475,0.625562,-3.324440,0.638640,,,,0.046965,-0.013078,0.048752,1.000000,-0.000007,0.00,0
902,3.943,-3.277475,0.625562,-3.277475,0.625562,-3.324440,0.637200,,,,0.046965,-0.011638,0.048385,1.000000,-0.000007,0.00,0
903,3.946,-3.277475,0.625562,-3.277475,0.625562,-3.324440,0.635760,,,,0.046965,-0.010198,0.048059,1.000000,-0.000007,0.00,0
904,3.949,-3.277475,0.625562,-3.277475,0.625562,-3.324440,0.634320,,,,0.046965,-0.008758,0.047775,1.000000,-0.000007,0.00,0
905,3.952,-3.277475,0.625562,-3.277475,0.625562,-3.324440,0.632880,,,,0.046965,-0.007318,0.047532,1.000000,-0.000007,0.00,0
906,3.960,-3.277475,0.625562,-3.277475,0.625562,-3.324440,0.631440,,,,0.046965,-0.005878,0.047331,1.000000,-0.000007,0.00,0
907,3.963,-3.277475,0.625562,-3.277475,0.625562,-3.324440,0.630000,,,,0.046965,-0.004438,0.047174,1.000000,-0.000007,0.00,0
908,3.966,-3.277475,0.625562,-3.277475,0.625562,-3.324440,0.628560,,,,0.046965,-0.002998,0.047061,1.000000,-0.000007,0.00,0
909,3.969,-3.277475,0.625562,-3.277475,0.625562,-3.324440,0.627120,,,,0.046965,-0.001558,0.046991,1.000000,-0.000007,0.00,0
910,3.972,-3.277475,0.625562,-3.277475,0.625562,-3.324440,0.625680,,,,0.046965,-0.000118,0.046965,1.000000,-0.000007,0.00,0
911,3.975,-3.277475,0.625562,-3.277475,0.625562,-3.324440,0.624240,,,,0.046965,0.001322,0.046984,1.000000,-0.000007,0.00,0
912,3.980,-3.277475,0.625562,-3.277475,0.625562,-3.324440,0.622800,,,,0.046965,0.002762,0.047046,1.000000,-0.000007,0.00,0
913,3.983,-3.277475,0.625562,-3.277475,0.625562,-3.324440,0.621360,,,,0.046965,0.004202,0.047152,1.000000,-0.000007,0.00,0
914,3.985,-3.277475,0.625562,-3.277475,0.625562,-3.324440,0.619920,,,,0.046965,0.005642,0.047303,1.000000,-0.000007,0.00,0
915,3.999,-3.308156,0.629815,-3.369365,0.612185,-3.324440,0.618480,0.016284,0.011335,0.019840,-0.044925,-0.006295,0.045364,1.000000,-0.000007,10.50,1
916,4.004,-3.308156,0.629815,-3.308156,0.629815,-3.324440,0.617040,,,,0.016284,0.012775,0.020697,1.000000,-0.000007,0.00,0
917,4.007,-3.308156,0.629815,-3.308156,0.629815,-3.324440,0.615600,,,,0.016284,0.014215,0.021615,1.000000,-0.000007,0.00,0
918,4.010,-3.308156,0.629815,-3.308156,0.629815,-3.324440,0.614160,,,,0.016284,0.015655,0.022588,1.000000,-0.000007,0.00,0
919,4.014,-3.308156,0.629815,-3.308156,0.629815,-3.324440,0.612720,,,,0.016284,0.017095,0.023609,1.000000,-0.000007,0.00,0
920,4.016,-3.308156,0.629815,-3.308156,0.629815,-3.324440,0.611280,,,,0.016284,0.018535,0.024672,1.000000,-0.000007,0.00,0
921,4.020,-3.308156,0.629815,-3.308156,0.629815,-3.324440,0.609840,,,,0.016284,0.019975,0.025771,1.000000,-0.000007,0.00,0
922,4.024,-3.308156,0.629815,-3.308156,0.629815,-3.324440,0.608400,,,,0.016284,0.021415,0.026903,1.000000,-0.000007,0.00,0
923,4.026,-3.308156,0.629815,-3.308156,0.629815,-3.324440,0.606960,,,,0.016284,0.022855,0.028063,1.000000,-0.000007,0.00,0
924,4.029,-3.308156,0.629815,-3.308156,0.629815,-3.324440,0.605520,,,,0.016284,0.024295,0.029247,1.000000,-0.000007,0.00,0
925,4.032,-3.308156,0.629815,-3.308156,0.629815,-3.324440,0.604080,,,,0.016284,0.025735,0.030454,1.000000,-0.000007,0.00,0
926,4.035,-3.308156,0.629815,-3.308156,0.629815,-3.324440,0.602640,,,,0.016284,0.027175,0.031680,1.000000,-0.000007,0.00,0
927,4.037,-3.308156,0.629815,-3.308156,0.629815,-3.324440,0.601200,,,,0.016284,0.028615,0.032924,1.000000,-0.000007,0.00,0
928,4.040,-3.308156,0.629815,-3.308156,0.629815,-3.324440,0.599760,,,,0.016284,0.030055,0.034183,1.000000,-0.000007,0.00,0
929,4.043,-3.308156,0.629815,-3.308156,0.629815,-3.324440,0.598320,,,,0.016284,0.031495,0.035455,1.000000,-0.000007,0.00,0
930,4.056,-3.339140,0.624676,-3.281662,0.582631,-3.324440,0.596880,-0.014700,0.027796,0.031443,0.042777,-0.014249,0.045088,1.000000,-0.000007,10.51,1
931,4.058,-3.339140,0.624676,-3.339140,0.624676,-3.324440,0.595440,,,,-0.014700,0.029236,0.032723,1.000000,-0.000007,0.00,0
932,4.062,-3.339140,0.624676,-3.339140,0.624676,-3.324440,0.594000,,,,-0.014700,0.030676,0.034016,1.000000,-0.000006,0.00,0
933,4.065,-3.339140,0.624676,-3.339140,0.624676,-3.324440,0.592560,,,,-0.014700,0.032116,0.035320,1.000000,-0.000006,0.00,0
934,4.067,-3.339140,0.624676,-3.339140,0.624676,-3.324440,0.591120,,,,-0.014700,0.033556,0.036634,1.000000,-0.000006,0.00,0
935,4.069,-3.339140,0.624676,-3.339140,0.624676,-3.324440,0.589680,,,,-0.014700,0.034996,0.037958,1.000000,-0.000006,0.00,0
936,4.072,-3.339140,0.624676,-3.339140,0.624676,-3.324440,0.588240,,,,-0.014700,0.036436,0.039289,1.000000,-0.000006,0.00,0
937,4.075,-3.339140,0.624676,-3.339140,0.624676,-3.324440,0.586800,,,,-0.014700,0.037876,0.040628,1.000000,-0.000006,0.00,0
938,4.078,-3.339140,0.624676,-3.339140,0.624676,-3.324440,0.585360,,,,-0.014700,0.039316,0.041974,1.000000,-0.000006,0.00,0
939,4.082,-3.339140,0.624676,-3.339140,0.624676,-3.324440,0.583920,,,,-0.014700,0.040756,0.043326,1.000000,-0.000006,0.00,0
940,4.085,-3.339140,0.624676,-3.339140,0.624676,-3.324440,0.582480,,,,-0.014700,0.042196,0.044683,1.000000,-0.000006,0.00,0
941,4.088,-3.339140,0.624676,-3.339140,0.624676,-3.324440,0.581040,,,,-0.014700,0.043636,0.046045,1.000000,-0.000006,0.00,0
942,4.090,-3.339140,0.624676,-3.339140,0.624676,-3.324440,0.579600,,,,-0.014700,0.045076,0.047412,1.000000,-0.000006,0.00,0
943,4.093,-3.339140,0.624676,-3.339140,0.624676,-3.324440,0.578160,,,,-0.014700,0.046516,0.048783,1.000000,-0.000006,0.00,0
944,4.097,-3.339140,0.624676,-3.339140,0.624676,-3.324440,0.576720,,,,-0.014700,0.047956,0.050158,1.000000,-0.000006,0.00,0
945,4.112,-3.304222,0.568454,-3.261638,0.510546,-3.324440,0.575280,0.020218,-0.006826,0.021339,0.062802,-0.064734,0.090192,1.000000,-0.000006,11.02,1
946,4.113,-3.304222,0.568454,-3.304222,0.568454,-3.324440,0.573840,,,,0.020218,-0.005386,0.020923,1.000000,-0.000006,0.00,0
947,4.116,-3.304222,0.568454,-3.304222,0.568454,-3.324440,0.572400,,,,0.020218,-0.003946,0.020600,1.000000,-0.000006,0.00,0
948,4.120,-3.304222,0.568454,-3.304222,0.568454,-3.324440,0.570960,,,,0.020218,-0.002506,0.020373,1.000000,-0.000006,0.00,0
949,4.123,-3.304222,0.568454,-3.304222,0.568454,-3.324440,0.569520,,,,0.020218,-0.001066,0.020246,1.000000,-0.000006,0.00,0
950,4.126,-3.304222,0.568454,-3.304222,0.568454,-3.324440,0.568080,,,,0.020218,0.000374,0.020221,1.000000,-0.000006,0.00,0
951,4.129,-3.304222,0.568454,-3.304222,0.568454,-3.324440,0.566640,,,,0.020218,0.001814,0.020299,1.000000,-0.000006,0.00,0
952,4.131,-3.304222,0.568454,-3.304222,0.568454,-3.324440,0.565200,,,,0.020218,0.003254,0.020478,1.000000,-0.000006,0.00,0
953,4.133,-3.304222,0.568454,-3.304222,0.568454,-3.324440,0.563760,,,,0.020218,0.004694,0.020756,1.000000,-0.000006,0.00,0
954,4.136,-3.304222,0.568454,-3.304222,0.568454,-3.324440,0.562320,,,,0.020218,0.006134,0.021128,1.000000,-0.000006,0.00,0
955,4.139,-3.304222,0.568454,-3.304222,0.568454,-3.324440,0.560880,,,,0.020218,0.007574,0.021590,1.000000,-0.000006,0.00,0
956,4.143,-3.304222,0.568454,-3.304222,0.568454,-3.324440,0.559440,,,,0.020218,0.009014,0.022136,1.000000,-0.000006,0.00,0
957,4.146,-3.304222,0.568454,-3.304222,0.568454,-3.324440,0.558000,,,,0.020218,0.010454,0.022761,1.000000,-0.000006,0.00,0
958,4.148,-3.304222,0.568454,-3.304222,0.568454,-3.324440,0.556560,,,,0.020218,0.011894,0.023457,1.000000,-0.000006,0.00,0
959,4.152,-3.304222,0.568454,-3.304222,0.568454,-3.324440,0.555120,,,,0.020218,0.013334,0.024219,1.000000,-0.000006,0.00,0
960,4.166,-3.285370,0.516140,-3.312809,0.455242,-3.324440,0.553680,0.039070,-0.037541,0.054183,0.011631,-0.098438,0.099123,1.000000,-0.000006,10.51,1
961,4.170,-3.285370,0.516140,-3.285370,0.516140,-3.324440,0.552240,,,,0.039070,-0.036101,0.053195,1.000000,-0.000006,0.00,0
962,4.173,-3.285370,0.516140,-3.285370,0.516140,-3.324440,0.550800,,,,0.039070,-0.034661,0.052229,1.000000,-0.000006,0.00,0
963,4.175,-3.285370,0.516140,-3.285370,0.516140,-3.324440,0.549360,,,,0.039070,-0.033221,0.051284,1.000000,-0.000006,0.00,0
964,4.178,-3.285370,0.516140,-3.285370,0.516140,-3.324440,0.547920,,,,0.039070,-0.031781,0.050363,1.000000,-0.000006,0.00,0
965,4.181,-3.285370,0.516140,-3.285370,0.516140,-3.324440,0.546480,,,,0.039070,-0.030341,0.049467,1.000000,-0.000006,0.00,0
966,4.184,-3.285370,0.516140,-3.285370,0.516140,-3.324440,0.545040,,,,0.039070,-0.028901,0.048597,1.000000,-0.000006,0.00,0
967,4.188,-3.285370,0.516140,-3.285370,0.516140,-3.324440,0.543600,,,,0.039070,-0.027461,0.047755,1.000000,-0.000006,0.00,0
968,4.191,-3.285370,0.516140,-3.285370,0.516140,-3.324440,0.542160,,,,0.039070,-0.026021,0.046942,1.000000,-0.000006,0.00,0
969,4.195,-3.285370,0.516140,-3.285370,0.516140,-3.324440,0.540720,,,,0.039070,-0.024581,0.046159,1.000000,-0.000006,0.00,0
970,4.198,-3.285370,0.516140,-3.285370,0.516140,-3.324440,0.539280,,,,0.039070,-0.023141,0.045409,1.000000,-0.000006,0.00,0
971,4.201,-3.285370,0.516140,-3.285370,0.516140,-3.324440,0.537840,,,,0.039070,-0.021701,0.044692,1.000000,-0.000006,0.00,0
972,4.204,-3.285370,0.516140,-3.285370,0.516140,-3.324440,0.536400,,,,0.039070,-0.020261,0.044011,1.000000,-0.000006,0.00,0
973,4.208,-3.285370,0.516140,-3.285370,0.516140,-3.324440,0.534960,,,,0.039070,-0.018821,0.043367,1.000000,-0.000006,0.00,0
974,4.211,-3.285370,0.516140,-3.285370,0.516140,-3.324440,0.533520,,,,0.039070,-0.017381,0.042762,1.000000,-0.000006,0.00,0
975,4.223,-3.322506,0.485234,-3.393070,0.489913,-3.324440,0.532080,0.001934,-0.046847,0.046887,-0.068630,-0.042167,0.080549,1.000000,-0.000006,10.51,1
976,4.227,-3.322506,0.485234,-3.322506,0.485234,-3.324440,0.530640,,,,0.001934,-0.045407,0.045448,1.000000,-0.000006,0.00,0
977,4.230,-3.322506,0.485234,-3.322506,0.485234,-3.324440,0.529200,,,,0.001934,-0.043967,0.044009,1.000000,-0.000006,0.00,0
978,4.234,-3.322506,0.485234,-3.322506,0.485234,-3.324440,0.527760,,,,0.001934,-0.042527,0.042571,1.000000,-0.000006,0.00,0
979,4.237,-3.322506,0.485234,-3.322506,0.485234,-3.324440,0.526320,,,,0.001934,-0.041087,0.041132,1.000000,-0.000006,0.00,0
980,4.240,-3.322506,0.485234,-3.322506,0.485234,-3.324440,0.524880,,,,0.001934,-0.039647,0.039694,1.000000,-0.000006,0.00,0
981,4.243,-3.322506,0.485234,-3.322506,0.485234,-3.324440,0.523440,,,,0.001934,-0.038207,0.038256,1.000000,-0.000006,0.00,0
982,4.247,-3.322506,0.485234,-3.322506,0.485234,-3.324440,0.522000,,,,0.001934,-0.036767,0.036818,1.000000,-0.000006,0.00,0
983,4.250,-3.322506,0.485234,-3.322506,0.485234,-3.324440,0.520560,,,,0.001934,-0.035327,0.035380,1.000000,-0.000006,0.00,0
984,4.253,-3.322506,0.485234,-3.322506,0.485234,-3.324440,0.519120,,,,0.001934,-0.033887,0.033942,1.000000,-0.000006,0.00,0
985,4.259,-3.322506,0.485234,-3.322506,0.485234,-3.324440,0.517680,,,,0.001934,-0.032447,0.032504,1.000000,-0.000006,0.00,0
986,4.262,-3.322506,0.485234,-3.322506,0.485234,-3.324440,0.516240,,,,0.001934,-0.031007,0.031067,1.000000,-0.000006,0.00,0
987,4.267,-3.322506,0.485234,-3.322506,0.485234,-3.324440,0.514800,,,,0.001934,-0.029567,0.029630,1.000000,-0.000006,0.00,0
988,4.270,-3.322506,0.485234,-3.322506,0.485234,-3.324440,0.513360,,,,0.001934,-0.028127,0.028193,1.000000,-0.000006,0.00,0
989,4.272,-3.322506,0.485234,-3.322506,0.485234,-3.324440,0.511920,,,,0.001934,-0.026687,0.026757,1.000000,-0.000006,0.00,0
990,4.285,-3.370402,0.481132,-3.405328,0.498241,-3.324440,0.510480,-0.045962,-0.029348,0.054533,-0.080888,-0.012239,0.081808,1.000000,-0.000006,12.02,1
991,4.288,-3.370402,0.481132,-3.370402,0.481132,-3.323695,0.509040,,,,-0.046707,-0.027908,0.054410,1.000000,-0.000006,0.00,0
992,4.291,-3.370402,0.481132,-3.370402,0.481132,-3.322906,0.507600,,,,-0.047496,-0.026468,0.054373,1.000000,-0.000006,0.00,0
993,4.293,-3.370402,0.481132,-3.370402,0.481132,-3.322111,0.506160,,,,-0.048291,-0.025028,0.054392,1.000000,-0.000006,0.00,0
994,4.296,-3.370402,0.481132,-3.370402,0.481132,-3.321316,0.504720,,,,-0.049086,-0.023588,0.054460,1.000000,-0.000006,0.00,0
995,4.300,-3.370402,0.481132,-3.370402,0.481132,-3.320522,0.503280,,,,-0.049880,-0.022148,0.054576,1.000000,-0.000006,0.00,0
996,4.303,-3.370402,0.481132,-3.370402,0.481132,-3.319729,0.501840,,,,-0.050673,-0.020708,0.054741,1.000000,-0.000006,0.00,0
997,4.307,-3.370402,0.481132,-3.370402,0.481132,-3.318937,0.500400,,,,-0.051465,-0.019268,0.054954,1.000000,-0.000007,0.00,0
998,4.310,-3.370402,0.481132,-3.370402,0.481132,-3.318146,0.498960,,,,-0.052256,-0.017828,0.055214,1.000000,-0.000007,0.00,0
999,4.313,-3.370402,0.481132,-3.370402,0.481132,-3.317355,0.497520,,,,-0.053047,-0.016388,0.055521,1.000000,-0.000007,0.00,0
1000,4.316,-3.370402,0.481132,-3.370402,0.481132,-3.316565,0.496080,,,,-0.053837,-0.014948,0.055874,1.000000,-0.000007,0.00,0
1001,4.318,-3.370402,0.481132,-3.370402,0.481132,-3.315775,0.494640,,,,-0.054627,-0.013508,0.056272,1.000000,-0.000007,0.00,0
1002,4.321,-3.370402,0.481132,-3.370402,0.481132,-3.314986,0.493200,,,,-0.055417,-0.012068,0.056715,1.000000,-0.000007,0.00,0
1003,4.323,-3.370402,0.481132,-3.370402,0.481132,-3.314196,0.491760,,,,-0.056206,-0.010628,0.057202,1.000000,-0.000007,0.00,0
1004,4.327,-3.370402,0.481132,-3.370402,0.481132,-3.313407,0.490320,,,,-0.056995,-0.009188,0.057731,1.000000,-0.000007,0.00,0
1005,4.341,-3.374015,0.480546,-3.323647,0.453485,-3.312618,0.488880,-0.061397,-0.008334,0.061960,-0.011029,-0.035396,0.037074,1.000000,-0.000007,10.50,1
1006,4.343,-3.374015,0.480546,-3.374015,0.480546,-3.311791,0.487440,,,,-0.062224,-0.006894,0.062605,1.000000,-0.000007,0.00,0
1007,4.346,-3.374015,0.480546,-3.374015,0.480546,-3.310962,0.486000,,,,-0.063053,-0.005454,0.063289,1.000000,-0.000007,0.00,0
1008,4.349,-3.374015,0.480546,-3.374015,0.480546,-3.310132,0.484560,,,,-0.063883,-0.004014,0.064009,1.000000,-0.000007,0.00,0
1009,4.353,-3.374015,0.480546,-3.374015,0.480546,-3.309303,0.483120,,,,-0.064712,-0.002574,0.064764,1.000000,-0.000007,0.00,0
1010,4.356,-3.374015,0.480546,-3.374015,0.480546,-3.308473,0.481680,,,,-0.065542,-0.001134,0.065552,1.000000,-0.000007,0.00,0
1011,4.358,-3.374015,0.480546,-3.374015,0.480546,-3.307644,0.480240,,,,-0.066371,0.000306,0.066372,1.000000,-0.000007,0.00,0
1012,4.361,-3.374015,0.480546,-3.374015,0.480546,-3.306815,0.478800,,,,-0.067200,0.001746,0.067223,1.000000,-0.000007,0.00,0
1013,4.365,-3.374015,0.480546,-3.374015,0.480546,-3.305985,0.477360,,,,-0.068030,0.003186,0.068104,1.000000,-0.000007,0.00,0
1014,4.368,-3.374015,0.480546,-3.374015,0.480546,-3.305156,0.475920,,,,-0.068859,0.004626,0.069014,1.000000,-0.000007,0.00,0
1015,4.371,-3.374015,0.480546,-3.374015,0.480546,-3.304327,0.474480,,,,-0.069688,0.006066,0.069951,1.000000,-0.000007,0.00,0
1016,4.373,-3.374015,0.480546,-3.374015,0.480546,-3.303498,0.473040,,,,-0.070517,0.007506,0.070915,1.000000,-0.000007,0.00,0
1017,4.376,-3.374015,0.480546,-3.374015,0.480546,-3.302669,0.471600,,,,-0.071346,0.008946,0.071905,1.000000,-0.000007,0.00,0
1018,4.379,-3.374015,0.480546,-3.374015,0.480546,-3.301840,0.470160,,,,-0.072175,0.010386,0.072918,1.000000,-0.000007,0.00,0
1019,4.382,-3.374015,0.480546,-3.374015,0.480546,-3.301011,0.468720,,,,-0.073004,0.011826,0.073956,1.000000,-0.000007,0.00,0
1020,4.397,-3.339307,0.446811,-3.288945,0.388709,-3.300182,0.467280,-0.039125,-0.020469,0.044155,0.011237,-0.078572,0.079371,1.000000,-0.000007,10.51,1
1021,4.399,-3.339307,0.446811,-3.339307,0.446811,-3.300136,0.465840,,,,-0.039171,-0.019029,0.043548,1.000000,-0.000007,0.00,0
1022,4.403,-3.339307,0.446811,-3.339307,0.446811,-3.300136,0.464400,,,,-0.039170,-0.017589,0.042938,1.000000,-0.000007,0.00,0
1023,4.407,-3.339307,0.446811,-3.339307,0.446811,-3.300143,0.462960,,,,-0.039163,-0.016149,0.042362,1.000000,-0.000007,0.00,0
1024,4.409,-3.339307,0.446811,-3.339307,0.446811,-3.300150,0.461520,,,,-0.039156,-0.014709,0.041828,1.000000,-0.000007,0.00,0
1025,4.412,-3.339307,0.446811,-3.339307,0.446811,-3.300156,0.460080,,,,-0.039151,-0.013269,0.041338,1.000000,-0.000007,0.00,0
1026,4.414,-3.339307,0.446811,-3.339307,0.446811,-3.300161,0.458640,,,,-0.039146,-0.011829,0.040894,1.000000,-0.000007,0.00,0
1027,4.417,-3.339307,0.446811,-3.339307,0.446811,-3.300164,0.457200,,,,-0.039142,-0.010389,0.040498,1.000000,-0.000007,0.00,0
1028,4.421,-3.339307,0.446811,-3.339307,0.446811,-3.300167,0.455760,,,,-0.039140,-0.008949,0.040150,1.000000,-0.000007,0.00,0
1029,4.424,-3.339307,0.446811,-3.339307,0.446811,-3.300169,0.454320,,,,-0.039137,-0.007509,0.039851,1.000000,-0.000007,0.00,0
1030,4.427,-3.339307,0.446811,-3.339307,0.446811,-3.300171,0.452880,,,,-0.039135,-0.006069,0.039603,1.000000,-0.000007,0.00,0
1031,4.430,-3.339307,0.446811,-3.339307,0.446811,-3.300173,0.451440,,,,-0.039134,-0.004629,0.039407,1.000000,-0.000007,0.00,0
1032,4.432,-3.339307,0.446811,-3.339307,0.446811,-3.300174,0.450000,,,,-0.039133,-0.003189,0.039263,1.000000,-0.000007,0.00,0
1033,4.437,-3.339307,0.446811,-3.339307,0.446811,-3.300175,0.448560,,,,-0.039132,-0.001749,0.039171,1.000000,-0.000007,0.00,0
1034,4.440,-3.339307,0.446811,-3.339307,0.446811,-3.300175,0.447120,,,,-0.039131,-0.000309,0.039133,1.000000,-0.000007,0.00,0
1035,4.455,-3.290279,0.389295,-3.258245,0.325691,-3.300176,0.445680,0.009897,-0.056385,0.057247,0.041931,-0.119989,0.127105,1.000000,-0.000007,10.51,1
1036,4.458,-3.290279,0.389295,-3.290279,0.389295,-3.300176,0.444240,,,,0.009898,-0.054945,0.055830,1.000000,-0.000007,0.00,0
1037,4.462,-3.290279,0.389295,-3.290279,0.389295,-3.300177,0.442800,,,,0.009898,-0.053505,0.054413,1.000000,-0.000007,0.00,0
1038,4.464,-3.290279,0.389295,-3.290279,0.389295,-3.300177,0.441360,,,,0.009898,-0.052065,0.052998,1.000000,-0.000007,0.00,0
1039,4.468,-3.290279,0.389295,-3.290279,0.389295,-3.300177,0.439920,,,,0.009898,-0.050625,0.051584,1.000000,-0.000007,0.00,0
1040,4.471,-3.290279,0.389295,-3.290279,0.389295,-3.300177,0.438480,,,,0.009899,-0.049185,0.050171,1.000000,-0.000007,0.00,0
1041,4.474,-3.290279,0.389295,-3.290279,0.389295,-3.300177,0.437040,,,,0.009899,-0.047745,0.048761,1.000000,-0.000007,0.00,0
1042,4.477,-3.290279,0.389295,-3.290279,0.389295,-3.300178,0.435600,,,,0.009899,-0.046305,0.047352,1.000000,-0.000007,0.00,0
1043,4.482,-3.290279,0.389295,-3.290279,0.389295,-3.300178,0.434160,,,,0.009899,-0.044865,0.045944,1.000000,-0.000007,0.00,0
1044,4.484,-3.290279,0.389295,-3.290279,0.389295,-3.300178,0.432720,,,,0.009899,-0.043425,0.044539,1.000000,-0.000007,0.00,0
1045,4.487,-3.290279,0.389295,-3.290279,0.389295,-3.300178,0.431280,,,,0.009899,-0.041985,0.043136,1.000000,-0.000007,0.00,0
1046,4.490,-3.290279,0.389295,-3.290279,0.389295,-3.300178,0.429840,,,,0.009899,-0.040545,0.041736,1.000000,-0.000007,0.00,0
1047,4.494,-3.290279,0.389295,-3.290279,0.389295,-3.300178,0.428400,,,,0.009899,-0.039105,0.040339,1.000000,-0.000007,0.00,0
1048,4.496,-3.290279,0.389295,-3.290279,0.389295,-3.300178,0.426960,,,,0.009899,-0.037665,0.038944,1.000000,-0.000007,0.00,0
1049,4.500,-3.290279,0.389295,-3.290279,0.389295,-3.300178,0.425520,,,,0.009899,-0.036225,0.037553,1.000000,-0.000007,0.00,0
1050,4.514,-3.270116,0.385930,-3.263159,0.443389,-3.300178,0.424080,0.030062,-0.038150,0.048571,0.037019,0.019309,0.041752,1.000000,-0.000007,10.51,1
1051,4.516,-3.270116,0.385930,-3.270116,0.385930,-3.300178,0.422640,,,,0.030062,-0.036710,0.047449,1.000000,-0.000007,0.00,0
1052,4.520,-3.270116,0.385930,-3.270116,0.385930,-3.300178,0.421200,,,,0.030062,-0.035270,0.046343,1.000000,-0.000007,0.00,0
1053,4.524,-3.270116,0.385930,-3.270116,0.385930,-3.300178,0.419760,,,,0.030062,-0.033830,0.045257,1.000000,-0.000007,0.00,0
1054,4.527,-3.270116,0.385930,-3.270116,0.385930,-3.300178,0.418320,,,,0.030062,-0.032390,0.044191,1.000000,-0.000007,0.00,0
1055,4.530,-3.270116,0.385930,-3.270116,0.385930,-3.300178,0.416880,,,,0.030062,-0.030950,0.043147,1.000000,-0.000007,0.00,0
1056,4.533,-3.270116,0.385930,-3.270116,0.385930,-3.300178,0.415440,,,,0.030062,-0.029510,0.042126,1.000000,-0.000007,0.00,0
1057,4.536,-3.270116,0.385930,-3.270116,0.385930,-3.300178,0.414000,,,,0.030062,-0.028070,0.041130,1.000000,-0.000007,0.00,0
1058,4.540,-3.270116,0.385930,-3.270116,0.385930,-3.300178,0.412560,,,,0.030062,-0.026630,0.040161,1.000000,-0.000007,0.00,0
1059,4.542,-3.270116,0.385930,-3.270116,0.385930,-3.300178,0.411120,,,,0.030062,-0.025190,0.039221,1.000000,-0.000007,0.00,0
1060,4.546,-3.270116,0.385930,-3.270116,0.385930,-3.300178,0.409680,,,,0.030062,-0.023750,0.038312,1.000000,-0.000007,0.00,0
1061,4.549,-3.270116,0.385930,-3.270116,0.385930,-3.300178,0.408240,,,,0.030062,-0.022310,0.037436,1.000000,-0.000007,0.00,0
1062,4.553,-3.270116,0.385930,-3.270116,0.385930,-3.300178,0.406800,,,,0.030062,-0.020870,0.036596,1.000000,-0.000007,0.00,0
1063,4.555,-3.270116,0.385930,-3.270116,0.385930,-3.300178,0.405360,,,,0.030062,-0.019430,0.035795,1.000000,-0.000007,0.00,0
1064,4.562,-3.270116,0.385930,-3.270116,0.385930,-3.300178,0.403920,,,,0.030062,-0.017990,0.035034,1.000000,-0.000007,0.00,0
1065,4.576,-3.267189,0.397814,-3.280164,0.424363,-3.300178,0.402480,0.032989,-0.004666,0.033317,0.020014,0.021883,0.029655,1.000000,-0.000007,11.51,1
1066,4.578,-3.267189,0.397814,-3.267189,0.397814,-3.300178,0.401040,,,,0.032989,-0.003226,0.033146,1.000000,-0.000007,0.00,0
1067,4.582,-3.267189,0.397814,-3.267189,0.397814,-3.300178,0.399600,,,,0.032989,-0.001786,0.033037,1.000000,-0.000007,0.00,0
1068,4.586,-3.267189,0.397814,-3.267189,0.397814,-3.300178,0.398160,,,,0.032989,-0.000346,0.032991,1.000000,-0.000007,0.00,0
1069,4.589,-3.267189,0.397814,-3.267189,0.397814,-3.300178,0.396720,,,,0.032989,0.001094,0.033007,1.000000,-0.000007,0.00,0
1070,4.592,-3.267189,0.397814,-3.267189,0.397814,-3.300178,0.395280,,,,0.032989,0.002534,0.033086,1.000000,-0.000007,0.00,0
1071,4.595,-3.267189,0.397814,-3.267189,0.397814,-3.300178,0.393840,,,,0.032989,0.003974,0.033228,1.000000,-0.000007,0.00,0
1072,4.598,-3.267189,0.397814,-3.267189,0.397814,-3.300178,0.392400,,,,0.032989,0.005414,0.033430,1.000000,-0.000007,0.00,0
1073,4.602,-3.267189,0.397814,-3.267189,0.397814,-3.300178,0.390960,,,,0.032989,0.006854,0.033694,1.000000,-0.000007,0.00,0
1074,4.605,-3.267189,0.397814,-3.267189,0.397814,-3.300178,0.389520,,,,0.032989,0.008294,0.034016,1.000000,-0.000007,0.00,0
1075,4.608,-3.267189,0.397814,-3.267189,0.397814,-3.300178,0.388080,,,,0.032989,0.009734,0.034395,1.000000,-0.000007,0.00,0
1076,4.611,-3.267189,0.397814,-3.267189,0.397814,-3.300178,0.386640,,,,0.032989,0.011174,0.034830,1.000000,-0.000007,0.00,0
1077,4.614,-3.267189,0.397814,-3.267189,0.397814,-3.300178,0.385200,,,,0.032989,0.012614,0.035319,1.000000,-0.000007,0.00,0
1078,4.617,-3.267189,0.397814,-3.267189,0.397814,-3.300178,0.383760,,,,0.032989,0.014054,0.035858,1.000000,-0.000007,0.00,0
1079,4.621,-3.267189,0.397814,-3.267189,0.397814,-3.300178,0.382320,,,,0.032989,0.015494,0.036447,1.000000,-0.000007,0.00,0
1080,4.635,-3.279697,0.417463,-3.295769,0.384637,-3.300178,0.380880,0.020481,0.036583,0.041926,0.004409,0.003757,0.005793,1.000000,-0.000007,10.51,1
1081,4.637,-3.279697,0.417463,-3.279697,0.417463,-3.300178,0.379440,,,,0.020481,0.038023,0.043188,1.000000,-0.000007,0.00,0
1082,4.641,-3.279697,0.417463,-3.279697,0.417463,-3.300178,0.378000,,,,0.020481,0.039463,0.044461,1.000000,-0.000007,0.00,0
1083,4.644,-3.279697,0.417463,-3.279697,0.417463,-3.300178,0.376560,,,,0.020481,0.040903,0.045744,1.000000,-0.000007,0.00,0
1084,4.647,-3.279697,0.417463,-3.279697,0.417463,-3.300178,0.375120,,,,0.020481,0.042343,0.047036,1.000000,-0.000007,0.00,0
1085,4.650,-3.279697,0.417463,-3.279697,0.417463,-3.300178,0.373680,,,,0.020481,0.043783,0.048337,1.000000,-0.000007,0.00,0
1086,4.654,-3.279697,0.417463,-3.279697,0.417463,-3.300178,0.372240,,,,0.020481,0.045223,0.049645,1.000000,-0.000007,0.00,0
1087,4.657,-3.279697,0.417463,-3.279697,0.417463,-3.300178,0.370800,,,,0.020481,0.046663,0.050960,1.000000,-0.000007,0.00,0
1088,4.661,-3.279697,0.417463,-3.279697,0.417463,-3.300178,0.369360,,,,0.020481,0.048103,0.052282,1.000000,-0.000007,0.00,0
1089,4.664,-3.279697,0.417463,-3.279697,0.417463,-3.300178,0.367920,,,,0.020481,0.049543,0.053610,1.000000,-0.000007,0.00,0
1090,4.667,-3.279697,0.417463,-3.279697,0.417463,-3.300178,0.366480,,,,0.020481,0.050983,0.054943,1.000000,-0.000007,0.00,0
1091,4.669,-3.279697,0.417463,-3.279697,0.417463,-3.300178,0.365040,,,,0.020481,0.052423,0.056282,1.000000,-0.000007,0.00,0
1092,4.672,-3.279697,0.417463,-3.279697,0.417463,-3.300178,0.363600,,,,0.020481,0.053863,0.057626,1.000000,-0.000007,0.00,0
1093,4.676,-3.279697,0.417463,-3.279697,0.417463,-3.300178,0.362160,,,,0.020481,0.055303,0.058974,1.000000,-0.000007,0.00,0
1094,4.680,-3.279697,0.417463,-3.279697,0.417463,-3.300178,0.360720,,,,0.020481,0.056743,0.060326,1.000000,-0.000007,0.00,0
1095,4.694,-3.278644,0.378508,-3.259998,0.326524,-3.300178,0.359280,0.021534,0.019228,0.028870,0.040180,-0.032755,0.051840,1.000000,-0.000007,11.01,1
1096,4.696,-3.278644,0.378508,-3.278644,0.378508,-3.300178,0.357840,,,,0.021534,0.020668,0.029848,1.000000,-0.000007,0.00,0
1097,4.700,-3.278644,0.378508,-3.278644,0.378508,-3.300178,0.356400,,,,0.021534,0.022108,0.030863,1.000000,-0.000007,0.00,0
1098,4.703,-3.278644,0.378508,-3.278644,0.378508,-3.300178,0.354960,,,,0.021534,0.023548,0.031910,1.000000,-0.000007,0.00,0
1099,4.706,-3.278644,0.378508,-3.278644,0.378508,-3.300178,0.353520,,,,0.021534,0.024988,0.032987,1.000000,-0.000007,0.00,0
1100,4.709,-3.278644,0.378508,-3.278644,0.378508,-3.300178,0.352080,,,,0.021534,0.026428,0.034091,1.000000,-0.000007,0.00,0
1101,4.712,-3.278644,0.378508,-3.278644,0.378508,-3.300178,0.350640,,,,0.021534,0.027868,0.035219,1.000000,-0.000007,0.00,0
1102,4.715,-3.278644,0.378508,-3.278644,0.378508,-3.300178,0.349200,,,,0.021534,0.029308,0.036369,1.000000,-0.000007,0.00,0
1103,4.720,-3.278644,0.378508,-3.278644,0.378508,-3.300178,0.347760,,,,0.021534,0.030748,0.037539,1.000000,-0.000007,0.00,0
1104,4.722,-3.278644,0.378508,-3.278644,0.378508,-3.300178,0.346320,,,,0.021534,0.032188,0.038728,1.000000,-0.000007,0.00,0
1105,4.725,-3.278644,0.378508,-3.278644,0.378508,-3.300178,0.344880,,,,0.021534,0.033628,0.039932,1.000000,-0.000007,0.00,0
1106,4.728,-3.278644,0.378508,-3.278644,0.378508,-3.300178,0.343440,,,,0.021534,0.035068,0.041152,1.000000,-0.000007,0.00,0
1107,4.730,-3.278644,0.378508,-3.278644,0.378508,-3.300178,0.342000,,,,0.021534,0.036508,0.042386,1.000000,-0.000007,0.00,0
1108,4.732,-3.278644,0.378508,-3.278644,0.378508,-3.300178,0.340560,,,,0.021534,0.037948,0.043633,1.000000,-0.000006,0.00,0
1109,4.734,-3.278644,0.378508,-3.278644,0.378508,-3.300178,0.339120,,,,0.021534,0.039388,0.044891,1.000000,-0.000006,0.00,0
1110,4.748,-3.256112,0.341658,-3.212569,0.313814,-3.300178,0.337680,0.044066,0.003979,0.044245,0.087609,-0.023866,0.090802,1.000000,-0.000006,10.50,1
1111,4.749,-3.256112,0.341658,-3.256112,0.341658,-3.300178,0.336240,,,,0.044066,0.005419,0.044398,1.000000,-0.000006,0.00,0
1112,4.752,-3.256112,0.341658,-3.256112,0.341658,-3.300178,0.334800,,,,0.044066,0.006859,0.044597,1.000000,-0.000006,0.00,0
1113,4.756,-3.256112,0.341658,-3.256112,0.341658,-3.300178,0.333360,,,,0.044066,0.008299,0.044841,1.000000,-0.000006,0.00,0
1114,4.759,-3.256112,0.341658,-3.256112,0.341658,-3.300178,0.331920,,,,0.044066,0.009739,0.045129,1.000000,-0.000006,0.00,0
1115,4.762,-3.256112,0.341658,-3.256112,0.341658,-3.300178,0.330480,,,,0.044066,0.011179,0.045462,1.000000,-0.000006,0.00,0
1116,4.764,-3.256112,0.341658,-3.256112,0.341658,-3.300178,0.329040,,,,0.044066,0.012619,0.045837,1.000000,-0.000006,0.00,0
1117,4.767,-3.256112,0.341658,-3.256112,0.341658,-3.300178,0.327600,,,,0.044066,0.014059,0.046254,1.000000,-0.000006,0.00,0
1118,4.770,-3.256112,0.341658,-3.256112,0.341658,-3.300178,0.326160,,,,0.044066,0.015499,0.046712,1.000000,-0.000006,0.00,0
1119,4.772,-3.256112,0.341658,-3.256112,0.341658,-3.300178,0.324720,,,,0.044066,0.016939,0.047210,1.000000,-0.000006,0.00,0
1120,4.777,-3.256112,0.341658,-3.256112,0.341658,-3.300178,0.323280,,,,0.044066,0.018379,0.047745,1.000000,-0.000006,0.00,0
1121,4.780,-3.256112,0.341658,-3.256112,0.341658,-3.300178,0.321840,,,,0.044066,0.019819,0.048318,1.000000,-0.000006,0.00,0
1122,4.782,-3.256112,0.341658,-3.256112,0.341658,-3.300178,0.320400,,,,0.044066,0.021259,0.048926,1.000000,-0.000006,0.00,0
1123,4.786,-3.256112,0.341658,-3.256112,0.341658,-3.300178,0.318960,,,,0.044066,0.022699,0.049569,1.000000,-0.000006,0.00,0
1124,4.788,-3.256112,0.341658,-3.256112,0.341658,-3.300178,0.317520,,,,0.044066,0.024139,0.050244,1.000000,-0.000006,0.00,0
1125,4.801,-3.261853,0.337817,-3.312994,0.373113,-3.300178,0.316080,0.038325,0.021737,0.044060,-0.012816,0.057033,0.058455,1.000000,-0.000006,10.01,1
1126,4.805,-3.261853,0.337817,-3.261853,0.337817,-3.300178,0.314640,,,,0.038325,0.023177,0.044788,1.000000,-0.000006,0.00,0
1127,4.808,-3.261853,0.337817,-3.261853,0.337817,-3.300178,0.313200,,,,0.038325,0.024617,0.045550,1.000000,-0.000006,0.00,0
1128,4.810,-3.261853,0.337817,-3.261853,0.337817,-3.300178,0.311760,,,,0.038325,0.026057,0.046344,1.000000,-0.000006,0.00,0
1129,4.813,-3.261853,0.337817,-3.261853,0.337817,-3.300178,0.310320,,,,0.038325,0.027497,0.047168,1.000000,-0.000006,0.00,0
1130,4.816,-3.261853,0.337817,-3.261853,0.337817,-3.300178,0.308880,,,,0.038325,0.028937,0.048022,1.000000,-0.000006,0.00,0
1131,4.819,-3.261853,0.337817,-3.261853,0.337817,-3.300178,0.307440,,,,0.038325,0.030377,0.048903,1.000000,-0.000006,0.00,0
1132,4.822,-3.261853,0.337817,-3.261853,0.337817,-3.300178,0.306000,,,,0.038325,0.031817,0.049811,1.000000,-0.000006,0.00,0
1133,4.826,-3.261853,0.337817,-3.261853,0.337817,-3.300178,0.304560,,,,0.038325,0.033257,0.050743,1.000000,-0.000006,0.00,0
1134,4.829,-3.261853,0.337817,-3.261853,0.337817,-3.300178,0.303120,,,,0.038325,0.034697,0.051698,1.000000,-0.000006,0.00,0
1135,4.832,-3.261853,0.337817,-3.261853,0.337817,-3.300178,0.301680,,,,0.038325,0.036137,0.052675,1.000000,-0.000006,0.00,0
1136,4.835,-3.261853,0.337817,-3.261853,0.337817,-3.300178,0.300240,,,,0.038325,0.037577,0.053673,1.000000,-0.000006,0.00,0
1137,4.838,-3.261853,0.337817,-3.261853,0.337817,-3.300178,0.298800,,,,0.038325,0.039017,0.054691,1.000000,-0.000006,0.00,0
1138,4.842,-3.261853,0.337817,-3.261853,0.337817,-3.300178,0.297360,,,,0.038325,0.040457,0.055727,1.000000,-0.000006,0.00,0
1139,4.845,-3.261853,0.337817,-3.261853,0.337817,-3.300178,0.295920,,,,0.038325,0.041897,0.056781,1.000000,-0.000006,0.00,0
1140,4.858,-3.289573,0.340139,-3.343157,0.333492,-3.300178,0.294480,0.010605,0.045660,0.046875,-0.042979,0.039012,0.058044,1.000000,-0.000006,10.50,1
1141,4.860,-3.289573,0.340139,-3.289573,0.340139,-3.300178,0.293040,,,,0.010605,0.047100,0.048279,1.000000,-0.000006,0.00,0
1142,4.868,-3.289573,0.340139,-3.289573,0.340139,-3.300178,0.291600,,,,0.010605,0.048540,0.049684,1.000000,-0.000006,0.00,0
1143,4.871,-3.289573,0.340139,-3.289573,0.340139,-3.300178,0.290160,,,,0.010605,0.049980,0.051092,1.000000,-0.000006,0.00,0
1144,4.874,-3.289573,0.340139,-3.289573,0.340139,-3.300178,0.288720,,,,0.010605,0.051419,0.052502,1.000000,-0.000006,0.00,0
1145,4.877,-3.289573,0.340139,-3.289573,0.340139,-3.300178,0.287280,,,,0.010605,0.052859,0.053913,1.000000,-0.000006,0.00,0
1146,4.881,-3.289573,0.340139,-3.289573,0.340139,-3.300178,0.285840,,,,0.010605,0.054299,0.055325,1.000000,-0.000006,0.00,0
1147,4.884,-3.289573,0.340139,-3.289573,0.340139,-3.300178,0.284400,,,,0.010605,0.055739,0.056739,1.000000,-0.000006,0.00,0
1148,4.887,-3.289573,0.340139,-3.289573,0.340139,-3.300178,0.282960,,,,0.010605,0.057179,0.058155,1.000000,-0.000006,0.00,0
1149,4.890,-3.289573,0.340139,-3.289573,0.340139,-3.300178,0.281520,,,,0.010605,0.058619,0.059571,1.000000,-0.000006,0.00,0
1150,4.893,-3.289573,0.340139,-3.289573,0.340139,-3.300178,0.280080,,,,0.010605,0.060059,0.060988,1.000000,-0.000006,0.00,0
1151,4.896,-3.289573,0.340139,-3.289573,0.340139,-3.300178,0.278640,,,,0.010605,0.061499,0.062407,1.000000,-0.000006,0.00,0
1152,4.900,-3.289573,0.340139,-3.289573,0.340139,-3.300178,0.277200,,,,0.010605,0.062939,0.063827,1.000000,-0.000006,0.00,0
1153,4.903,-3.289573,0.340139,-3.289573,0.340139,-3.300178,0.275760,,,,0.010605,0.064379,0.065247,1.000000,-0.000006,0.00,0
1154,4.906,-3.289573,0.340139,-3.289573,0.340139,-3.300178,0.274320,,,,0.010605,0.065819,0.066668,1.000000,-0.000006,0.00,0
1155,4.920,-3.315954,0.348797,-3.291711,0.339786,-3.300178,0.272880,-0.015776,0.075917,0.077539,0.008467,0.066906,0.067439,1.000000,-0.000006,10.51,1
1156,4.923,-3.315954,0.348797,-3.315954,0.348797,-3.300178,0.271440,,,,-0.015776,0.077357,0.078949,1.000000,-0.000006,0.00,0
1157,4.927,-3.315954,0.348797,-3.315954,0.348797,-3.300178,0.270000,,,,-0.015776,0.078797,0.080360,1.000000,-0.000006,0.00,0
1158,4.928,-3.315954,0.348797,-3.315954,0.348797,-3.300178,0.268560,,,,-0.015776,0.080237,0.081773,1.000000,-0.000006,0.00,0
1159,4.931,-3.315954,0.348797,-3.315954,0.348797,-3.300178,0.267120,,,,-0.015776,0.081677,0.083186,1.000000,-0.000006,0.00,0
1160,4.933,-3.315954,0.348797,-3.315954,0.348797,-3.300178,0.265680,,,,-0.015776,0.083117,0.084601,1.000000,-0.000006,0.00,0
1161,4.936,-3.315954,0.348797,-3.315954,0.348797,-3.300178,0.264240,,,,-0.015776,0.084557,0.086016,1.000000,-0.000006,0.00,0
1162,4.938,-3.315954,0.348797,-3.315954,0.348797,-3.300178,0.262800,,,,-0.015776,0.085997,0.087432,1.000000,-0.000006,0.00,0
1163,4.942,-3.315954,0.348797,-3.315954,0.348797,-3.300178,0.261360,,,,-0.015776,0.087437,0.088849,1.000000,-0.000006,0.00,0
1164,4.946,-3.315954,0.348797,-3.315954,0.348797,-3.300178,0.259920,,,,-0.015776,0.088877,0.090266,1.000000,-0.000006,0.00,0
1165,4.949,-3.315954,0.348797,-3.315954,0.348797,-3.300178,0.258480,,,,-0.015776,0.090317,0.091684,1.000000,-0.000006,0.00,0
1166,4.951,-3.315954,0.348797,-3.315954,0.348797,-3.300178,0.257040,,,,-0.015776,0.091757,0.093103,1.000000,-0.000006,0.00,0
1167,4.954,-3.315954,0.348797,-3.315954,0.348797,-3.300178,0.255600,,,,-0.015776,0.093197,0.094522,1.000000,-0.000006,0.00,0
1168,4.957,-3.315954,0.348797,-3.315954,0.348797,-3.300178,0.254160,,,,-0.015776,0.094637,0.095943,1.000000,-0.000006,0.00,0
1169,4.961,-3.315954,0.348797,-3.315954,0.348797,-3.300178,0.252720,,,,-0.015776,0.096077,0.097363,1.000000,-0.000006,0.00,0
1170,4.974,-3.284973,0.308165,-3.220050,0.251218,-3.300178,0.251280,0.015205,0.056885,0.058882,0.080128,-0.000062,0.080128,1.000000,-0.000006,11.01,1
1171,4.976,-3.284973,0.308165,-3.284973,0.308165,-3.300178,0.249840,,,,0.015205,0.058325,0.060275,1.000000,-0.000006,0.00,0
1172,4.980,-3.284973,0.308165,-3.284973,0.308165,-3.300178,0.248400,,,,0.015205,0.059765,0.061669,1.000000,-0.000006,0.00,0
1173,4.982,-3.284973,0.308165,-3.284973,0.308165,-3.300178,0.246960,,,,0.015205,0.061205,0.063066,1.000000,-0.000006,0.00,0
1174,4.986,-3.284973,0.308165,-3.284973,0.308165,-3.300178,0.245520,,,,0.015205,0.062645,0.064464,1.000000,-0.000006,0.00,0
1175,4.989,-3.284973,0.308165,-3.284973,0.308165,-3.300178,0.244080,,,,0.015205,0.064085,0.065864,1.000000,-0.000006,0.00,0
1176,4.992,-3.284973,0.308165,-3.284973,0.308165,-3.300178,0.242640,,,,0.015205,0.065525,0.067266,1.000000,-0.000006,0.00,0
1177,4.994,-3.284973,0.308165,-3.284973,0.308165,-3.300178,0.241200,,,,0.015205,0.066965,0.068670,1.000000,-0.000006,0.00,0
1178,4.997,-3.284973,0.308165,-3.284973,0.308165,-3.300178,0.239760,,,,0.015205,0.068405,0.070075,1.000000,-0.000006,0.00,0
1179,5.000,-3.284973,0.308165,-3.284973,0.308165,-3.300178,0.238320,,,,0.015205,0.069845,0.071481,1.000000,-0.000006,0.00,0
1180,5.004,-3.284973,0.308165,-3.284973,0.308165,-3.300178,0.236880,,,,0.015205,0.071285,0.072889,1.000000,-0.000006,0.00,0
1181,5.007,-3.284973,0.308165,-3.284973,0.308165,-3.300178,0.235440,,,,0.015205,0.072725,0.074298,1.000000,-0.000006,0.00,0
1182,5.008,-3.284973,0.308165,-3.284973,0.308165,-3.300178,0.234000,,,,0.015205,0.074165,0.075708,1.000000,-0.000006,0.00,0
1183,5.011,-3.284973,0.308165,-3.284973,0.308165,-3.300178,0.232560,,,,0.015205,0.075605,0.077119,1.000000,-0.000006,0.00,0
1184,5.015,-3.284973,0.308165,-3.284973,0.308165,-3.300178,0.231120,,,,0.015205,0.077045,0.078531,1.000000,-0.000006,0.00,0
1185,5.028,-3.227573,0.268581,-3.170959,0.214738,-3.300178,0.229680,0.072604,0.038901,0.082369,0.129219,-0.014942,0.130080,1.000000,-0.000006,10.50,1
1186,5.030,-3.227573,0.268581,-3.227573,0.268581,-3.300944,0.228240,,,,0.073370,0.040341,0.083729,1.000000,-0.000006,0.00,0
1187,5.033,-3.227573,0.268581,-3.227573,0.268581,-3.301756,0.226800,,,,0.074182,0.041781,0.085139,1.000000,-0.000006,0.00,0
1188,5.036,-3.227573,0.268581,-3.227573,0.268581,-3.302574,0.225360,,,,0.075000,0.043221,0.086562,1.000000,-0.000006,0.00,0
1189,5.039,-3.227573,0.268581,-3.227573,0.268581,-3.303392,0.223920,,,,0.075818,0.044661,0.087994,1.000000,-0.000006,0.00,0
1190,5.041,-3.227573,0.268581,-3.227573,0.268581,-3.304208,0.222480,,,,0.076635,0.046101,0.089433,1.000000,-0.000006,0.00,0
1191,5.043,-3.227573,0.268581,-3.227573,0.268581,-3.305024,0.221040,,,,0.077451,0.047541,0.090877,1.000000,-0.000006,0.00,0
1192,5.046,-3.227573,0.268581,-3.227573,0.268581,-3.305839,0.219600,,,,0.078265,0.048981,0.092329,1.000000,-0.000006,0.00,0
1193,5.049,-3.227573,0.268581,-3.227573,0.268581,-3.306653,0.218160,,,,0.079079,0.050421,0.093786,1.000000,-0.000006,0.00,0
1194,5.052,-3.227573,0.268581,-3.227573,0.268581,-3.307466,0.216720,,,,0.079893,0.051861,0.095249,1.000000,-0.000006,0.00,0
1195,5.056,-3.227573,0.268581,-3.227573,0.268581,-3.308279,0.215280,,,,0.080706,0.053301,0.096718,1.000000,-0.000006,0.00,0
1196,5.058,-3.227573,0.268581,-3.227573,0.268581,-3.309092,0.213840,,,,0.081518,0.054741,0.098192,1.000000,-0.000006,0.00,0
1197,5.061,-3.227573,0.268581,-3.227573,0.268581,-3.309904,0.212400,,,,0.082331,0.056181,0.099672,1.000000,-0.000006,0.00,0
1198,5.064,-3.227573,0.268581,-3.227573,0.268581,-3.310716,0.210960,,,,0.083143,0.057621,0.101157,1.000000,-0.000006,0.00,0
1199,5.068,-3.227573,0.268581,-3.227573,0.268581,-3.311528,0.209520,,,,0.083954,0.059061,0.102647,1.000000,-0.000006,0.00,0
1200,5.080,-3.231578,0.231181,-3.303726,0.227587,-3.312340,0.208080,0.080761,0.023101,0.084000,0.008614,0.019507,0.021324,1.000000,-0.000006,10.51,1
1201,5.082,-3.231578,0.231181,-3.231578,0.231181,-3.312385,0.206640,,,,0.080807,0.024541,0.084452,1.000000,-0.000006,0.00,0
1202,5.085,-3.231578,0.231181,-3.231578,0.231181,-3.312385,0.205200,,,,0.080807,0.025981,0.084881,1.000000,-0.000006,0.00,0
1203,5.089,-3.231578,0.231181,-3.231578,0.231181,-3.312378,0.203760,,,,0.080800,0.027421,0.085326,1.000000,-0.000006,0.00,0
1204,5.092,-3.231578,0.231181,-3.231578,0.231181,-3.312372,0.202320,,,,0.080794,0.028861,0.085794,1.000000,-0.000006,0.00,0
1205,5.096,-3.231578,0.231181,-3.231578,0.231181,-3.312366,0.200880,,,,0.080788,0.030301,0.086284,1.000000,-0.000006,0.00,0
1206,5.099,-3.231578,0.231181,-3.231578,0.231181,-3.312362,0.199440,,,,0.080784,0.031741,0.086796,1.000000,-0.000006,0.00,0
1207,5.102,-3.231578,0.231181,-3.231578,0.231181,-3.312359,0.198000,,,,0.080780,0.033181,0.087330,1.000000,-0.000006,0.00,0
1208,5.105,-3.231578,0.231181,-3.231578,0.231181,-3.312356,0.196560,,,,0.080778,0.034621,0.087884,1.000000,-0.000006,0.00,0
1209,5.109,-3.231578,0.231181,-3.231578,0.231181,-3.312354,0.195120,,,,0.080776,0.036061,0.088460,1.000000,-0.000006,0.00,0
1210,5.112,-3.231578,0.231181,-3.231578,0.231181,-3.312352,0.193680,,,,0.080774,0.037501,0.089055,1.000000,-0.000006,0.00,0
1211,5.114,-3.231578,0.231181,-3.231578,0.231181,-3.312351,0.192240,,,,0.080773,0.038941,0.089669,1.000000,-0.000006,0.00,0
1212,5.117,-3.231578,0.231181,-3.231578,0.231181,-3.312350,0.190800,,,,0.080771,0.040381,0.090303,1.000000,-0.000006,0.00,0
1213,5.120,-3.231578,0.231181,-3.231578,0.231181,-3.312349,0.189360,,,,0.080771,0.041821,0.090955,1.000000,-0.000006,0.00,0
1214,5.123,-3.231578,0.231181,-3.231578,0.231181,-3.312348,0.187920,,,,0.080770,0.043261,0.091626,1.000000,-0.000007,0.00,0
1215,5.138,-3.286925,0.222102,-3.386091,0.223980,-3.312348,0.186480,0.025422,0.035622,0.043763,-0.073743,0.037500,0.082730,1.000000,-0.000007,10.51,1
1216,5.140,-3.286925,0.222102,-3.286925,0.222102,-3.312347,0.185040,,,,0.025422,0.037062,0.044943,1.000000,-0.000007,0.00,0
1217,5.142,-3.286925,0.222102,-3.286925,0.222102,-3.312347,0.183600,,,,0.025422,0.038502,0.046137,1.000000,-0.000007,0.00,0
1218,5.148,-3.286925,0.222102,-3.286925,0.222102,-3.312347,0.182160,,,,0.025421,0.039942,0.047345,1.000000,-0.000007,0.00,0
1219,5.150,-3.286925,0.222102,-3.286925,0.222102,-3.312346,0.180720,,,,0.025421,0.041382,0.048566,1.000000,-0.000007,0.00,0
1220,5.153,-3.286925,0.222102,-3.286925,0.222102,-3.312346,0.179280,,,,0.025421,0.042822,0.049799,1.000000,-0.000007,0.00,0
1221,5.155,-3.286925,0.222102,-3.286925,0.222102,-3.312346,0.177840,,,,0.025421,0.044262,0.051042,1.000000,-0.000007,0.00,0
1222,5.158,-3.286925,0.222102,-3.286925,0.222102,-3.312346,0.176400,,,,0.025421,0.045702,0.052296,1.000000,-0.000007,0.00,0
1223,5.161,-3.286925,0.222102,-3.286925,0.222102,-3.312346,0.174960,,,,0.025421,0.047142,0.053559,1.000000,-0.000007,0.00,0
1224,5.170,-3.286925,0.222102,-3.286925,0.222102,-3.312346,0.173520,,,,0.025421,0.048582,0.054830,1.000000,-0.000007,0.00,0
1225,5.173,-3.286925,0.222102,-3.286925,0.222102,-3.312346,0.172080,,,,0.025421,0.050022,0.056110,1.000000,-0.000007,0.00,0
1226,5.175,-3.286925,0.222102,-3.286925,0.222102,-3.312346,0.170640,,,,0.025421,0.051462,0.057398,1.000000,-0.000007,0.00,0
1227,5.179,-3.286925,0.222102,-3.286925,0.222102,-3.312346,0.169200,,,,0.025421,0.052902,0.058692,1.000000,-0.000007,0.00,0
1228,5.182,-3.286925,0.222102,-3.286925,0.222102,-3.312346,0.167760,,,,0.025421,0.054342,0.059993,1.000000,-0.000007,0.00,0
1229,5.185,-3.286925,0.222102,-3.286925,0.222102,-3.312346,0.166320,,,,0.025421,0.055782,0.061301,1.000000,-0.000007,0.00,0
1230,5.201,-3.373772,0.205738,-3.431501,0.165646,-3.312346,0.164880,-0.061427,0.040858,0.073774,-0.119155,0.000766,0.119158,1.000000,-0.000007,11.50,1
1231,5.202,-3.373772,0.205738,-3.373772,0.205738,-3.311566,0.163440,,,,-0.062207,0.042298,0.075225,1.000000,-0.000007,0.00,0
1232,5.206,-3.373772,0.205738,-3.373772,0.205738,-3.310739,0.162000,,,,-0.063034,0.043738,0.076722,1.000000,-0.000007,0.00,0
1233,5.210,-3.373772,0.205738,-3.373772,0.205738,-3.309905,0.160560,,,,-0.063867,0.045178,0.078231,1.000000,-0.000007,0.00,0
1234,5.213,-3.373772,0.205738,-3.373772,0.205738,-3.309072,0.159120,,,,-0.064700,0.046618,0.079745,1.000000,-0.000007,0.00,0
1235,5.216,-3.373772,0.205738,-3.373772,0.205738,-3.308240,0.157680,,,,-0.065532,0.048058,0.081265,1.000000,-0.000007,0.00,0
1236,5.219,-3.373772,0.205738,-3.373772,0.205738,-3.307409,0.156240,,,,-0.066363,0.049498,0.082789,1.000000,-0.000007,0.00,0
1237,5.222,-3.373772,0.205738,-3.373772,0.205738,-3.306580,0.154800,,,,-0.067193,0.050938,0.084318,1.000000,-0.000007,0.00,0
1238,5.224,-3.373772,0.205738,-3.373772,0.205738,-3.305750,0.153360,,,,-0.068022,0.052378,0.085851,1.000000,-0.000007,0.00,0
1239,5.228,-3.373772,0.205738,-3.373772,0.205738,-3.304922,0.151920,,,,-0.068850,0.053818,0.087388,1.000000,-0.000007,0.00,0
1240,5.231,-3.373772,0.205738,-3.373772,0.205738,-3.304094,0.150480,,,,-0.069679,0.055258,0.088930,1.000000,-0.000007,0.00,0
1241,5.235,-3.373772,0.205738,-3.373772,0.205738,-3.303266,0.149040,,,,-0.070506,0.056698,0.090475,1.000000,-0.000007,0.00,0
1242,5.238,-3.373772,0.205738,-3.373772,0.205738,-3.302439,0.147600,,,,-0.071334,0.058138,0.092024,1.000000,-0.000007,0.00,0
1243,5.240,-3.373772,0.205738,-3.373772,0.205738,-3.301612,0.146160,,,,-0.072161,0.059578,0.093577,1.000000,-0.000007,0.00,0
1244,5.244,-3.373772,0.205738,-3.373772,0.205738,-3.300785,0.144720,,,,-0.072988,0.061018,0.095133,1.000000,-0.000007,0.00,0
1245,5.258,-3.395351,0.158685,-3.368463,0.086429,-3.299958,0.143280,-0.095393,0.015405,0.096629,-0.068505,-0.056851,0.089022,1.000000,-0.000007,10.51,1
1246,5.260,-3.395351,0.158685,-3.395351,0.158685,-3.298903,0.141840,,,,-0.096448,0.016845,0.097908,1.000000,-0.000007,0.00,0
1247,5.263,-3.395351,0.158685,-3.395351,0.158685,-3.297835,0.140400,,,,-0.097517,0.018285,0.099216,1.000000,-0.000007,0.00,0
1248,5.268,-3.395351,0.158685,-3.395351,0.158685,-3.296764,0.138960,,,,-0.098587,0.019725,0.100541,1.000000,-0.000007,0.00,0
1249,5.270,-3.395351,0.158685,-3.395351,0.158685,-3.295694,0.137520,,,,-0.099657,0.021165,0.101880,1.000000,-0.000007,0.00,0
1250,5.273,-3.395351,0.158685,-3.395351,0.158685,-3.294624,0.136080,,,,-0.100727,0.022605,0.103232,1.000000,-0.000007,0.00,0
1251,5.276,-3.395351,0.158685,-3.395351,0.158685,-3.293555,0.134640,,,,-0.101796,0.024045,0.104598,1.000000,-0.000007,0.00,0
1252,5.279,-3.395351,0.158685,-3.395351,0.158685,-3.292486,0.133200,,,,-0.102866,0.025485,0.105976,1.000000,-0.000007,0.00,0
1253,5.282,-3.395351,0.158685,-3.395351,0.158685,-3.291417,0.131760,,,,-0.103934,0.026925,0.107365,1.000000,-0.000007,0.00,0
1254,5.287,-3.395351,0.158685,-3.395351,0.158685,-3.290348,0.130320,,,,-0.105003,0.028365,0.108767,1.000000,-0.000007,0.00,0
1255,5.290,-3.395351,0.158685,-3.395351,0.158685,-3.289280,0.128880,,,,-0.106072,0.029805,0.110180,1.000000,-0.000007,0.00,0
1256,5.293,-3.395351,0.158685,-3.395351,0.158685,-3.288211,0.127440,,,,-0.107140,0.031245,0.111603,1.000000,-0.000007,0.00,0
1257,5.295,-3.395351,0.158685,-3.395351,0.158685,-3.287143,0.126000,,,,-0.108208,0.032685,0.113037,1.000000,-0.000007,0.00,0
1258,5.296,-3.395351,0.158685,-3.395351,0.158685,-3.286075,0.124560,,,,-0.109276,0.034125,0.114481,1.000000,-0.000007,0.00,0
1259,5.300,-3.395351,0.158685,-3.395351,0.158685,-3.285007,0.123120,,,,-0.110345,0.035565,0.115935,1.000000,-0.000007,0.00,0
1260,5.315,-3.353610,0.102157,-3.260866,0.054395,-3.283939,0.121680,-0.069671,-0.019523,0.072355,0.023073,-0.067285,0.071131,1.000000,-0.000007,10.51,1
1261,5.317,-3.353610,0.102157,-3.353610,0.102157,-3.283879,0.120240,,,,-0.069731,-0.018083,0.072038,1.000000,-0.000007,0.00,0
1262,5.319,-3.353610,0.102157,-3.353610,0.102157,-3.283880,0.118800,,,,-0.069730,-0.016643,0.071689,1.000000,-0.000007,0.00,0
1263,5.321,-3.353610,0.102157,-3.353610,0.102157,-3.283889,0.117360,,,,-0.069721,-0.015203,0.071360,1.000000,-0.000007,0.00,0
1264,5.325,-3.353610,0.102157,-3.353610,0.102157,-3.283897,0.115920,,,,-0.069712,-0.013763,0.071058,1.000000,-0.000007,0.00,0
1265,5.328,-3.353610,0.102157,-3.353610,0.102157,-3.283905,0.114480,,,,-0.069705,-0.012323,0.070786,1.000000,-0.000007,0.00,0
1266,5.330,-3.353610,0.102157,-3.353610,0.102157,-3.283911,0.113040,,,,-0.069699,-0.010883,0.070544,1.000000,-0.000007,0.00,0
1267,5.333,-3.353610,0.102157,-3.353610,0.102157,-3.283915,0.111600,,,,-0.069695,-0.009443,0.070331,1.000000,-0.000007,0.00,0
1268,5.336,-3.353610,0.102157,-3.353610,0.102157,-3.283919,0.110160,,,,-0.069691,-0.008003,0.070149,1.000000,-0.000007,0.00,0
1269,5.339,-3.353610,0.102157,-3.353610,0.102157,-3.283922,0.108720,,,,-0.069688,-0.006563,0.069996,1.000000,-0.000007,0.00,0
1270,5.343,-3.353610,0.102157,-3.353610,0.102157,-3.283924,0.107280,,,,-0.069686,-0.005123,0.069874,1.000000,-0.000007,0.00,0
1271,5.346,-3.353610,0.102157,-3.353610,0.102157,-3.283926,0.105840,,,,-0.069684,-0.003683,0.069781,1.000000,-0.000007,0.00,0
1272,5.349,-3.353610,0.102157,-3.353610,0.102157,-3.283927,0.104400,,,,-0.069682,-0.002243,0.069718,1.000000,-0.000007,0.00,0
1273,5.353,-3.353610,0.102157,-3.353610,0.102157,-3.283929,0.102960,,,,-0.069681,-0.000803,0.069686,1.000000,-0.000007,0.00,0
1274,5.356,-3.353610,0.102157,-3.353610,0.102157,-3.283929,0.101520,,,,-0.069680,0.000637,0.069683,1.000000,-0.000007,0.00,0
1275,5.369,-3.299682,0.075935,-3.269717,0.086980,-3.283930,0.100080,-0.015752,-0.024145,0.028829,0.014213,-0.013100,0.019329,1.000000,-0.000007,10.51,1
1276,5.371,-3.299682,0.075935,-3.299682,0.075935,-3.283931,0.098640,,,,-0.015751,-0.022705,0.027634,1.000000,-0.000007,0.00,0
1277,5.375,-3.299682,0.075935,-3.299682,0.075935,-3.283931,0.097200,,,,-0.015751,-0.021265,0.026463,1.000000,-0.000007,0.00,0
1278,5.377,-3.299682,0.075935,-3.299682,0.075935,-3.283932,0.095760,,,,-0.015750,-0.019825,0.025320,1.000000,-0.000007,0.00,0
1279,5.380,-3.299682,0.075935,-3.299682,0.075935,-3.283932,0.094320,,,,-0.015750,-0.018385,0.024209,1.000000,-0.000007,0.00,0
1280,5.382,-3.299682,0.075935,-3.299682,0.075935,-3.283932,0.092880,,,,-0.015750,-0.016945,0.023134,1.000000,-0.000007,0.00,0
1281,5.385,-3.299682,0.075935,-3.299682,0.075935,-3.283932,0.091440,,,,-0.015750,-0.015505,0.022101,1.000000,-0.000007,0.00,0
1282,5.388,-3.299682,0.075935,-3.299682,0.075935,-3.283932,0.090000,,,,-0.015750,-0.014065,0.021116,1.000000,-0.000007,0.00,0
1283,5.392,-3.299682,0.075935,-3.299682,0.075935,-3.283932,0.088560,,,,-0.015749,-0.012625,0.020185,1.000000,-0.000007,0.00,0
1284,5.395,-3.299682,0.075935,-3.299682,0.075935,-3.283933,0.087120,,,,-0.015749,-0.011185,0.019317,1.000000,-0.000007,0.00,0
1285,5.398,-3.299682,0.075935,-3.299682,0.075935,-3.283933,0.085680,,,,-0.015749,-0.009745,0.018520,1.000000,-0.000007,0.00,0
1286,5.401,-3.299682,0.075935,-3.299682,0.075935,-3.283933,0.084240,,,,-0.015749,-0.008305,0.017805,1.000000,-0.000007,0.00,0
1287,5.404,-3.299682,0.075935,-3.299682,0.075935,-3.283933,0.082800,,,,-0.015749,-0.006865,0.017180,1.000000,-0.000007,0.00,0
1288,5.407,-3.299682,0.075935,-3.299682,0.075935,-3.283933,0.081360,,,,-0.015749,-0.005425,0.016657,1.000000,-0.000007,0.00,0
1289,5.412,-3.299682,0.075935,-3.299682,0.075935,-3.283933,0.079920,,,,-0.015749,-0.003985,0.016245,1.000000,-0.000007,0.00,0
1290,5.425,-3.291049,0.067636,-3.342566,0.061533,-3.283933,0.078480,-0.007116,-0.010844,0.012970,-0.058633,-0.016947,0.061033,1.000000,-0.000007,10.52,1
1291,5.427,-3.291049,0.067636,-3.291049,0.067636,-3.283933,0.077040,,,,-0.007116,-0.009404,0.011793,1.000000,-0.000007,0.00,0
1292,5.431,-3.291049,0.067636,-3.291049,0.067636,-3.283933,0.075600,,,,-0.007116,-0.007964,0.010680,1.000000,-0.000007,0.00,0
1293,5.434,-3.291049,0.067636,-3.291049,0.067636,-3.283933,0.074160,,,,-0.007116,-0.006524,0.009654,1.000000,-0.000007,0.00,0
1294,5.438,-3.291049,0.067636,-3.291049,0.067636,-3.283933,0.072720,,,,-0.007116,-0.005084,0.008746,1.000000,-0.000007,0.00,0
1295,5.441,-3.291049,0.067636,-3.291049,0.067636,-3.283933,0.071280,,,,-0.007116,-0.003644,0.007995,1.000000,-0.000007,0.00,0
1296,5.444,-3.291049,0.067636,-3.291049,0.067636,-3.283933,0.069840,,,,-0.007116,-0.002204,0.007450,1.000000,-0.000007,0.00,0
1297,5.447,-3.291049,0.067636,-3.291049,0.067636,-3.283933,0.068400,,,,-0.007116,-0.000764,0.007157,1.000000,-0.000007,0.00,0
1298,5.452,-3.291049,0.067636,-3.291049,0.067636,-3.283933,0.066960,,,,-0.007116,0.000676,0.007148,1.000000,-0.000007,0.00,0
1299,5.455,-3.291049,0.067636,-3.291049,0.067636,-3.283933,0.065520,,,,-0.007116,0.002116,0.007424,1.000000,-0.000007,0.00,0
1300,5.458,-3.291049,0.067636,-3.291049,0.067636,-3.283933,0.064080,,,,-0.007116,0.003556,0.007955,1.000000,-0.000007,0.00,0
1301,5.460,-3.291049,0.067636,-3.291049,0.067636,-3.283933,0.062640,,,,-0.007116,0.004996,0.008695,1.000000,-0.000007,0.00,0
1302,5.464,-3.291049,0.067636,-3.291049,0.067636,-3.283933,0.061200,,,,-0.007116,0.006436,0.009595,1.000000,-0.000007,0.00,0
1303,5.472,-3.291049,0.067636,-3.291049,0.067636,-3.283933,0.059760,,,,-0.007116,0.007876,0.010615,1.000000,-0.000007,0.00,0
1304,5.474,-3.291049,0.067636,-3.291049,0.067636,-3.283933,0.058320,,,,-0.007116,0.009316,0.011723,1.000000,-0.000007,0.00,0
1305,5.488,-3.305848,0.066015,-3.305262,0.049533,-3.283933,0.056880,-0.021915,0.009136,0.023743,-0.021329,-0.007346,0.022558,1.000000,-0.000007,10.51,1
1306,5.491,-3.305848,0.066015,-3.305848,0.066015,-3.283933,0.055440,,,,-0.021915,0.010576,0.024334,1.000000,-0.000007,0.00,0
1307,5.494,-3.305848,0.066015,-3.305848,0.066015,-3.283933,0.054000,,,,-0.021915,0.012016,0.024993,1.000000,-0.000006,0.00,0
1308,5.495,-3.305848,0.066015,-3.305848,0.066015,-3.283933,0.052560,,,,-0.021915,0.013456,0.025716,1.000000,-0.000006,0.00,0
1309,5.498,-3.305848,0.066015,-3.305848,0.066015,-3.283933,0.051120,,,,-0.021915,0.014896,0.026498,1.000000,-0.000006,0.00,0
1310,5.502,-3.305848,0.066015,-3.305848,0.066015,-3.283933,0.049680,,,,-0.021915,0.016336,0.027334,1.000000,-0.000006,0.00,0
1311,5.504,-3.305848,0.066015,-3.305848,0.066015,-3.283933,0.048240,,,,-0.021915,0.017776,0.028218,1.000000,-0.000006,0.00,0
1312,5.507,-3.305848,0.066015,-3.305848,0.066015,-3.283933,0.046800,,,,-0.021915,0.019216,0.029147,1.000000,-0.000006,0.00,0
1313,5.511,-3.305848,0.066015,-3.305848,0.066015,-3.283933,0.045360,,,,-0.021915,0.020656,0.030115,1.000000,-0.000006,0.00,0
1314,5.515,-3.305848,0.066015,-3.305848,0.066015,-3.283933,0.043920,,,,-0.021915,0.022096,0.031121,1.000000,-0.000006,0.00,0
1315,5.518,-3.305848,0.066015,-3.305848,0.066015,-3.283933,0.042480,,,,-0.021915,0.023536,0.032159,1.000000,-0.000006,0.00,0
1316,5.520,-3.305848,0.066015,-3.305848,0.066015,-3.283933,0.041040,,,,-0.021915,0.024976,0.033227,1.000000,-0.000006,0.00,0
1317,5.523,-3.305848,0.066015,-3.305848,0.066015,-3.283933,0.039600,,,,-0.021915,0.026416,0.034323,1.000000,-0.000006,0.00,0
1318,5.525,-3.305848,0.066015,-3.305848,0.066015,-3.283933,0.038160,,,,-0.021915,0.027856,0.035443,1.000000,-0.000006,0.00,0
1319,5.529,-3.305848,0.066015,-3.305848,0.066015,-3.283933,0.036720,,,,-0.021915,0.029296,0.036586,1.000000,-0.000006,0.00,0
1320,5.543,-3.295724,0.043958,-3.239345,0.020808,-3.283933,0.035280,-0.011791,0.008678,0.014641,0.044588,-0.014472,0.046878,1.000000,-0.000006,10.51,1
1321,5.545,-3.295724,0.043958,-3.295724,0.043958,-3.283933,0.033840,,,,-0.011791,0.010118,0.015537,1.000000,-0.000006,0.00,0
1322,5.549,-3.295724,0.043958,-3.295724,0.043958,-3.283933,0.032400,,,,-0.011791,0.011558,0.016511,1.000000,-0.000006,0.00,0
1323,5.552,-3.295724,0.043958,-3.295724,0.043958,-3.283933,0.030960,,,,-0.011791,0.012998,0.017550,1.000000,-0.000006,0.00,0
1324,5.555,-3.295724,0.043958,-3.295724,0.043958,-3.283933,0.029520,,,,-0.011791,0.014438,0.018641,1.000000,-0.000006,0.00,0
1325,5.558,-3.295724,0.043958,-3.295724,0.043958,-3.283933,0.028080,,,,-0.011791,0.015878,0.019778,1.000000,-0.000006,0.00,0
1326,5.561,-3.295724,0.043958,-3.295724,0.043958,-3.283933,0.026640,,,,-0.011791,0.017318,0.020951,1.000000,-0.000006,0.00,0
1327,5.562,-3.295724,0.043958,-3.295724,0.043958,-3.283933,0.025200,,,,-0.011791,0.018758,0.022156,1.000000,-0.000006,0.00,0
1328,5.566,-3.295724,0.043958,-3.295724,0.043958,-3.283933,0.023760,,,,-0.011791,0.020198,0.023388,1.000000,-0.000006,0.00,0
1329,5.570,-3.295724,0.043958,-3.295724,0.043958,-3.283933,0.022320,,,,-0.011791,0.021638,0.024643,1.000000,-0.000006,0.00,0
1330,5.573,-3.295724,0.043958,-3.295724,0.043958,-3.283933,0.020880,,,,-0.011791,0.023078,0.025916,1.000000,-0.000006,0.00,0
1331,5.575,-3.295724,0.043958,-3.295724,0.043958,-3.283933,0.019440,,,,-0.011791,0.024518,0.027206,1.000000,-0.000006,0.00,0
1332,5.578,-3.295724,0.043958,-3.295724,0.043958,-3.283933,0.018000,,,,-0.011791,0.025958,0.028511,1.000000,-0.000006,0.00,0
1333,5.581,-3.295724,0.043958,-3.295724,0.043958,-3.283933,0.016560,,,,-0.011791,0.027398,0.029828,1.000000,-0.000006,0.00,0
1334,5.586,-3.295724,0.043958,-3.295724,0.043958,-3.283933,0.015120,,,,-0.011791,0.028838,0.031156,1.000000,-0.000006,0.00,0
1335,5.600,-3.246600,-0.007632,-3.195193,-0.093238,-3.283933,0.013680,0.037333,-0.021312,0.042988,0.088740,-0.106918,0.138947,1.000000,-0.000006,10.50,1
1336,5.602,-3.246600,-0.007632,-3.246600,-0.007632,-3.283933,0.012240,,,,0.037333,-0.019872,0.042293,1.000000,-0.000006,0.00,0
1337,5.604,-3.246600,-0.007632,-3.246600,-0.007632,-3.283933,0.010800,,,,0.037333,-0.018432,0.041635,1.000000,-0.000006,0.00,0
1338,5.608,-3.246600,-0.007632,-3.246600,-0.007632,-3.283933,0.009360,,,,0.037333,-0.016992,0.041018,1.000000,-0.000006,0.00,0
1339,5.611,-3.246600,-0.007632,-3.246600,-0.007632,-3.283933,0.007920,,,,0.037333,-0.015552,0.040443,1.000000,-0.000006,0.00,0
1340,5.614,-3.246600,-0.007632,-3.246600,-0.007632,-3.283933,0.006480,,,,0.037333,-0.014112,0.039911,1.000000,-0.000006,0.00,0
1341,5.617,-3.246600,-0.007632,-3.246600,-0.007632,-3.283933,0.005040,,,,0.037333,-0.012672,0.039425,1.000000,-0.000006,0.00,0
1342,5.619,-3.246600,-0.007632,-3.246600,-0.007632,-3.283933,0.003600,,,,0.037333,-0.011232,0.038986,1.000000,-0.000006,0.00,0
1343,5.622,-3.246600,-0.007632,-3.246600,-0.007632,-3.283933,0.002160,,,,0.037333,-0.009792,0.038596,1.000000,-0.000006,0.00,0
1344,5.625,-3.246600,-0.007632,-3.246600,-0.007632,-3.283933,0.000720,,,,0.037333,-0.008352,0.038256,1.000000,-0.000006,0.00,0
1345,5.629,-3.246600,-0.007632,-3.246600,-0.007632,-3.283933,-0.000720,,,,0.037333,-0.006912,0.037968,1.000000,-0.000006,0.00,0
1346,5.632,-3.246600,-0.007632,-3.246600,-0.007632,-3.283933,-0.002160,,,,0.037333,-0.005472,0.037732,1.000000,-0.000006,0.00,0
1347,5.635,-3.246600,-0.007632,-3.246600,-0.007632,-3.283933,-0.003600,,,,0.037333,-0.004032,0.037550,1.000000,-0.000006,0.00,0
1348,5.638,-3.246600,-0.007632,-3.246600,-0.007632,-3.283933,-0.005040,,,,0.037333,-0.002592,0.037423,1.000000,-0.000006,0.00,0
1349,5.641,-3.246600,-0.007632,-3.246600,-0.007632,-3.283933,-0.006480,,,,0.037333,-0.001152,0.037351,1.000000,-0.000006,0.00,0
1350,5.655,-3.242022,-0.026521,-3.291527,-0.007132,-3.283933,-0.007920,0.041912,-0.018600,0.045854,-0.007594,0.000788,0.007635,1.000000,-0.000006,10.51,1
1351,5.657,-3.242022,-0.026521,-3.242022,-0.026521,-3.283933,-0.009360,,,,0.041912,-0.017160,0.045289,1.000000,-0.000006,0.00,0
1352,5.661,-3.242022,-0.026521,-3.242022,-0.026521,-3.283933,-0.010800,,,,0.041912,-0.015720,0.044763,1.000000,-0.000006,0.00,0
1353,5.663,-3.242022,-0.026521,-3.242022,-0.026521,-3.283933,-0.012240,,,,0.041912,-0.014280,0.044278,1.000000,-0.000006,0.00,0
1354,5.666,-3.242022,-0.026521,-3.242022,-0.026521,-3.283933,-0.013680,,,,0.041912,-0.012840,0.043834,1.000000,-0.000006,0.00,0
1355,5.669,-3.242022,-0.026521,-3.242022,-0.026521,-3.283933,-0.015120,,,,0.041912,-0.011401,0.043434,1.000000,-0.000006,0.00,0
1356,5.672,-3.242022,-0.026521,-3.242022,-0.026521,-3.283933,-0.016560,,,,0.041912,-0.009961,0.043079,1.000000,-0.000006,0.00,0
1357,5.677,-3.242022,-0.026521,-3.242022,-0.026521,-3.283933,-0.018000,,,,0.041912,-0.008521,0.042769,1.000000,-0.000006,0.00,0
1358,5.680,-3.242022,-0.026521,-3.242022,-0.026521,-3.283933,-0.019440,,,,0.041912,-0.007081,0.042505,1.000000,-0.000006,0.00,0
1359,5.683,-3.242022,-0.026521,-3.242022,-0.026521,-3.283933,-0.020880,,,,0.041912,-0.005641,0.042289,1.000000,-0.000006,0.00,0
1360,5.686,-3.242022,-0.026521,-3.242022,-0.026521,-3.283933,-0.022320,,,,0.041912,-0.004201,0.042121,1.000000,-0.000006,0.00,0
1361,5.689,-3.242022,-0.026521,-3.242022,-0.026521,-3.283933,-0.023760,,,,0.041912,-0.002761,0.042002,1.000000,-0.000006,0.00,0
1362,5.691,-3.242022,-0.026521,-3.242022,-0.026521,-3.283933,-0.025200,,,,0.041911,-0.001321,0.041932,1.000000,-0.000006,0.00,0
1363,5.696,-3.242022,-0.026521,-3.242022,-0.026521,-3.283933,-0.026640,,,,0.041911,0.000119,0.041912,1.000000,-0.000006,0.00,0
1364,5.699,-3.242022,-0.026521,-3.242022,-0.026521,-3.283933,-0.028080,,,,0.041911,0.001559,0.041940,1.000000,-0.000006,0.00,0
1365,5.713,-3.273874,-0.031734,-3.334902,0.005167,-3.283933,-0.029520,0.010059,-0.002214,0.010300,-0.050969,0.034687,0.061653,1.000000,-0.000006,10.54,1
1366,5.716,-3.273874,-0.031734,-3.273874,-0.031734,-3.283933,-0.030960,,,,0.010059,-0.000774,0.010089,1.000000,-0.000006,0.00,0
1367,5.719,-3.273874,-0.031734,-3.273874,-0.031734,-3.283933,-0.032400,,,,0.010059,0.000666,0.010081,1.000000,-0.000006,0.00,0
1368,5.721,-3.273874,-0.031734,-3.273874,-0.031734,-3.283933,-0.033840,,,,0.010059,0.002106,0.010277,1.000000,-0.000006,0.00,0
1369,5.725,-3.273874,-0.031734,-3.273874,-0.031734,-3.283933,-0.035280,,,,0.010059,0.003546,0.010665,1.000000,-0.000006,0.00,0
1370,5.727,-3.273874,-0.031734,-3.273874,-0.031734,-3.283933,-0.036720,,,,0.010059,0.004986,0.011227,1.000000,-0.000006,0.00,0
1371,5.730,-3.273874,-0.031734,-3.273874,-0.031734,-3.283933,-0.038160,,,,0.010059,0.006426,0.011936,1.000000,-0.000006,0.00,0
1372,5.734,-3.273874,-0.031734,-3.273874,-0.031734,-3.283933,-0.039600,,,,0.010059,0.007866,0.012769,1.000000,-0.000006,0.00,0
1373,5.737,-3.273874,-0.031734,-3.273874,-0.031734,-3.283933,-0.041040,,,,0.010059,0.009306,0.013703,1.000000,-0.000006,0.00,0
1374,5.740,-3.273874,-0.031734,-3.273874,-0.031734,-3.283933,-0.042480,,,,0.010059,0.010746,0.014719,1.000000,-0.000006,0.00,0
1375,5.743,-3.273874,-0.031734,-3.273874,-0.031734,-3.283933,-0.043920,,,,0.010059,0.012186,0.015801,1.000000,-0.000006,0.00,0
1376,5.746,-3.273874,-0.031734,-3.273874,-0.031734,-3.283933,-0.045360,,,,0.010059,0.013626,0.016936,1.000000,-0.000006,0.00,0
1377,5.749,-3.273874,-0.031734,-3.273874,-0.031734,-3.283933,-0.046800,,,,0.010059,0.015066,0.018115,1.000000,-0.000006,0.00,0
1378,5.751,-3.273874,-0.031734,-3.273874,-0.031734,-3.283933,-0.048240,,,,0.010059,0.016506,0.019329,1.000000,-0.000006,0.00,0
1379,5.754,-3.273874,-0.031734,-3.273874,-0.031734,-3.283933,-0.049680,,,,0.010059,0.017946,0.020572,1.000000,-0.000006,0.00,0
1380,5.769,-3.325780,0.000435,-3.350910,0.003269,-3.283933,-0.051120,-0.041847,0.051555,0.066401,-0.066977,0.054390,0.086279,1.000000,-0.000006,10.51,1
1381,5.771,-3.325780,0.000435,-3.325780,0.000435,-3.283933,-0.052560,,,,-0.041847,0.052995,0.067525,1.000000,-0.000006,0.00,0
1382,5.778,-3.325780,0.000435,-3.325780,0.000435,-3.283933,-0.054000,,,,-0.041847,0.054435,0.068661,1.000000,-0.000006,0.00,0
1383,5.781,-3.325780,0.000435,-3.325780,0.000435,-3.283933,-0.055440,,,,-0.041847,0.055875,0.069808,1.000000,-0.000006,0.00,0
1384,5.784,-3.325780,0.000435,-3.325780,0.000435,-3.283933,-0.056880,,,,-0.041847,0.057315,0.070966,1.000000,-0.000006,0.00,0
1385,5.787,-3.325780,0.000435,-3.325780,0.000435,-3.283933,-0.058320,,,,-0.041847,0.058755,0.072134,1.000000,-0.000006,0.00,0
1386,5.790,-3.325780,0.000435,-3.325780,0.000435,-3.283933,-0.059760,,,,-0.041847,0.060195,0.073311,1.000000,-0.000006,0.00,0
1387,5.793,-3.325780,0.000435,-3.325780,0.000435,-3.283933,-0.061200,,,,-0.041847,0.061635,0.074498,1.000000,-0.000006,0.00,0
1388,5.796,-3.325780,0.000435,-3.325780,0.000435,-3.283933,-0.062640,,,,-0.041847,0.063075,0.075694,1.000000,-0.000006,0.00,0
1389,5.799,-3.325780,0.000435,-3.325780,0.000435,-3.283933,-0.064080,,,,-0.041847,0.064515,0.076898,1.000000,-0.000006,0.00,0
1390,5.803,-3.325780,0.000435,-3.325780,0.000435,-3.283933,-0.065520,,,,-0.041847,0.065955,0.078110,1.000000,-0.000006,0.00,0
1391,5.805,-3.325780,0.000435,-3.325780,0.000435,-3.283933,-0.066960,,,,-0.041847,0.067395,0.079330,1.000000,-0.000006,0.00,0
1392,5.808,-3.325780,0.000435,-3.325780,0.000435,-3.283933,-0.068400,,,,-0.041847,0.068835,0.080557,1.000000,-0.000006,0.00,0
1393,5.811,-3.325780,0.000435,-3.325780,0.000435,-3.283933,-0.069840,,,,-0.041847,0.070275,0.081791,1.000000,-0.000006,0.00,0
1394,5.816,-3.325780,0.000435,-3.325780,0.000435,-3.283933,-0.071280,,,,-0.041847,0.071715,0.083031,1.000000,-0.000006,0.00,0
1395,5.830,-3.319843,-0.018321,-3.273716,-0.063399,-3.283933,-0.072720,-0.035910,0.054399,0.065183,0.010217,0.009321,0.013830,1.000000,-0.000006,10.50,1
1396,5.831,-3.319843,-0.018321,-3.319843,-0.018321,-3.283933,-0.074160,,,,-0.035910,0.055839,0.066389,1.000000,-0.000006,0.00,0
1397,5.836,-3.319843,-0.018321,-3.319843,-0.018321,-3.283933,-0.075600,,,,-0.035910,0.057279,0.067605,1.000000,-0.000006,0.00,0
1398,5.839,-3.319843,-0.018321,-3.319843,-0.018321,-3.283933,-0.077040,,,,-0.035910,0.058719,0.068829,1.000000,-0.000006,0.00,0
1399,5.842,-3.319843,-0.018321,-3.319843,-0.018321,-3.283933,-0.078480,,,,-0.035910,0.060159,0.070062,1.000000,-0.000006,0.00,0
1400,5.844,-3.319843,-0.018321,-3.319843,-0.018321,-3.283933,-0.079920,,,,-0.035910,0.061599,0.071302,1.000000,-0.000006,0.00,0
1401,5.848,-3.319843,-0.018321,-3.319843,-0.018321,-3.283933,-0.081360,,,,-0.035910,0.063039,0.072550,1.000000,-0.000006,0.00,0
1402,5.850,-3.319843,-0.018321,-3.319843,-0.018321,-3.283933,-0.082800,,,,-0.035910,0.064479,0.073804,1.000000,-0.000006,0.00,0
1403,5.855,-3.319843,-0.018321,-3.319843,-0.018321,-3.283933,-0.084240,,,,-0.035910,0.065919,0.075066,1.000000,-0.000006,0.00,0
1404,5.858,-3.319843,-0.018321,-3.319843,-0.018321,-3.283933,-0.085680,,,,-0.035910,0.067359,0.076333,1.000000,-0.000006,0.00,0
1405,5.860,-3.319843,-0.018321,-3.319843,-0.018321,-3.283933,-0.087120,,,,-0.035910,0.068799,0.077607,1.000000,-0.000006,0.00,0
1406,5.863,-3.319843,-0.018321,-3.319843,-0.018321,-3.283933,-0.088560,,,,-0.035910,0.070239,0.078886,1.000000,-0.000006,0.00,0
1407,5.866,-3.319843,-0.018321,-3.319843,-0.018321,-3.283933,-0.090000,,,,-0.035910,0.071679,0.080171,1.000000,-0.000006,0.00,0
1408,5.869,-3.319843,-0.018321,-3.319843,-0.018321,-3.283933,-0.091440,,,,-0.035910,0.073119,0.081461,1.000000,-0.000006,0.00,0
1409,5.873,-3.319843,-0.018321,-3.319843,-0.018321,-3.283933,-0.092880,,,,-0.035910,0.074559,0.082756,1.000000,-0.000006,0.00,0
1410,5.885,-3.268372,-0.080880,-3.180489,-0.182511,-3.283933,-0.094320,0.015561,0.013440,0.020562,0.103444,-0.088191,0.135935,1.000000,-0.000006,10.51,1
1411,5.887,-3.268372,-0.080880,-3.268372,-0.080880,-3.283933,-0.095760,,,,0.015561,0.014880,0.021530,1.000000,-0.000006,0.00,0
1412,5.890,-3.268372,-0.080880,-3.268372,-0.080880,-3.283933,-0.097200,,,,0.015561,0.016320,0.022550,1.000000,-0.000006,0.00,0
1413,5.895,-3.268372,-0.080880,-3.268372,-0.080880,-3.283933,-0.098640,,,,0.015561,0.017760,0.023613,1.000000,-0.000006,0.00,0
1414,5.897,-3.268372,-0.080880,-3.268372,-0.080880,-3.283933,-0.100080,,,,0.015561,0.019200,0.024714,1.000000,-0.000006,0.00,0
1415,5.899,-3.268372,-0.080880,-3.268372,-0.080880,-3.283933,-0.101520,,,,0.015561,0.020640,0.025849,1.000000,-0.000006,0.00,0
1416,5.901,-3.268372,-0.080880,-3.268372,-0.080880,-3.283933,-0.102960,,,,0.015561,0.022080,0.027012,1.000000,-0.000006,0.00,0
1417,5.903,-3.268372,-0.080880,-3.268372,-0.080880,-3.283933,-0.104400,,,,0.015561,0.023520,0.028202,1.000000,-0.000006,0.00,0
1418,5.907,-3.268372,-0.080880,-3.268372,-0.080880,-3.283933,-0.105840,,,,0.015561,0.024960,0.029413,1.000000,-0.000007,0.00,0
1419,5.909,-3.268372,-0.080880,-3.268372,-0.080880,-3.283933,-0.107280,,,,0.015561,0.026400,0.030645,1.000000,-0.000007,0.00,0
1420,5.914,-3.268372,-0.080880,-3.268372,-0.080880,-3.283933,-0.108720,,,,0.015561,0.027840,0.031894,1.000000,-0.000007,0.00,0
1421,5.916,-3.268372,-0.080880,-3.268372,-0.080880,-3.283933,-0.110160,,,,0.015561,0.029280,0.033158,1.000000,-0.000007,0.00,0
1422,5.919,-3.268372,-0.080880,-3.268372,-0.080880,-3.283933,-0.111600,,,,0.015561,0.030720,0.034436,1.000000,-0.000007,0.00,0
1423,5.920,-3.268372,-0.080880,-3.268372,-0.080880,-3.283933,-0.113040,,,,0.015561,0.032160,0.035727,1.000000,-0.000007,0.00,0
1424,5.924,-3.268372,-0.080880,-3.268372,-0.080880,-3.283933,-0.114480,,,,0.015561,0.033600,0.037028,1.000000,-0.000007,0.00,0
1425,5.937,-3.241780,-0.128562,-3.271134,-0.139775,-3.283933,-0.115920,0.042153,-0.012642,0.044008,0.012799,-0.023855,0.027071,1.000000,-0.000007,10.50,1
1426,5.940,-3.241780,-0.128562,-3.241780,-0.128562,-3.283933,-0.117360,,,,0.042153,-0.011202,0.043616,1.000000,-0.000007,0.00,0
1427,5.942,-3.241780,-0.128562,-3.241780,-0.128562,-3.283933,-0.118800,,,,0.042153,-0.009762,0.043268,1.000000,-0.000007,0.00,0
1428,5.946,-3.241780,-0.128562,-3.241780,-0.128562,-3.283933,-0.120240,,,,0.042153,-0.008322,0.042966,1.000000,-0.000007,0.00,0
1429,5.949,-3.241780,-0.128562,-3.241780,-0.128562,-3.283933,-0.121680,,,,0.042153,-0.006882,0.042711,1.000000,-0.000007,0.00,0
1430,5.953,-3.241780,-0.128562,-3.241780,-0.128562,-3.283933,-0.123120,,,,0.042153,-0.005442,0.042503,1.000000,-0.000007,0.00,0
1431,5.955,-3.241780,-0.128562,-3.241780,-0.128562,-3.283933,-0.124560,,,,0.042153,-0.004002,0.042342,1.000000,-0.000007,0.00,0
1432,5.959,-3.241780,-0.128562,-3.241780,-0.128562,-3.283933,-0.126000,,,,0.042153,-0.002562,0.042231,1.000000,-0.000007,0.00,0
1433,5.962,-3.241780,-0.128562,-3.241780,-0.128562,-3.283933,-0.127440,,,,0.042153,-0.001122,0.042168,1.000000,-0.000007,0.00,0
1434,5.965,-3.241780,-0.128562,-3.241780,-0.128562,-3.283933,-0.128880,,,,0.042153,0.000318,0.042154,1.000000,-0.000007,0.00,0
1435,5.969,-3.241780,-0.128562,-3.241780,-0.128562,-3.283933,-0.130320,,,,0.042153,0.001758,0.042189,1.000000,-0.000007,0.00,0
1436,5.972,-3.241780,-0.128562,-3.241780,-0.128562,-3.283933,-0.131760,,,,0.042153,0.003198,0.042274,1.000000,-0.000007,0.00,0
1437,5.974,-3.241780,-0.128562,-3.241780,-0.128562,-3.283933,-0.133200,,,,0.042153,0.004638,0.042407,1.000000,-0.000007,0.00,0
1438,5.978,-3.241780,-0.128562,-3.241780,-0.128562,-3.283933,-0.134640,,,,0.042153,0.006078,0.042589,1.000000,-0.000007,0.00,0
1439,5.981,-3.241780,-0.128562,-3.241780,-0.128562,-3.283933,-0.136080,,,,0.042153,0.007518,0.042818,1.000000,-0.000007,0.00,0
1440,5.995,-3.249564,-0.151249,-3.297070,-0.131461,-3.283933,-0.137520,0.034368,-0.013729,0.037009,-0.013137,0.006059,0.014467,1.000000,-0.000007,10.50,1
1441,5.998,-3.249564,-0.151249,-3.249564,-0.151249,-3.283933,-0.138960,,,,0.034368,-0.012289,0.036499,1.000000,-0.000007,0.00,0
1442,6.001,-3.249564,-0.151249,-3.249564,-0.151249,-3.283933,-0.140400,,,,0.034368,-0.010849,0.036040,1.000000,-0.000007,0.00,0
1443,6.004,-3.249564,-0.151249,-3.249564,-0.151249,-3.283933,-0.141840,,,,0.034368,-0.009409,0.035633,1.000000,-0.000007,0.00,0
1444,6.007,-3.249564,-0.151249,-3.249564,-0.151249,-3.283933,-0.143280,,,,0.034368,-0.007969,0.035280,1.000000,-0.000007,0.00,0
1445,6.010,-3.249564,-0.151249,-3.249564,-0.151249,-3.283933,-0.144720,,,,0.034368,-0.006529,0.034983,1.000000,-0.000007,0.00,0
1446,6.013,-3.249564,-0.151249,-3.249564,-0.151249,-3.283933,-0.146160,,,,0.034368,-0.005089,0.034743,1.000000,-0.000007,0.00,0
1447,6.017,-3.249564,-0.151249,-3.249564,-0.151249,-3.283933,-0.147600,,,,0.034368,-0.003649,0.034562,1.000000,-0.000007,0.00,0
1448,6.020,-3.249564,-0.151249,-3.249564,-0.151249,-3.283933,-0.149040,,,,0.034368,-0.002209,0.034439,1.000000,-0.000007,0.00,0
1449,6.022,-3.249564,-0.151249,-3.249564,-0.151249,-3.283933,-0.150480,,,,0.034368,-0.000769,0.034377,1.000000,-0.000007,0.00,0
1450,6.026,-3.249564,-0.151249,-3.249564,-0.151249,-3.283933,-0.151920,,,,0.034368,0.000671,0.034375,1.000000,-0.000007,0.00,0
1451,6.029,-3.249564,-0.151249,-3.249564,-0.151249,-3.283933,-0.153360,,,,0.034368,0.002111,0.034433,1.000000,-0.000007,0.00,0
1452,6.032,-3.249564,-0.151249,-3.249564,-0.151249,-3.283933,-0.154800,,,,0.034368,0.003551,0.034551,1.000000,-0.000007,0.00,0
1453,6.036,-3.249564,-0.151249,-3.249564,-0.151249,-3.283933,-0.156240,,,,0.034368,0.004991,0.034729,1.000000,-0.000007,0.00,0
1454,6.038,-3.249564,-0.151249,-3.249564,-0.151249,-3.283933,-0.157680,,,,0.034368,0.006431,0.034965,1.000000,-0.000007,0.00,0
1455,6.053,-3.300397,-0.136023,-3.332987,-0.136832,-3.283933,-0.159120,-0.016464,0.023097,0.028365,-0.049054,0.022288,0.053880,1.000000,-0.000007,11.51,1
1456,6.055,-3.300397,-0.136023,-3.300397,-0.136023,-3.283933,-0.160560,,,,-0.016464,0.024537,0.029549,1.000000,-0.000007,0.00,0
1457,6.058,-3.300397,-0.136023,-3.300397,-0.136023,-3.283933,-0.162000,,,,-0.016464,0.025977,0.030755,1.000000,-0.000007,0.00,0
1458,6.061,-3.300397,-0.136023,-3.300397,-0.136023,-3.283933,-0.163440,,,,-0.016464,0.027417,0.031981,1.000000,-0.000007,0.00,0
1459,6.065,-3.300397,-0.136023,-3.300397,-0.136023,-3.283933,-0.164880,,,,-0.016464,0.028857,0.033224,1.000000,-0.000007,0.00,0
1460,6.068,-3.300397,-0.136023,-3.300397,-0.136023,-3.283933,-0.166320,,,,-0.016464,0.030297,0.034482,1.000000,-0.000007,0.00,0
1461,6.071,-3.300397,-0.136023,-3.300397,-0.136023,-3.283933,-0.167760,,,,-0.016464,0.031737,0.035754,1.000000,-0.000007,0.00,0
1462,6.077,-3.300397,-0.136023,-3.300397,-0.136023,-3.283933,-0.169200,,,,-0.016464,0.033177,0.037038,1.000000,-0.000007,0.00,0
1463,6.079,-3.300397,-0.136023,-3.300397,-0.136023,-3.283933,-0.170640,,,,-0.016464,0.034617,0.038333,1.000000,-0.000007,0.00,0
1464,6.082,-3.300397,-0.136023,-3.300397,-0.136023,-3.283933,-0.172080,,,,-0.016464,0.036057,0.039639,1.000000,-0.000007,0.00,0
1465,6.085,-3.300397,-0.136023,-3.300397,-0.136023,-3.283933,-0.173520,,,,-0.016464,0.037497,0.040953,1.000000,-0.000007,0.00,0
1466,6.088,-3.300397,-0.136023,-3.300397,-0.136023,-3.283933,-0.174960,,,,-0.016464,0.038937,0.042275,1.000000,-0.000007,0.00,0
1467,6.091,-3.300397,-0.136023,-3.300397,-0.136023,-3.283933,-0.176400,,,,-0.016464,0.040377,0.043605,1.000000,-0.000007,0.00,0
1468,6.093,-3.300397,-0.136023,-3.300397,-0.136023,-3.283933,-0.177840,,,,-0.016464,0.041817,0.044942,1.000000,-0.000007,0.00,0
1469,6.097,-3.300397,-0.136023,-3.300397,-0.136023,-3.283933,-0.179280,,,,-0.016464,0.043257,0.046285,1.000000,-0.000007,0.00,0
1470,6.111,-3.286600,-0.167483,-3.229742,-0.234156,-3.283933,-0.180720,-0.002667,0.013237,0.013503,0.054191,-0.053436,0.076105,1.000000,-0.000007,11.22,1
1471,6.112,-3.286600,-0.167483,-3.286600,-0.167483,-3.283933,-0.182160,,,,-0.002667,0.014677,0.014917,1.000000,-0.000007,0.00,0
1472,6.118,-3.286600,-0.167483,-3.286600,-0.167483,-3.283933,-0.183600,,,,-0.002667,0.016117,0.016336,1.000000,-0.000007,0.00,0
1473,6.121,-3.286600,-0.167483,-3.286600,-0.167483,-3.283933,-0.185040,,,,-0.002667,0.017557,0.017759,1.000000,-0.000007,0.00,0
1474,6.124,-3.286600,-0.167483,-3.286600,-0.167483,-3.283933,-0.186480,,,,-0.002667,0.018997,0.019183,1.000000,-0.000007,0.00,0
1475,6.126,-3.286600,-0.167483,-3.286600,-0.167483,-3.283933,-0.187920,,,,-0.002667,0.020437,0.020610,1.000000,-0.000007,0.00,0
1476,6.129,-3.286600,-0.167483,-3.286600,-0.167483,-3.283933,-0.189360,,,,-0.002667,0.021877,0.022039,1.000000,-0.000007,0.00,0
1477,6.131,-3.286600,-0.167483,-3.286600,-0.167483,-3.283933,-0.190800,,,,-0.002667,0.023317,0.023469,1.000000,-0.000007,0.00,0
1478,6.136,-3.286600,-0.167483,-3.286600,-0.167483,-3.283933,-0.192240,,,,-0.002667,0.024757,0.024900,1.000000,-0.000007,0.00,0
1479,6.139,-3.286600,-0.167483,-3.286600,-0.167483,-3.283933,-0.193680,,,,-0.002667,0.026197,0.026333,1.000000,-0.000007,0.00,0
1480,6.141,-3.286600,-0.167483,-3.286600,-0.167483,-3.283933,-0.195120,,,,-0.002667,0.027637,0.027766,1.000000,-0.000007,0.00,0
1481,6.144,-3.286600,-0.167483,-3.286600,-0.167483,-3.283933,-0.196560,,,,-0.002667,0.029077,0.029199,1.000000,-0.000007,0.00,0
1482,6.147,-3.286600,-0.167483,-3.286600,-0.167483,-3.283933,-0.198000,,,,-0.002667,0.030517,0.030634,1.000000,-0.000007,0.00,0
1483,6.150,-3.286600,-0.167483,-3.286600,-0.167483,-3.283933,-0.199440,,,,-0.002667,0.031957,0.032068,1.000000,-0.000007,0.00,0
1484,6.155,-3.286600,-0.167483,-3.286600,-0.167483,-3.283933,-0.200880,,,,-0.002667,0.033397,0.033504,1.000000,-0.000007,0.00,0
1485,6.168,-3.248606,-0.219509,-3.183090,-0.287540,-3.283933,-0.202320,0.035326,-0.017189,0.039286,0.100843,-0.085220,0.132029,1.000000,-0.000007,10.50,1
1486,6.170,-3.248606,-0.219509,-3.248606,-0.219509,-3.283933,-0.203760,,,,0.035326,-0.015749,0.038678,1.000000,-0.000007,0.00,0
1487,6.174,-3.248606,-0.219509,-3.248606,-0.219509,-3.283933,-0.205200,,,,0.035326,-0.014309,0.038114,1.000000,-0.000007,0.00,0
1488,6.177,-3.248606,-0.219509,-3.248606,-0.219509,-3.283933,-0.206640,,,,0.035326,-0.012869,0.037597,1.000000,-0.000007,0.00,0
1489,6.180,-3.248606,-0.219509,-3.248606,-0.219509,-3.283933,-0.208080,,,,0.035326,-0.011429,0.037129,1.000000,-0.000007,0.00,0
1490,6.183,-3.248606,-0.219509,-3.248606,-0.219509,-3.283933,-0.209520,,,,0.035326,-0.009989,0.036711,1.000000,-0.000007,0.00,0
1491,6.187,-3.248606,-0.219509,-3.248606,-0.219509,-3.283933,-0.210960,,,,0.035326,-0.008549,0.036346,1.000000,-0.000007,0.00,0
1492,6.190,-3.248606,-0.219509,-3.248606,-0.219509,-3.283933,-0.212400,,,,0.035326,-0.007109,0.036035,1.000000,-0.000007,0.00,0
1493,6.193,-3.248606,-0.219509,-3.248606,-0.219509,-3.283933,-0.213840,,,,0.035326,-0.005669,0.035778,1.000000,-0.000007,0.00,0
1494,6.196,-3.248606,-0.219509,-3.248606,-0.219509,-3.283933,-0.215280,,,,0.035326,-0.004229,0.035579,1.000000,-0.000007,0.00,0
1495,6.197,-3.248606,-0.219509,-3.248606,-0.219509,-3.283933,-0.216720,,,,0.035326,-0.002789,0.035436,1.000000,-0.000007,0.00,0
1496,6.200,-3.248606,-0.219509,-3.248606,-0.219509,-3.283933,-0.218160,,,,0.035326,-0.001349,0.035352,1.000000,-0.000007,0.00,0
1497,6.203,-3.248606,-0.219509,-3.248606,-0.219509,-3.283933,-0.219600,,,,0.035326,0.000091,0.035327,1.000000,-0.000007,0.00,0
1498,6.206,-3.248606,-0.219509,-3.248606,-0.219509,-3.283933,-0.221040,,,,0.035326,0.001531,0.035360,1.000000,-0.000007,0.00,0
1499,6.209,-3.248606,-0.219509,-3.248606,-0.219509,-3.283933,-0.222480,,,,0.035326,0.002971,0.035451,1.000000,-0.000007,0.00,0
1500,6.224,-3.223891,-0.255589,-3.258840,-0.245072,-3.283933,-0.223920,0.060042,-0.031669,0.067882,0.025093,-0.021152,0.032818,1.000000,-0.000007,11.01,1
1501,6.225,-3.223891,-0.255589,-3.223891,-0.255589,-3.284738,-0.225360,,,,0.060847,-0.030229,0.067942,1.000000,-0.000007,0.00,0
1502,6.229,-3.223891,-0.255589,-3.223891,-0.255589,-3.285591,-0.226800,,,,0.061700,-0.028789,0.068086,1.000000,-0.000007,0.00,0
1503,6.233,-3.223891,-0.255589,-3.223891,-0.255589,-3.286450,-0.228240,,,,0.062559,-0.027349,0.068276,1.000000,-0.000007,0.00,0
1504,6.236,-3.223891,-0.255589,-3.223891,-0.255589,-3.287310,-0.229680,,,,0.063419,-0.025909,0.068507,1.000000,-0.000007,0.00,0
1505,6.239,-3.223891,-0.255589,-3.223891,-0.255589,-3.288168,-0.231120,,,,0.064277,-0.024469,0.068777,1.000000,-0.000007,0.00,0
1506,6.242,-3.223891,-0.255589,-3.223891,-0.255589,-3.289025,-0.232560,,,,0.065134,-0.023029,0.069086,1.000000,-0.000007,0.00,0
1507,6.244,-3.223891,-0.255589,-3.223891,-0.255589,-3.289882,-0.234000,,,,0.065991,-0.021589,0.069432,1.000000,-0.000007,0.00,0
1508,6.247,-3.223891,-0.255589,-3.223891,-0.255589,-3.290737,-0.235440,,,,0.066846,-0.020149,0.069817,1.000000,-0.000007,0.00,0
1509,6.251,-3.223891,-0.255589,-3.223891,-0.255589,-3.291592,-0.236880,,,,0.067701,-0.018709,0.070238,1.000000,-0.000007,0.00,0
1510,6.255,-3.223891,-0.255589,-3.223891,-0.255589,-3.292446,-0.238320,,,,0.068555,-0.017269,0.070697,1.000000,-0.000007,0.00,0
1511,6.258,-3.223891,-0.255589,-3.223891,-0.255589,-3.293300,-0.239760,,,,0.069409,-0.015829,0.071191,1.000000,-0.000007,0.00,0
1512,6.260,-3.223891,-0.255589,-3.223891,-0.255589,-3.294154,-0.241200,,,,0.070262,-0.014389,0.071721,1.000000,-0.000007,0.00,0
1513,6.263,-3.223891,-0.255589,-3.223891,-0.255589,-3.295007,-0.242640,,,,0.071116,-0.012949,0.072285,1.000000,-0.000007,0.00,0
1514,6.266,-3.223891,-0.255589,-3.223891,-0.255589,-3.295860,-0.244080,,,,0.071969,-0.011509,0.072883,1.000000,-0.000007,0.00,0
1515,6.281,-3.257766,-0.253697,-3.331368,-0.228480,-3.296713,-0.245520,0.038947,-0.008177,0.039796,-0.034655,0.017040,0.038618,1.000000,-0.000007,10.50,1
1516,6.283,-3.257766,-0.253697,-3.257766,-0.253697,-3.296761,-0.246960,,,,0.038995,-0.006737,0.039573,1.000000,-0.000007,0.00,0
1517,6.286,-3.257766,-0.253697,-3.257766,-0.253697,-3.296761,-0.248400,,,,0.038995,-0.005297,0.039353,1.000000,-0.000007,0.00,0
1518,6.290,-3.257766,-0.253697,-3.257766,-0.253697,-3.296754,-0.249840,,,,0.038988,-0.003857,0.039178,1.000000,-0.000007,0.00,0
1519,6.293,-3.257766,-0.253697,-3.257766,-0.253697,-3.296747,-0.251280,,,,0.038981,-0.002417,0.039056,1.000000,-0.000007,0.00,0
1520,6.296,-3.257766,-0.253697,-3.257766,-0.253697,-3.296741,-0.252720,,,,0.038975,-0.000977,0.038987,1.000000,-0.000007,0.00,0
1521,6.300,-3.257766,-0.253697,-3.257766,-0.253697,-3.296737,-0.254160,,,,0.038971,0.000463,0.038973,1.000000,-0.000007,0.00,0
1522,6.302,-3.257766,-0.253697,-3.257766,-0.253697,-3.296733,-0.255600,,,,0.038967,0.001903,0.039013,1.000000,-0.000007,0.00,0
1523,6.305,-3.257766,-0.253697,-3.257766,-0.253697,-3.296730,-0.257040,,,,0.038964,0.003343,0.039107,1.000000,-0.000007,0.00,0
1524,6.309,-3.257766,-0.253697,-3.257766,-0.253697,-3.296728,-0.258480,,,,0.038962,0.004783,0.039254,1.000000,-0.000007,0.00,0
1525,6.311,-3.257766,-0.253697,-3.257766,-0.253697,-3.296726,-0.259920,,,,0.038960,0.006223,0.039454,1.000000,-0.000007,0.00,0
1526,6.313,-3.257766,-0.253697,-3.257766,-0.253697,-3.296725,-0.261360,,,,0.038959,0.007663,0.039705,1.000000,-0.000007,0.00,0
1527,6.315,-3.257766,-0.253697,-3.257766,-0.253697,-3.296724,-0.262800,,,,0.038957,0.009103,0.040007,1.000000,-0.000007,0.00,0
1528,6.318,-3.257766,-0.253697,-3.257766,-0.253697,-3.296723,-0.264240,,,,0.038957,0.010543,0.040358,1.000000,-0.000007,0.00,0
1529,6.321,-3.257766,-0.253697,-3.257766,-0.253697,-3.296722,-0.265680,,,,0.038956,0.011983,0.040757,1.000000,-0.000006,0.00,0
1530,6.335,-3.312957,-0.220937,-3.348663,-0.189259,-3.296721,-0.267120,-0.016236,0.046183,0.048954,-0.051942,0.077861,0.093596,1.000000,-0.000006,10.51,1
1531,6.338,-3.312957,-0.220937,-3.312957,-0.220937,-3.296721,-0.268560,,,,-0.016236,0.047623,0.050315,1.000000,-0.000006,0.00,0
1532,6.341,-3.312957,-0.220937,-3.312957,-0.220937,-3.296721,-0.270000,,,,-0.016236,0.049063,0.051680,1.000000,-0.000006,0.00,0
1533,6.345,-3.312957,-0.220937,-3.312957,-0.220937,-3.296720,-0.271440,,,,-0.016237,0.050503,0.053049,1.000000,-0.000006,0.00,0
1534,6.348,-3.312957,-0.220937,-3.312957,-0.220937,-3.296720,-0.272880,,,,-0.016237,0.051943,0.054422,1.000000,-0.000006,0.00,0
1535,6.351,-3.312957,-0.220937,-3.312957,-0.220937,-3.296720,-0.274320,,,,-0.016237,0.053383,0.055798,1.000000,-0.000006,0.00,0
1536,6.354,-3.312957,-0.220937,-3.312957,-0.220937,-3.296720,-0.275760,,,,-0.016237,0.054823,0.057177,1.000000,-0.000006,0.00,0
1537,6.357,-3.312957,-0.220937,-3.312957,-0.220937,-3.296720,-0.277200,,,,-0.016237,0.056263,0.058559,1.000000,-0.000006,0.00,0
1538,6.360,-3.312957,-0.220937,-3.312957,-0.220937,-3.296720,-0.278640,,,,-0.016237,0.057703,0.059944,1.000000,-0.000006,0.00,0
1539,6.364,-3.312957,-0.220937,-3.312957,-0.220937,-3.296720,-0.280080,,,,-0.016238,0.059143,0.061332,1.000000,-0.000006,0.00,0
1540,6.367,-3.312957,-0.220937,-3.312957,-0.220937,-3.296719,-0.281520,,,,-0.016238,0.060583,0.062722,1.000000,-0.000006,0.00,0
1541,6.370,-3.312957,-0.220937,-3.312957,-0.220937,-3.296719,-0.282960,,,,-0.016238,0.062023,0.064114,1.000000,-0.000006,0.00,0
1542,6.373,-3.312957,-0.220937,-3.312957,-0.220937,-3.296719,-0.284400,,,,-0.016238,0.063463,0.065508,1.000000,-0.000006,0.00,0
1543,6.380,-3.312957,-0.220937,-3.312957,-0.220937,-3.296719,-0.285840,,,,-0.016238,0.064903,0.066904,1.000000,-0.000006,0.00,0
1544,6.382,-3.312957,-0.220937,-3.312957,-0.220937,-3.296719,-0.287280,,,,-0.016238,0.066343,0.068301,1.000000,-0.000006,0.00,0
1545,6.397,-3.305024,-0.219366,-3.235040,-0.240359,-3.296719,-0.288720,-0.008305,0.069354,0.069850,0.061679,0.048361,0.078378,1.000000,-0.000006,10.51,1
1546,6.400,-3.305024,-0.219366,-3.305024,-0.219366,-3.296719,-0.290160,,,,-0.008305,0.070794,0.071280,1.000000,-0.000006,0.00,0
1547,6.403,-3.305024,-0.219366,-3.305024,-0.219366,-3.296719,-0.291600,,,,-0.008305,0.072234,0.072710,1.000000,-0.000006,0.00,0
1548,6.406,-3.305024,-0.219366,-3.305024,-0.219366,-3.296719,-0.293040,,,,-0.008305,0.073674,0.074141,1.000000,-0.000006,0.00,0
1549,6.409,-3.305024,-0.219366,-3.305024,-0.219366,-3.296719,-0.294480,,,,-0.008305,0.075114,0.075572,1.000000,-0.000006,0.00,0
1550,6.411,-3.305024,-0.219366,-3.305024,-0.219366,-3.296719,-0.295920,,,,-0.008305,0.076554,0.077003,1.000000,-0.000006,0.00,0
1551,6.414,-3.305024,-0.219366,-3.305024,-0.219366,-3.296719,-0.297360,,,,-0.008305,0.077994,0.078435,1.000000,-0.000006,0.00,0
1552,6.418,-3.305024,-0.219366,-3.305024,-0.219366,-3.296719,-0.298800,,,,-0.008305,0.079434,0.079867,1.000000,-0.000006,0.00,0
1553,6.421,-3.305024,-0.219366,-3.305024,-0.219366,-3.296719,-0.300240,,,,-0.008305,0.080874,0.081299,1.000000,-0.000006,0.00,0
1554,6.422,-3.305024,-0.219366,-3.305024,-0.219366,-3.296719,-0.301680,,,,-0.008305,0.082314,0.082732,1.000000,-0.000006,0.00,0
1555,6.425,-3.305024,-0.219366,-3.305024,-0.219366,-3.296719,-0.303120,,,,-0.008305,0.083754,0.084165,1.000000,-0.000006,0.00,0
1556,6.428,-3.305024,-0.219366,-3.305024,-0.219366,-3.296719,-0.304560,,,,-0.008305,0.085194,0.085598,1.000000,-0.000006,0.00,0
1557,6.431,-3.305024,-0.219366,-3.305024,-0.219366,-3.296719,-0.306000,,,,-0.008305,0.086634,0.087031,1.000000,-0.000006,0.00,0
1558,6.434,-3.305024,-0.219366,-3.305024,-0.219366,-3.296719,-0.307440,,,,-0.008305,0.088074,0.088465,1.000000,-0.000006,0.00,0
1559,6.438,-3.305024,-0.219366,-3.305024,-0.219366,-3.296719,-0.308880,,,,-0.008305,0.089514,0.089899,1.000000,-0.000006,0.00,0
1560,6.452,-3.250219,-0.236174,-3.166953,-0.278902,-3.296719,-0.310320,0.046501,0.074147,0.087522,0.129767,0.031418,0.133516,1.000000,-0.000006,10.51,1
1561,6.454,-3.250219,-0.236174,-3.250219,-0.236174,-3.296719,-0.311760,,,,0.046501,0.075587,0.088745,1.000000,-0.000006,0.00,0
1562,6.458,-3.250219,-0.236174,-3.250219,-0.236174,-3.296719,-0.313200,,,,0.046501,0.077027,0.089975,1.000000,-0.000006,0.00,0
1563,6.461,-3.250219,-0.236174,-3.250219,-0.236174,-3.296719,-0.314640,,,,0.046501,0.078467,0.091210,1.000000,-0.000006,0.00,0
1564,6.462,-3.250219,-0.236174,-3.250219,-0.236174,-3.296719,-0.316080,,,,0.046501,0.079907,0.092452,1.000000,-0.000006,0.00,0
1565,6.465,-3.250219,-0.236174,-3.250219,-0.236174,-3.296719,-0.317520,,,,0.046501,0.081347,0.093700,1.000000,-0.000006,0.00,0
1566,6.469,-3.250219,-0.236174,-3.250219,-0.236174,-3.296719,-0.318960,,,,0.046501,0.082787,0.094952,1.000000,-0.000006,0.00,0
1567,6.472,-3.250219,-0.236174,-3.250219,-0.236174,-3.296719,-0.320400,,,,0.046501,0.084227,0.096210,1.000000,-0.000006,0.00,0
1568,6.474,-3.250219,-0.236174,-3.250219,-0.236174,-3.296719,-0.321840,,,,0.046501,0.085667,0.097474,1.000000,-0.000006,0.00,0
1569,6.476,-3.250219,-0.236174,-3.250219,-0.236174,-3.296719,-0.323280,,,,0.046501,0.087107,0.098742,1.000000,-0.000006,0.00,0
1570,6.479,-3.250219,-0.236174,-3.250219,-0.236174,-3.296719,-0.324720,,,,0.046501,0.088547,0.100014,1.000000,-0.000006,0.00,0
1571,6.482,-3.250219,-0.236174,-3.250219,-0.236174,-3.296719,-0.326160,,,,0.046501,0.089987,0.101291,1.000000,-0.000006,0.00,0
1572,6.486,-3.250219,-0.236174,-3.250219,-0.236174,-3.296719,-0.327600,,,,0.046501,0.091427,0.102573,1.000000,-0.000006,0.00,0
1573,6.489,-3.250219,-0.236174,-3.250219,-0.236174,-3.296719,-0.329040,,,,0.046501,0.092867,0.103858,1.000000,-0.000006,0.00,0
1574,6.491,-3.250219,-0.236174,-3.250219,-0.236174,-3.296719,-0.330480,,,,0.046501,0.094307,0.105148,1.000000,-0.000006,0.00,0
1575,6.506,-3.228753,-0.266378,-3.284266,-0.279872,-3.296719,-0.331920,0.067966,0.065542,0.094421,0.012454,0.052048,0.053517,1.000000,-0.000006,11.51,1
1576,6.508,-3.228753,-0.266378,-3.228753,-0.266378,-3.297473,-0.333360,,,,0.068720,0.066982,0.095964,1.000000,-0.000006,0.00,0
1577,6.511,-3.228753,-0.266378,-3.228753,-0.266378,-3.298271,-0.334800,,,,0.069518,0.068422,0.097542,1.000000,-0.000006,0.00,0
1578,6.514,-3.228753,-0.266378,-3.228753,-0.266378,-3.299076,-0.336240,,,,0.070323,0.069862,0.099127,1.000000,-0.000006,0.00,0
1579,6.517,-3.228753,-0.266378,-3.228753,-0.266378,-3.299881,-0.337680,,,,0.071128,0.071302,0.100713,1.000000,-0.000006,0.00,0
1580,6.520,-3.228753,-0.266378,-3.228753,-0.266378,-3.300684,-0.339120,,,,0.071931,0.072742,0.102301,1.000000,-0.000006,0.00,0
1581,6.524,-3.228753,-0.266378,-3.228753,-0.266378,-3.301486,-0.340560,,,,0.072734,0.074182,0.103890,1.000000,-0.000006,0.00,0
1582,6.526,-3.228753,-0.266378,-3.228753,-0.266378,-3.302288,-0.342000,,,,0.073535,0.075622,0.105481,1.000000,-0.000006,0.00,0
1583,6.529,-3.228753,-0.266378,-3.228753,-0.266378,-3.303089,-0.343440,,,,0.074336,0.077062,0.107072,1.000000,-0.000006,0.00,0
1584,6.534,-3.228753,-0.266378,-3.228753,-0.266378,-3.303889,-0.344880,,,,0.075136,0.078502,0.108665,1.000000,-0.000006,0.00,0
1585,6.536,-3.228753,-0.266378,-3.228753,-0.266378,-3.304689,-0.346320,,,,0.075936,0.079942,0.110259,1.000000,-0.000006,0.00,0
1586,6.539,-3.228753,-0.266378,-3.228753,-0.266378,-3.305488,-0.347760,,,,0.076735,0.081382,0.111854,1.000000,-0.000006,0.00,0
1587,6.542,-3.228753,-0.266378,-3.228753,-0.266378,-3.306287,-0.349200,,,,0.077534,0.082822,0.113451,1.000000,-0.000006,0.00,0
1588,6.545,-3.228753,-0.266378,-3.228753,-0.266378,-3.307086,-0.350640,,,,0.078333,0.084262,0.115049,1.000000,-0.000006,0.00,0
1589,6.548,-3.228753,-0.266378,-3.228753,-0.266378,-3.307884,-0.352080,,,,0.079132,0.085702,0.116648,1.000000,-0.000006,0.00,0
1590,6.562,-3.257924,-0.297757,-3.322553,-0.334495,-3.308683,-0.353520,0.050759,0.055764,0.075406,-0.013870,0.019025,0.023544,1.000000,-0.000006,10.51,1
1591,6.565,-3.257924,-0.297757,-3.257924,-0.297757,-3.308728,-0.354960,,,,0.050804,0.057204,0.076507,1.000000,-0.000006,0.00,0
1592,6.567,-3.257924,-0.297757,-3.257924,-0.297757,-3.308728,-0.356400,,,,0.050804,0.058644,0.077589,1.000000,-0.000006,0.00,0
1593,6.571,-3.257924,-0.297757,-3.257924,-0.297757,-3.308721,-0.357840,,,,0.050797,0.060084,0.078679,1.000000,-0.000006,0.00,0
1594,6.574,-3.257924,-0.297757,-3.257924,-0.297757,-3.308715,-0.359280,,,,0.050791,0.061524,0.079780,1.000000,-0.000006,0.00,0
1595,6.577,-3.257924,-0.297757,-3.257924,-0.297757,-3.308709,-0.360720,,,,0.050785,0.062964,0.080892,1.000000,-0.000006,0.00,0
1596,6.580,-3.257924,-0.297757,-3.257924,-0.297757,-3.308705,-0.362160,,,,0.050781,0.064404,0.082016,1.000000,-0.000006,0.00,0
1597,6.582,-3.257924,-0.297757,-3.257924,-0.297757,-3.308702,-0.363600,,,,0.050778,0.065844,0.083149,1.000000,-0.000006,0.00,0
1598,6.586,-3.257924,-0.297757,-3.257924,-0.297757,-3.308699,-0.365040,,,,0.050775,0.067284,0.084292,1.000000,-0.000006,0.00,0
1599,6.590,-3.257924,-0.297757,-3.257924,-0.297757,-3.308697,-0.366480,,,,0.050773,0.068724,0.085445,1.000000,-0.000006,0.00,0
1600,6.593,-3.257924,-0.297757,-3.257924,-0.297757,-3.308695,-0.367920,,,,0.050771,0.070164,0.086606,1.000000,-0.000006,0.00,0
1601,6.596,-3.257924,-0.297757,-3.257924,-0.297757,-3.308694,-0.369360,,,,0.050770,0.071604,0.087776,1.000000,-0.000006,0.00,0
1602,6.599,-3.257924,-0.297757,-3.257924,-0.297757,-3.308693,-0.370800,,,,0.050769,0.073044,0.088954,1.000000,-0.000006,0.00,0
1603,6.603,-3.257924,-0.297757,-3.257924,-0.297757,-3.308692,-0.372240,,,,0.050768,0.074484,0.090140,1.000000,-0.000006,0.00,0
1604,6.606,-3.257924,-0.297757,-3.257924,-0.297757,-3.308691,-0.373680,,,,0.050767,0.075924,0.091333,1.000000,-0.000006,0.00,0
1605,6.620,-3.308148,-0.318332,-3.317627,-0.340628,-3.308691,-0.375120,0.000542,0.056788,0.056791,-0.008936,0.034492,0.035631,1.000000,-0.000006,10.50,1
1606,6.622,-3.308148,-0.318332,-3.308148,-0.318332,-3.308690,-0.376560,,,,0.000542,0.058228,0.058231,1.000000,-0.000006,0.00,0
1607,6.626,-3.308148,-0.318332,-3.308148,-0.318332,-3.308690,-0.378000,,,,0.000542,0.059668,0.059671,1.000000,-0.000006,0.00,0
1608,6.630,-3.308148,-0.318332,-3.308148,-0.318332,-3.308690,-0.379440,,,,0.000541,0.061108,0.061111,1.000000,-0.000006,0.00,0
1609,6.633,-3.308148,-0.318332,-3.308148,-0.318332,-3.308689,-0.380880,,,,0.000541,0.062548,0.062551,1.000000,-0.000006,0.00,0
1610,6.637,-3.308148,-0.318332,-3.308148,-0.318332,-3.308689,-0.382320,,,,0.000541,0.063988,0.063991,1.000000,-0.000006,0.00,0
1611,6.638,-3.308148,-0.318332,-3.308148,-0.318332,-3.308689,-0.383760,,,,0.000541,0.065428,0.065431,1.000000,-0.000006,0.00,0
1612,6.641,-3.308148,-0.318332,-3.308148,-0.318332,-3.308689,-0.385200,,,,0.000541,0.066868,0.066871,1.000000,-0.000006,0.00,0
1613,6.643,-3.308148,-0.318332,-3.308148,-0.318332,-3.308689,-0.386640,,,,0.000541,0.068308,0.068311,1.000000,-0.000006,0.00,0
1614,6.646,-3.308148,-0.318332,-3.308148,-0.318332,-3.308689,-0.388080,,,,0.000541,0.069748,0.069751,1.000000,-0.000006,0.00,0
1615,6.651,-3.308148,-0.318332,-3.308148,-0.318332,-3.308689,-0.389520,,,,0.000540,0.071188,0.071190,1.000000,-0.000006,0.00,0
1616,6.653,-3.308148,-0.318332,-3.308148,-0.318332,-3.308689,-0.390960,,,,0.000540,0.072628,0.072630,1.000000,-0.000006,0.00,0
1617,6.657,-3.308148,-0.318332,-3.308148,-0.318332,-3.308689,-0.392400,,,,0.000540,0.074068,0.074070,1.000000,-0.000006,0.00,0
1618,6.660,-3.308148,-0.318332,-3.308148,-0.318332,-3.308689,-0.393840,,,,0.000540,0.075508,0.075510,1.000000,-0.000006,0.00,0
1619,6.663,-3.308148,-0.318332,-3.308148,-0.318332,-3.308689,-0.395280,,,,0.000540,0.076948,0.076950,1.000000,-0.000006,0.00,0
1620,6.678,-3.307663,-0.356014,-3.282808,-0.392920,-3.308689,-0.396720,0.001026,0.040706,0.040719,0.025880,0.003801,0.026158,1.000000,-0.000006,11.51,1
1621,6.680,-3.307663,-0.356014,-3.307663,-0.356014,-3.308689,-0.398160,,,,0.001026,0.042146,0.042158,1.000000,-0.000006,0.00,0
1622,6.686,-3.307663,-0.356014,-3.307663,-0.356014,-3.308689,-0.399600,,,,0.001026,0.043586,0.043598,1.000000,-0.000006,0.00,0
1623,6.689,-3.307663,-0.356014,-3.307663,-0.356014,-3.308689,-0.401040,,,,0.001026,0.045026,0.045038,1.000000,-0.000006,0.00,0
1624,6.692,-3.307663,-0.356014,-3.307663,-0.356014,-3.308689,-0.402480,,,,0.001026,0.046466,0.046477,1.000000,-0.000006,0.00,0
1625,6.696,-3.307663,-0.356014,-3.307663,-0.356014,-3.308689,-0.403920,,,,0.001026,0.047906,0.047917,1.000000,-0.000006,0.00,0
1626,6.700,-3.307663,-0.356014,-3.307663,-0.356014,-3.308689,-0.405360,,,,0.001026,0.049346,0.049357,1.000000,-0.000006,0.00,0
1627,6.702,-3.307663,-0.356014,-3.307663,-0.356014,-3.308689,-0.406800,,,,0.001026,0.050786,0.050796,1.000000,-0.000006,0.00,0
1628,6.704,-3.307663,-0.356014,-3.307663,-0.356014,-3.308689,-0.408240,,,,0.001026,0.052226,0.052236,1.000000,-0.000006,0.00,0
1629,6.707,-3.307663,-0.356014,-3.307663,-0.356014,-3.308689,-0.409680,,,,0.001026,0.053666,0.053676,1.000000,-0.000006,0.00,0
1630,6.710,-3.307663,-0.356014,-3.307663,-0.356014,-3.308689,-0.411120,,,,0.001026,0.055106,0.055115,1.000000,-0.000006,0.00,0
1631,6.713,-3.307663,-0.356014,-3.307663,-0.356014,-3.308689,-0.412560,,,,0.001026,0.056546,0.056555,1.000000,-0.000006,0.00,0
1632,6.715,-3.307663,-0.356014,-3.307663,-0.356014,-3.308689,-0.414000,,,,0.001026,0.057986,0.057995,1.000000,-0.000006,0.00,0
1633,6.719,-3.307663,-0.356014,-3.307663,-0.356014,-3.308689,-0.415440,,,,0.001026,0.059426,0.059435,1.000000,-0.000006,0.00,0
1634,6.721,-3.307663,-0.356014,-3.307663,-0.356014,-3.308689,-0.416880,,,,0.001026,0.060866,0.060875,1.000000,-0.000006,0.00,0
1635,6.734,-3.274861,-0.399317,-3.224147,-0.464404,-3.308689,-0.418320,0.033828,0.019003,0.038800,0.084541,-0.046084,0.096286,1.000000,-0.000006,10.51,1
1636,6.736,-3.274861,-0.399317,-3.274861,-0.399317,-3.308689,-0.419760,,,,0.033828,0.020443,0.039525,1.000000,-0.000006,0.00,0
1637,6.740,-3.274861,-0.399317,-3.274861,-0.399317,-3.308689,-0.421200,,,,0.033828,0.021883,0.040289,1.000000,-0.000006,0.00,0
1638,6.742,-3.274861,-0.399317,-3.274861,-0.399317,-3.308689,-0.422640,,,,0.033828,0.023323,0.041088,1.000000,-0.000006,0.00,0
1639,6.746,-3.274861,-0.399317,-3.274861,-0.399317,-3.308689,-0.424080,,,,0.033828,0.024763,0.041923,1.000000,-0.000006,0.00,0
1640,6.749,-3.274861,-0.399317,-3.274861,-0.399317,-3.308689,-0.425520,,,,0.033828,0.026203,0.042789,1.000000,-0.000006,0.00,0
1641,6.751,-3.274861,-0.399317,-3.274861,-0.399317,-3.308689,-0.426960,,,,0.033828,0.027643,0.043686,1.000000,-0.000006,0.00,0
1642,6.754,-3.274861,-0.399317,-3.274861,-0.399317,-3.308689,-0.428400,,,,0.033828,0.029083,0.044611,1.000000,-0.000006,0.00,0
1643,6.756,-3.274861,-0.399317,-3.274861,-0.399317,-3.308689,-0.429840,,,,0.033828,0.030523,0.045563,1.000000,-0.000006,0.00,0
1644,6.760,-3.274861,-0.399317,-3.274861,-0.399317,-3.308689,-0.431280,,,,0.033828,0.031963,0.046540,1.000000,-0.000006,0.00,0
1645,6.764,-3.274861,-0.399317,-3.274861,-0.399317,-3.308689,-0.432720,,,,0.033828,0.033403,0.047540,1.000000,-0.000006,0.00,0
1646,6.767,-3.274861,-0.399317,-3.274861,-0.399317,-3.308689,-0.434160,,,,0.033828,0.034843,0.048563,1.000000,-0.000006,0.00,0
1647,6.770,-3.274861,-0.399317,-3.274861,-0.399317,-3.308689,-0.435600,,,,0.033828,0.036283,0.049606,1.000000,-0.000006,0.00,0
1648,6.773,-3.274861,-0.399317,-3.274861,-0.399317,-3.308689,-0.437040,,,,0.033828,0.037723,0.050669,1.000000,-0.000006,0.00,0
1649,6.775,-3.274861,-0.399317,-3.274861,-0.399317,-3.308689,-0.438480,,,,0.033828,0.039163,0.051750,1.000000,-0.000006,0.00,0
1650,6.791,-3.269378,-0.419504,-3.301178,-0.401189,-3.308689,-0.439920,0.039311,0.020416,0.044296,0.007511,0.038731,0.039453,1.000000,-0.000006,10.50,1
1651,6.793,-3.269378,-0.419504,-3.269378,-0.419504,-3.308689,-0.441360,,,,0.039311,0.021856,0.044978,1.000000,-0.000006,0.00,0
1652,6.796,-3.269378,-0.419504,-3.269378,-0.419504,-3.308689,-0.442800,,,,0.039311,0.023296,0.045695,1.000000,-0.000006,0.00,0
1653,6.800,-3.269378,-0.419504,-3.269378,-0.419504,-3.308689,-0.444240,,,,0.039311,0.024736,0.046446,1.000000,-0.000006,0.00,0
1654,6.804,-3.269378,-0.419504,-3.269378,-0.419504,-3.308689,-0.445680,,,,0.039311,0.026176,0.047229,1.000000,-0.000006,0.00,0
1655,6.807,-3.269378,-0.419504,-3.269378,-0.419504,-3.308689,-0.447120,,,,0.039311,0.027616,0.048042,1.000000,-0.000006,0.00,0
1656,6.810,-3.269378,-0.419504,-3.269378,-0.419504,-3.308689,-0.448560,,,,0.039311,0.029056,0.048884,1.000000,-0.000006,0.00,0
1657,6.813,-3.269378,-0.419504,-3.269378,-0.419504,-3.308689,-0.450000,,,,0.039311,0.030496,0.049753,1.000000,-0.000006,0.00,0
1658,6.817,-3.269378,-0.419504,-3.269378,-0.419504,-3.308689,-0.451440,,,,0.039311,0.031936,0.050648,1.000000,-0.000006,0.00,0
1659,6.821,-3.269378,-0.419504,-3.269378,-0.419504,-3.308689,-0.452880,,,,0.039311,0.033376,0.051568,1.000000,-0.000006,0.00,0
1660,6.823,-3.269378,-0.419504,-3.269378,-0.419504,-3.308689,-0.454320,,,,0.039311,0.034816,0.052512,1.000000,-0.000006,0.00,0
1661,6.826,-3.269378,-0.419504,-3.269378,-0.419504,-3.308689,-0.455760,,,,0.039311,0.036256,0.053478,1.000000,-0.000006,0.00,0
1662,6.828,-3.269378,-0.419504,-3.269378,-0.419504,-3.308689,-0.457200,,,,0.039311,0.037696,0.054464,1.000000,-0.000006,0.00,0
1663,6.831,-3.269378,-0.419504,-3.269378,-0.419504,-3.308689,-0.458640,,,,0.039311,0.039136,0.055471,1.000000,-0.000006,0.00,0
1664,6.835,-3.269378,-0.419504,-3.269378,-0.419504,-3.308689,-0.460080,,,,0.039311,0.040576,0.056496,1.000000,-0.000006,0.00,0
1665,6.849,-3.262687,-0.424790,-3.262737,-0.408778,-3.308689,-0.461520,0.046001,0.036730,0.058866,0.045952,0.052742,0.069952,1.000000,-0.000006,10.51,1
1666,6.851,-3.262687,-0.424790,-3.262687,-0.424790,-3.308689,-0.462960,,,,0.046001,0.038170,0.059775,1.000000,-0.000006,0.00,0
1667,6.855,-3.262687,-0.424790,-3.262687,-0.424790,-3.308689,-0.464400,,,,0.046001,0.039610,0.060705,1.000000,-0.000006,0.00,0
1668,6.859,-3.262687,-0.424790,-3.262687,-0.424790,-3.308689,-0.465840,,,,0.046001,0.041050,0.061654,1.000000,-0.000006,0.00,0
1669,6.862,-3.262687,-0.424790,-3.262687,-0.424790,-3.308689,-0.467280,,,,0.046001,0.042490,0.062622,1.000000,-0.000006,0.00,0
1670,6.864,-3.262687,-0.424790,-3.262687,-0.424790,-3.308689,-0.468720,,,,0.046001,0.043930,0.063608,1.000000,-0.000006,0.00,0
1671,6.867,-3.262687,-0.424790,-3.262687,-0.424790,-3.308689,-0.470160,,,,0.046001,0.045370,0.064611,1.000000,-0.000006,0.00,0
1672,6.870,-3.262687,-0.424790,-3.262687,-0.424790,-3.308689,-0.471600,,,,0.046001,0.046810,0.065630,1.000000,-0.000006,0.00,0
1673,6.873,-3.262687,-0.424790,-3.262687,-0.424790,-3.308689,-0.473040,,,,0.046001,0.048250,0.066665,1.000000,-0.000007,0.00,0
1674,6.878,-3.262687,-0.424790,-3.262687,-0.424790,-3.308689,-0.474480,,,,0.046001,0.049690,0.067714,1.000000,-0.000007,0.00,0
1675,6.881,-3.262687,-0.424790,-3.262687,-0.424790,-3.308689,-0.475920,,,,0.046001,0.051130,0.068778,1.000000,-0.000007,0.00,0
1676,6.883,-3.262687,-0.424790,-3.262687,-0.424790,-3.308689,-0.477360,,,,0.046001,0.052570,0.069855,1.000000,-0.000007,0.00,0
1677,6.886,-3.262687,-0.424790,-3.262687,-0.424790,-3.308689,-0.478800,,,,0.046001,0.054010,0.070945,1.000000,-0.000007,0.00,0
1678,6.889,-3.262687,-0.424790,-3.262687,-0.424790,-3.308689,-0.480240,,,,0.046001,0.055450,0.072047,1.000000,-0.000007,0.00,0
1679,6.892,-3.262687,-0.424790,-3.262687,-0.424790,-3.308689,-0.481680,,,,0.046001,0.056890,0.073161,1.000000,-0.000007,0.00,0
1680,6.907,-3.284912,-0.411505,-3.290821,-0.424549,-3.308689,-0.483120,0.023777,0.071615,0.075459,0.017868,0.058572,0.061236,1.000000,-0.000007,11.51,1
1681,6.908,-3.284912,-0.411505,-3.284912,-0.411505,-3.308689,-0.484560,,,,0.023777,0.073055,0.076827,1.000000,-0.000007,0.00,0
1682,6.911,-3.284912,-0.411505,-3.284912,-0.411505,-3.308689,-0.486000,,,,0.023777,0.074495,0.078197,1.000000,-0.000007,0.00,0
1683,6.916,-3.284912,-0.411505,-3.284912,-0.411505,-3.308689,-0.487440,,,,0.023777,0.075935,0.079570,1.000000,-0.000007,0.00,0
1684,6.919,-3.284912,-0.411505,-3.284912,-0.411505,-3.308689,-0.488880,,,,0.023777,0.077375,0.080946,1.000000,-0.000007,0.00,0
1685,6.922,-3.284912,-0.411505,-3.284912,-0.411505,-3.308689,-0.490320,,,,0.023777,0.078815,0.082323,1.000000,-0.000007,0.00,0
1686,6.925,-3.284912,-0.411505,-3.284912,-0.411505,-3.308689,-0.491760,,,,0.023777,0.080255,0.083703,1.000000,-0.000007,0.00,0
1687,6.928,-3.284912,-0.411505,-3.284912,-0.411505,-3.308689,-0.493200,,,,0.023777,0.081695,0.085085,1.000000,-0.000007,0.00,0
1688,6.931,-3.284912,-0.411505,-3.284912,-0.411505,-3.308689,-0.494640,,,,0.023777,0.083135,0.086468,1.000000,-0.000007,0.00,0
1689,6.935,-3.284912,-0.411505,-3.284912,-0.411505,-3.308689,-0.496080,,,,0.023777,0.084575,0.087854,1.000000,-0.000007,0.00,0
1690,6.938,-3.284912,-0.411505,-3.284912,-0.411505,-3.308689,-0.497520,,,,0.023777,0.086015,0.089241,1.000000,-0.000007,0.00,0
1691,6.941,-3.284912,-0.411505,-3.284912,-0.411505,-3.308689,-0.498960,,,,0.023777,0.087455,0.090630,1.000000,-0.000007,0.00,0
1692,6.945,-3.284912,-0.411505,-3.284912,-0.411505,-3.308689,-0.500400,,,,0.023777,0.088895,0.092020,1.000000,-0.000007,0.00,0
1693,6.948,-3.284912,-0.411505,-3.284912,-0.411505,-3.308689,-0.501840,,,,0.023777,0.090335,0.093412,1.000000,-0.000007,0.00,0
1694,6.951,-3.284912,-0.411505,-3.284912,-0.411505,-3.308689,-0.503280,,,,0.023777,0.091775,0.094805,1.000000,-0.000007,0.00,0
1695,6.966,-3.275349,-0.445070,-3.272490,-0.501882,-3.308689,-0.504720,0.033339,0.059651,0.068335,0.036199,0.002838,0.036310,1.000000,-0.000007,10.51,1
1696,6.968,-3.275349,-0.445070,-3.275349,-0.445070,-3.308689,-0.506160,,,,0.033339,0.061091,0.069596,1.000000,-0.000007,0.00,0
1697,6.971,-3.275349,-0.445070,-3.275349,-0.445070,-3.308689,-0.507600,,,,0.033339,0.062531,0.070863,1.000000,-0.000007,0.00,0
1698,6.975,-3.275349,-0.445070,-3.275349,-0.445070,-3.308689,-0.509040,,,,0.033339,0.063971,0.072137,1.000000,-0.000007,0.00,0
1699,6.978,-3.275349,-0.445070,-3.275349,-0.445070,-3.308689,-0.510480,,,,0.033339,0.065411,0.073417,1.000000,-0.000007,0.00,0
1700,6.981,-3.275349,-0.445070,-3.275349,-0.445070,-3.308689,-0.511920,,,,0.033339,0.066851,0.074703,1.000000,-0.000007,0.00,0
1701,6.988,-3.275349,-0.445070,-3.275349,-0.445070,-3.308689,-0.513360,,,,0.033339,0.068291,0.075994,1.000000,-0.000007,0.00,0
1702,6.991,-3.275349,-0.445070,-3.275349,-0.445070,-3.308689,-0.514800,,,,0.033339,0.069731,0.077291,1.000000,-0.000007,0.00,0
1703,6.994,-3.275349,-0.445070,-3.275349,-0.445070,-3.308689,-0.516240,,,,0.033339,0.071171,0.078593,1.000000,-0.000007,0.00,0
1704,6.997,-3.275349,-0.445070,-3.275349,-0.445070,-3.308689,-0.517680,,,,0.033339,0.072611,0.079899,1.000000,-0.000007,0.00,0
1705,7.001,-3.275349,-0.445070,-3.275349,-0.445070,-3.308689,-0.519120,,,,0.033339,0.074051,0.081210,1.000000,-0.000007,0.00,0
1706,7.004,-3.275349,-0.445070,-3.275349,-0.445070,-3.308689,-0.520560,,,,0.033339,0.075491,0.082525,1.000000,-0.000007,0.00,0
1707,7.007,-3.275349,-0.445070,-3.275349,-0.445070,-3.308689,-0.522000,,,,0.033339,0.076931,0.083844,1.000000,-0.000007,0.00,0
1708,7.010,-3.275349,-0.445070,-3.275349,-0.445070,-3.308689,-0.523440,,,,0.033339,0.078371,0.085167,1.000000,-0.000007,0.00,0
1709,7.014,-3.275349,-0.445070,-3.275349,-0.445070,-3.308689,-0.524880,,,,0.033339,0.079811,0.086494,1.000000,-0.000007,0.00,0
1710,7.028,-3.255930,-0.514362,-3.204478,-0.616655,-3.308689,-0.526320,0.052759,0.011958,0.054097,0.104211,-0.090335,0.137914,1.000000,-0.000007,10.04,1
1711,7.029,-3.255930,-0.514362,-3.255930,-0.514362,-3.308689,-0.527760,,,,0.052759,0.013398,0.054434,1.000000,-0.000007,0.00,0
1712,7.034,-3.255930,-0.514362,-3.255930,-0.514362,-3.308689,-0.529200,,,,0.052759,0.014838,0.054806,1.000000,-0.000007,0.00,0
1713,7.037,-3.255930,-0.514362,-3.255930,-0.514362,-3.308689,-0.530640,,,,0.052759,0.016278,0.055213,1.000000,-0.000007,0.00,0
1714,7.040,-3.255930,-0.514362,-3.255930,-0.514362,-3.308689,-0.532080,,,,0.052759,0.017718,0.055655,1.000000,-0.000007,0.00,0
1715,7.042,-3.255930,-0.514362,-3.255930,-0.514362,-3.308689,-0.533520,,,,0.052759,0.019158,0.056130,1.000000,-0.000007,0.00,0
1716,7.046,-3.255930,-0.514362,-3.255930,-0.514362,-3.308689,-0.534960,,,,0.052759,0.020598,0.056637,1.000000,-0.000007,0.00,0
1717,7.047,-3.255930,-0.514362,-3.255930,-0.514362,-3.308689,-0.536400,,,,0.052759,0.022038,0.057177,1.000000,-0.000007,0.00,0
1718,7.050,-3.255930,-0.514362,-3.255930,-0.514362,-3.308689,-0.537840,,,,0.052759,0.023478,0.057747,1.000000,-0.000007,0.00,0
1719,7.054,-3.255930,-0.514362,-3.255930,-0.514362,-3.308689,-0.539280,,,,0.052759,0.024918,0.058347,1.000000,-0.000007,0.00,0
1720,7.056,-3.255930,-0.514362,-3.255930,-0.514362,-3.308689,-0.540720,,,,0.052759,0.026358,0.058977,1.000000,-0.000007,0.00,0
1721,7.059,-3.255930,-0.514362,-3.255930,-0.514362,-3.308689,-0.542160,,,,0.052759,0.027798,0.059634,1.000000,-0.000007,0.00,0
1722,7.062,-3.255930,-0.514362,-3.255930,-0.514362,-3.308689,-0.543600,,,,0.052759,0.029238,0.060319,1.000000,-0.000007,0.00,0
1723,7.067,-3.255930,-0.514362,-3.255930,-0.514362,-3.308689,-0.545040,,,,0.052759,0.030678,0.061030,1.000000,-0.000007,0.00,0
1724,7.070,-3.255930,-0.514362,-3.255930,-0.514362,-3.308689,-0.546480,,,,0.052759,0.032118,0.061766,1.000000,-0.000007,0.00,0
1725,7.085,-3.270071,-0.558019,-3.333244,-0.555518,-3.308689,-0.547921,0.038618,-0.010098,0.039916,-0.024555,-0.007598,0.025704,1.000000,-0.000007,11.01,1
1726,7.086,-3.270071,-0.558019,-3.270071,-0.558019,-3.308689,-0.549361,,,,0.038618,-0.008658,0.039576,1.000000,-0.000007,0.00,0
1727,7.090,-3.270071,-0.558019,-3.270071,-0.558019,-3.308689,-0.550801,,,,0.038618,-0.007218,0.039287,1.000000,-0.000007,0.00,0
1728,7.094,-3.270071,-0.558019,-3.270071,-0.558019,-3.308689,-0.552241,,,,0.038618,-0.005778,0.039048,1.000000,-0.000007,0.00,0
1729,7.096,-3.270071,-0.558019,-3.270071,-0.558019,-3.308689,-0.553681,,,,0.038618,-0.004338,0.038861,1.000000,-0.000007,0.00,0
1730,7.100,-3.270071,-0.558019,-3.270071,-0.558019,-3.308689,-0.555121,,,,0.038618,-0.002898,0.038726,1.000000,-0.000007,0.00,0
1731,7.103,-3.270071,-0.558019,-3.270071,-0.558019,-3.308689,-0.556561,,,,0.038618,-0.001458,0.038645,1.000000,-0.000007,0.00,0
1732,7.106,-3.270071,-0.558019,-3.270071,-0.558019,-3.308689,-0.558001,,,,0.038618,-0.000018,0.038618,1.000000,-0.000007,0.00,0
1733,7.109,-3.270071,-0.558019,-3.270071,-0.558019,-3.308689,-0.559441,,,,0.038618,0.001422,0.038644,1.000000,-0.000007,0.00,0
1734,7.112,-3.270071,-0.558019,-3.270071,-0.558019,-3.308689,-0.560881,,,,0.038618,0.002862,0.038724,1.000000,-0.000007,0.00,0
1735,7.116,-3.270071,-0.558019,-3.270071,-0.558019,-3.308689,-0.562321,,,,0.038618,0.004302,0.038857,1.000000,-0.000007,0.00,0
1736,7.119,-3.270071,-0.558019,-3.270071,-0.558019,-3.308689,-0.563761,,,,0.038618,0.005742,0.039042,1.000000,-0.000007,0.00,0
1737,7.122,-3.270071,-0.558019,-3.270071,-0.558019,-3.308689,-0.565201,,,,0.038618,0.007182,0.039280,1.000000,-0.000007,0.00,0
1738,7.125,-3.270071,-0.558019,-3.270071,-0.558019,-3.308689,-0.566641,,,,0.038618,0.008622,0.039569,1.000000,-0.000007,0.00,0
1739,7.127,-3.270071,-0.558019,-3.270071,-0.558019,-3.308689,-0.568081,,,,0.038618,0.010062,0.039907,1.000000,-0.000007,0.00,0
1740,7.142,-3.275267,-0.580151,-3.288079,-0.568279,-3.308689,-0.569521,0.033421,-0.010630,0.035071,0.020610,0.001241,0.020647,1.000000,-0.000007,10.51,1
1741,7.144,-3.275267,-0.580151,-3.275267,-0.580151,-3.308689,-0.570961,,,,0.033421,-0.009190,0.034662,1.000000,-0.000007,0.00,0
1742,7.147,-3.275267,-0.580151,-3.275267,-0.580151,-3.308689,-0.572401,,,,0.033421,-0.007750,0.034308,1.000000,-0.000007,0.00,0
1743,7.151,-3.275267,-0.580151,-3.275267,-0.580151,-3.308689,-0.573841,,,,0.033421,-0.006310,0.034012,1.000000,-0.000007,0.00,0
1744,7.155,-3.275267,-0.580151,-3.275267,-0.580151,-3.308689,-0.575281,,,,0.033421,-0.004870,0.033774,1.000000,-0.000007,0.00,0
1745,7.158,-3.275267,-0.580151,-3.275267,-0.580151,-3.308689,-0.576721,,,,0.033421,-0.003430,0.033597,1.000000,-0.000007,0.00,0
1746,7.161,-3.275267,-0.580151,-3.275267,-0.580151,-3.308689,-0.578161,,,,0.033421,-0.001990,0.033481,1.000000,-0.000007,0.00,0
1747,7.164,-3.275267,-0.580151,-3.275267,-0.580151,-3.308689,-0.579601,,,,0.033421,-0.000550,0.033426,1.000000,-0.000007,0.00,0
1748,7.167,-3.275267,-0.580151,-3.275267,-0.580151,-3.308689,-0.581041,,,,0.033421,0.000890,0.033433,1.000000,-0.000007,0.00,0
1749,7.171,-3.275267,-0.580151,-3.275267,-0.580151,-3.308689,-0.582481,,,,0.033421,0.002330,0.033503,1.000000,-0.000007,0.00,0
1750,7.175,-3.275267,-0.580151,-3.275267,-0.580151,-3.308689,-0.583921,,,,0.033421,0.003770,0.033633,1.000000,-0.000007,0.00,0
1751,7.178,-3.275267,-0.580151,-3.275267,-0.580151,-3.308689,-0.585361,,,,0.033421,0.005210,0.033825,1.000000,-0.000007,0.00,0
1752,7.181,-3.275267,-0.580151,-3.275267,-0.580151,-3.308689,-0.586801,,,,0.033421,0.006650,0.034077,1.000000,-0.000007,0.00,0
1753,7.184,-3.275267,-0.580151,-3.275267,-0.580151,-3.308689,-0.588241,,,,0.033421,0.008090,0.034387,1.000000,-0.000007,0.00,0
1754,7.187,-3.275267,-0.580151,-3.275267,-0.580151,-3.308689,-0.589681,,,,0.033421,0.009530,0.034754,1.000000,-0.000006,0.00,0
1755,7.202,-3.324142,-0.547137,-3.351103,-0.517614,-3.308689,-0.591121,-0.015453,0.043983,0.046619,-0.042414,0.073506,0.084865,1.000000,-0.000006,10.51,1
1756,7.204,-3.324142,-0.547137,-3.324142,-0.547137,-3.308689,-0.592561,,,,-0.015453,0.045423,0.047980,1.000000,-0.000006,0.00,0
1757,7.208,-3.324142,-0.547137,-3.324142,-0.547137,-3.308689,-0.594001,,,,-0.015453,0.046863,0.049345,1.000000,-0.000006,0.00,0
1758,7.212,-3.324142,-0.547137,-3.324142,-0.547137,-3.308689,-0.595441,,,,-0.015453,0.048303,0.050715,1.000000,-0.000006,0.00,0
1759,7.215,-3.324142,-0.547137,-3.324142,-0.547137,-3.308689,-0.596881,,,,-0.015453,0.049743,0.052088,1.000000,-0.000006,0.00,0
1760,7.217,-3.324142,-0.547137,-3.324142,-0.547137,-3.308689,-0.598321,,,,-0.015453,0.051183,0.053465,1.000000,-0.000006,0.00,0
1761,7.220,-3.324142,-0.547137,-3.324142,-0.547137,-3.308689,-0.599761,,,,-0.015453,0.052623,0.054845,1.000000,-0.000006,0.00,0
1762,7.222,-3.324142,-0.547137,-3.324142,-0.547137,-3.308689,-0.601201,,,,-0.015453,0.054063,0.056229,1.000000,-0.000006,0.00,0
1763,7.226,-3.324142,-0.547137,-3.324142,-0.547137,-3.308689,-0.602641,,,,-0.015453,0.055503,0.057614,1.000000,-0.000006,0.00,0
1764,7.230,-3.324142,-0.547137,-3.324142,-0.547137,-3.308689,-0.604081,,,,-0.015453,0.056943,0.059003,1.000000,-0.000006,0.00,0
1765,7.233,-3.324142,-0.547137,-3.324142,-0.547137,-3.308689,-0.605521,,,,-0.015453,0.058383,0.060394,1.000000,-0.000006,0.00,0
1766,7.236,-3.324142,-0.547137,-3.324142,-0.547137,-3.308689,-0.606961,,,,-0.015453,0.059823,0.061787,1.000000,-0.000006,0.00,0
1767,7.239,-3.324142,-0.547137,-3.324142,-0.547137,-3.308689,-0.608401,,,,-0.015453,0.061263,0.063182,1.000000,-0.000006,0.00,0
1768,7.242,-3.324142,-0.547137,-3.324142,-0.547137,-3.308689,-0.609841,,,,-0.015453,0.062703,0.064579,1.000000,-0.000006,0.00,0
1769,7.242,-3.324142,-0.547137,-3.324142,-0.547137,-3.308689,-0.611281,,,,-0.015453,0.064143,0.065979,1.000000,-0.000006,0.00,0
1770,7.257,-3.321014,-0.571030,-3.323860,-0.627197,-3.308689,-0.612721,-0.012325,0.041690,0.043474,-0.015171,-0.014476,0.020970,1.000000,-0.000006,10.51,1
1771,7.260,-3.321014,-0.571030,-3.321014,-0.571030,-3.308689,-0.614161,,,,-0.012325,0.043130,0.044857,1.000000,-0.000006,0.00,0
1772,7.262,-3.321014,-0.571030,-3.321014,-0.571030,-3.308689,-0.615601,,,,-0.012325,0.044570,0.046243,1.000000,-0.000006,0.00,0
1773,7.267,-3.321014,-0.571030,-3.321014,-0.571030,-3.308689,-0.617041,,,,-0.012325,0.046010,0.047633,1.000000,-0.000006,0.00,0
1774,7.270,-3.321014,-0.571030,-3.321014,-0.571030,-3.308689,-0.618481,,,,-0.012325,0.047450,0.049025,1.000000,-0.000006,0.00,0
1775,7.273,-3.321014,-0.571030,-3.321014,-0.571030,-3.308689,-0.619921,,,,-0.012325,0.048890,0.050420,1.000000,-0.000006,0.00,0
1776,7.276,-3.321014,-0.571030,-3.321014,-0.571030,-3.308689,-0.621361,,,,-0.012325,0.050330,0.051818,1.000000,-0.000006,0.00,0
1777,7.280,-3.321014,-0.571030,-3.321014,-0.571030,-3.308689,-0.622801,,,,-0.012325,0.051770,0.053217,1.000000,-0.000006,0.00,0
1778,7.282,-3.321014,-0.571030,-3.321014,-0.571030,-3.308689,-0.624241,,,,-0.012325,0.053210,0.054619,1.000000,-0.000006,0.00,0
1779,7.290,-3.321014,-0.571030,-3.321014,-0.571030,-3.308689,-0.625681,,,,-0.012325,0.054650,0.056023,1.000000,-0.000006,0.00,0
1780,7.293,-3.321014,-0.571030,-3.321014,-0.571030,-3.308689,-0.627121,,,,-0.012325,0.056090,0.057429,1.000000,-0.000006,0.00,0
1781,7.296,-3.321014,-0.571030,-3.321014,-0.571030,-3.308689,-0.628561,,,,-0.012325,0.057530,0.058836,1.000000,-0.000006,0.00,0
1782,7.300,-3.321014,-0.571030,-3.321014,-0.571030,-3.308689,-0.630001,,,,-0.012325,0.058970,0.060245,1.000000,-0.000006,0.00,0
1783,7.304,-3.321014,-0.571030,-3.321014,-0.571030,-3.308689,-0.631441,,,,-0.012325,0.060410,0.061655,1.000000,-0.000006,0.00,0
1784,7.306,-3.321014,-0.571030,-3.321014,-0.571030,-3.308689,-0.632881,,,,-0.012325,0.061850,0.063067,1.000000,-0.000006,0.00,0
1785,7.321,-3.316576,-0.618969,-3.274764,-0.712095,-3.308689,-0.634321,-0.007887,0.015352,0.017259,0.033925,-0.077774,0.084851,1.000000,-0.000006,10.51,1
1786,7.324,-3.316576,-0.618969,-3.316576,-0.618969,-3.308689,-0.635761,,,,-0.007887,0.016792,0.018552,1.000000,-0.000006,0.00,0
1787,7.327,-3.316576,-0.618969,-3.316576,-0.618969,-3.308689,-0.637201,,,,-0.007887,0.018232,0.019865,1.000000,-0.000006,0.00,0
1788,7.330,-3.316576,-0.618969,-3.316576,-0.618969,-3.308689,-0.638641,,,,-0.007887,0.019672,0.021194,1.000000,-0.000006,0.00,0
1789,7.333,-3.316576,-0.618969,-3.316576,-0.618969,-3.308689,-0.640081,,,,-0.007887,0.021112,0.022537,1.000000,-0.000006,0.00,0
1790,7.336,-3.316576,-0.618969,-3.316576,-0.618969,-3.308689,-0.641521,,,,-0.007887,0.022552,0.023891,1.000000,-0.000006,0.00,0
1791,7.339,-3.316576,-0.618969,-3.316576,-0.618969,-3.308689,-0.642961,,,,-0.007887,0.023992,0.025255,1.000000,-0.000006,0.00,0
1792,7.343,-3.316576,-0.618969,-3.316576,-0.618969,-3.308689,-0.644401,,,,-0.007887,0.025432,0.026627,1.000000,-0.000006,0.00,0
1793,7.346,-3.316576,-0.618969,-3.316576,-0.618969,-3.308689,-0.645841,,,,-0.007887,0.026872,0.028005,1.000000,-0.000006,0.00,0
1794,7.347,-3.316576,-0.618969,-3.316576,-0.618969,-3.308689,-0.647281,,,,-0.007887,0.028312,0.029390,1.000000,-0.000006,0.00,0
1795,7.350,-3.316576,-0.618969,-3.316576,-0.618969,-3.308689,-0.648721,,,,-0.007887,0.029752,0.030780,1.000000,-0.000006,0.00,0
1796,7.353,-3.316576,-0.618969,-3.316576,-0.618969,-3.308689,-0.650160,,,,-0.007887,0.031192,0.032174,1.000000,-0.000006,0.00,0
1797,7.356,-3.316576,-0.618969,-3.316576,-0.618969,-3.308689,-0.651600,,,,-0.007887,0.032632,0.033572,1.000000,-0.000006,0.00,0
1798,7.359,-3.316576,-0.618969,-3.316576,-0.618969,-3.308689,-0.651734,,,,-0.007887,0.032765,0.033701,1.000000,-0.000008,0.00,0
1799,7.370,-3.316576,-0.618969,-3.316576,-0.618969,-3.308689,-0.652429,,,,-0.007887,0.033460,0.034377,1.000000,-0.000007,0.00,0
1800,7.392,-3.328550,-0.634122,-3.387026,-0.563076,-3.308689,-0.655722,-0.019861,0.021600,0.029343,-0.078337,0.092646,0.121326,1.000000,-0.000006,10.50,1
1801,7.402,-3.328550,-0.634122,-3.328550,-0.634122,-3.308689,-0.659010,,,,-0.019861,0.024888,0.031841,1.000000,-0.000007,0.00,0
1802,7.413,-3.328550,-0.634122,-3.328550,-0.634122,-3.308689,-0.662232,,,,-0.019861,0.028110,0.034418,1.000000,-0.000007,0.00,0
1803,7.427,-3.328550,-0.634122,-3.328550,-0.634122,-3.308689,-0.665387,,,,-0.019861,0.031265,0.037040,1.000000,-0.000007,0.00,0
1804,7.440,-3.328550,-0.634122,-3.328550,-0.634122,-3.308689,-0.668476,,,,-0.019861,0.034353,0.039681,1.000000,-0.000007,0.00,0
1805,7.451,-3.328550,-0.634122,-3.328550,-0.634122,-3.308689,-0.671500,,,,-0.019861,0.037377,0.042326,1.000000,-0.000007,0.00,0
1806,7.463,-3.328550,-0.634122,-3.328550,-0.634122,-3.308689,-0.674468,,,,-0.019861,0.040346,0.044969,1.000000,-0.000007,0.00,0
1807,7.476,-3.328550,-0.634122,-3.328550,-0.634122,-3.308689,-0.677385,,,,-0.019861,0.043263,0.047604,1.000000,-0.000007,0.00,0
1808,7.486,-3.328550,-0.634122,-3.328550,-0.634122,-3.308689,-0.680256,,,,-0.019861,0.046134,0.050228,1.000000,-0.000007,0.00,0
1809,7.500,-3.328550,-0.634122,-3.328550,-0.634122,-3.308689,-0.683082,,,,-0.019861,0.048960,0.052835,1.000000,-0.000007,0.00,0
1810,7.511,-3.328550,-0.634122,-3.328550,-0.634122,-3.308689,-0.685865,,,,-0.019861,0.051743,0.055424,1.000000,-0.000007,0.00,0
1811,7.524,-3.328550,-0.634122,-3.328550,-0.634122,-3.308689,-0.688608,,,,-0.019861,0.054485,0.057992,1.000000,-0.000007,0.00,0
1812,7.536,-3.328550,-0.634122,-3.328550,-0.634122,-3.308689,-0.691311,,,,-0.019861,0.057188,0.060539,1.000000,-0.000007,0.00,0
1813,7.548,-3.328550,-0.634122,-3.328550,-0.634122,-3.308689,-0.693976,,,,-0.019861,0.059853,0.063063,1.000000,-0.000007,0.00,0
1814,7.560,-3.328550,-0.634122,-3.328550,-0.634122,-3.308689,-0.696604,,,,-0.019861,0.062481,0.065562,1.000000,-0.000007,0.00,0
1815,7.581,-3.339202,-0.642507,-3.355816,-0.652351,-3.308689,-0.699198,-0.030513,0.056690,0.064380,-0.047127,0.046847,0.066450,1.000000,-0.000007,11.51,1
1816,7.594,-3.339202,-0.642507,-3.339202,-0.642507,-3.308689,-0.701751,,,,-0.030513,0.059244,0.066640,1.000000,-0.000007,0.00,0
1817,7.605,-3.339202,-0.642507,-3.339202,-0.642507,-3.308689,-0.704252,,,,-0.030513,0.061744,0.068872,1.000000,-0.000007,0.00,0
1818,7.615,-3.339202,-0.642507,-3.339202,-0.642507,-3.308689,-0.706705,,,,-0.030513,0.064198,0.071080,1.000000,-0.000007,0.00,0
1819,7.627,-3.339202,-0.642507,-3.339202,-0.642507,-3.308689,-0.709110,,,,-0.030513,0.066602,0.073259,1.000000,-0.000007,0.00,0
1820,7.639,-3.339202,-0.642507,-3.339202,-0.642507,-3.308689,-0.711471,,,,-0.030513,0.068964,0.075413,1.000000,-0.000007,0.00,0
1821,7.650,-3.339202,-0.642507,-3.339202,-0.642507,-3.308689,-0.713789,,,,-0.030513,0.071282,0.077538,1.000000,-0.000007,0.00,0
1822,7.660,-3.339202,-0.642507,-3.339202,-0.642507,-3.308689,-0.716061,,,,-0.030513,0.073554,0.079632,1.000000,-0.000007,0.00,0
1823,7.674,-3.339202,-0.642507,-3.339202,-0.642507,-3.308689,-0.718291,,,,-0.030513,0.075783,0.081695,1.000000,-0.000007,0.00,0
1824,7.685,-3.339202,-0.642507,-3.339202,-0.642507,-3.308689,-0.720479,,,,-0.030513,0.077972,0.083730,1.000000,-0.000007,0.00,0
1825,7.696,-3.339202,-0.642507,-3.339202,-0.642507,-3.308689,-0.722630,,,,-0.030513,0.080123,0.085736,1.000000,-0.000007,0.00,0
1826,7.708,-3.339202,-0.642507,-3.339202,-0.642507,-3.308689,-0.724743,,,,-0.030513,0.082236,0.087714,1.000000,-0.000007,0.00,0
1827,7.719,-3.339202,-0.642507,-3.339202,-0.642507,-3.308689,-0.726815,,,,-0.030513,0.084308,0.089659,1.000000,-0.000007,0.00,0
1828,7.730,-3.339202,-0.642507,-3.339202,-0.642507,-3.308689,-0.728850,,,,-0.030513,0.086343,0.091576,1.000000,-0.000007,0.00,0
1829,7.739,-3.339202,-0.642507,-3.339202,-0.642507,-3.308689,-0.730850,,,,-0.030513,0.088343,0.093464,1.000000,-0.000007,0.00,0
1830,7.759,-3.366713,-0.611797,-3.357296,-0.619962,-3.308689,-0.732815,-0.058023,0.121019,0.134210,-0.048607,0.112853,0.122875,1.000000,-0.000007,11.51,1
1831,7.770,-3.366713,-0.611797,-3.366713,-0.611797,-3.308689,-0.734746,,,,-0.058023,0.122949,0.135953,1.000000,-0.000007,0.00,0
1832,7.782,-3.366713,-0.611797,-3.366713,-0.611797,-3.308689,-0.736645,,,,-0.058023,0.124848,0.137673,1.000000,-0.000007,0.00,0
1833,7.794,-3.366713,-0.611797,-3.366713,-0.611797,-3.308689,-0.738512,,,,-0.058023,0.126715,0.139368,1.000000,-0.000007,0.00,0
1834,7.807,-3.366713,-0.611797,-3.366713,-0.611797,-3.308689,-0.740347,,,,-0.058023,0.128550,0.141038,1.000000,-0.000007,0.00,0
1835,7.820,-3.366713,-0.611797,-3.366713,-0.611797,-3.308689,-0.742146,,,,-0.058023,0.130350,0.142681,1.000000,-0.000007,0.00,0
1836,7.834,-3.366713,-0.611797,-3.366713,-0.611797,-3.308689,-0.743920,,,,-0.058023,0.132123,0.144303,1.000000,-0.000007,0.00,0
1837,7.842,-3.366713,-0.611797,-3.366713,-0.611797,-3.308689,-0.745665,,,,-0.058023,0.133868,0.145902,1.000000,-0.000007,0.00,0
1838,7.856,-3.366713,-0.611797,-3.366713,-0.611797,-3.308689,-0.747380,,,,-0.058023,0.135584,0.147477,1.000000,-0.000007,0.00,0
1839,7.869,-3.366713,-0.611797,-3.366713,-0.611797,-3.308689,-0.749064,,,,-0.058023,0.137267,0.149027,1.000000,-0.000007,0.00,0
1840,7.878,-3.366713,-0.611797,-3.366713,-0.611797,-3.308689,-0.750720,,,,-0.058023,0.138924,0.150554,1.000000,-0.000007,0.00,0
1841,7.888,-3.366713,-0.611797,-3.366713,-0.611797,-3.308689,-0.752349,,,,-0.058023,0.140553,0.152058,1.000000,-0.000007,0.00,0
1842,7.901,-3.366713,-0.611797,-3.366713,-0.611797,-3.308689,-0.753952,,,,-0.058023,0.142156,0.153541,1.000000,-0.000007,0.00,0
1843,7.913,-3.366713,-0.611797,-3.366713,-0.611797,-3.308689,-0.755533,,,,-0.058023,0.143736,0.155006,1.000000,-0.000007,0.00,0
1844,7.927,-3.366713,-0.611797,-3.366713,-0.611797,-3.308689,-0.757088,,,,-0.058023,0.145292,0.156449,1.000000,-0.000007,0.00,0
1845,7.948,-3.365487,-0.662248,-3.383350,-0.714430,-3.308689,-0.758618,-0.056798,0.096370,0.111862,-0.074661,0.044187,0.086757,1.000000,-0.000007,10.51,1
1846,7.959,-3.365487,-0.662248,-3.365487,-0.662248,-3.308689,-0.760122,,,,-0.056798,0.097874,0.113161,1.000000,-0.000007,0.00,0
1847,7.970,-3.365487,-0.662248,-3.365487,-0.662248,-3.308689,-0.761604,,,,-0.056798,0.099356,0.114445,1.000000,-0.000007,0.00,0
1848,7.983,-3.365487,-0.662248,-3.365487,-0.662248,-3.308689,-0.763062,,,,-0.056798,0.100814,0.115712,1.000000,-0.000007,0.00,0
1849,7.995,-3.365487,-0.662248,-3.365487,-0.662248,-3.308689,-0.764500,,,,-0.056798,0.102252,0.116968,1.000000,-0.000007,0.00,0
1850,8.006,-3.365487,-0.662248,-3.365487,-0.662248,-3.308689,-0.765915,,,,-0.056798,0.103667,0.118207,1.000000,-0.000007,0.00,0
1851,8.022,-3.365487,-0.662248,-3.365487,-0.662248,-3.308689,-0.767307,,,,-0.056798,0.105059,0.119429,1.000000,-0.000007,0.00,0
1852,8.035,-3.365487,-0.662248,-3.365487,-0.662248,-3.308689,-0.768675,,,,-0.056798,0.106427,0.120635,1.000000,-0.000007,0.00,0
1853,8.047,-3.365487,-0.662248,-3.365487,-0.662248,-3.308689,-0.770024,,,,-0.056798,0.107776,0.121826,1.000000,-0.000007,0.00,0
1854,8.059,-3.365487,-0.662248,-3.365487,-0.662248,-3.308689,-0.771356,,,,-0.056798,0.109108,0.123007,1.000000,-0.000007,0.00,0
1855,8.071,-3.365487,-0.662248,-3.365487,-0.662248,-3.308689,-0.772670,,,,-0.056798,0.110422,0.124173,1.000000,-0.000007,0.00,0
1856,8.080,-3.365487,-0.662248,-3.365487,-0.662248,-3.308690,-0.773958,,,,-0.056798,0.111710,0.125320,1.000000,-0.000007,0.00,0
1857,8.092,-3.365487,-0.662248,-3.365487,-0.662248,-3.308690,-0.775229,,,,-0.056798,0.112981,0.126454,1.000000,-0.000007,0.00,0
1858,8.102,-3.365487,-0.662248,-3.365487,-0.662248,-3.308690,-0.776478,,,,-0.056798,0.114230,0.127572,1.000000,-0.000007,0.00,0
1859,8.111,-3.365487,-0.662248,-3.365487,-0.662248,-3.308690,-0.777710,,,,-0.056798,0.115462,0.128676,1.000000,-0.000007,0.00,0
1860,8.134,-3.352792,-0.693089,-3.317728,-0.744876,-3.308690,-0.778929,-0.044102,0.085839,0.096506,-0.009038,0.034053,0.035232,1.000000,-0.000007,10.51,1
1861,8.145,-3.352792,-0.693089,-3.352792,-0.693089,-3.308690,-0.780129,,,,-0.044102,0.087040,0.097575,1.000000,-0.000007,0.00,0
1862,8.156,-3.352792,-0.693089,-3.352792,-0.693089,-3.308690,-0.781310,,,,-0.044102,0.088221,0.098630,1.000000,-0.000007,0.00,0
1863,8.170,-3.352792,-0.693089,-3.352792,-0.693089,-3.308690,-0.782473,,,,-0.044102,0.089384,0.099672,1.000000,-0.000007,0.00,0
1864,8.181,-3.352792,-0.693089,-3.352792,-0.693089,-3.308690,-0.783617,,,,-0.044102,0.090527,0.100699,1.000000,-0.000008,0.00,0
1865,8.191,-3.352792,-0.693089,-3.352792,-0.693089,-3.308690,-0.784746,,,,-0.044102,0.091656,0.101714,1.000000,-0.000008,0.00,0
1866,8.207,-3.352792,-0.693089,-3.352792,-0.693089,-3.308690,-0.785858,,,,-0.044102,0.092769,0.102718,1.000000,-0.000008,0.00,0
1867,8.218,-3.352792,-0.693089,-3.352792,-0.693089,-3.308690,-0.786957,,,,-0.044102,0.093867,0.103711,1.000000,-0.000008,0.00,0
1868,8.228,-3.352792,-0.693089,-3.352792,-0.693089,-3.308690,-0.788038,,,,-0.044102,0.094948,0.104691,1.000000,-0.000008,0.00,0
1869,8.238,-3.352792,-0.693089,-3.352792,-0.693089,-3.308690,-0.789103,,,,-0.044102,0.096014,0.105658,1.000000,-0.000008,0.00,0
1870,8.252,-3.352792,-0.693089,-3.352792,-0.693089,-3.308690,-0.790153,,,,-0.044102,0.097064,0.106613,1.000000,-0.000008,0.00,0
1871,8.264,-3.352792,-0.693089,-3.352792,-0.693089,-3.308690,-0.791190,,,,-0.044102,0.098101,0.107558,1.000000,-0.000008,0.00,0
1872,8.277,-3.352792,-0.693089,-3.352792,-0.693089,-3.308690,-0.792210,,,,-0.044102,0.099120,0.108489,1.000000,-0.000008,0.00,0
1873,8.290,-3.352792,-0.693089,-3.352792,-0.693089,-3.308690,-0.793215,,,,-0.044102,0.100126,0.109408,1.000000,-0.000008,0.00,0
1874,8.302,-3.352792,-0.693089,-3.352792,-0.693089,-3.308690,-0.794210,,,,-0.044102,0.101121,0.110319,1.000000,-0.000008,0.00,0
1875,8.325,-3.358055,-0.702280,-3.373087,-0.647534,-3.308690,-0.795193,-0.049365,0.092913,0.105213,-0.064397,0.147659,0.161090,1.000000,-0.000008,11.01,1
